# Tight hair from hm08 body scalp (CC0). Not helper-hair.
# MakeClothes: hair is a proxy fitted to helper/body; helpers are not rendered.
# https://static.makehumancommunity.org/assets/creatingassets/makeclothes/introduction.html
o hair
g hair
v -0.17306 8.11485 1.31215
v -0.58675 7.66967 1.19070
v -0.54910 7.87382 1.18261
v -0.63094 7.77430 1.07968
v -0.65878 7.49410 1.01027
v -0.63405 7.58399 1.09545
v -0.68981 7.54603 0.91320
v -0.67652 7.66491 0.98324
v -0.69670 7.70524 0.92424
v -0.63156 7.44606 1.10263
v -0.59556 7.51656 1.18173
v -0.44224 6.12386 0.34111
v -0.46693 5.93279 0.33473
v -0.49196 5.96934 0.25888
v -0.53801 5.80037 0.26493
v -0.55153 5.81253 0.18934
v -0.50685 5.77940 0.33984
v -0.49785 6.57176 0.38997
v -0.47733 6.47621 0.36018
v -0.45829 6.35141 0.32455
v -0.45800 6.16423 0.25419
v -0.50555 6.00273 0.18036
v -0.58125 5.84061 0.10842
v -0.49586 6.60272 0.25503
v -0.47669 6.50752 0.23296
v -0.45450 6.38737 0.21259
v -0.47131 6.21211 0.15520
v -0.50797 6.03761 0.09372
v -0.59755 5.89257 0.02131
v -0.47085 6.61867 0.11507
v -0.45988 6.52870 0.10065
v -0.45959 6.41329 0.08253
v -0.46885 6.24988 0.04797
v -0.49912 6.07753 -0.00238
v -0.57332 5.92590 -0.06406
v -0.43522 6.62931 -0.01195
v -0.43050 6.54646 -0.01832
v -0.42606 6.43354 -0.03036
v -0.42997 6.28321 -0.05127
v -0.45354 6.10647 -0.09028
v -0.51681 5.94943 -0.15313
v -0.36185 6.64166 -0.09388
v -0.35269 6.56080 -0.09351
v -0.34798 6.44829 -0.09763
v -0.34811 6.29304 -0.11411
v -0.34911 6.10950 -0.15236
v -0.41189 5.95879 -0.21400
v -0.25129 6.65748 -0.13543
v -0.24091 6.57662 -0.12390
v -0.23513 6.46918 -0.11982
v -0.23720 6.30971 -0.13318
v -0.25113 6.11055 -0.17726
v -0.30404 5.96115 -0.24755
v 0.00001 6.68745 -0.14324
v -0.00026 6.60069 -0.11947
v -0.00003 6.48562 -0.09748
v -0.00047 6.32127 -0.10879
v 0.00039 6.10955 -0.14895
v 0.00016 5.94569 -0.24322
v -0.71194 7.05760 0.72954
v -0.75016 7.50097 0.41625
v -0.54873 8.12155 0.05658
v -0.45028 8.22095 -0.00136
v -0.74105 7.73308 0.29180
v -0.69830 7.85926 0.21958
v -0.74288 7.40663 0.45406
v -0.68035 6.83619 0.68354
v -0.71102 7.17506 0.79426
v -0.70813 7.06475 0.77874
v -0.67610 6.84436 0.76382
v -0.70621 7.29468 0.81774
v -0.69449 7.42012 0.86036
v -0.74418 7.44142 0.52488
v -0.73769 7.37320 0.39798
v -0.71617 7.30231 0.34484
v -0.65731 7.08985 0.33603
v -0.67469 7.15161 0.32792
v -0.64735 8.11023 0.37505
v -0.44204 8.36558 0.31186
v -0.00014 8.48744 0.31352
v -0.55211 8.25206 0.34137
v -0.00008 8.50122 0.69734
v -0.00018 8.41950 0.97564
v -0.39055 8.33728 0.92766
v -0.51990 6.64953 0.42458
v -0.52001 6.69571 0.28337
v -0.48615 6.69375 0.11960
v -0.43678 6.69702 -0.00757
v -0.35569 6.70875 -0.10005
v -0.25607 6.72001 -0.14259
v -0.57282 6.81068 0.44303
v 0.00022 6.75698 -0.16109
v -0.61312 7.01634 0.29762
v -0.56181 7.00238 0.13373
v -0.51966 6.99638 0.02716
v -0.46166 7.00094 -0.07867
v -0.38429 7.00251 -0.16399
v -0.28960 6.99042 -0.22204
v -0.00012 6.98407 -0.26580
v -0.63433 7.08732 0.27439
v -0.58078 7.10031 0.10740
v -0.53894 7.10770 0.00098
v -0.47793 7.11824 -0.10672
v -0.40182 7.12575 -0.19734
v -0.31302 7.12225 -0.26721
v 0.00003 7.11231 -0.33873
v -0.65959 7.16263 0.26239
v -0.61164 7.20935 0.07036
v -0.56279 7.22925 -0.03449
v -0.49868 7.24724 -0.14067
v -0.42137 7.26227 -0.23774
v -0.33164 7.26601 -0.31134
v 0.00018 7.26425 -0.38889
v -0.71217 7.34995 0.28406
v -0.66040 7.44201 0.06890
v -0.60767 7.48959 -0.05030
v -0.53646 7.53107 -0.15886
v -0.45389 7.56453 -0.26545
v -0.35922 7.59141 -0.33826
v -0.00002 7.63643 -0.40097
v -0.73887 7.44930 0.34104
v -0.71822 7.64196 0.17845
v -0.67073 7.74596 0.08090
v -0.60745 7.84864 -0.02425
v -0.52001 7.94741 -0.14405
v -0.41024 8.01522 -0.20845
v 0.00004 8.08550 -0.26882
v -0.41810 8.39961 0.66550
v -0.54059 8.28971 0.64711
v -0.51989 8.25060 0.88287
v -0.65571 7.83209 1.01433
v -0.64126 8.14698 0.62218
v -0.71679 7.98092 0.59443
v -0.56903 7.94596 1.11279
v -0.71623 7.95326 0.40607
v -0.75416 7.80079 0.44210
v -0.75287 7.53870 0.50549
v -0.44889 8.02722 1.20108
v -0.31726 8.08328 1.27201
v -0.70146 7.96448 0.74831
v -0.62675 8.12342 0.81885
v -0.75059 7.81618 0.57893
v -0.74047 7.80855 0.69503
v -0.54572 6.71279 0.47436
v -0.54972 6.76090 0.38235
v -0.59439 7.00414 0.22709
v -0.61800 7.09273 0.19399
v -0.64996 7.18127 0.17004
v -0.70149 7.39844 0.18564
v -0.74120 7.54016 0.26796
v -0.76210 7.65502 0.48087
v -0.60579 8.06497 0.96082
v -0.68620 7.92633 0.86656
v -0.73200 7.78568 0.79043
v -0.49187 8.17340 1.04628
v -0.00003 8.29754 1.17304
v -0.06660 8.12995 1.32242
v 0.00009 8.13174 1.32839
v -0.35828 8.24070 1.10756
v -0.08829 5.95407 -0.23992
v -0.05380 6.68292 -0.14518
v -0.04845 6.59837 -0.12615
v -0.09562 8.28288 1.16793
v -0.15106 8.07395 -0.26184
v -0.12686 7.62886 -0.39714
v -0.05597 6.75072 -0.15719
v -0.15353 8.48688 0.69387
v -0.17656 8.46706 0.30502
v -0.11682 7.25879 -0.38103
v -0.10304 7.11137 -0.32959
v -0.07708 6.98624 -0.26235
v -0.12113 8.40638 0.97393
v -0.04599 6.32673 -0.11588
v -0.04487 6.48591 -0.10501
v -0.06598 6.11512 -0.17411
v -0.14817 6.67438 -0.14225
v -0.15834 6.11848 -0.20221
v -0.24137 8.38739 0.96489
v -0.15236 6.73804 -0.15337
v -0.18168 6.98974 -0.25440
v -0.13682 6.47669 -0.11979
v -0.19068 5.95616 -0.24189
v -0.24536 7.61311 -0.38018
v -0.22953 7.26038 -0.36334
v -0.21191 7.11550 -0.31382
v -0.28192 8.05500 -0.24829
v -0.30534 8.43344 0.30352
v -0.13800 6.31503 -0.13051
v -0.27395 8.46360 0.68920
v -0.14101 6.59168 -0.12787
v -0.20837 8.26915 1.15286
v -0.33951 5.60332 -0.47261
v -0.15936 5.58510 -0.43138
v 0.00009 5.57452 -0.42098
v -0.51918 5.61465 -0.45991
v -0.70148 5.62650 -0.42593
v -0.76464 5.75575 -0.30100
v -0.59507 5.73569 -0.37815
v -0.43715 5.73210 -0.40472
v 0.00050 5.70034 -0.35239
v -0.13347 5.71296 -0.36892
v -0.28533 5.72671 -0.40076
v -0.23625 5.84536 -0.32404
v -0.10979 5.83734 -0.30671
v -0.00036 5.82762 -0.27446
v -0.36780 5.84893 -0.33489
v -0.49658 5.84692 -0.30579
v -0.63841 5.85361 -0.22814
v -0.72281 5.83538 -0.13960
v -0.76382 5.80395 -0.05244
v -0.77780 5.77581 0.03331
v -0.77258 5.76139 0.11797
v -0.74659 5.72784 0.20531
v -0.70005 5.68660 0.28614
v -0.38513 5.47408 -0.50788
v -0.17725 5.45061 -0.47659
v 0.00001 5.43367 -0.46199
v -0.59277 5.49492 -0.49250
v -0.78026 5.51674 -0.46155
v -0.39730 5.34114 -0.52853
v -0.17276 5.31775 -0.50064
v 0.00003 5.30184 -0.49156
v -0.63436 5.37183 -0.52144
v -0.82359 5.39701 -0.50462
v -0.82631 5.25562 -0.54043
v -0.81061 5.10902 -0.56833
v -0.60820 5.21955 -0.50229
v -0.58288 5.07401 -0.47946
v -0.39623 5.20100 -0.53996
v -0.39168 5.05149 -0.53162
v -0.19074 5.18017 -0.52094
v -0.19716 5.03444 -0.52998
v 0.00002 5.16475 -0.50766
v 0.00010 5.02073 -0.51169
v -0.70227 6.95140 0.71173
v -0.69695 6.95745 0.76875
v -0.64661 7.47018 1.05665
v -0.61581 7.54938 1.14035
v -0.60685 7.71851 1.13782
v -0.67327 7.51871 0.96259
v -0.65328 7.62096 1.04557
v -0.70433 7.07396 0.83195
v -0.70620 7.17936 0.84429
v -0.69733 7.28951 0.86759
v -0.67540 6.87206 0.83213
v -0.69225 6.97159 0.83022
v 0.00001 6.84312 -0.19364
v -0.06041 6.84389 -0.19246
v -0.16052 6.84261 -0.18817
v -0.26937 6.83265 -0.17201
v -0.36424 6.82898 -0.11842
v -0.44535 6.82405 -0.04238
v -0.50014 6.82521 0.07521
v -0.54070 6.83490 0.19742
v -0.56599 6.86609 0.28987
v -0.58285 6.89963 0.35719
v -0.58069 6.84973 0.39044
v -0.55610 6.80882 0.33136
v -0.49446 6.75948 0.09950
v -0.44439 6.75962 -0.01914
v -0.35980 6.76582 -0.10642
v -0.26194 6.77597 -0.15592
v -0.15728 6.79279 -0.16984
v -0.05820 6.79954 -0.17551
v 0.00001 6.80106 -0.17775
v -0.52851 6.76859 0.23723
v -0.64766 8.00301 0.14021
v -0.00008 8.32899 -0.04908
v -0.75656 7.60454 0.35673
v -0.17133 8.30545 -0.05081
v -0.30754 8.27494 -0.03548
v -0.72907 7.34048 0.36762
v -0.38392 7.78899 -0.30782
v -0.48687 7.74522 -0.23290
v -0.69004 7.54336 0.10352
v -0.72721 7.40642 0.30629
v -0.57010 7.68330 -0.11196
v -0.63892 7.61646 -0.00341
v 0.00002 7.85261 -0.37013
v -0.72001 7.47078 0.21993
v -0.13989 7.82803 -0.36740
v -0.26469 7.81539 -0.35296
v -0.70068 7.25056 0.32790
v -0.63771 7.33592 0.05192
v -0.69209 7.28887 0.25799
v -0.43513 7.41170 -0.27149
v -0.51607 7.39132 -0.17218
v -0.58435 7.36503 -0.06098
v 0.00009 7.44160 -0.40159
v -0.34089 7.42435 -0.33656
v -0.67986 7.31539 0.16037
v -0.11504 7.43498 -0.39816
v -0.23052 7.42901 -0.38109
v -0.70479 7.57644 0.85687
v -0.75898 7.67123 0.57424
v -0.74984 7.66326 0.66204
v -0.73727 7.64229 0.73791
v -0.70821 7.44230 0.80891
v -0.74995 7.54717 0.57522
v -0.74421 7.53986 0.64144
v -0.73115 7.51567 0.70766
v -0.71469 7.29811 0.75886
v -0.74217 7.44759 0.57761
v -0.73801 7.43791 0.62817
v -0.72908 7.41068 0.67998
v -0.62772 6.83136 0.51990
v -0.61300 6.86309 0.46863
v -0.64111 7.03243 0.35344
v -0.61882 6.93361 0.40154
v -0.61228 6.89274 0.43525
v -0.71366 7.16676 0.74558
v -0.71780 7.04342 0.64786
v -0.82380 7.35734 0.48227
v -0.72876 6.90359 0.61821
v -0.78577 7.35318 0.55151
v -0.85166 7.32165 0.40035
v -0.85713 7.25746 0.35713
v -0.80963 7.09955 0.34619
v -0.83517 7.16000 0.33421
v -0.75317 6.85270 0.57682
v -0.71642 6.97323 0.63914
v -0.85705 7.29019 0.37731
v -0.85332 7.21822 0.34425
v -0.72369 7.16666 0.66039
v -0.75306 7.32857 0.58484
v -0.73417 7.29125 0.61449
v -0.73170 7.25423 0.63783
v -0.75880 6.85444 0.51923
v -0.74891 6.87416 0.48003
v -0.78093 7.04175 0.36156
v -0.76150 6.96097 0.40254
v -0.75042 6.91171 0.43540
v -0.72179 7.10854 0.65705
v -0.73713 7.04861 0.62546
v -0.85051 7.33296 0.48676
v -0.73508 6.92986 0.60270
v -0.81150 7.32730 0.55700
v -0.88150 7.31166 0.42152
v -0.88894 7.24057 0.37275
v -0.83945 7.10073 0.35315
v -0.86113 7.15468 0.34836
v -0.74756 6.89989 0.57005
v -0.73969 6.98913 0.62264
v -0.88853 7.27177 0.39036
v -0.88128 7.20467 0.35986
v -0.73013 7.15103 0.63511
v -0.78309 7.30890 0.58722
v -0.76250 7.26567 0.60961
v -0.74710 7.23349 0.62232
v -0.76081 6.89744 0.53165
v -0.76628 6.90709 0.49082
v -0.82023 7.05345 0.36676
v -0.79764 6.98360 0.41229
v -0.77600 6.93021 0.45568
v -0.72839 7.10209 0.63276
v -0.75636 7.04830 0.60525
v -0.84459 7.31281 0.48800
v -0.73833 6.95396 0.58663
v -0.81706 7.29909 0.55584
v -0.87504 7.29357 0.43583
v -0.87769 7.22655 0.39229
v -0.84923 7.09523 0.37384
v -0.86718 7.15118 0.37696
v -0.74820 6.92851 0.56191
v -0.75096 7.00560 0.59799
v -0.88306 7.25886 0.40626
v -0.87287 7.19114 0.38156
v -0.73784 7.13974 0.61740
v -0.79072 7.27528 0.57833
v -0.76985 7.24460 0.59656
v -0.75722 7.21488 0.61009
v -0.75717 6.92095 0.53077
v -0.76861 6.92879 0.49794
v -0.83005 7.06576 0.38693
v -0.80329 7.00143 0.42796
v -0.78271 6.95322 0.46511
v -0.73717 7.09771 0.61296
v -0.72058 7.06126 0.57240
v -0.82101 7.28927 0.48871
v -0.69683 6.99785 0.57056
v -0.77968 7.28138 0.53837
v -0.83062 7.27912 0.45092
v -0.84949 7.21667 0.41030
v -0.82652 7.09361 0.40993
v -0.83751 7.13864 0.40324
v -0.74660 6.96786 0.55607
v -0.70324 7.02632 0.57009
v -0.86592 7.24861 0.42909
v -0.85097 7.18340 0.40392
v -0.74537 7.12599 0.59605
v -0.76500 7.26321 0.55365
v -0.75629 7.22332 0.57437
v -0.75185 7.19412 0.58327
v -0.75638 6.96012 0.52942
v -0.76784 6.96781 0.50310
v -0.81271 7.07443 0.41433
v -0.79430 7.02652 0.44419
v -0.78016 6.98237 0.47729
v -0.73405 7.09351 0.58432
v -0.69422 7.07738 0.56258
v -0.80051 7.23135 0.50469
v -0.69542 7.05288 0.53793
v -0.76540 7.23233 0.53001
v -0.82801 7.22270 0.48650
v -0.84444 7.19515 0.45704
v -0.82440 7.11286 0.43871
v -0.83392 7.13252 0.43992
v -0.70849 7.03915 0.52389
v -0.69037 7.06402 0.55263
v -0.83909 7.21159 0.47087
v -0.84457 7.16736 0.44688
v -0.74037 7.11395 0.57478
v -0.74864 7.22304 0.55007
v -0.74992 7.19524 0.55879
v -0.74439 7.16617 0.56226
v -0.73094 7.03012 0.51399
v -0.77297 7.02556 0.50405
v -0.81837 7.09300 0.44512
v -0.79781 7.05161 0.47157
v -0.78698 7.03235 0.48892
v -0.71686 7.09214 0.56771
v -0.75302 7.12651 0.55751
v -0.78525 7.09586 0.46978
v -0.79648 7.08448 0.46461
v -0.74955 7.13346 0.56566
v -0.71334 7.09255 0.55810
v -0.76868 7.05351 0.48692
v -0.78029 7.06771 0.47225
v -0.80557 7.10206 0.45794
v -0.74421 7.04625 0.49449
v -0.72061 7.04721 0.50005
v -0.74336 7.15282 0.55302
v -0.74229 7.17108 0.54655
v -0.76239 7.19473 0.54523
v -0.73680 7.10910 0.56955
v -0.82921 7.16020 0.46331
v -0.82273 7.18770 0.48332
v -0.70038 7.07362 0.54014
v -0.71268 7.05288 0.51554
v -0.82119 7.13248 0.45619
v -0.81497 7.11703 0.45621
v -0.82811 7.17773 0.47279
v -0.81458 7.19498 0.49664
v -0.00006 6.89381 -0.21313
v -0.06450 6.89711 -0.21297
v -0.16413 6.90109 -0.20951
v -0.27421 6.90095 -0.18918
v -0.58390 8.00396 1.04630
v -0.46477 8.09706 1.13568
v -0.37061 6.90457 -0.13777
v -0.67039 7.88199 0.94794
v -0.71469 7.74884 0.86350
v -0.45112 6.90225 -0.05652
v 0.00016 8.21881 1.26143
v -0.33465 8.15942 1.20054
v -0.08105 8.21358 1.25481
v -0.50768 6.90625 0.05261
v -0.57921 6.93214 0.25552
v -0.59577 6.95549 0.32343
v -0.18745 8.19319 1.24134
v -0.54844 6.91127 0.17083
v -0.72287 7.61052 0.80050
v -0.71938 7.48198 0.75895
v -0.72071 7.36772 0.72060
v -0.62963 6.98209 0.37413
v -0.72597 7.21467 0.65409
v -0.77086 7.00130 0.38198
v -0.73572 7.19457 0.63362
v -0.80922 7.01811 0.38993
v -0.74507 7.17934 0.61797
v -0.81559 7.02983 0.41000
v -0.75183 7.16183 0.59249
v -0.80362 7.04804 0.42910
v -0.74973 7.14165 0.57162
v -0.80826 7.07220 0.45664
v -0.78739 7.20383 0.53241
v -0.70363 7.06261 0.52897
v -0.80557 7.19979 0.51110
v -0.69969 7.08259 0.54757
v -0.77636 7.25986 0.53484
v -0.72046 7.09211 0.57405
v -0.69199 7.07229 0.56846
v -0.79966 7.03533 0.46008
v -0.78382 7.00035 0.48169
v -0.75156 7.20636 0.56244
v -0.76360 7.24616 0.54796
v -0.68474 7.05324 0.56086
v -0.84949 7.21165 0.43321
v -0.85305 7.17679 0.42258
v -0.75465 6.99900 0.53194
v -0.72216 7.01296 0.54194
v -0.74220 7.11818 0.58103
v -0.74545 7.17780 0.56934
v -0.84111 7.24013 0.44957
v -0.83546 7.25064 0.46999
v -0.82625 7.10727 0.42212
v -0.83299 7.13251 0.41949
v -0.82072 7.08488 0.42539
v -0.77423 6.99225 0.50700
v -0.68985 7.03450 0.55309
v -0.82059 7.25997 0.49590
v -0.74993 7.14929 0.57801
v -0.81097 7.06004 0.44286
v -0.76940 7.07447 0.48393
v -0.72612 7.08906 0.53582
v -0.75766 7.13380 0.53206
v -0.73641 7.13945 0.52137
v -0.78738 7.17427 0.49708
v -0.78096 6.97524 0.47364
v -0.74055 7.09608 0.59562
v -0.81818 7.29857 0.48914
v -0.74727 7.16445 0.52775
v -0.73719 7.10265 0.55992
v -0.87108 7.25049 0.42088
v -0.75691 7.20232 0.59487
v -0.75030 7.05751 0.57958
v -0.74835 6.95058 0.55858
v -0.74715 7.05487 0.48994
v -0.73742 7.05667 0.49912
v -0.80857 7.15475 0.47527
v -0.79821 7.16973 0.48930
v -0.78030 7.13847 0.47225
v -0.77811 7.17667 0.50555
v -0.70580 7.08492 0.53109
v -0.77266 7.12940 0.46973
v -0.77913 7.15306 0.48226
v -0.71080 7.09304 0.54509
v -0.76427 7.06521 0.48428
v -0.77657 7.07935 0.47589
v -0.78593 7.11165 0.46410
v -0.74180 7.14117 0.54265
v -0.73604 7.14943 0.53085
v -0.78291 7.14927 0.47671
v -0.77336 7.15725 0.49055
v -0.76072 7.06396 0.49056
v -0.75831 7.06871 0.49755
v -0.80815 7.04752 0.42949
v -0.75100 7.16879 0.60381
v -0.71095 7.08033 0.52743
v -0.72674 7.06434 0.50930
v -0.80182 7.13451 0.46730
v -0.73715 7.08165 0.52520
v -0.75256 7.07401 0.50743
v -0.79245 7.12322 0.46470
v -0.80580 7.16294 0.48160
v -0.76724 7.16085 0.50047
v -0.76052 7.11930 0.54667
v -0.77250 7.10902 0.47294
v -0.76034 7.17241 0.52374
v -0.71891 7.07257 0.51968
v -0.76108 7.16330 0.50722
v -0.72915 7.08561 0.53150
v -0.85144 7.18742 0.39872
v -0.76794 7.27080 0.55727
v -0.72241 6.98440 0.57268
v -0.76933 7.12064 0.46912
v -0.77417 7.09205 0.47768
v -0.76804 6.95476 0.50131
v -0.84231 7.13912 0.40207
v -0.86281 7.27884 0.44608
v -0.74372 7.13155 0.60496
v -0.74255 7.15049 0.51906
v -0.74125 7.09942 0.54627
v -0.74959 7.15887 0.51563
v -0.74456 7.07788 0.51620
v -0.86899 7.21830 0.40377
v -0.75672 6.94682 0.52875
v -0.81930 7.07397 0.41527
v -0.82891 7.09372 0.40956
v -0.76102 7.23114 0.58245
v -0.79824 7.02313 0.44205
v -0.78195 7.28778 0.54343
v -0.72277 7.01498 0.57976
v -0.74373 7.13803 0.49946
v -0.75981 7.12353 0.50576
v -0.74036 7.12978 0.49946
v -0.76700 7.10423 0.51473
v -0.75769 7.08884 0.52160
v -0.76167 7.10919 0.53089
v -0.75035 7.12455 0.48110
v -0.75635 7.11861 0.48221
v -0.75474 7.13599 0.48268
v -0.77430 7.10123 0.48383
v -0.76962 7.08217 0.48961
v -0.76984 7.10299 0.50208
v -0.76253 7.08797 0.51016
v -0.73871 7.13452 0.51080
v -0.76024 7.12886 0.52100
v -0.74122 7.14205 0.50909
v -0.75046 7.09086 0.53189
v -0.74947 7.13657 0.49057
v -0.75774 7.12087 0.49515
v -0.74389 7.12676 0.49047
v -0.76187 7.13399 0.47618
v -0.76125 7.11557 0.47482
v -0.75795 7.12205 0.47552
v -0.77301 7.10375 0.49256
v -0.76631 7.08644 0.49922
v -0.72667 7.09271 0.57834
v -0.78075 6.99000 0.47739
v -0.76482 7.25514 0.55140
v -0.85076 7.18057 0.41179
v -0.74263 6.98958 0.55249
v -0.74779 7.18609 0.57526
v -0.84613 7.24897 0.43534
v -0.82657 7.09387 0.41433
v -0.81927 7.07457 0.41706
v -0.77417 7.27192 0.53480
v -0.70221 7.06796 0.56922
v -0.79831 7.03090 0.44554
v -0.75379 7.21539 0.56875
v -0.68894 7.04108 0.56389
v -0.84773 7.21840 0.41678
v -0.75624 6.97673 0.53121
v -0.74419 7.12172 0.58856
v -0.82735 7.27168 0.45504
v -0.83960 7.13123 0.40886
v -0.77034 6.97690 0.50387
v -0.69027 7.02031 0.56292
v -0.82494 7.27494 0.49207
v -0.75098 7.15560 0.58472
v -0.80722 7.04704 0.43055
v -0.75795 7.16527 0.38058
v -0.79582 7.31437 0.43278
v -0.77431 7.33263 0.48351
v -0.74410 7.09765 0.39094
v -0.71628 7.04439 0.66498
v -0.71038 6.96542 0.65207
v -0.80214 7.28775 0.40168
v -0.79392 7.25488 0.39016
v -0.72004 6.89028 0.63257
v -0.73225 6.81753 0.58627
v -0.70418 6.86365 0.48098
v -0.69715 6.93802 0.47327
v -0.71969 7.12069 0.67770
v -0.72137 7.19097 0.68248
v -0.70807 6.97967 0.44795
v -0.73701 7.31475 0.61720
v -0.73005 7.28302 0.64769
v -0.78237 7.21451 0.38071
v -0.74014 7.33176 0.58854
v -0.74228 7.33191 0.54513
v -0.71264 6.83167 0.51401
v -0.72711 7.05169 0.41185
v -0.72460 7.24414 0.67018
v -0.71529 7.02319 0.42751
v -0.71030 7.16739 0.37799
v -0.74526 7.31591 0.43833
v -0.68696 7.09761 0.38655
v -0.71352 7.04926 0.69249
v -0.74121 7.25629 0.39547
v -0.69898 6.87519 0.64568
v -0.65654 6.88732 0.49198
v -0.71801 7.22846 0.71063
v -0.73616 7.35900 0.62027
v -0.74038 7.36916 0.53224
v -0.67719 7.04786 0.39997
v -0.74158 7.35186 0.46543
v -0.70690 6.95883 0.67360
v -0.74386 7.29023 0.41280
v -0.69602 6.81799 0.59228
v -0.65624 6.92432 0.46673
v -0.71774 7.13968 0.70710
v -0.66302 6.96418 0.44103
v -0.72836 7.33180 0.66027
v -0.72881 7.21965 0.38420
v -0.74090 7.37009 0.58293
v -0.66885 6.85109 0.53749
v -0.72267 7.29081 0.69007
v -0.67230 7.00778 0.41774
v 0.17279 8.11517 1.31198
v 0.58675 7.66972 1.19069
v 0.54907 7.87420 1.18250
v 0.63090 7.77454 1.07971
v 0.65864 7.49316 1.01065
v 0.63396 7.58338 1.09570
v 0.68986 7.54597 0.91302
v 0.67655 7.66495 0.98318
v 0.69678 7.70526 0.92397
v 0.63114 7.44561 1.10368
v 0.59514 7.51611 1.18278
v 0.44224 6.12399 0.34101
v 0.46760 5.93292 0.33267
v 0.49216 5.96900 0.25851
v 0.53787 5.80092 0.26422
v 0.55183 5.81235 0.18907
v 0.50612 5.78124 0.33778
v 0.49785 6.57178 0.38997
v 0.47735 6.47638 0.36006
v 0.45826 6.35093 0.32499
v 0.45800 6.16413 0.25429
v 0.50557 6.00227 0.18073
v 0.58181 5.84042 0.10759
v 0.49584 6.60257 0.25512
v 0.47664 6.50693 0.23332
v 0.45448 6.38674 0.21303
v 0.47131 6.21222 0.15510
v 0.50792 6.03790 0.09346
v 0.59771 5.89277 0.02010
v 0.47085 6.61883 0.11500
v 0.45991 6.52804 0.10101
v 0.45959 6.41319 0.08250
v 0.46869 6.25045 0.04743
v 0.49867 6.07835 -0.00318
v 0.57284 5.92621 -0.06545
v 0.43510 6.62986 -0.01220
v 0.43034 6.54688 -0.01860
v 0.42576 6.43409 -0.03077
v 0.42939 6.28389 -0.05187
v 0.45289 6.10700 -0.09074
v 0.51637 5.94911 -0.15412
v 0.36167 6.64203 -0.09403
v 0.35216 6.56175 -0.09385
v 0.34754 6.44879 -0.09782
v 0.34771 6.29332 -0.11424
v 0.34906 6.10954 -0.15236
v 0.41178 5.95834 -0.21443
v 0.25121 6.65757 -0.13546
v 0.24046 6.57732 -0.12402
v 0.23478 6.46954 -0.11985
v 0.23790 6.30944 -0.13313
v 0.25124 6.11048 -0.17726
v 0.30319 5.96129 -0.24758
v 0.71193 7.05758 0.72962
v 0.75015 7.50091 0.41602
v 0.54865 8.12168 0.05658
v 0.44998 8.22105 -0.00158
v 0.74104 7.73289 0.29165
v 0.69819 7.85961 0.21947
v 0.74290 7.40713 0.45412
v 0.68010 6.83546 0.68440
v 0.71107 7.17497 0.79371
v 0.70814 7.06480 0.77862
v 0.67605 6.84412 0.76389
v 0.70635 7.29451 0.81677
v 0.69462 7.42008 0.85975
v 0.74419 7.44155 0.52500
v 0.73774 7.37421 0.39822
v 0.71606 7.30192 0.34468
v 0.65739 7.09008 0.33602
v 0.67482 7.15161 0.32820
v 0.64731 8.11038 0.37529
v 0.44206 8.36558 0.31191
v 0.55227 8.25191 0.34157
v 0.39064 8.33721 0.92769
v 0.51990 6.64957 0.42446
v 0.52001 6.69560 0.28350
v 0.48616 6.69398 0.11950
v 0.43677 6.69712 -0.00760
v 0.35573 6.70861 -0.10001
v 0.25600 6.71985 -0.14258
v 0.57253 6.81079 0.44161
v 0.61315 7.01646 0.29755
v 0.56205 7.00256 0.13424
v 0.51976 6.99621 0.02748
v 0.46165 7.00093 -0.07868
v 0.38392 7.00301 -0.16452
v 0.28865 6.99025 -0.22242
v 0.63438 7.08744 0.27439
v 0.58129 7.10101 0.10794
v 0.53929 7.10809 0.00139
v 0.47800 7.11832 -0.10665
v 0.40163 7.12593 -0.19760
v 0.31243 7.12206 -0.26748
v 0.65960 7.16273 0.26232
v 0.61190 7.20969 0.07066
v 0.56310 7.22954 -0.03411
v 0.49879 7.24726 -0.14053
v 0.42152 7.26206 -0.23752
v 0.33154 7.26594 -0.31138
v 0.71220 7.35001 0.28414
v 0.66035 7.44193 0.06882
v 0.60778 7.48970 -0.05012
v 0.53638 7.53103 -0.15897
v 0.45369 7.56438 -0.26564
v 0.35922 7.59140 -0.33826
v 0.73884 7.44935 0.34075
v 0.71821 7.64199 0.17845
v 0.67060 7.74597 0.08059
v 0.60747 7.84860 -0.02423
v 0.52007 7.94747 -0.14395
v 0.41011 8.01529 -0.20851
v 0.41848 8.39938 0.66530
v 0.54099 8.28926 0.64703
v 0.52016 8.25033 0.88280
v 0.65573 7.83212 1.01429
v 0.64137 8.14677 0.62227
v 0.71684 7.98077 0.59460
v 0.56907 7.94572 1.11287
v 0.71621 7.95342 0.40632
v 0.75420 7.80051 0.44214
v 0.75287 7.53860 0.50542
v 0.44900 8.02686 1.20123
v 0.31724 8.08332 1.27199
v 0.70145 7.96437 0.74852
v 0.62689 8.12311 0.81894
v 0.75061 7.81603 0.57894
v 0.74043 7.80858 0.69528
v 0.54568 6.71273 0.47416
v 0.54968 6.76082 0.38224
v 0.59456 7.00451 0.22728
v 0.61820 7.09304 0.19422
v 0.64994 7.18136 0.16990
v 0.70147 7.39841 0.18560
v 0.74117 7.54017 0.26780
v 0.76210 7.65483 0.48080
v 0.60597 8.06425 0.96117
v 0.68622 7.92599 0.86681
v 0.73194 7.78576 0.79071
v 0.49189 8.17307 1.04660
v 0.06644 8.13016 1.32228
v 0.35798 8.24066 1.10786
v 0.08882 5.95266 -0.24064
v 0.05371 6.68299 -0.14519
v 0.04775 6.59895 -0.12620
v 0.09571 8.28269 1.16815
v 0.15094 8.07393 -0.26187
v 0.12693 7.62889 -0.39713
v 0.05608 6.75038 -0.15709
v 0.15334 8.48693 0.69377
v 0.17620 8.46711 0.30498
v 0.11702 7.25876 -0.38100
v 0.10291 7.11131 -0.32958
v 0.07672 6.98611 -0.26231
v 0.12101 8.40637 0.97399
v 0.04509 6.32693 -0.11567
v 0.04451 6.48622 -0.10497
v 0.06659 6.11487 -0.17433
v 0.14808 6.67444 -0.14226
v 0.15843 6.11839 -0.20224
v 0.24140 8.38736 0.96493
v 0.15221 6.73761 -0.15328
v 0.18076 6.98912 -0.25428
v 0.13634 6.47711 -0.11976
v 0.19023 5.95589 -0.24200
v 0.24551 7.61320 -0.38014
v 0.22925 7.26046 -0.36345
v 0.21126 7.11509 -0.31383
v 0.28184 8.05500 -0.24832
v 0.30506 8.43350 0.30338
v 0.13822 6.31493 -0.13054
v 0.27387 8.46366 0.68895
v 0.14044 6.59226 -0.12793
v 0.20832 8.26899 1.15309
v 0.33947 5.60325 -0.47263
v 0.15956 5.58540 -0.43130
v 0.51894 5.61420 -0.46013
v 0.70133 5.62612 -0.42613
v 0.76430 5.75469 -0.30233
v 0.59475 5.73499 -0.37879
v 0.43672 5.73146 -0.40514
v 0.13372 5.71317 -0.36887
v 0.28481 5.72597 -0.40107
v 0.23568 5.84475 -0.32434
v 0.10894 5.83651 -0.30698
v 0.36746 5.84847 -0.33526
v 0.49611 5.84611 -0.30680
v 0.63807 5.85281 -0.22978
v 0.72284 5.83529 -0.14133
v 0.76422 5.80439 -0.05485
v 0.77841 5.77664 0.03043
v 0.77257 5.76143 0.11785
v 0.74589 5.72824 0.20521
v 0.69932 5.68844 0.28408
v 0.38545 5.47474 -0.50776
v 0.17747 5.45103 -0.47652
v 0.59267 5.49467 -0.49259
v 0.77985 5.51576 -0.46194
v 0.39722 5.34107 -0.52854
v 0.17291 5.31802 -0.50062
v 0.63390 5.37100 -0.52162
v 0.82303 5.39575 -0.50508
v 0.82779 5.25854 -0.54068
v 0.81209 5.11194 -0.56858
v 0.60801 5.21940 -0.50229
v 0.58323 5.07491 -0.47950
v 0.39560 5.19999 -0.53998
v 0.39091 5.05031 -0.53162
v 0.19064 5.18004 -0.52094
v 0.19689 5.03403 -0.52997
v 0.70219 6.95110 0.71204
v 0.69693 6.95736 0.76878
v 0.64633 7.46931 1.05742
v 0.61553 7.54851 1.14112
v 0.60687 7.71875 1.13775
v 0.67319 7.51829 0.96278
v 0.65326 7.62087 1.04563
v 0.70433 7.07395 0.83190
v 0.70626 7.17922 0.84376
v 0.69745 7.28931 0.86674
v 0.67539 6.87186 0.83185
v 0.69225 6.97152 0.83013
v 0.06038 6.84380 -0.19243
v 0.16019 6.84216 -0.18803
v 0.26902 6.83247 -0.17207
v 0.36417 6.82915 -0.11852
v 0.44540 6.82373 -0.04219
v 0.50018 6.82462 0.07565
v 0.54072 6.83437 0.19803
v 0.56602 6.86582 0.29044
v 0.58282 6.89965 0.35706
v 0.58050 6.84979 0.38966
v 0.55611 6.80866 0.33168
v 0.49447 6.75886 0.09994
v 0.44447 6.75900 -0.01878
v 0.35973 6.76598 -0.10651
v 0.26153 6.77623 -0.15611
v 0.15693 6.79233 -0.16971
v 0.05808 6.79936 -0.17545
v 0.52849 6.76813 0.23769
v 0.64763 8.00329 0.14043
v 0.75654 7.60437 0.35653
v 0.17105 8.30549 -0.05084
v 0.30745 8.27493 -0.03555
v 0.72908 7.34052 0.36766
v 0.38412 7.78904 -0.30769
v 0.48691 7.74520 -0.23286
v 0.69006 7.54334 0.10356
v 0.72719 7.40645 0.30618
v 0.56993 7.68320 -0.11222
v 0.63891 7.61648 -0.00344
v 0.71996 7.47070 0.21979
v 0.13998 7.82807 -0.36738
v 0.26479 7.81542 -0.35292
v 0.70070 7.25064 0.32789
v 0.63768 7.33587 0.05188
v 0.69212 7.28900 0.25798
v 0.43518 7.41140 -0.27140
v 0.51616 7.39129 -0.17206
v 0.58444 7.36501 -0.06083
v 0.34084 7.42433 -0.33659
v 0.67987 7.31552 0.16033
v 0.11518 7.43490 -0.39814
v 0.23042 7.42922 -0.38113
v 0.70479 7.57647 0.85690
v 0.75898 7.67122 0.57424
v 0.74981 7.66333 0.66232
v 0.73722 7.64237 0.73823
v 0.70817 7.44230 0.80909
v 0.74995 7.54719 0.57527
v 0.74420 7.53989 0.64148
v 0.73113 7.51568 0.70778
v 0.71472 7.29802 0.75865
v 0.74217 7.44762 0.57760
v 0.73802 7.43786 0.62803
v 0.72905 7.41068 0.68012
v 0.62863 6.83130 0.52083
v 0.61260 6.86349 0.46766
v 0.64113 7.03244 0.35348
v 0.61878 6.93361 0.40147
v 0.61177 6.89305 0.43404
v 0.71365 7.16658 0.74567
v 0.71873 7.04470 0.64592
v 0.82283 7.35739 0.48199
v 0.72935 6.90454 0.61725
v 0.78735 7.35319 0.55079
v 0.85083 7.32141 0.39992
v 0.85695 7.25748 0.35713
v 0.80855 7.10114 0.34612
v 0.83453 7.16056 0.33425
v 0.75366 6.85226 0.57563
v 0.71742 6.97448 0.63763
v 0.85728 7.28953 0.37687
v 0.85322 7.21827 0.34426
v 0.72388 7.16689 0.65965
v 0.75752 7.32801 0.58265
v 0.73557 7.28961 0.61344
v 0.73163 7.25416 0.63797
v 0.75722 6.85276 0.51579
v 0.74913 6.87350 0.48098
v 0.78008 7.04308 0.36133
v 0.76025 6.96192 0.40208
v 0.75257 6.91084 0.43670
v 0.72209 7.10926 0.65603
v 0.73822 7.04993 0.62391
v 0.85058 7.33328 0.48625
v 0.73560 6.93066 0.60139
v 0.81240 7.32573 0.55684
v 0.88071 7.31363 0.42122
v 0.88883 7.24129 0.37249
v 0.83947 7.10095 0.35305
v 0.86076 7.15446 0.34801
v 0.74773 6.89914 0.56969
v 0.74038 6.99022 0.62175
v 0.88834 7.27234 0.39007
v 0.88169 7.20371 0.36100
v 0.73063 7.15136 0.63405
v 0.78439 7.30841 0.58649
v 0.76257 7.26520 0.60963
v 0.74727 7.23343 0.62213
v 0.76114 6.89566 0.52930
v 0.76610 6.90631 0.49018
v 0.82054 7.05308 0.36743
v 0.79682 6.98347 0.41028
v 0.77618 6.93053 0.45597
v 0.72935 7.10355 0.63066
v 0.75677 7.04834 0.60256
v 0.84362 7.31049 0.48729
v 0.73838 6.95344 0.58751
v 0.81609 7.29671 0.55360
v 0.87451 7.29333 0.43655
v 0.87742 7.22726 0.39332
v 0.84932 7.09603 0.37557
v 0.86663 7.15093 0.37852
v 0.74760 6.92793 0.56405
v 0.75006 7.00468 0.59464
v 0.88327 7.25921 0.40602
v 0.87136 7.19071 0.38419
v 0.73780 7.14006 0.61755
v 0.79013 7.27335 0.57650
v 0.76994 7.24430 0.59591
v 0.75737 7.21626 0.61032
v 0.75737 6.92061 0.53015
v 0.76868 6.92841 0.49762
v 0.82995 7.06609 0.38845
v 0.80336 7.00112 0.42739
v 0.78264 6.95331 0.46542
v 0.73747 7.09860 0.61192
v 0.72252 7.06032 0.57320
v 0.82000 7.28445 0.48807
v 0.69481 7.00036 0.56785
v 0.77953 7.28253 0.53946
v 0.83022 7.27481 0.44999
v 0.84743 7.21489 0.41283
v 0.82636 7.09407 0.41052
v 0.83815 7.13912 0.40144
v 0.74703 6.96979 0.55412
v 0.70264 7.02707 0.56986
v 0.86624 7.24934 0.42908
v 0.85096 7.18247 0.40342
v 0.74540 7.12767 0.59092
v 0.76506 7.26332 0.55353
v 0.75611 7.22305 0.57356
v 0.75235 7.19401 0.58579
v 0.75662 6.95860 0.52873
v 0.76800 6.96686 0.50243
v 0.81308 7.07475 0.41374
v 0.79440 7.02618 0.44378
v 0.78031 6.98174 0.47667
v 0.73287 7.09362 0.58281
v 0.69482 7.07818 0.56255
v 0.79986 7.23061 0.50535
v 0.69611 7.05260 0.53679
v 0.76605 7.23313 0.52938
v 0.82717 7.22079 0.48756
v 0.84427 7.19534 0.45743
v 0.82406 7.11205 0.43891
v 0.83438 7.13249 0.43862
v 0.70831 7.04051 0.52315
v 0.69035 7.06471 0.55326
v 0.83866 7.21122 0.47162
v 0.84482 7.16799 0.44672
v 0.74115 7.11508 0.57430
v 0.75108 7.22150 0.54457
v 0.75009 7.19421 0.55323
v 0.74423 7.16639 0.56077
v 0.73025 7.03265 0.51244
v 0.77267 7.02679 0.50357
v 0.81796 7.09307 0.44587
v 0.79685 7.05175 0.47263
v 0.78590 7.03183 0.49020
v 0.71773 7.09295 0.56731
v 0.75358 7.12660 0.55588
v 0.78491 7.09620 0.46992
v 0.79552 7.08442 0.46520
v 0.74981 7.13354 0.56186
v 0.71618 7.09421 0.55481
v 0.76933 7.05297 0.48685
v 0.78070 7.06738 0.47211
v 0.80419 7.10144 0.45882
v 0.74248 7.04786 0.49459
v 0.71893 7.05018 0.50088
v 0.74247 7.15273 0.54887
v 0.74283 7.17111 0.54165
v 0.76465 7.19445 0.54237
v 0.73949 7.11005 0.56514
v 0.82966 7.16065 0.46312
v 0.82264 7.18769 0.48340
v 0.70085 7.07456 0.53976
v 0.71238 7.05291 0.51586
v 0.82124 7.13239 0.45610
v 0.81342 7.11630 0.45706
v 0.82817 7.17740 0.47258
v 0.81472 7.19475 0.49639
v 0.06433 6.89704 -0.21294
v 0.16357 6.90051 -0.20934
v 0.27363 6.90063 -0.18928
v 0.58403 8.00325 1.04660
v 0.46487 8.09666 1.13588
v 0.37035 6.90499 -0.13812
v 0.67048 7.88171 0.94787
v 0.71477 7.74887 0.86323
v 0.45110 6.90226 -0.05655
v 0.33463 8.15940 1.20057
v 0.08120 8.21348 1.25487
v 0.50774 6.90586 0.05297
v 0.57921 6.93201 0.25567
v 0.59577 6.95554 0.32334
v 0.18745 8.19319 1.24134
v 0.54852 6.91082 0.17143
v 0.72282 7.61055 0.80075
v 0.71926 7.48202 0.75960
v 0.72066 7.36774 0.72095
v 0.62975 6.98185 0.37455
v 0.72658 7.21500 0.65240
v 0.77003 7.00213 0.38174
v 0.73713 7.19500 0.63148
v 0.80849 7.01832 0.38847
v 0.74539 7.17995 0.61761
v 0.81567 7.02975 0.40951
v 0.75187 7.16178 0.59470
v 0.80356 7.04799 0.42922
v 0.74975 7.14222 0.57090
v 0.80769 7.07275 0.45740
v 0.78729 7.20489 0.53279
v 0.70343 7.06107 0.52875
v 0.80518 7.19999 0.51156
v 0.70175 7.08550 0.54677
v 0.77742 7.25973 0.53357
v 0.72047 7.09213 0.57404
v 0.69232 7.07184 0.56912
v 0.79961 7.03514 0.46002
v 0.78353 6.99961 0.48196
v 0.75129 7.20524 0.56135
v 0.76373 7.24435 0.54546
v 0.68492 7.05337 0.56188
v 0.84939 7.21055 0.43463
v 0.85335 7.17761 0.42048
v 0.75704 6.99771 0.53009
v 0.72427 7.01122 0.54127
v 0.74261 7.11932 0.58004
v 0.74556 7.17800 0.57013
v 0.84096 7.23772 0.45132
v 0.83435 7.25068 0.47251
v 0.82665 7.10676 0.42026
v 0.83388 7.13284 0.41580
v 0.82092 7.08537 0.42509
v 0.77510 6.99231 0.50554
v 0.69058 7.03321 0.55259
v 0.81965 7.26210 0.49715
v 0.75004 7.14982 0.57858
v 0.81092 7.06052 0.44373
v 0.76978 7.07461 0.48340
v 0.72602 7.08856 0.53508
v 0.75703 7.13467 0.53272
v 0.73600 7.14089 0.52147
v 0.78791 7.17498 0.49734
v 0.78049 6.97583 0.47466
v 0.74033 7.09596 0.59408
v 0.81451 7.29247 0.48677
v 0.74597 7.16366 0.52897
v 0.73949 7.10309 0.55804
v 0.87345 7.25380 0.41977
v 0.75722 7.20349 0.59752
v 0.74929 7.05655 0.57848
v 0.74795 6.95152 0.55898
v 0.74782 7.05785 0.49079
v 0.73666 7.05741 0.50012
v 0.80864 7.15524 0.47552
v 0.79833 7.17003 0.48945
v 0.78026 7.13844 0.47225
v 0.77810 7.17742 0.50648
v 0.70774 7.08641 0.53116
v 0.77260 7.12956 0.46980
v 0.77814 7.15377 0.48349
v 0.71327 7.09316 0.54302
v 0.76627 7.06458 0.48272
v 0.77795 7.07869 0.47488
v 0.78511 7.11116 0.46446
v 0.74087 7.14244 0.54033
v 0.73614 7.15071 0.53133
v 0.78252 7.14967 0.47711
v 0.77334 7.15735 0.49068
v 0.76179 7.06512 0.49039
v 0.75778 7.06814 0.49757
v 0.80721 7.04805 0.43043
v 0.75047 7.16920 0.60595
v 0.71109 7.08051 0.52745
v 0.72646 7.06355 0.50887
v 0.80146 7.13417 0.46728
v 0.73635 7.08005 0.52362
v 0.75188 7.07232 0.50640
v 0.79153 7.12264 0.46480
v 0.80514 7.16314 0.48211
v 0.76833 7.16043 0.49908
v 0.76016 7.11955 0.54749
v 0.77394 7.10774 0.47234
v 0.75967 7.17250 0.52474
v 0.71841 7.07205 0.51964
v 0.76150 7.16393 0.50743
v 0.72893 7.08462 0.53036
v 0.85019 7.18691 0.40007
v 0.76684 7.26971 0.55627
v 0.72051 6.98693 0.57125
v 0.76922 7.12068 0.46917
v 0.77516 7.08978 0.47647
v 0.76806 6.95484 0.50126
v 0.84319 7.13947 0.40121
v 0.86196 7.27705 0.44591
v 0.74424 7.13238 0.60355
v 0.74183 7.14937 0.51933
v 0.74172 7.10012 0.54683
v 0.74893 7.15915 0.51691
v 0.74359 7.07609 0.51475
v 0.86781 7.21865 0.40561
v 0.75680 6.94660 0.52851
v 0.81787 7.07495 0.41664
v 0.82768 7.09482 0.41090
v 0.76083 7.23093 0.58206
v 0.79728 7.02392 0.44345
v 0.78039 7.28595 0.54173
v 0.71925 7.01563 0.57771
v 0.74414 7.13871 0.49936
v 0.75910 7.12442 0.50610
v 0.74032 7.12984 0.49950
v 0.76667 7.10701 0.51618
v 0.75737 7.08756 0.52048
v 0.76158 7.11081 0.53189
v 0.75207 7.12244 0.47937
v 0.75828 7.11690 0.48111
v 0.75433 7.13617 0.48319
v 0.77538 7.09845 0.48227
v 0.76956 7.08187 0.48952
v 0.76924 7.10504 0.50360
v 0.76202 7.08593 0.50863
v 0.73876 7.13441 0.51081
v 0.75988 7.12945 0.52143
v 0.74139 7.14237 0.50902
v 0.75053 7.09079 0.53176
v 0.74918 7.13714 0.49143
v 0.75799 7.12061 0.49497
v 0.74486 7.12532 0.48922
v 0.76178 7.13418 0.47632
v 0.76468 7.11241 0.47326
v 0.75869 7.12143 0.47505
v 0.77278 7.10425 0.49296
v 0.76607 7.08498 0.49840
v 0.72530 7.09295 0.57686
v 0.78073 6.98867 0.47526
v 0.76508 7.25447 0.54995
v 0.85079 7.18099 0.40934
v 0.74406 6.98726 0.55223
v 0.74819 7.18613 0.57715
v 0.84467 7.24358 0.43781
v 0.82691 7.09423 0.41252
v 0.81928 7.07497 0.41424
v 0.77430 7.27452 0.53520
v 0.70310 7.06709 0.56969
v 0.79791 7.02986 0.44328
v 0.75371 7.21504 0.56797
v 0.68902 7.04083 0.56393
v 0.84714 7.21564 0.41956
v 0.75715 6.97292 0.52970
v 0.74366 7.12367 0.58318
v 0.82721 7.26863 0.45596
v 0.84002 7.13209 0.40661
v 0.77042 6.97526 0.50265
v 0.69118 7.01793 0.56388
v 0.82442 7.27798 0.49294
v 0.75108 7.15578 0.58524
v 0.80705 7.04683 0.43005
v 0.75771 7.16574 0.38067
v 0.79458 7.31506 0.43385
v 0.77469 7.33256 0.48337
v 0.74397 7.09797 0.39093
v 0.71640 7.04466 0.66436
v 0.71001 6.96453 0.65293
v 0.80216 7.28765 0.40161
v 0.79378 7.25520 0.39033
v 0.72002 6.89117 0.63291
v 0.73561 6.82131 0.58514
v 0.70470 6.86340 0.48110
v 0.69790 6.93773 0.47327
v 0.71973 7.12077 0.67744
v 0.72142 7.19107 0.68212
v 0.70821 6.97949 0.44800
v 0.73776 7.31322 0.61495
v 0.73015 7.28295 0.64723
v 0.78210 7.21503 0.38091
v 0.74301 7.32892 0.58460
v 0.74701 7.32977 0.54284
v 0.71205 6.83186 0.51389
v 0.72676 7.05249 0.41169
v 0.72468 7.24411 0.66974
v 0.71515 7.02360 0.42737
v 0.71031 7.16756 0.37796
v 0.74387 7.31918 0.43983
v 0.68729 7.09706 0.38699
v 0.71351 7.04923 0.69259
v 0.74101 7.25652 0.39540
v 0.69824 6.87533 0.64705
v 0.65535 6.88820 0.49090
v 0.71804 7.22851 0.71042
v 0.73618 7.35889 0.62013
v 0.74088 7.36683 0.53116
v 0.67720 7.04780 0.40001
v 0.74164 7.35183 0.46585
v 0.70640 6.95751 0.67513
v 0.74368 7.29108 0.41313
v 0.70186 6.82206 0.59217
v 0.65497 6.92523 0.46533
v 0.71773 7.13960 0.70722
v 0.66328 6.96392 0.44143
v 0.72833 7.33186 0.66039
v 0.72858 7.22051 0.38407
v 0.74098 7.36948 0.58231
v 0.67002 6.85045 0.53834
v 0.72269 7.29081 0.68993
v 0.67231 7.00783 0.41772
v -0.19237 8.15650 1.36499
v -0.65077 7.67366 1.21873
v -0.60858 7.88724 1.21699
v -0.69421 7.78056 1.10896
v -0.72580 7.49623 1.03034
v -0.70019 7.58675 1.11822
v -0.75709 7.54205 0.93213
v -0.74249 7.66427 1.00665
v -0.76316 7.70552 0.94620
v -0.69777 7.44789 1.12527
v -0.66177 7.51839 1.20437
v -0.50899 6.13549 0.35866
v -0.52804 5.95090 0.36368
v -0.55610 5.98638 0.28116
v -0.58144 5.84569 0.29590
v -0.59937 5.85681 0.21484
v -0.54012 5.82420 0.38210
v -0.56608 6.55679 0.38554
v -0.54610 6.46371 0.35655
v -0.52821 6.34871 0.32277
v -0.52658 6.17357 0.26463
v -0.57103 6.02117 0.19687
v -0.62921 5.88404 0.13513
v -0.56417 6.59029 0.24615
v -0.54590 6.49996 0.22570
v -0.52446 6.38712 0.21039
v -0.54071 6.21985 0.16010
v -0.57430 6.05799 0.10300
v -0.64833 5.93715 0.03960
v -0.53838 6.61008 0.09880
v -0.52836 6.52662 0.08629
v -0.52879 6.41530 0.07222
v -0.53782 6.25815 0.03933
v -0.56508 6.09948 -0.01065
v -0.62460 5.97352 -0.06585
v -0.49626 6.62448 -0.04587
v -0.49140 6.54406 -0.05275
v -0.48598 6.43593 -0.06648
v -0.48783 6.29240 -0.08957
v -0.50630 6.13074 -0.12936
v -0.55678 5.99867 -0.18277
v -0.40074 6.63644 -0.15186
v -0.38900 6.55518 -0.15309
v -0.38076 6.45036 -0.15945
v -0.37825 6.30308 -0.17648
v -0.37576 6.13403 -0.21226
v -0.43421 6.00351 -0.26301
v -0.26451 6.64824 -0.20355
v -0.25220 6.56833 -0.19248
v -0.24377 6.46970 -0.18929
v -0.24423 6.32242 -0.20166
v -0.26324 6.13398 -0.24210
v -0.31549 5.99789 -0.30603
v 0.00009 6.67174 -0.21146
v -0.00207 6.58594 -0.18788
v -0.00023 6.48152 -0.16736
v -0.00376 6.33087 -0.17805
v 0.00314 6.13232 -0.21509
v 0.00127 5.97432 -0.30709
v -0.78152 7.05269 0.73539
v -0.81990 7.49517 0.41449
v -0.60423 8.15481 0.02988
v -0.49214 8.26608 -0.03468
v -0.80928 7.74134 0.27854
v -0.76477 7.87229 0.20192
v -0.81275 7.40263 0.45238
v -0.74930 6.82564 0.68943
v -0.78046 7.17482 0.80308
v -0.77762 7.05953 0.78533
v -0.74474 6.83219 0.77023
v -0.77486 7.29598 0.83133
v -0.76230 7.41814 0.87762
v -0.81405 7.43732 0.52612
v -0.80691 7.36832 0.38877
v -0.78175 7.29539 0.32136
v -0.71686 7.06574 0.30826
v -0.73554 7.13208 0.29935
v -0.70927 8.14125 0.36492
v -0.48293 8.42076 0.29830
v -0.00113 8.55558 0.29755
v -0.60607 8.29515 0.32992
v -0.00067 8.57068 0.70598
v -0.00145 8.48321 1.00462
v -0.42517 8.39245 0.95331
v -0.58712 6.63084 0.41884
v -0.58730 6.67968 0.27264
v -0.55230 6.68079 0.10073
v -0.49611 6.68876 -0.04378
v -0.39555 6.70141 -0.15713
v -0.27197 6.70819 -0.20973
v -0.63669 6.78392 0.43275
v 0.00177 6.73721 -0.22822
v -0.67626 6.99209 0.27958
v -0.62415 6.98267 0.10874
v -0.58095 6.98015 -0.00249
v -0.51670 6.98370 -0.11834
v -0.42905 6.98014 -0.21295
v -0.32110 6.96467 -0.27900
v -0.00092 6.94958 -0.32671
v -0.69756 7.06292 0.25685
v -0.63947 7.07520 0.07866
v -0.59733 7.08666 -0.03140
v -0.53200 7.09895 -0.14676
v -0.44819 7.10442 -0.24525
v -0.34890 7.09879 -0.32255
v 0.00027 7.08372 -0.40262
v -0.72460 7.14182 0.24690
v -0.67071 7.18729 0.03996
v -0.62009 7.20933 -0.06941
v -0.55242 7.22932 -0.18179
v -0.46736 7.24529 -0.28770
v -0.36759 7.24931 -0.36903
v 0.00142 7.24990 -0.45739
v -0.77917 7.33626 0.26912
v -0.72408 7.43436 0.04087
v -0.66763 7.48394 -0.08597
v -0.59358 7.52805 -0.19921
v -0.50350 7.56331 -0.31482
v -0.39300 7.59215 -0.39957
v -0.00014 7.64155 -0.47079
v -0.80797 7.44093 0.33361
v -0.78483 7.64448 0.15708
v -0.73533 7.75337 0.05498
v -0.66872 7.86011 -0.05610
v -0.57330 7.96704 -0.18497
v -0.44830 8.04475 -0.25924
v 0.00034 8.12326 -0.32776
v -0.45518 8.45847 0.67323
v -0.59159 8.33740 0.65205
v -0.56885 8.29612 0.90363
v -0.71879 7.84324 1.04256
v -0.70192 8.18183 0.62481
v -0.78325 8.00278 0.59673
v -0.62594 7.96807 1.14702
v -0.78295 7.97260 0.39746
v -0.82321 7.81123 0.43721
v -0.82267 7.53380 0.50748
v -0.49359 8.06028 1.24361
v -0.34919 8.12167 1.32107
v -0.76767 7.98461 0.75885
v -0.68658 8.15649 0.83389
v -0.81982 7.82583 0.58262
v -0.80956 7.81659 0.70292
v -0.61238 6.69245 0.46778
v -0.61635 6.74131 0.37362
v -0.65800 6.98135 0.20882
v -0.67961 7.06701 0.17293
v -0.71336 7.15939 0.15000
v -0.76789 7.38755 0.16636
v -0.80980 7.53497 0.25504
v -0.83210 7.65514 0.48068
v -0.66378 8.09487 0.98617
v -0.75131 7.94472 0.88451
v -0.80061 7.79111 0.80322
v -0.53923 8.21258 1.07976
v -0.00024 8.35383 1.21465
v -0.07709 8.17233 1.37714
v 0.00068 8.17474 1.38363
v -0.39171 8.28831 1.14649
v -0.07631 5.98748 -0.30026
v -0.05237 6.66838 -0.21364
v -0.04460 6.58343 -0.19443
v -0.10625 8.33874 1.20875
v -0.16057 8.11143 -0.32019
v -0.13285 7.63345 -0.46673
v -0.05645 6.73334 -0.22499
v -0.16495 8.55537 0.70277
v -0.18958 8.53396 0.28909
v -0.12325 7.24404 -0.44916
v -0.11032 7.08318 -0.39325
v -0.08322 6.95293 -0.32361
v -0.13183 8.46922 1.00285
v -0.03540 6.33675 -0.18435
v -0.03625 6.48177 -0.17435
v -0.04971 6.13696 -0.23860
v -0.15002 6.66238 -0.21119
v -0.15582 6.14001 -0.26876
v -0.26078 8.44824 0.99354
v -0.15558 6.72361 -0.22180
v -0.19762 6.96062 -0.31603
v -0.13416 6.47455 -0.18970
v -0.18844 5.98810 -0.30414
v -0.26256 7.61600 -0.44798
v -0.25077 7.24413 -0.42803
v -0.23227 7.08958 -0.37558
v -0.30235 8.09067 -0.30495
v -0.32938 8.49738 0.28828
v -0.13314 6.32788 -0.19914
v -0.29601 8.52941 0.69831
v -0.14175 6.58031 -0.19693
v -0.22704 8.32269 1.19390
v -0.33261 5.62797 -0.53776
v -0.14717 5.60817 -0.49633
v 0.00076 5.60054 -0.48596
v -0.52530 5.64440 -0.52298
v -0.71111 5.65797 -0.48771
v -0.78380 5.80998 -0.34089
v -0.60889 5.78110 -0.42959
v -0.44238 5.77060 -0.46294
v 0.00402 5.73214 -0.41465
v -0.11924 5.74279 -0.43062
v -0.27857 5.76107 -0.46137
v -0.23096 5.88361 -0.38243
v -0.10129 5.87189 -0.36699
v -0.00288 5.85716 -0.33787
v -0.37272 5.89252 -0.38944
v -0.51467 5.89883 -0.34912
v -0.66507 5.91247 -0.25506
v -0.75859 5.89544 -0.13607
v -0.79822 5.85959 -0.02753
v -0.80507 5.83120 0.06630
v -0.79760 5.82289 0.14013
v -0.77732 5.78341 0.23476
v -0.73332 5.73140 0.32840
v -0.37901 5.48722 -0.57637
v -0.16706 5.46470 -0.54439
v 0.00007 5.45100 -0.52981
v -0.59815 5.51605 -0.55902
v -0.78910 5.54363 -0.52557
v -0.39523 5.34912 -0.59804
v -0.16476 5.32717 -0.56954
v 0.00025 5.31330 -0.56062
v -0.64111 5.38605 -0.58965
v -0.83124 5.42300 -0.56917
v -0.80192 5.24949 -0.60575
v -0.78622 5.10289 -0.63365
v -0.61031 5.21779 -0.57224
v -0.57990 5.06848 -0.54918
v -0.40137 5.20383 -0.60972
v -0.40066 5.05144 -0.60104
v -0.18540 5.18559 -0.59053
v -0.19336 5.03756 -0.59980
v 0.00013 5.17073 -0.57741
v 0.00081 5.02376 -0.58162
v -0.77137 6.94228 0.71824
v -0.76589 6.94732 0.77537
v -0.71319 7.47351 1.07800
v -0.68239 7.55271 1.16170
v -0.67088 7.72140 1.16596
v -0.74024 7.51664 0.98286
v -0.71894 7.62137 1.06983
v -0.77382 7.06879 0.83858
v -0.77552 7.17979 0.85402
v -0.76613 7.29241 0.88015
v -0.74400 6.86060 0.84001
v -0.76118 6.96171 0.83735
v 0.00011 6.81805 -0.25900
v -0.06261 6.81929 -0.25796
v -0.16700 6.82100 -0.25443
v -0.29089 6.81344 -0.23579
v -0.40445 6.81202 -0.17315
v -0.50098 6.81111 -0.08284
v -0.56410 6.81337 0.04935
v -0.60654 6.82023 0.17870
v -0.63243 6.84924 0.27567
v -0.64687 6.87746 0.33959
v -0.64501 6.82616 0.37605
v -0.62262 6.79076 0.31914
v -0.55931 6.74674 0.07644
v -0.50100 6.74789 -0.05860
v -0.39970 6.75059 -0.16188
v -0.28114 6.75688 -0.22048
v -0.16205 6.77239 -0.23663
v -0.06030 6.77602 -0.24141
v 0.00005 6.77629 -0.24322
v -0.59506 6.75312 0.22201
v -0.71034 8.02475 0.11790
v -0.00068 8.38560 -0.09025
v -0.82629 7.60340 0.35068
v -0.18342 8.36112 -0.09149
v -0.33025 8.32842 -0.07452
v -0.79679 7.33681 0.35026
v -0.41834 7.80153 -0.36747
v -0.53779 7.75164 -0.28050
v -0.75474 7.53959 0.07706
v -0.79516 7.39537 0.29363
v -0.62957 7.68606 -0.14876
v -0.70068 7.61684 -0.03635
v 0.00018 7.87159 -0.43750
v -0.78731 7.46227 0.20266
v -0.14682 7.84644 -0.43458
v -0.28280 7.83209 -0.41848
v -0.76352 7.23625 0.30058
v -0.70007 7.32342 0.02268
v -0.75854 7.27254 0.24322
v -0.48228 7.40333 -0.32256
v -0.57120 7.38099 -0.21407
v -0.64350 7.35332 -0.09654
v 0.00073 7.43879 -0.47153
v -0.37510 7.41698 -0.39718
v -0.74534 7.30059 0.14056
v -0.12095 7.43203 -0.46784
v -0.24953 7.42348 -0.44823
v -0.77265 7.57182 0.87343
v -0.82883 7.67074 0.57874
v -0.81944 7.66158 0.66935
v -0.80638 7.63869 0.74849
v -0.77687 7.43950 0.82225
v -0.81963 7.54203 0.57953
v -0.81356 7.53472 0.64945
v -0.80011 7.51059 0.71855
v -0.78394 7.29745 0.76904
v -0.81195 7.44402 0.58186
v -0.80736 7.43452 0.63707
v -0.79821 7.40702 0.69033
v -0.66352 6.79048 0.47577
v -0.66338 6.82591 0.43734
v -0.69930 7.00743 0.32361
v -0.67497 6.90431 0.37174
v -0.66880 6.86086 0.40903
v -0.78338 7.16580 0.75173
v -0.77803 7.03514 0.68255
v -0.83360 7.42620 0.47440
v -0.78727 6.89722 0.65611
v -0.78975 7.41885 0.57542
v -0.85911 7.37940 0.36150
v -0.86080 7.28521 0.29298
v -0.80073 7.08237 0.27892
v -0.83286 7.15863 0.26426
v -0.81596 6.85407 0.60773
v -0.77253 6.96437 0.68005
v -0.86091 7.33214 0.32141
v -0.85485 7.23378 0.27602
v -0.79081 7.16292 0.67988
v -0.76464 7.37390 0.63691
v -0.78088 7.31264 0.66204
v -0.79469 7.25795 0.66813
v -0.82596 6.83513 0.51524
v -0.78889 6.83469 0.43827
v -0.76858 7.01623 0.29756
v -0.76014 6.92154 0.34472
v -0.75685 6.87115 0.37871
v -0.78824 7.10325 0.67842
v -0.78983 7.04449 0.67134
v -0.91008 7.35860 0.51310
v -0.79865 6.92396 0.63142
v -0.85698 7.35598 0.60182
v -0.94868 7.33099 0.42516
v -0.95643 7.24108 0.35416
v -0.88176 7.07223 0.30523
v -0.91454 7.13848 0.30612
v -0.81379 6.90751 0.59139
v -0.79628 6.97742 0.66214
v -0.95594 7.28484 0.37677
v -0.94277 7.20024 0.32671
v -0.79194 7.14490 0.66739
v -0.81662 7.32848 0.64546
v -0.80658 7.27662 0.66287
v -0.79888 7.23550 0.66938
v -0.82811 6.90261 0.55022
v -0.83476 6.89302 0.49447
v -0.86385 7.01949 0.32382
v -0.85742 6.95000 0.39823
v -0.83830 6.89945 0.44718
v -0.78778 7.09784 0.66955
v -0.82327 7.05319 0.62521
v -0.90125 7.28909 0.52158
v -0.80786 6.96135 0.58336
v -0.87418 7.26821 0.58199
v -0.93414 7.27725 0.46961
v -0.93781 7.20243 0.41880
v -0.91312 7.06673 0.37619
v -0.93356 7.13423 0.39135
v -0.81610 6.93906 0.57528
v -0.82071 7.00139 0.59374
v -0.94370 7.24176 0.43677
v -0.93707 7.17325 0.40297
v -0.79973 7.13090 0.64889
v -0.85316 7.25063 0.59817
v -0.83462 7.22641 0.61589
v -0.81899 7.19862 0.63875
v -0.82346 6.92479 0.55293
v -0.83521 6.92518 0.51920
v -0.89483 7.03960 0.39132
v -0.86898 6.98695 0.44730
v -0.84931 6.94075 0.48271
v -0.80137 7.10056 0.64072
v -0.74004 7.06379 0.50521
v -0.87987 7.28979 0.52659
v -0.76284 7.02056 0.56540
v -0.83903 7.25603 0.56548
v -0.88118 7.27995 0.49932
v -0.91379 7.20523 0.43547
v -0.88752 7.07409 0.43817
v -0.90058 7.12212 0.42873
v -0.80260 6.98156 0.59578
v -0.73363 7.02643 0.50703
v -0.90945 7.22695 0.47945
v -0.91726 7.17568 0.42505
v -0.81094 7.10564 0.60967
v -0.83010 7.23876 0.56169
v -0.82413 7.20736 0.56782
v -0.81727 7.18377 0.56063
v -0.82064 6.96449 0.55683
v -0.83186 6.96367 0.53113
v -0.87225 7.05571 0.44601
v -0.85874 7.01753 0.47003
v -0.84495 6.97653 0.50312
v -0.79247 7.08515 0.54668
v -0.74828 7.03312 0.55824
v -0.85099 7.23657 0.55290
v -0.75296 7.05903 0.57731
v -0.81158 7.22974 0.58255
v -0.88621 7.22831 0.52500
v -0.90774 7.18777 0.48600
v -0.88741 7.09577 0.46396
v -0.89356 7.10748 0.46667
v -0.75880 7.06258 0.56655
v -0.75524 7.04460 0.57037
v -0.90203 7.20945 0.50143
v -0.90594 7.14745 0.47403
v -0.79620 7.07227 0.58164
v -0.79935 7.21909 0.59816
v -0.81519 7.18643 0.58252
v -0.81433 7.16456 0.55985
v -0.76829 7.05896 0.56569
v -0.81057 7.05051 0.55757
v -0.87979 7.08177 0.47677
v -0.85315 7.05728 0.51406
v -0.84007 7.04808 0.53175
v -0.75854 7.03643 0.56005
v -0.81682 7.12796 0.58626
v -0.82203 7.10606 0.52846
v -0.83556 7.09272 0.52210
v -0.81707 7.12897 0.58354
v -0.74164 7.03057 0.57418
v -0.79378 7.08021 0.54656
v -0.81243 7.08459 0.53210
v -0.84807 7.10317 0.51356
v -0.77371 7.06197 0.55599
v -0.76546 7.04307 0.55364
v -0.81306 7.15929 0.55317
v -0.80594 7.15481 0.57072
v -0.80502 7.17533 0.59726
v -0.77461 7.06148 0.60424
v -0.87266 7.13433 0.51171
v -0.86843 7.16462 0.53106
v -0.75764 7.05419 0.57540
v -0.76433 7.04438 0.56201
v -0.86312 7.10781 0.50653
v -0.85884 7.10254 0.50879
v -0.87437 7.15697 0.52105
v -0.85856 7.17176 0.54590
v -0.00048 6.86376 -0.27636
v -0.06804 6.86777 -0.27642
v -0.17415 6.87578 -0.27401
v -0.29945 6.87888 -0.25062
v -0.63988 8.03097 1.07848
v -0.51006 8.13104 1.17683
v -0.41266 6.88472 -0.19010
v -0.73403 7.89736 0.97273
v -0.78185 7.75119 0.88312
v -0.50653 6.88720 -0.09656
v 0.00131 8.26715 1.31205
v -0.36647 8.20020 1.24771
v -0.09122 8.26176 1.30456
v -0.57056 6.89327 0.02471
v -0.64510 6.91350 0.24099
v -0.65925 6.93158 0.30615
v -0.20601 8.23933 1.29060
v -0.61312 6.89634 0.14862
v -0.79129 7.60578 0.81451
v -0.78850 7.47763 0.76908
v -0.79006 7.36503 0.72972
v -0.68587 6.95538 0.34212
v -0.78944 7.21169 0.68345
v -0.76152 6.96839 0.32091
v -0.78908 7.18873 0.67855
v -0.86324 6.98176 0.36422
v -0.80295 7.16772 0.65558
v -0.88128 7.01184 0.42614
v -0.82066 7.15296 0.58330
v -0.86748 7.03569 0.45498
v -0.81927 7.13361 0.57106
v -0.86535 7.06729 0.49685
v -0.83425 7.18650 0.58144
v -0.75706 7.05496 0.57355
v -0.85436 7.18014 0.55729
v -0.74931 7.03561 0.56276
v -0.82438 7.24700 0.58412
v -0.76778 7.05155 0.54217
v -0.74022 7.04775 0.52406
v -0.86517 7.01597 0.47537
v -0.84974 6.98531 0.49980
v -0.82054 7.19489 0.56552
v -0.82801 7.23467 0.57286
v -0.75291 7.05073 0.54514
v -0.91872 7.22108 0.43747
v -0.92062 7.16409 0.43575
v -0.79349 7.02774 0.58259
v -0.75830 7.05680 0.58284
v -0.80378 7.08514 0.57708
v -0.81442 7.17292 0.55839
v -0.90769 7.25788 0.46193
v -0.90240 7.25862 0.48885
v -0.88961 7.09167 0.44746
v -0.89378 7.11018 0.44605
v -0.88597 7.06584 0.44211
v -0.83113 6.98837 0.54759
v -0.74758 7.06388 0.57960
v -0.87721 7.25000 0.53583
v -0.81870 7.14151 0.56756
v -0.87659 7.03862 0.45452
v -0.82471 7.05329 0.52124
v -0.73463 7.03279 0.57658
v -0.81478 7.17372 0.52547
v -0.80504 7.15307 0.52327
v -0.81803 7.13063 0.54243
v -0.84577 6.97131 0.49978
v -0.81023 7.10082 0.59084
v -0.87263 7.28228 0.53000
v -0.80236 7.12911 0.55257
v -0.76445 7.05051 0.59784
v -0.91225 7.21753 0.46691
v -0.82349 7.18357 0.58413
v -0.80351 7.06462 0.53465
v -0.81377 6.96515 0.57877
v -0.77830 7.02109 0.54275
v -0.77114 7.01729 0.54615
v -0.83288 7.12014 0.53104
v -0.82836 7.13073 0.53900
v -0.79362 7.11029 0.53493
v -0.81456 7.12747 0.53947
v -0.73378 7.03253 0.56815
v -0.79266 7.10907 0.53366
v -0.80873 7.10591 0.52470
v -0.72480 7.03171 0.57580
v -0.79903 7.06320 0.54500
v -0.81416 7.08529 0.53464
v -0.81417 7.11832 0.52780
v -0.80691 7.16689 0.54230
v -0.80495 7.13771 0.53469
v -0.80327 7.11055 0.53135
v -0.80596 7.11207 0.53294
v -0.80218 7.02379 0.53015
v -0.80246 7.03381 0.53917
v -0.86238 7.05183 0.47354
v -0.81891 7.15611 0.61512
v -0.74629 7.04623 0.57731
v -0.75995 7.02892 0.55973
v -0.82230 7.11008 0.52962
v -0.75710 7.03583 0.57421
v -0.79077 7.03909 0.55455
v -0.81238 7.11002 0.53049
v -0.83662 7.12542 0.53203
v -0.80039 7.12059 0.54716
v -0.82506 7.11298 0.57303
v -0.80888 7.13577 0.52643
v -0.80404 7.12559 0.55200
v -0.75397 7.03872 0.56993
v -0.80150 7.12059 0.54520
v -0.73928 7.03600 0.57983
v -0.90843 7.17290 0.43668
v -0.82635 7.23442 0.54443
v -0.78617 7.00330 0.55082
v -0.79895 7.12653 0.53227
v -0.82784 7.10429 0.52092
v -0.83270 6.95240 0.52801
v -0.88924 7.12879 0.45296
v -0.91049 7.25955 0.49356
v -0.80822 7.11794 0.62849
v -0.80166 7.12523 0.54676
v -0.76817 7.04636 0.58315
v -0.79778 7.11668 0.54387
v -0.77505 7.03578 0.56307
v -0.92562 7.19243 0.43576
v -0.82264 6.94904 0.55217
v -0.87181 7.06884 0.46127
v -0.88005 7.08054 0.45550
v -0.82488 7.20762 0.56604
v -0.85946 7.02265 0.47600
v -0.83616 7.24562 0.55697
v -0.76947 7.01270 0.52767
v -0.79715 7.10745 0.53280
v -0.81447 7.16572 0.49429
v -0.80306 7.16045 0.50481
v -0.83562 7.09468 0.52472
v -0.80309 7.05198 0.56007
v -0.82728 7.09369 0.54975
v -0.80038 7.14726 0.52447
v -0.79799 7.17327 0.49554
v -0.79914 7.10440 0.52662
v -0.83522 7.12526 0.50857
v -0.82996 7.06237 0.51906
v -0.83945 7.10710 0.50825
v -0.81591 7.05974 0.54556
v -0.80177 7.16477 0.50801
v -0.81718 7.16780 0.50912
v -0.79875 7.11579 0.53909
v -0.78378 7.04577 0.57380
v -0.80037 7.10343 0.52538
v -0.80559 7.17176 0.49063
v -0.80266 7.15662 0.51404
v -0.79453 7.10729 0.53204
v -0.79728 7.16369 0.51069
v -0.79752 7.13218 0.53237
v -0.83962 7.12091 0.50559
v -0.82378 7.06500 0.53294
v -0.77827 7.07038 0.53664
v -0.84618 6.97460 0.49691
v -0.82935 7.24209 0.57516
v -0.91982 7.17264 0.42009
v -0.78624 7.02302 0.59585
v -0.81424 7.17833 0.55466
v -0.91006 7.26624 0.45804
v -0.89077 7.06984 0.42852
v -0.88207 7.04424 0.42311
v -0.82929 7.25388 0.57400
v -0.72821 7.06628 0.50425
v -0.86348 7.00712 0.45492
v -0.82231 7.20130 0.57122
v -0.73613 7.04866 0.51274
v -0.91725 7.22610 0.41948
v -0.81320 6.99162 0.56907
v -0.80848 7.09456 0.59388
v -0.89138 7.28761 0.47841
v -0.90469 7.10903 0.42190
v -0.83364 6.96779 0.53234
v -0.74888 7.05745 0.57217
v -0.88749 7.26538 0.52200
v -0.81943 7.14794 0.57224
v -0.86963 7.01578 0.42532
v -0.74151 7.16714 0.31257
v -0.79037 7.36459 0.38431
v -0.77718 7.39868 0.46049
v -0.72663 7.08679 0.32403
v -0.78473 7.03803 0.67818
v -0.77741 6.96346 0.67213
v -0.78491 7.32587 0.34556
v -0.77659 7.27924 0.32686
v -0.77495 6.87261 0.67223
v -0.76337 6.77991 0.63643
v -0.69284 6.82062 0.42695
v -0.68211 6.90733 0.41218
v -0.78890 7.11709 0.68754
v -0.79045 7.18869 0.69355
v -0.69176 6.95003 0.38666
v -0.80076 7.32417 0.64454
v -0.79834 7.28174 0.66304
v -0.76605 7.22928 0.31426
v -0.78661 7.37280 0.62106
v -0.75333 7.40058 0.55304
v -0.70519 6.77612 0.47206
v -0.71110 7.02852 0.34776
v -0.79319 7.24229 0.68402
v -0.69978 6.99510 0.36530
v -0.74459 7.15400 0.31846
v -0.80024 7.33976 0.40217
v -0.72168 7.07669 0.32948
v -0.78299 7.04411 0.69940
v -0.77695 7.26811 0.33645
v -0.75907 6.85340 0.67422
v -0.67575 6.84058 0.44354
v -0.78737 7.22681 0.71994
v -0.80517 7.35901 0.63197
v -0.80676 7.38990 0.54021
v -0.71494 7.01886 0.34864
v -0.80512 7.37962 0.45585
v -0.77618 6.95480 0.68273
v -0.78487 7.31492 0.36173
v -0.70177 6.76753 0.64045
v -0.69225 6.88662 0.42001
v -0.78736 7.13744 0.71413
v -0.69955 6.92976 0.39224
v -0.79735 7.32972 0.67192
v -0.76319 7.21653 0.32330
v -0.81020 7.37488 0.59154
v -0.66709 6.79925 0.49049
v -0.79178 7.28881 0.70105
v -0.71076 6.97541 0.36903
v 0.19023 8.15905 1.36366
v 0.65080 7.67408 1.21860
v 0.60834 7.89029 1.21608
v 0.69388 7.78252 1.10921
v 0.72470 7.48865 1.03336
v 0.69951 7.58182 1.12021
v 0.75744 7.54154 0.93069
v 0.74266 7.66459 1.00618
v 0.76383 7.70564 0.94406
v 0.69438 7.44429 1.13364
v 0.65838 7.51479 1.21274
v 0.50901 6.13653 0.35788
v 0.53339 5.95195 0.34714
v 0.55771 5.98372 0.27820
v 0.58038 5.85005 0.29028
v 0.60173 5.85541 0.21264
v 0.53429 5.83895 0.36565
v 0.56612 6.55695 0.38554
v 0.54628 6.46506 0.35562
v 0.52798 6.34486 0.32631
v 0.52657 6.17275 0.26541
v 0.57116 6.01748 0.19987
v 0.63365 5.88253 0.12854
v 0.56403 6.58907 0.24683
v 0.54549 6.49525 0.22854
v 0.52432 6.38212 0.21394
v 0.54065 6.22080 0.15928
v 0.57382 6.06028 0.10088
v 0.64956 5.93877 0.02988
v 0.53839 6.61138 0.09818
v 0.52858 6.52132 0.08920
v 0.52878 6.41450 0.07202
v 0.53649 6.26269 0.03506
v 0.56147 6.10599 -0.01703
v 0.62069 5.97598 -0.07696
v 0.49530 6.62890 -0.04791
v 0.49014 6.54746 -0.05498
v 0.48356 6.44029 -0.06977
v 0.48326 6.29782 -0.09435
v 0.50114 6.13496 -0.13305
v 0.55324 5.99607 -0.19066
v 0.39928 6.63943 -0.15301
v 0.38477 6.56283 -0.15578
v 0.37723 6.45431 -0.16097
v 0.37506 6.30537 -0.17754
v 0.37534 6.13434 -0.21232
v 0.43332 5.99992 -0.26646
v 0.26392 6.64893 -0.20375
v 0.24860 6.57394 -0.19346
v 0.24090 6.47259 -0.18952
v 0.24982 6.32024 -0.20126
v 0.26409 6.13347 -0.24212
v 0.30875 5.99905 -0.30626
v 0.78146 7.05257 0.73603
v 0.81979 7.49466 0.41265
v 0.60358 8.15583 0.02983
v 0.48971 8.26692 -0.03648
v 0.80921 7.73983 0.27733
v 0.76393 7.87507 0.20106
v 0.81288 7.40665 0.45285
v 0.74727 6.81976 0.69628
v 0.78089 7.17402 0.79871
v 0.77773 7.05991 0.78439
v 0.74431 6.83023 0.77083
v 0.77602 7.29457 0.82360
v 0.76338 7.41784 0.87266
v 0.81408 7.43837 0.52709
v 0.80729 7.37639 0.39066
v 0.78084 7.29223 0.32000
v 0.71750 7.06753 0.30812
v 0.73657 7.13210 0.30162
v 0.70897 8.14241 0.36684
v 0.48304 8.42077 0.29872
v 0.60732 8.29396 0.33154
v 0.42593 8.39186 0.95354
v 0.58710 6.63112 0.41786
v 0.58724 6.67876 0.27370
v 0.55241 6.68267 0.09993
v 0.49608 6.68958 -0.04401
v 0.39584 6.70029 -0.15677
v 0.27144 6.70687 -0.20961
v 0.63432 6.78484 0.42139
v 0.67649 6.99311 0.27903
v 0.62606 6.98406 0.11280
v 0.58176 6.97877 0.00008
v 0.51659 6.98364 -0.11847
v 0.42607 6.98421 -0.21715
v 0.31348 6.96333 -0.28207
v 0.69792 7.06388 0.25684
v 0.64348 7.08075 0.08302
v 0.60008 7.08982 -0.02810
v 0.53263 7.09959 -0.14620
v 0.44665 7.10584 -0.24729
v 0.34413 7.09729 -0.32477
v 0.72472 7.14262 0.24635
v 0.67282 7.19000 0.04234
v 0.62256 7.21164 -0.06641
v 0.55336 7.22946 -0.18060
v 0.46853 7.24360 -0.28599
v 0.36681 7.24871 -0.36934
v 0.77941 7.33676 0.26973
v 0.72372 7.43376 0.04023
v 0.66854 7.48483 -0.08454
v 0.59298 7.52776 -0.20004
v 0.50192 7.56213 -0.31632
v 0.39297 7.59207 -0.39958
v 0.80773 7.44129 0.33129
v 0.78482 7.64472 0.15708
v 0.73429 7.75347 0.05253
v 0.66886 7.85983 -0.05594
v 0.57373 7.96752 -0.18417
v 0.44730 8.04530 -0.25966
v 0.45821 8.45667 0.67158
v 0.59484 8.33376 0.65146
v 0.57100 8.29395 0.90313
v 0.71892 7.84345 1.04219
v 0.70279 8.18020 0.62557
v 0.78359 8.00156 0.59807
v 0.62624 7.96620 1.14770
v 0.78280 7.97388 0.39942
v 0.82354 7.80896 0.43749
v 0.82262 7.53298 0.50698
v 0.49447 8.05735 1.24485
v 0.34899 8.12199 1.32095
v 0.76761 7.98380 0.76057
v 0.68773 8.15395 0.83466
v 0.81997 7.82467 0.58269
v 0.80928 7.81681 0.70493
v 0.61204 6.69194 0.46617
v 0.61604 6.74069 0.37271
v 0.65938 6.98424 0.21033
v 0.68120 7.06956 0.17474
v 0.71324 7.16006 0.14892
v 0.76773 7.38726 0.16597
v 0.80956 7.53503 0.25380
v 0.83208 7.65361 0.48008
v 0.66522 8.08907 0.98896
v 0.75146 7.94200 0.88650
v 0.80010 7.79180 0.80547
v 0.53945 8.20997 1.08234
v 0.07579 8.17398 1.37606
v 0.38933 8.28795 1.14885
v 0.08055 5.97617 -0.30606
v 0.05166 6.66892 -0.21373
v 0.03903 6.58807 -0.19480
v 0.10697 8.33726 1.21053
v 0.15959 8.11128 -0.32044
v 0.13345 7.63374 -0.46666
v 0.05734 6.73063 -0.22424
v 0.16341 8.55571 0.70197
v 0.18673 8.53438 0.28874
v 0.12487 7.24377 -0.44893
v 0.10927 7.08265 -0.39313
v 0.08039 6.95188 -0.32326
v 0.13090 8.46915 1.00333
v 0.02825 6.33837 -0.18264
v 0.03342 6.48426 -0.17406
v 0.05466 6.13493 -0.24032
v 0.14935 6.66281 -0.21128
v 0.15657 6.13931 -0.26901
v 0.26103 8.44801 0.99385
v 0.15438 6.72018 -0.22104
v 0.19029 6.95563 -0.31500
v 0.13032 6.47790 -0.18950
v 0.18483 5.98595 -0.30499
v 0.26377 7.61666 -0.44763
v 0.24849 7.24481 -0.42891
v 0.22711 7.08633 -0.37565
v 0.30174 8.09067 -0.30517
v 0.32720 8.49789 0.28714
v 0.13483 6.32707 -0.19939
v 0.29535 8.52987 0.69631
v 0.13722 6.58497 -0.19748
v 0.22665 8.32138 1.19573
v 0.33228 5.62743 -0.53793
v 0.14879 5.61063 -0.49570
v 0.52344 5.64082 -0.52471
v 0.70995 5.65496 -0.48933
v 0.78109 5.80155 -0.35155
v 0.60632 5.77550 -0.43469
v 0.43895 5.76546 -0.46628
v 0.12129 5.74442 -0.43026
v 0.27440 5.75515 -0.46383
v 0.22640 5.87869 -0.38486
v 0.09453 5.86529 -0.36914
v 0.37001 5.88890 -0.39235
v 0.51087 5.89237 -0.35722
v 0.66234 5.90608 -0.26817
v 0.75881 5.89471 -0.14997
v 0.80146 5.86311 -0.04682
v 0.80997 5.83778 0.04327
v 0.79754 5.82323 0.13922
v 0.77171 5.78660 0.23397
v 0.72749 5.74615 0.31195
v 0.38161 5.49248 -0.57536
v 0.16886 5.46804 -0.54387
v 0.59734 5.51404 -0.55969
v 0.78580 5.53582 -0.52874
v 0.39452 5.34854 -0.59808
v 0.16599 5.32937 -0.56935
v 0.63738 5.37938 -0.59102
v 0.82673 5.41294 -0.57284
v 0.81370 5.27281 -0.60775
v 0.79800 5.12621 -0.63565
v 0.60880 5.21663 -0.57223
v 0.58274 5.07564 -0.54949
v 0.39634 5.19573 -0.60985
v 0.39447 5.04195 -0.60102
v 0.18459 5.18450 -0.59054
v 0.19125 5.03424 -0.59974
v 0.77074 6.93987 0.72070
v 0.76576 6.94659 0.77564
v 0.71095 7.46656 1.08419
v 0.68015 7.54576 1.16789
v 0.67102 7.72330 1.16537
v 0.73960 7.51333 0.98435
v 0.71876 7.62067 1.07031
v 0.77385 7.06871 0.83817
v 0.77600 7.17866 0.84976
v 0.76713 7.29080 0.87332
v 0.74394 6.85896 0.83778
v 0.76116 6.96112 0.83665
v 0.06236 6.81862 -0.25771
v 0.16429 6.81739 -0.25338
v 0.28803 6.81195 -0.23624
v 0.40390 6.81340 -0.17396
v 0.50141 6.80857 -0.08135
v 0.56442 6.80863 0.05292
v 0.60668 6.81598 0.18350
v 0.63270 6.84710 0.28024
v 0.64663 6.87758 0.33860
v 0.64348 6.82659 0.36977
v 0.62269 6.78949 0.32171
v 0.55933 6.74178 0.07993
v 0.50170 6.74291 -0.05575
v 0.39917 6.75185 -0.16259
v 0.27786 6.75897 -0.22195
v 0.15924 6.76874 -0.23557
v 0.05932 6.77455 -0.24089
v 0.59489 6.74947 0.22575
v 0.71010 8.02705 0.11963
v 0.82610 7.60210 0.34905
v 0.18123 8.36142 -0.09168
v 0.32947 8.32831 -0.07511
v 0.79688 7.33715 0.35055
v 0.41995 7.80194 -0.36642
v 0.53811 7.75146 -0.28019
v 0.75485 7.53943 0.07737
v 0.79503 7.39561 0.29277
v 0.62825 7.68530 -0.15088
v 0.70055 7.61708 -0.03659
v 0.78692 7.46160 0.20150
v 0.14754 7.84677 -0.43441
v 0.28361 7.83238 -0.41818
v 0.76366 7.23694 0.30056
v 0.69984 7.32307 0.02236
v 0.75876 7.27356 0.24313
v 0.48263 7.40090 -0.32178
v 0.57190 7.38072 -0.21307
v 0.64420 7.35317 -0.09530
v 0.37470 7.41685 -0.39739
v 0.74547 7.30168 0.14021
v 0.12206 7.43139 -0.46771
v 0.24878 7.42512 -0.44856
v 0.77260 7.57204 0.87370
v 0.82883 7.67063 0.57875
v 0.81919 7.66217 0.67153
v 0.80597 7.63934 0.75104
v 0.77657 7.43951 0.82371
v 0.81962 7.54222 0.58000
v 0.81354 7.53495 0.64978
v 0.79996 7.51064 0.71950
v 0.78416 7.29675 0.76740
v 0.81196 7.44423 0.58183
v 0.80747 7.43404 0.63590
v 0.79803 7.40704 0.69146
v 0.67085 6.79004 0.48322
v 0.66024 6.82915 0.42956
v 0.69948 7.00751 0.32390
v 0.67466 6.90432 0.37115
v 0.66476 6.86331 0.39928
v 0.78328 7.16432 0.75246
v 0.78545 7.04538 0.66708
v 0.82581 7.42663 0.47214
v 0.79203 6.90485 0.64843
v 0.80237 7.41891 0.56962
v 0.85243 7.37747 0.35803
v 0.85944 7.28537 0.29298
v 0.79214 7.09515 0.27833
v 0.82774 7.16304 0.26463
v 0.81988 6.85056 0.59827
v 0.78052 6.97437 0.66791
v 0.86273 7.32681 0.31788
v 0.85402 7.23413 0.27609
v 0.79236 7.16475 0.67401
v 0.80037 7.36939 0.61941
v 0.79204 7.29948 0.65361
v 0.79415 7.25740 0.66930
v 0.81333 6.82169 0.48775
v 0.79060 6.82943 0.44580
v 0.76176 7.02683 0.29576
v 0.75012 6.92919 0.34104
v 0.77409 6.86424 0.38910
v 0.79064 7.10895 0.67021
v 0.79859 7.05506 0.65898
v 0.91062 7.36115 0.50900
v 0.80282 6.93040 0.62093
v 0.86417 7.34346 0.60049
v 0.94237 7.34673 0.42278
v 0.95558 7.24683 0.35212
v 0.88200 7.07404 0.30440
v 0.91160 7.13665 0.30330
v 0.81510 6.90155 0.58852
v 0.80186 6.98615 0.65497
v 0.95439 7.28944 0.37442
v 0.94603 7.19255 0.33577
v 0.79595 7.14755 0.65893
v 0.82702 7.32459 0.63960
v 0.80712 7.27290 0.66307
v 0.80027 7.23508 0.66783
v 0.83073 6.88834 0.53136
v 0.83332 6.88679 0.48934
v 0.86634 7.01656 0.32911
v 0.85083 6.94894 0.38217
v 0.83977 6.90200 0.44943
v 0.79548 7.10954 0.65280
v 0.82657 7.05354 0.60371
v 0.89347 7.27054 0.51591
v 0.80822 6.95722 0.59035
v 0.86640 7.24918 0.56408
v 0.92989 7.27537 0.47542
v 0.93565 7.20806 0.42709
v 0.91387 7.07312 0.39003
v 0.92916 7.13227 0.40385
v 0.81127 6.93447 0.59238
v 0.81344 6.99403 0.56691
v 0.94537 7.24458 0.43483
v 0.92500 7.16978 0.42400
v 0.79941 7.13345 0.65011
v 0.84841 7.23522 0.58351
v 0.83528 7.22403 0.61070
v 0.82014 7.20967 0.64058
v 0.82504 6.92210 0.54799
v 0.83576 6.92215 0.51664
v 0.89402 7.04222 0.40347
v 0.86958 6.98442 0.44275
v 0.84875 6.94148 0.48515
v 0.80379 7.10771 0.63238
v 0.75553 7.05629 0.51161
v 0.87178 7.25123 0.52146
v 0.74667 7.04069 0.54368
v 0.83781 7.26526 0.57416
v 0.87794 7.24545 0.49196
v 0.89731 7.19100 0.45574
v 0.88626 7.07773 0.44284
v 0.90567 7.12594 0.41435
v 0.80605 6.99700 0.58012
v 0.72886 7.03245 0.50518
v 0.91204 7.23279 0.47937
v 0.91721 7.16829 0.42102
v 0.81121 7.11903 0.56867
v 0.83054 7.23968 0.56077
v 0.82269 7.20519 0.56138
v 0.82127 7.18285 0.58083
v 0.82257 6.95227 0.55134
v 0.83313 6.95610 0.52571
v 0.87526 7.05829 0.44136
v 0.85954 7.01480 0.46677
v 0.84615 6.97156 0.49813
v 0.78305 7.08606 0.53460
v 0.75302 7.03957 0.55798
v 0.84575 7.23071 0.55821
v 0.75850 7.05680 0.56825
v 0.81676 7.23613 0.57753
v 0.87942 7.21306 0.53349
v 0.90638 7.18932 0.48916
v 0.88466 7.08930 0.46555
v 0.89722 7.10720 0.45628
v 0.75741 7.07348 0.56060
v 0.75514 7.05011 0.57539
v 0.89858 7.20645 0.50750
v 0.90793 7.15252 0.47273
v 0.80238 7.08134 0.57779
v 0.81884 7.20679 0.55418
v 0.81651 7.17821 0.53800
v 0.81304 7.16630 0.54793
v 0.76280 7.07923 0.55332
v 0.80819 7.06028 0.55373
v 0.87647 7.08236 0.48277
v 0.84550 7.05844 0.52251
v 0.83141 7.04394 0.54199
v 0.76557 7.04293 0.55688
v 0.82136 7.12874 0.57325
v 0.81928 7.10884 0.52958
v 0.82788 7.09228 0.52677
v 0.81915 7.12960 0.55316
v 0.76436 7.04391 0.54786
v 0.79893 7.07590 0.54600
v 0.81572 7.08192 0.53095
v 0.83701 7.09824 0.52057
v 0.75981 7.07485 0.55680
v 0.75207 7.06686 0.56024
v 0.80595 7.15853 0.51994
v 0.81020 7.15505 0.53152
v 0.82313 7.17309 0.57437
v 0.79612 7.06907 0.56894
v 0.87627 7.13792 0.51013
v 0.86771 7.16454 0.53170
v 0.76143 7.06167 0.57240
v 0.76194 7.04461 0.56460
v 0.86353 7.10712 0.50583
v 0.84645 7.09673 0.51559
v 0.87484 7.15433 0.51937
v 0.85969 7.16991 0.54395
v 0.06668 6.86722 -0.27623
v 0.16964 6.87121 -0.27262
v 0.29481 6.87631 -0.25141
v 0.64095 8.02527 1.08089
v 0.51086 8.12788 1.17842
v 0.41063 6.88812 -0.19283
v 0.73476 7.89508 0.97215
v 0.78245 7.75145 0.88091
v 0.50638 6.88725 -0.09678
v 0.36635 8.19997 1.24798
v 0.09240 8.26096 1.30508
v 0.57105 6.89021 0.02753
v 0.64506 6.91248 0.24218
v 0.65922 6.93206 0.30541
v 0.20597 8.23935 1.29059
v 0.61372 6.89280 0.15345
v 0.79087 7.60599 0.81652
v 0.78758 7.47793 0.77428
v 0.78965 7.36523 0.73249
v 0.68678 6.95348 0.34553
v 0.79436 7.21428 0.66987
v 0.75486 6.97505 0.31900
v 0.80034 7.19224 0.66143
v 0.85741 6.98342 0.35257
v 0.80550 7.17257 0.65271
v 0.88197 7.01123 0.42221
v 0.82097 7.15252 0.60100
v 0.86701 7.03533 0.45595
v 0.81941 7.13820 0.56530
v 0.86085 7.07173 0.50294
v 0.83338 7.19500 0.58453
v 0.75547 7.04270 0.57182
v 0.85128 7.18169 0.56096
v 0.76579 7.05893 0.55638
v 0.83289 7.24594 0.57399
v 0.76787 7.05171 0.54211
v 0.74283 7.04412 0.52937
v 0.86480 7.01441 0.47489
v 0.84748 6.97935 0.50198
v 0.81843 7.18595 0.55683
v 0.82900 7.22019 0.55289
v 0.75438 7.05173 0.55335
v 0.91791 7.21228 0.44883
v 0.92299 7.17071 0.41896
v 0.81261 7.01735 0.56785
v 0.77515 7.04289 0.57744
v 0.80705 7.09427 0.56912
v 0.81527 7.17451 0.56477
v 0.90646 7.23854 0.47599
v 0.89354 7.25890 0.50897
v 0.89284 7.08758 0.43258
v 0.90096 7.11285 0.41651
v 0.88756 7.06975 0.43974
v 0.83807 6.98885 0.53592
v 0.75347 7.05361 0.57560
v 0.86972 7.26701 0.54583
v 0.81962 7.14574 0.57210
v 0.87620 7.04249 0.46146
v 0.82776 7.05435 0.51699
v 0.73389 7.02877 0.57062
v 0.80977 7.18066 0.53075
v 0.80180 7.16464 0.52403
v 0.82227 7.13637 0.54454
v 0.84205 6.97603 0.50798
v 0.80847 7.09989 0.57850
v 0.84325 7.23343 0.51102
v 0.79193 7.12274 0.56233
v 0.78283 7.05400 0.58279
v 0.93122 7.24401 0.45807
v 0.82597 7.19289 0.60535
v 0.79539 7.05687 0.52581
v 0.81059 6.97269 0.58198
v 0.78370 7.04490 0.54949
v 0.76506 7.02317 0.55417
v 0.83344 7.12400 0.53304
v 0.82936 7.13317 0.54023
v 0.79324 7.11000 0.53488
v 0.81453 7.13344 0.54697
v 0.74935 7.04444 0.56869
v 0.79221 7.11035 0.53419
v 0.80079 7.11156 0.53453
v 0.74455 7.03267 0.55924
v 0.81502 7.05814 0.53253
v 0.82516 7.07999 0.52654
v 0.80756 7.11435 0.53068
v 0.79944 7.17699 0.52375
v 0.80572 7.14798 0.53851
v 0.80017 7.11379 0.53456
v 0.80580 7.11289 0.53391
v 0.81074 7.03304 0.52880
v 0.79827 7.02919 0.53933
v 0.85492 7.05606 0.48102
v 0.81463 7.15943 0.63216
v 0.74740 7.04768 0.57748
v 0.75768 7.02258 0.55628
v 0.81942 7.10739 0.52941
v 0.75071 7.02302 0.56159
v 0.78537 7.02555 0.54629
v 0.80504 7.10539 0.53128
v 0.83135 7.12703 0.53604
v 0.80917 7.11721 0.53602
v 0.82219 7.11502 0.57961
v 0.82039 7.12554 0.52158
v 0.79866 7.12631 0.56004
v 0.74996 7.03457 0.56964
v 0.80486 7.12563 0.54683
v 0.73753 7.02805 0.57068
v 0.89838 7.16875 0.44748
v 0.81752 7.22569 0.53643
v 0.77098 7.02353 0.53941
v 0.79807 7.12684 0.53265
v 0.83578 7.08611 0.51128
v 0.83290 6.95301 0.52757
v 0.89634 7.13157 0.44608
v 0.90369 7.24519 0.49222
v 0.81245 7.12454 0.61719
v 0.79593 7.11626 0.54894
v 0.77199 7.05196 0.58763
v 0.79254 7.11892 0.55405
v 0.76730 7.02142 0.55147
v 0.91616 7.19521 0.45048
v 0.82333 6.94734 0.55027
v 0.86038 7.07668 0.47223
v 0.87023 7.08938 0.46621
v 0.82335 7.20593 0.56292
v 0.85170 7.02896 0.48718
v 0.82368 7.23097 0.54334
v 0.74128 7.01794 0.51131
v 0.80046 7.11289 0.53194
v 0.80883 7.17283 0.49698
v 0.80278 7.16096 0.50509
v 0.83297 7.11687 0.53635
v 0.80053 7.04178 0.55116
v 0.82650 7.10671 0.55773
v 0.81418 7.13038 0.51066
v 0.81344 7.15962 0.48679
v 0.79581 7.10587 0.53074
v 0.84386 7.10300 0.49605
v 0.82946 7.05993 0.51833
v 0.83464 7.12350 0.52041
v 0.81184 7.04344 0.53338
v 0.80219 7.16390 0.50812
v 0.81437 7.17247 0.51252
v 0.80013 7.11840 0.53859
v 0.78437 7.04525 0.57275
v 0.79805 7.10802 0.53222
v 0.80760 7.16965 0.48914
v 0.81036 7.14507 0.50402
v 0.79384 7.10885 0.53316
v 0.82472 7.13840 0.49816
v 0.80340 7.12728 0.52859
v 0.83776 7.12490 0.50881
v 0.82190 7.05334 0.52637
v 0.76731 7.07232 0.52481
v 0.84608 6.96400 0.47987
v 0.83140 7.23677 0.56364
v 0.92005 7.17601 0.40048
v 0.79771 7.00452 0.59375
v 0.81740 7.17867 0.56982
v 0.89835 7.22311 0.47780
v 0.89351 7.07271 0.41407
v 0.88216 7.04744 0.40049
v 0.83028 7.27470 0.57722
v 0.73526 7.05930 0.50801
v 0.86031 6.99879 0.43683
v 0.82166 7.19849 0.56496
v 0.73676 7.04666 0.51308
v 0.91253 7.20401 0.44166
v 0.82052 6.96117 0.55703
v 0.80427 7.11016 0.55087
v 0.89031 7.26324 0.48580
v 0.90808 7.11595 0.40385
v 0.83428 6.95464 0.52259
v 0.75618 7.03847 0.57983
v 0.88332 7.28972 0.52888
v 0.82023 7.14936 0.57645
v 0.86833 7.01414 0.42129
v 0.73961 7.17094 0.31325
v 0.78041 7.37005 0.39293
v 0.78025 7.39809 0.45938
v 0.72560 7.08939 0.32393
v 0.78570 7.04020 0.67319
v 0.77445 6.95634 0.67900
v 0.78506 7.32509 0.34499
v 0.77541 7.28180 0.32824
v 0.77479 6.87978 0.67499
v 0.79029 6.81018 0.62740
v 0.69702 6.81860 0.42786
v 0.68812 6.90500 0.41217
v 0.78921 7.11774 0.68539
v 0.79088 7.18948 0.69069
v 0.69285 6.94865 0.38707
v 0.80679 7.31200 0.62649
v 0.79907 7.28120 0.65930
v 0.76393 7.23342 0.31586
v 0.80955 7.35008 0.58948
v 0.79118 7.38346 0.53474
v 0.70051 6.77768 0.47110
v 0.70825 7.03489 0.34651
v 0.79381 7.24210 0.68056
v 0.69874 6.99842 0.36415
v 0.74467 7.15540 0.31820
v 0.78919 7.36593 0.41413
v 0.72435 7.07231 0.33301
v 0.78288 7.04381 0.70026
v 0.77536 7.26997 0.33591
v 0.75314 6.85457 0.68520
v 0.66622 6.84758 0.43494
v 0.78758 7.22716 0.71825
v 0.80536 7.35812 0.63080
v 0.81074 7.37122 0.53160
v 0.71502 7.01840 0.34896
v 0.80566 7.37938 0.45922
v 0.77222 6.94427 0.69496
v 0.78346 7.32171 0.36435
v 0.74844 6.80005 0.63955
v 0.68203 6.89393 0.40887
v 0.78723 7.13683 0.71510
v 0.70167 6.92769 0.39546
v 0.79718 7.33016 0.67295
v 0.76136 7.22342 0.32229
v 0.81085 7.37006 0.58654
v 0.67646 6.79409 0.49732
v 0.79194 7.28880 0.69997
v 0.71088 6.97585 0.36884
f 241 6 5 240
f 1549 1314 1315 1550
f 241 8 4 239
f 1548 1313 1317 1550
f 79 128 129 81
f 1390 1438 1437 1388
f 16 14 13 15
f 1324 1322 1323 1325
f 16 23 22 14
f 1323 1331 1332 1325
f 14 22 21 12
f 1321 1330 1331 1323
f 19 25 24 18
f 1327 1333 1334 1328
f 23 29 28 22
f 1331 1337 1338 1332
f 20 26 25 19
f 1328 1334 1335 1329
f 21 27 26 20
f 1329 1335 1336 1330
f 22 28 27 21
f 1330 1336 1337 1331
f 25 31 30 24
f 1333 1339 1340 1334
f 29 35 34 28
f 1337 1343 1344 1338
f 26 32 31 25
f 1334 1340 1341 1335
f 27 33 32 26
f 1335 1341 1342 1336
f 28 34 33 27
f 1336 1342 1343 1337
f 31 37 36 30
f 1339 1345 1346 1340
f 35 41 40 34
f 1343 1349 1350 1344
f 32 38 37 31
f 1340 1346 1347 1341
f 33 39 38 32
f 1341 1347 1348 1342
f 34 40 39 33
f 1342 1348 1349 1343
f 37 43 42 36
f 1345 1351 1352 1346
f 41 47 46 40
f 1349 1355 1356 1350
f 38 44 43 37
f 1346 1352 1353 1347
f 39 45 44 38
f 1347 1353 1354 1348
f 40 46 45 39
f 1348 1354 1355 1349
f 43 49 48 42
f 1351 1357 1358 1352
f 47 53 52 46
f 1355 1361 1362 1356
f 44 50 49 43
f 1352 1358 1359 1353
f 45 51 50 44
f 1353 1359 1360 1354
f 46 52 51 45
f 1354 1360 1361 1355
f 162 55 54 161
f 1470 1363 1364 1471
f 160 59 58 175
f 1484 1367 1368 1469
f 174 56 55 162
f 1471 1364 1365 1483
f 173 57 56 174
f 1483 1365 1366 1482
f 175 58 57 173
f 1482 1366 1367 1484
f 186 271 63 126
f 1435 1372 1580 1495
f 164 270 271 186
f 1495 1580 1579 1473
f 125 62 267 124
f 1433 1576 1371 1434
f 122 64 269 150
f 1459 1578 1373 1431
f 126 63 62 125
f 1434 1371 1372 1435
f 123 65 64 122
f 1431 1373 1374 1432
f 69 68 243 242
f 1551 1552 1377 1378
f 68 71 244 243
f 1552 1553 1380 1377
f 142 136 135 133
f 1442 1444 1445 1451
f 236 69 242 246
f 1555 1551 1378 1545
f 95 102 101 94
f 1403 1410 1411 1404
f 81 129 132 78
f 1387 1441 1438 1390
f 78 132 133 135
f 1444 1442 1441 1387
f 95 96 103 102
f 1411 1412 1405 1404
f 86 85 18 24
f 1333 1327 1394 1395
f 87 86 24 30
f 1339 1333 1395 1396
f 88 87 30 36
f 1345 1339 1396 1397
f 89 88 36 42
f 1351 1345 1397 1398
f 90 89 42 48
f 1357 1351 1398 1399
f 150 269 61 121
f 1430 1370 1578 1459
f 121 61 66 74
f 1383 1375 1370 1430
f 60 69 236 235
f 1544 1545 1378 1369
f 127 268 270 164
f 1473 1579 1577 1436
f 124 267 65 123
f 1432 1374 1576 1433
f 118 274 277 117
f 1426 1586 1583 1427
f 144 85 86 145
f 1454 1395 1394 1453
f 166 92 265 264
f 1573 1574 1401 1475
f 445 171 180 446
f 1755 1489 1480 1754
f 446 180 98 447
f 1756 1407 1489 1755
f 89 90 262 261
f 1570 1571 1399 1398
f 88 89 261 260
f 1569 1570 1398 1397
f 87 88 260 259
f 1568 1569 1397 1396
f 86 87 259 266
f 1575 1568 1396 1395
f 179 90 48 176
f 1485 1357 1399 1488
f 103 110 109 102
f 1411 1418 1419 1412
f 106 113 169 170
f 1479 1478 1422 1415
f 102 109 108 101
f 1410 1417 1418 1411
f 105 112 111 104
f 1413 1420 1421 1414
f 101 108 148 147
f 1456 1457 1417 1410
f 104 111 110 103
f 1412 1419 1420 1413
f 284 115 149 291
f 1600 1458 1424 1593
f 286 118 117 287
f 1596 1426 1427 1595
f 287 117 116 288
f 1597 1425 1426 1596
f 289 120 165 292
f 1601 1474 1429 1598
f 288 116 115 284
f 1593 1424 1425 1597
f 290 119 118 286
f 1595 1427 1428 1599
f 273 126 125 274
f 1583 1434 1435 1582
f 275 122 150 280
f 1589 1459 1431 1584
f 274 125 124 277
f 1586 1433 1434 1583
f 277 124 123 278
f 1587 1432 1433 1586
f 279 127 164 281
f 1590 1473 1436 1588
f 278 123 122 275
f 1584 1431 1432 1587
f 167 82 83 172
f 1481 1392 1391 1476
f 129 128 84 130
f 1439 1393 1437 1438
f 4 8 9 131
f 1440 1318 1317 1313
f 134 3 4 131
f 1440 1313 1312 1443
f 128 79 187 189
f 1498 1496 1388 1437
f 96 97 104 103
f 1412 1413 1406 1405
f 97 98 105 104
f 1413 1414 1407 1406
f 448 134 131 451
f 1760 1440 1443 1757
f 131 9 452 451
f 1760 1761 1318 1440
f 180 185 105 98
f 1407 1414 1494 1489
f 142 133 140 143
f 1452 1449 1442 1451
f 133 132 141 140
f 1449 1450 1441 1442
f 449 138 134 448
f 1757 1443 1447 1758
f 171 170 185 180
f 1489 1494 1479 1480
f 145 86 266 258
f 1567 1575 1395 1454
f 147 148 107 100
f 1409 1416 1457 1456
f 291 149 114 285
f 1594 1423 1458 1600
f 280 150 121 276
f 1585 1430 1459 1589
f 141 152 153 140
f 1449 1462 1461 1450
f 153 154 143 140
f 1449 1452 1463 1462
f 99 106 170 171
f 1480 1479 1415 1408
f 130 155 152 141
f 1450 1461 1464 1439
f 454 158 157 456
f 1765 1466 1467 1763
f 188 173 174 181
f 1490 1483 1482 1497
f 167 168 80 82
f 1391 1389 1477 1476
f 146 93 459 458
f 1767 1768 1402 1455
f 191 159 84 178
f 1487 1393 1468 1500
f 170 169 184 185
f 1494 1493 1478 1479
f 159 155 130 84
f 1393 1439 1464 1468
f 181 174 162 190
f 1499 1471 1483 1490
f 281 164 186 282
f 1591 1495 1473 1590
f 132 129 130 141
f 1450 1439 1438 1441
f 172 83 156 163
f 1472 1465 1392 1481
f 182 160 175 177
f 1486 1484 1469 1491
f 190 162 161 176
f 1485 1470 1471 1499
f 292 165 183 293
f 1602 1492 1474 1601
f 92 166 161 54
f 1363 1470 1475 1401
f 177 175 173 188
f 1497 1482 1484 1486
f 189 167 172 178
f 1487 1481 1476 1498
f 155 159 455 449
f 1758 1764 1468 1464
f 77 76 100 107
f 1416 1409 1385 1386
f 285 114 75 283
f 1592 1384 1423 1594
f 115 275 280 149
f 1458 1589 1584 1424
f 166 179 176 161
f 1470 1485 1488 1475
f 189 187 168 167
f 1476 1477 1496 1498
f 51 188 181 50
f 1359 1490 1497 1360
f 163 191 178 172
f 1481 1487 1500 1472
f 185 184 112 105
f 1414 1421 1493 1494
f 50 181 190 49
f 1358 1499 1490 1359
f 282 186 126 273
f 1582 1435 1495 1591
f 53 182 177 52
f 1361 1486 1491 1362
f 49 190 176 48
f 1357 1485 1499 1358
f 293 183 119 290
f 1599 1428 1492 1602
f 52 177 188 51
f 1360 1497 1486 1361
f 128 189 178 84
f 1393 1487 1498 1437
f 460 191 163 456
f 1765 1472 1500 1769
f 455 159 191 460
f 1769 1500 1468 1764
f 208 41 35 209
f 1518 1344 1350 1517
f 204 160 182 203
f 1512 1491 1469 1513
f 209 35 29 210
f 1519 1338 1344 1518
f 205 59 160 204
f 1513 1469 1368 1514
f 53 206 203 182
f 1491 1512 1515 1362
f 210 29 23 211
f 1520 1332 1338 1519
f 212 16 15 213
f 1522 1324 1325 1521
f 206 53 47 207
f 1516 1356 1362 1515
f 211 23 16 212
f 1521 1325 1332 1520
f 207 47 41 208
f 1517 1350 1356 1516
f 199 206 207 198
f 1507 1516 1515 1508
f 198 207 208 197
f 1506 1517 1516 1507
f 201 204 203 202
f 1511 1512 1513 1510
f 206 199 202 203
f 1512 1511 1508 1515
f 200 205 204 201
f 1510 1513 1514 1509
f 194 200 201 193
f 1502 1510 1509 1503
f 195 199 198 196
f 1505 1507 1508 1504
f 199 195 192 202
f 1511 1501 1504 1508
f 193 201 202 192
f 1501 1511 1510 1502
f 15 17 214 213
f 1522 1523 1326 1324
f 217 194 193 216
f 1525 1502 1503 1526
f 195 218 215 192
f 1501 1524 1527 1504
f 216 193 192 215
f 1524 1501 1502 1525
f 218 195 196 219
f 1528 1505 1504 1527
f 223 218 219 224
f 1533 1528 1527 1532
f 222 217 216 221
f 1530 1525 1526 1531
f 218 223 220 215
f 1524 1529 1532 1527
f 221 216 215 220
f 1529 1524 1525 1530
f 225 226 228 227
f 1536 1537 1535 1534
f 227 228 230 229
f 1538 1539 1537 1536
f 229 230 232 231
f 1540 1541 1539 1538
f 231 232 234 233
f 1542 1543 1541 1540
f 223 227 229 220
f 1529 1538 1536 1532
f 231 221 220 229
f 1538 1529 1530 1540
f 233 222 221 231
f 1540 1530 1531 1542
f 70 236 246 245
f 1554 1555 1545 1379
f 235 236 70 67
f 1376 1379 1545 1544
f 6 238 237 5
f 1314 1546 1547 1315
f 8 241 240 7
f 1316 1549 1550 1317
f 6 241 239 2
f 1311 1548 1550 1315
f 248 247 444 445
f 1754 1753 1556 1557
f 264 248 249 263
f 1572 1558 1557 1573
f 263 249 250 262
f 1571 1559 1558 1572
f 251 250 447 450
f 1759 1756 1559 1560
f 252 251 450 453
f 1762 1759 1560 1561
f 253 252 453 457
f 1766 1762 1561 1562
f 254 253 457 461
f 1770 1766 1562 1563
f 255 254 461 458
f 1767 1770 1563 1564
f 255 256 257 258
f 1567 1566 1565 1564
f 261 262 250 251
f 1560 1559 1571 1570
f 264 265 247 248
f 1557 1556 1574 1573
f 266 259 253 254
f 1563 1562 1568 1575
f 258 266 254 255
f 1564 1563 1575 1567
f 166 264 263 179
f 1488 1572 1573 1475
f 260 261 251 252
f 1561 1560 1570 1569
f 259 260 252 253
f 1562 1561 1569 1568
f 179 263 262 90
f 1399 1571 1572 1488
f 258 257 91 145
f 1454 1400 1566 1567
f 11 10 237 238
f 1547 1546 1319 1320
f 119 273 274 118
f 1427 1583 1582 1428
f 117 277 278 116
f 1425 1587 1586 1426
f 120 279 281 165
f 1474 1590 1588 1429
f 116 278 275 115
f 1424 1584 1587 1425
f 149 280 276 114
f 1423 1585 1589 1458
f 165 281 282 183
f 1492 1591 1590 1474
f 183 282 273 119
f 1428 1582 1591 1492
f 272 276 121 74
f 1383 1430 1585 1581
f 272 75 114 276
f 1585 1423 1384 1581
f 94 101 147 146
f 1455 1456 1410 1403
f 146 147 100 93
f 1402 1409 1456 1455
f 9 294 462 452
f 1761 1771 1603 1318
f 296 143 154 297
f 1606 1463 1452 1605
f 143 296 295 142
f 1451 1604 1605 1452
f 296 300 299 295
f 1604 1608 1609 1605
f 294 298 463 462
f 1771 1772 1607 1603
f 300 296 297 301
f 1610 1606 1605 1609
f 300 304 303 299
f 1608 1612 1613 1609
f 298 302 464 463
f 1772 1773 1611 1607
f 304 300 301 305
f 1614 1610 1609 1613
f 256 309 310 257
f 1566 1619 1618 1565
f 93 308 465 459
f 1768 1774 1617 1402
f 307 91 257 310
f 1619 1566 1400 1616
f 308 93 100 76
f 1385 1409 1402 1617
f 302 298 72 71
f 1380 1381 1607 1611
f 7 72 298 294
f 1603 1607 1381 1316
f 73 137 299 303
f 1612 1608 1446 1382
f 295 151 136 142
f 1451 1445 1460 1604
f 295 299 137 151
f 1460 1446 1608 1604
f 294 9 8 7
f 1316 1317 1318 1603
f 311 302 71 68
f 1377 1380 1611 1620
f 311 68 69 60
f 1369 1378 1377 1620
f 648 74 66 658
f 1967 1375 1383 1957
f 649 76 77 647
f 1956 1386 1385 1958
f 650 60 235 659
f 1968 1544 1369 1959
f 629 322 317 630
f 1939 1626 1631 1938
f 653 307 310 662
f 1971 1619 1616 1962
f 635 333 324 636
f 1945 1633 1642 1944
f 637 331 332 634
f 1943 1641 1640 1946
f 655 304 305 665
f 1974 1614 1613 1964
f 663 311 60 650
f 1959 1369 1620 1972
f 641 325 315 642
f 1951 1624 1634 1950
f 638 326 325 641
f 1950 1634 1635 1947
f 657 308 76 649
f 1958 1385 1617 1966
f 633 329 328 643
f 1952 1637 1638 1942
f 636 324 466 645
f 1954 1775 1633 1945
f 630 317 323 640
f 1949 1632 1626 1939
f 660 272 74 648
f 1957 1383 1581 1969
f 631 314 321 628
f 1937 1630 1623 1940
f 644 330 467 646
f 1955 1776 1639 1953
f 348 326 327 349
f 1658 1636 1635 1657
f 336 314 320 342
f 1651 1629 1623 1645
f 355 333 312 334
f 1643 1621 1642 1664
f 331 353 354 332
f 1641 1663 1662 1640
f 326 348 347 325
f 1634 1656 1657 1635
f 334 312 321 343
f 1652 1630 1621 1643
f 317 339 345 323
f 1632 1654 1648 1626
f 328 350 342 320
f 1629 1651 1659 1637
f 324 346 468 466
f 1775 1777 1655 1633
f 344 322 316 338
f 1647 1625 1631 1653
f 340 318 319 341
f 1650 1628 1627 1649
f 352 330 318 340
f 1649 1627 1639 1661
f 329 351 350 328
f 1637 1659 1660 1638
f 322 344 339 317
f 1626 1648 1653 1631
f 314 336 343 321
f 1630 1652 1645 1623
f 325 347 337 315
f 1624 1646 1656 1634
f 330 352 469 467
f 1776 1778 1661 1639
f 338 316 313 335
f 1644 1622 1625 1647
f 333 355 346 324
f 1633 1655 1664 1642
f 351 329 332 354
f 1663 1641 1638 1660
f 347 369 359 337
f 1646 1668 1678 1656
f 352 374 471 469
f 1778 1780 1683 1661
f 360 338 335 357
f 1666 1644 1647 1669
f 355 377 368 346
f 1655 1677 1686 1664
f 373 351 354 376
f 1685 1663 1660 1682
f 370 348 349 371
f 1680 1658 1657 1679
f 358 336 342 364
f 1673 1651 1645 1667
f 377 355 334 356
f 1665 1643 1664 1686
f 353 375 376 354
f 1663 1685 1684 1662
f 348 370 369 347
f 1656 1678 1679 1657
f 356 334 343 365
f 1674 1652 1643 1665
f 339 361 367 345
f 1654 1676 1670 1648
f 350 372 364 342
f 1651 1673 1681 1659
f 346 368 470 468
f 1777 1779 1677 1655
f 366 344 338 360
f 1669 1647 1653 1675
f 362 340 341 363
f 1672 1650 1649 1671
f 374 352 340 362
f 1671 1649 1661 1683
f 351 373 372 350
f 1659 1681 1682 1660
f 344 366 361 339
f 1648 1670 1675 1653
f 336 358 365 343
f 1652 1674 1667 1645
f 561 390 472 538
f 1847 1781 1699 1870
f 558 395 394 567
f 1876 1703 1704 1867
f 514 388 383 566
f 1875 1692 1697 1823
f 555 380 387 573
f 1882 1696 1689 1864
f 554 391 381 572
f 1881 1690 1700 1863
f 568 396 473 537
f 1846 1782 1705 1877
f 510 399 390 561
f 1870 1699 1708 1819
f 571 397 398 509
f 1818 1707 1706 1880
f 570 392 391 554
f 1863 1700 1701 1879
f 566 383 389 553
f 1862 1698 1692 1875
f 567 394 386 517
f 1826 1695 1703 1876
f 599 399 378 609
f 1918 1687 1708 1908
f 609 378 387 612
f 1921 1696 1687 1918
f 605 388 382 616
f 1925 1691 1697 1914
f 606 384 385 617
f 1926 1694 1693 1915
f 607 396 384 606
f 1915 1693 1705 1916
f 616 382 379 620
f 1929 1688 1691 1925
f 618 395 398 600
f 1909 1707 1704 1927
f 611 392 393 604
f 1913 1702 1701 1920
f 619 380 386 603
f 1912 1695 1689 1928
f 431 519 540 439
f 1748 1849 1828 1740
f 435 513 422 425
f 1734 1731 1822 1744
f 521 437 443 508
f 1817 1752 1746 1830
f 550 477 439 540
f 1849 1748 1786 1859
f 529 428 424 423
f 1732 1733 1737 1838
f 442 545 520 436
f 1745 1829 1854 1751
f 530 429 441 544
f 1853 1750 1738 1839
f 430 518 519 431
f 1740 1828 1827 1739
f 437 521 545 442
f 1751 1854 1830 1746
f 524 479 438 539
f 1848 1747 1788 1833
f 544 441 440 541
f 1850 1749 1750 1853
f 434 512 549 476
f 1785 1858 1821 1743
f 429 530 423 424
f 1733 1732 1839 1738
f 429 418 406 441
f 1750 1715 1727 1738
f 441 406 407 440
f 1749 1716 1715 1750
f 437 410 404 443
f 1752 1713 1719 1746
f 412 435 425 474
f 1783 1734 1744 1721
f 432 415 474 425
f 1734 1783 1724 1741
f 416 431 439 408
f 1717 1748 1740 1725
f 405 442 436 411
f 1720 1745 1751 1714
f 479 400 409 438
f 1747 1718 1709 1788
f 414 433 434 413
f 1722 1743 1742 1723
f 419 428 427 420
f 1729 1736 1737 1728
f 426 421 400 479
f 1788 1709 1730 1735
f 477 402 408 439
f 1748 1717 1711 1786
f 433 414 415 432
f 1741 1724 1723 1742
f 430 417 420 427
f 1736 1729 1726 1739
f 421 426 435 412
f 1721 1744 1735 1730
f 443 404 401 478
f 1787 1710 1713 1752
f 418 429 424 475
f 1784 1733 1738 1727
f 413 434 476 403
f 1712 1785 1743 1722
f 359 369 554 572
f 1881 1863 1678 1668
f 369 370 570 554
f 1863 1879 1679 1678
f 515 570 370 371
f 1680 1679 1879 1824
f 538 515 371 470
f 1779 1680 1824 1847
f 470 368 561 538
f 1847 1870 1677 1779
f 368 377 510 561
f 1870 1819 1686 1677
f 516 510 377 356
f 1665 1686 1819 1825
f 248 445 446 249
f 1558 1755 1754 1557
f 249 446 447 250
f 1559 1756 1755 1558
f 152 448 451 153
f 1462 1760 1757 1461
f 451 452 154 153
f 1462 1463 1761 1760
f 155 449 448 152
f 1461 1757 1758 1464
f 156 454 456 163
f 1472 1765 1763 1465
f 458 459 256 255
f 1564 1565 1768 1767
f 449 455 139 138
f 1447 1448 1764 1758
f 1 460 456 157
f 1466 1765 1769 1310
f 139 455 460 1
f 1310 1769 1764 1448
f 445 444 99 171
f 1480 1408 1753 1754
f 450 447 98 97
f 1406 1407 1756 1759
f 453 450 97 96
f 1405 1406 1759 1762
f 457 453 96 95
f 1404 1405 1762 1766
f 461 457 95 94
f 1403 1404 1766 1770
f 458 461 94 146
f 1455 1403 1770 1767
f 452 462 297 154
f 1463 1606 1771 1761
f 462 463 301 297
f 1606 1610 1772 1771
f 463 464 305 301
f 1610 1614 1773 1772
f 459 465 309 256
f 1565 1618 1774 1768
f 645 466 327 639
f 1948 1636 1775 1954
f 646 467 331 637
f 1946 1640 1776 1955
f 466 468 349 327
f 1636 1658 1777 1775
f 467 469 353 331
f 1640 1662 1778 1776
f 469 471 375 353
f 1662 1684 1780 1778
f 468 470 371 349
f 1658 1680 1779 1777
f 538 472 393 515
f 1824 1702 1781 1847
f 537 473 397 571
f 1880 1706 1782 1846
f 402 477 438 409
f 1718 1747 1786 1711
f 410 437 442 405
f 1714 1751 1746 1719
f 417 430 431 416
f 1725 1740 1739 1726
f 428 419 475 424
f 1733 1784 1728 1737
f 573 516 356 365
f 1674 1665 1825 1882
f 365 358 555 573
f 1882 1864 1667 1674
f 610 483 484 600
f 1909 1793 1792 1919
f 611 485 486 601
f 1910 1795 1794 1920
f 613 488 489 602
f 1911 1798 1797 1922
f 614 490 491 603
f 1912 1800 1799 1923
f 615 492 502 621
f 1930 1811 1801 1924
f 618 499 490 614
f 1923 1799 1808 1927
f 605 494 488 613
f 1922 1797 1803 1914
f 619 500 487 612
f 1921 1796 1809 1928
f 601 486 480 608
f 1917 1789 1795 1910
f 607 498 503 622
f 1931 1812 1807 1916
f 599 481 492 615
f 1924 1801 1790 1908
f 621 502 493 604
f 1913 1802 1811 1930
f 622 503 483 610
f 1919 1792 1812 1931
f 380 555 517 386
f 1695 1826 1864 1689
f 517 555 358 364
f 1673 1667 1864 1826
f 364 372 567 517
f 1826 1876 1681 1673
f 372 373 558 567
f 1876 1867 1682 1681
f 509 558 373 376
f 1685 1682 1867 1818
f 376 375 571 509
f 1818 1880 1684 1685
f 396 568 569 384
f 1693 1878 1877 1705
f 537 571 375 471
f 1780 1684 1880 1846
f 433 532 512 434
f 1743 1821 1841 1742
f 527 426 479 524
f 1833 1788 1735 1836
f 395 558 509 398
f 1707 1818 1867 1704
f 508 443 478 523
f 1832 1787 1752 1817
f 378 516 573 387
f 1696 1882 1825 1687
f 384 569 559 385
f 1694 1868 1878 1693
f 471 374 568 537
f 1846 1877 1683 1780
f 388 514 560 382
f 1691 1869 1823 1697
f 569 568 374 362
f 1671 1683 1877 1878
f 392 570 515 393
f 1702 1824 1879 1701
f 399 510 516 378
f 1687 1825 1819 1708
f 559 569 362 363
f 1672 1671 1878 1868
f 382 560 511 379
f 1688 1820 1869 1691
f 367 361 566 553
f 1862 1875 1670 1676
f 361 366 514 566
f 1875 1823 1675 1670
f 560 514 366 360
f 1669 1675 1823 1869
f 511 560 360 357
f 1666 1669 1869 1820
f 428 529 528 427
f 1736 1837 1838 1737
f 531 432 425 422
f 1731 1734 1741 1840
f 532 433 432 531
f 1840 1741 1742 1841
f 477 550 539 438
f 1747 1848 1859 1786
f 506 507 532 531
f 1840 1841 1816 1815
f 426 527 513 435
f 1744 1822 1836 1735
f 547 506 531 422
f 1731 1840 1815 1856
f 422 513 563 547
f 1856 1872 1822 1731
f 513 527 505 563
f 1872 1814 1836 1822
f 552 505 527 524
f 1833 1836 1814 1861
f 542 552 524 539
f 1848 1833 1861 1851
f 539 550 565 542
f 1851 1874 1859 1848
f 543 565 550 540
f 1849 1859 1874 1852
f 540 519 536 543
f 1852 1845 1828 1849
f 519 518 535 536
f 1845 1844 1827 1828
f 504 535 518 528
f 1837 1827 1844 1813
f 518 430 427 528
f 1837 1736 1739 1827
f 528 529 557 504
f 1813 1866 1838 1837
f 548 557 529 423
f 1732 1838 1866 1857
f 423 530 556 548
f 1857 1865 1839 1732
f 525 556 530 544
f 1853 1839 1865 1834
f 522 525 544 541
f 1850 1853 1834 1831
f 520 545 526 533
f 1842 1835 1854 1829
f 545 521 534 526
f 1835 1843 1830 1854
f 546 534 521 508
f 1817 1830 1843 1855
f 551 546 508 523
f 1832 1817 1855 1860
f 549 512 562 564
f 1873 1871 1821 1858
f 512 532 507 562
f 1871 1816 1841 1821
f 548 556 596 595
f 1904 1905 1865 1857
f 562 507 587 589
f 1898 1896 1816 1871
f 501 480 403 401
f 1710 1712 1789 1810
f 557 548 595 583
f 1892 1904 1857 1866
f 504 557 583 584
f 1893 1892 1866 1813
f 403 476 478 401
f 1710 1787 1785 1712
f 575 576 587 588
f 1897 1896 1885 1884
f 574 576 593 591
f 1900 1902 1885 1883
f 551 523 549 564
f 1873 1858 1832 1860
f 577 575 588 579
f 1888 1897 1884 1886
f 578 577 579 590
f 1899 1888 1886 1887
f 578 542 565 586
f 1895 1874 1851 1887
f 585 592 575 577
f 1886 1884 1901 1894
f 476 549 523 478
f 1787 1832 1858 1785
f 592 593 576 575
f 1884 1885 1902 1901
f 597 581 592 585
f 1894 1901 1890 1906
f 589 587 576 574
f 1883 1885 1896 1898
f 588 587 507 506
f 1815 1816 1896 1897
f 579 588 506 547
f 1856 1815 1897 1888
f 590 579 547 563
f 1872 1856 1888 1899
f 595 596 580 581
f 1890 1889 1905 1904
f 591 593 580 582
f 1891 1889 1902 1900
f 586 585 577 578
f 1887 1886 1894 1895
f 589 574 546 551
f 1860 1855 1883 1898
f 574 591 534 546
f 1855 1843 1900 1883
f 581 580 593 592
f 1901 1902 1889 1890
f 563 505 552 590
f 1899 1861 1814 1872
f 533 594 525 522
f 1831 1834 1903 1842
f 526 534 591 582
f 1891 1900 1843 1835
f 582 580 596 594
f 1903 1905 1889 1891
f 598 597 585 586
f 1895 1894 1906 1907
f 594 596 556 525
f 1834 1865 1905 1903
f 584 583 597 598
f 1907 1906 1892 1893
f 583 595 581 597
f 1906 1890 1904 1892
f 586 565 543 598
f 1907 1852 1874 1895
f 590 552 542 578
f 1887 1851 1861 1899
f 584 536 535 504
f 1813 1844 1845 1893
f 598 543 536 584
f 1893 1845 1852 1907
f 481 599 609 482
f 1791 1918 1908 1790
f 482 609 612 487
f 1796 1921 1918 1791
f 494 605 616 495
f 1804 1925 1914 1803
f 496 606 617 497
f 1806 1926 1915 1805
f 498 607 606 496
f 1805 1915 1916 1807
f 495 616 620 501
f 1810 1929 1925 1804
f 499 618 600 484
f 1793 1909 1927 1808
f 485 611 604 493
f 1802 1913 1920 1794
f 500 619 603 491
f 1800 1912 1928 1809
f 397 610 600 398
f 1707 1909 1919 1706
f 392 611 601 391
f 1700 1910 1920 1701
f 383 613 602 389
f 1698 1911 1922 1692
f 394 614 603 386
f 1695 1912 1923 1703
f 390 615 621 472
f 1781 1930 1924 1699
f 395 618 614 394
f 1703 1923 1927 1704
f 388 605 613 383
f 1692 1922 1914 1697
f 380 619 612 387
f 1696 1921 1928 1689
f 391 601 608 381
f 1690 1917 1910 1700
f 396 607 622 473
f 1782 1931 1916 1705
f 399 599 615 390
f 1699 1924 1908 1708
f 472 621 604 393
f 1702 1913 1930 1781
f 473 622 610 397
f 1706 1919 1931 1782
f 415 414 485 493
f 1802 1794 1723 1724
f 474 415 493 502
f 1811 1802 1724 1783
f 502 492 412 474
f 1783 1721 1801 1811
f 492 481 421 412
f 1721 1730 1790 1801
f 400 421 481 482
f 1791 1790 1730 1709
f 409 400 482 487
f 1796 1791 1709 1718
f 487 500 402 409
f 1718 1711 1809 1796
f 408 402 500 491
f 1800 1809 1711 1717
f 491 490 416 408
f 1717 1725 1799 1800
f 490 499 417 416
f 1725 1726 1808 1799
f 420 417 499 484
f 1793 1808 1726 1729
f 484 483 419 420
f 1729 1728 1792 1793
f 475 419 483 503
f 1812 1792 1728 1784
f 503 498 418 475
f 1784 1727 1807 1812
f 406 418 498 496
f 1805 1807 1727 1715
f 407 406 496 497
f 1806 1805 1715 1716
f 489 488 405 411
f 1720 1714 1797 1798
f 488 494 410 405
f 1714 1719 1803 1797
f 404 410 494 495
f 1804 1803 1719 1713
f 401 404 495 501
f 1810 1804 1713 1710
f 480 486 413 403
f 1712 1722 1795 1789
f 486 485 414 413
f 1722 1723 1794 1795
f 316 624 625 313
f 1622 1934 1933 1625
f 318 626 623 319
f 1628 1932 1935 1627
f 312 627 628 321
f 1630 1937 1936 1621
f 660 629 630 651
f 1960 1939 1938 1969
f 314 631 632 320
f 1629 1941 1940 1623
f 329 633 634 332
f 1641 1943 1942 1638
f 359 572 511 357
f 1666 1820 1881 1668
f 663 635 636 654
f 1963 1945 1944 1972
f 664 637 634 662
f 1971 1943 1946 1973
f 326 638 639 327
f 1636 1948 1947 1635
f 333 635 627 312
f 1621 1936 1944 1642
f 667 641 642 656
f 1965 1951 1950 1976
f 655 638 641 667
f 1976 1950 1947 1964
f 572 381 379 511
f 1820 1688 1690 1881
f 330 644 626 318
f 1627 1935 1953 1639
f 653 633 643 668
f 1977 1952 1942 1962
f 654 636 645 669
f 1978 1954 1945 1963
f 651 630 640 666
f 1975 1949 1939 1960
f 322 629 624 316
f 1625 1933 1938 1631
f 652 631 628 659
f 1968 1937 1940 1961
f 657 644 646 670
f 1979 1955 1953 1966
f 669 645 639 665
f 1974 1948 1954 1978
f 670 646 637 664
f 1973 1946 1955 1979
f 624 648 658 625
f 1934 1967 1957 1933
f 626 649 647 623
f 1932 1956 1958 1935
f 627 650 659 628
f 1937 1968 1959 1936
f 631 652 661 632
f 1941 1970 1961 1940
f 633 653 662 634
f 1943 1971 1962 1942
f 638 655 665 639
f 1948 1974 1964 1947
f 635 663 650 627
f 1936 1959 1972 1944
f 644 657 649 626
f 1935 1958 1966 1953
f 629 660 648 624
f 1933 1957 1969 1938
f 522 541 520 533
f 1842 1829 1850 1831
f 272 660 651 75
f 1384 1960 1969 1581
f 620 379 381 608
f 1917 1690 1688 1929
f 311 663 654 302
f 1611 1963 1972 1620
f 309 664 662 310
f 1619 1971 1973 1618
f 303 667 656 73
f 1382 1965 1976 1612
f 304 655 667 303
f 1612 1976 1964 1613
f 480 501 620 608
f 1917 1929 1810 1789
f 307 653 668 306
f 1615 1977 1962 1616
f 302 654 669 464
f 1773 1978 1963 1611
f 75 651 666 283
f 1592 1975 1960 1384
f 67 652 659 235
f 1544 1968 1961 1376
f 308 657 670 465
f 1774 1979 1966 1617
f 464 669 665 305
f 1614 1974 1978 1773
f 465 670 664 309
f 1618 1973 1979 1774
f 533 526 582 594
f 1903 1891 1835 1842
f 564 562 589 551
f 1860 1898 1871 1873
f 436 520 541 440
f 1749 1850 1829 1745
f 411 436 440 407
f 1716 1749 1745 1720
f 407 497 489 411
f 1720 1798 1806 1716
f 602 489 497 617
f 1926 1806 1798 1911
f 617 385 389 602
f 1911 1698 1694 1926
f 553 389 385 559
f 1868 1694 1698 1862
f 367 553 559 363
f 1672 1868 1862 1676
f 345 367 363 341
f 1650 1672 1676 1654
f 341 319 323 345
f 1654 1632 1628 1650
f 640 323 319 623
f 1932 1628 1632 1949
f 666 640 623 647
f 1956 1932 1949 1975
f 647 77 283 666
f 1975 1592 1386 1956
f 77 107 285 283
f 1592 1594 1416 1386
f 291 285 107 148
f 1457 1416 1594 1600
f 148 108 284 291
f 1600 1593 1417 1457
f 108 109 288 284
f 1593 1597 1418 1417
f 357 335 337 359
f 1668 1646 1644 1666
f 315 337 335 313
f 1622 1644 1646 1624
f 642 315 313 625
f 1934 1622 1624 1951
f 656 642 625 658
f 1967 1934 1951 1965
f 658 66 73 656
f 1965 1382 1375 1967
f 137 73 66 61
f 1370 1375 1382 1446
f 151 137 61 269
f 1578 1370 1446 1460
f 136 151 269 64
f 1373 1578 1460 1445
f 135 136 64 65
f 1374 1373 1445 1444
f 78 135 65 267
f 1576 1374 1444 1387
f 81 78 267 62
f 1371 1576 1387 1390
f 79 81 62 63
f 1372 1371 1390 1388
f 187 79 63 271
f 1580 1372 1388 1496
f 168 187 271 270
f 1579 1580 1496 1477
f 80 168 270 268
f 1577 1579 1477 1389
f 109 110 287 288
f 1597 1596 1419 1418
f 110 111 286 287
f 1596 1595 1420 1419
f 111 112 290 286
f 1595 1599 1421 1420
f 293 290 112 184
f 1493 1421 1599 1602
f 184 169 292 293
f 1602 1601 1478 1493
f 169 113 289 292
f 1601 1598 1422 1478
f 675 676 887 886
f 2195 2196 1985 1984
f 674 678 887 885
f 2194 2196 1987 1983
f 784 783 743 744
f 2053 2052 2092 2093
f 683 684 686 685
f 1994 1995 1993 1992
f 692 693 686 684
f 1993 1995 2002 2001
f 691 692 684 682
f 1991 1993 2001 2000
f 694 695 689 688
f 1997 1998 2004 2003
f 698 699 693 692
f 2001 2002 2008 2007
f 695 696 690 689
f 1998 1999 2005 2004
f 696 697 691 690
f 1999 2000 2006 2005
f 697 698 692 691
f 2000 2001 2007 2006
f 700 701 695 694
f 2003 2004 2010 2009
f 704 705 699 698
f 2007 2008 2014 2013
f 701 702 696 695
f 2004 2005 2011 2010
f 702 703 697 696
f 2005 2006 2012 2011
f 703 704 698 697
f 2006 2007 2013 2012
f 706 707 701 700
f 2009 2010 2016 2015
f 710 711 705 704
f 2013 2014 2020 2019
f 707 708 702 701
f 2010 2011 2017 2016
f 708 709 703 702
f 2011 2012 2018 2017
f 709 710 704 703
f 2012 2013 2019 2018
f 712 713 707 706
f 2015 2016 2022 2021
f 716 717 711 710
f 2019 2020 2026 2025
f 713 714 708 707
f 2016 2017 2023 2022
f 714 715 709 708
f 2017 2018 2024 2023
f 715 716 710 709
f 2018 2019 2025 2024
f 718 719 713 712
f 2021 2022 2028 2027
f 722 723 717 716
f 2025 2026 2032 2031
f 719 720 714 713
f 2022 2023 2029 2028
f 720 721 715 714
f 2023 2024 2030 2029
f 721 722 716 715
f 2024 2025 2031 2030
f 54 55 815 814
f 2123 2124 1364 1363
f 58 59 813 828
f 2137 2122 1368 1367
f 55 56 827 815
f 2124 2136 1365 1364
f 56 57 826 827
f 2136 2135 1366 1365
f 57 58 828 826
f 2135 2137 1367 1366
f 727 914 839 782
f 2091 2148 2223 2036
f 914 913 817 839
f 2148 2126 2222 2223
f 911 726 781 780
f 2089 2090 2035 2220
f 912 728 778 805
f 2114 2087 2037 2221
f 726 727 782 781
f 2090 2091 2036 2035
f 728 729 779 778
f 2087 2088 2038 2037
f 889 732 733 888
f 2197 2042 2041 2198
f 890 735 732 889
f 2198 2041 2044 2199
f 790 791 797 788
f 2097 2106 2100 2099
f 888 733 882 892
f 2201 2191 2042 2197
f 760 761 755 754
f 2063 2064 2070 2069
f 787 784 744 742
f 2051 2053 2093 2096
f 788 787 742 790
f 2099 2051 2096 2097
f 762 756 755 761
f 2070 2064 2065 2071
f 688 746 747 694
f 2003 2056 2055 1997
f 694 747 748 700
f 2009 2057 2056 2003
f 700 748 749 706
f 2015 2058 2057 2009
f 706 749 750 712
f 2021 2059 2058 2015
f 712 750 751 718
f 2027 2060 2059 2021
f 725 912 805 777
f 2086 2114 2221 2034
f 730 725 777 738
f 2047 2086 2034 2039
f 882 733 724 881
f 2190 2033 2042 2191
f 913 268 127 817
f 2126 1436 1577 2222
f 729 911 780 779
f 2088 2089 2220 2038
f 920 917 775 774
f 2083 2084 2226 2229
f 747 746 799 800
f 2109 2108 2055 2056
f 265 92 819 909
f 2218 2128 1401 1574
f 833 824 1085 1086
f 2395 2394 2133 2142
f 758 833 1086 1087
f 2396 2395 2142 2067
f 907 751 750 906
f 2215 2059 2060 2216
f 906 750 749 905
f 2214 2058 2059 2215
f 905 749 748 904
f 2213 2057 2058 2214
f 904 748 747 910
f 2219 2056 2057 2213
f 718 751 832 829
f 2138 2141 2060 2027
f 767 768 762 761
f 2070 2071 2077 2076
f 822 113 106 823
f 2132 1415 1422 2131
f 766 767 761 760
f 2069 2070 2076 2075
f 769 770 764 763
f 2072 2073 2079 2078
f 803 766 760 802
f 2111 2069 2075 2112
f 768 769 763 762
f 2071 2072 2078 2077
f 804 772 926 932
f 2241 2235 2081 2113
f 774 775 928 929
f 2238 2237 2084 2083
f 773 774 929 930
f 2239 2238 2083 2082
f 818 120 289 933
f 2242 1598 1429 2127
f 772 773 930 926
f 2235 2239 2082 2081
f 775 776 931 928
f 2237 2240 2085 2084
f 781 782 916 917
f 2226 2225 2091 2090
f 805 778 918 922
f 2231 2227 2087 2114
f 780 781 917 920
f 2229 2226 2090 2089
f 779 780 920 921
f 2230 2229 2089 2088
f 817 127 279 923
f 2232 1588 1436 2126
f 778 779 921 918
f 2227 2230 2088 2087
f 83 82 820 825
f 2134 2129 1391 1392
f 745 783 784 785
f 2094 2093 2092 2054
f 679 678 674 786
f 2095 1983 1987 1988
f 674 673 789 786
f 2095 2098 1982 1983
f 840 743 783 842
f 2151 2092 2052 2149
f 763 757 756 762
f 2071 2065 2066 2072
f 764 758 757 763
f 2072 2066 2067 2073
f 786 789 1088 1091
f 2400 2397 2098 2095
f 1092 679 786 1091
f 2400 2095 1988 2401
f 764 838 833 758
f 2067 2142 2147 2073
f 795 788 797 798
f 2107 2106 2097 2104
f 796 787 788 795
f 2104 2097 2096 2105
f 789 793 1089 1088
f 2397 2398 2102 2098
f 838 823 824 833
f 2142 2133 2132 2147
f 910 747 800 903
f 2212 2109 2056 2219
f 765 803 802 759
f 2068 2111 2112 2074
f 771 804 932 927
f 2236 2241 2113 2080
f 777 805 922 919
f 2228 2231 2114 2086
f 808 807 796 795
f 2104 2105 2116 2117
f 798 809 808 795
f 2104 2117 2118 2107
f 823 106 99 824
f 2133 1408 1415 2132
f 807 810 785 796
f 2105 2094 2119 2116
f 811 158 454 1095
f 2404 1763 1467 2120
f 827 826 841 834
f 2143 2150 2135 2136
f 80 821 820 82
f 1391 2129 2130 1389
f 1098 753 801 1097
f 2406 2110 2062 2407
f 745 812 844 831
f 2140 2153 2121 2054
f 837 822 823 838
f 2147 2132 2131 2146
f 785 810 812 745
f 2054 2121 2119 2094
f 815 827 834 843
f 2152 2143 2136 2124
f 839 817 923 924
f 2233 2232 2126 2148
f 785 784 787 796
f 2105 2096 2093 2094
f 156 83 825 816
f 2125 2134 1392 1465
f 828 813 835 830
f 2139 2144 2122 2137
f 814 815 843 829
f 2138 2152 2124 2123
f 836 818 933 934
f 2243 2242 2127 2145
f 814 819 92 54
f 1363 1401 2128 2123
f 826 828 830 841
f 2150 2139 2137 2135
f 825 820 842 831
f 2140 2151 2129 2134
f 1094 812 810 1089
f 2398 2119 2121 2403
f 759 740 741 765
f 2074 2050 2049 2068
f 739 771 927 925
f 2234 2236 2080 2048
f 922 918 772 804
f 2113 2081 2227 2231
f 829 832 819 814
f 2123 2128 2141 2138
f 821 840 842 820
f 2129 2151 2149 2130
f 834 841 721 720
f 2029 2030 2150 2143
f 831 844 816 825
f 2134 2125 2153 2140
f 770 837 838 764
f 2073 2147 2146 2079
f 843 834 720 719
f 2028 2029 2143 2152
f 782 839 924 916
f 2225 2233 2148 2091
f 830 835 723 722
f 2031 2032 2144 2139
f 829 843 719 718
f 2027 2028 2152 2138
f 776 836 934 931
f 2240 2243 2145 2085
f 841 830 722 721
f 2030 2031 2139 2150
f 831 842 783 745
f 2054 2092 2151 2140
f 816 844 1099 1095
f 2404 2408 2153 2125
f 844 812 1094 1099
f 2408 2403 2121 2153
f 705 711 858 859
f 2168 2167 2020 2014
f 835 813 855 854
f 2163 2164 2122 2144
f 699 705 859 860
f 2169 2168 2014 2008
f 813 59 205 855
f 2164 1514 1368 2122
f 854 856 723 835
f 2144 2032 2165 2163
f 693 699 860 861
f 2170 2169 2008 2002
f 685 686 862 863
f 2172 2171 1995 1994
f 717 723 856 857
f 2166 2165 2032 2026
f 686 693 861 862
f 2171 2170 2002 1995
f 711 717 857 858
f 2167 2166 2026 2020
f 857 856 851 850
f 2159 2160 2165 2166
f 858 857 850 849
f 2158 2159 2166 2167
f 854 855 852 853
f 2162 2161 2164 2163
f 853 851 856 854
f 2163 2165 2160 2162
f 855 205 200 852
f 2161 1509 1514 2164
f 850 851 847 848
f 2157 2156 2160 2159
f 845 847 851 853
f 2162 2160 2156 2154
f 853 852 846 845
f 2154 2155 2161 2162
f 864 687 685 863
f 2172 1994 1996 2173
f 846 194 217 866
f 2175 1526 1503 2155
f 865 867 847 845
f 2154 2156 2176 2174
f 845 846 866 865
f 2174 2175 2155 2154
f 848 847 867 868
f 2177 2176 2156 2157
f 868 867 871 872
f 2181 2180 2176 2177
f 866 217 222 870
f 2179 1531 1526 2175
f 869 871 867 865
f 2174 2176 2180 2178
f 865 866 870 869
f 2178 2179 2175 2174
f 876 874 873 875
f 2184 2182 2183 2185
f 878 876 875 877
f 2186 2184 2185 2187
f 880 878 877 879
f 2188 2186 2187 2189
f 234 880 879 233
f 1542 2188 2189 1543
f 877 875 871 869
f 2178 2180 2184 2186
f 869 870 879 877
f 2186 2188 2179 2178
f 870 222 233 879
f 2188 1542 1531 2179
f 892 882 734 891
f 2200 2043 2191 2201
f 734 882 881 731
f 2040 2190 2191 2043
f 883 884 676 675
f 1984 1985 2193 2192
f 886 887 678 677
f 1986 1987 2196 2195
f 885 887 676 672
f 1981 1985 2196 2194
f 444 247 893 1085
f 2394 2202 1556 1753
f 894 893 909 908
f 2217 2218 2202 2203
f 895 894 908 907
f 2216 2217 2203 2204
f 1087 895 896 1090
f 2399 2205 2204 2396
f 1090 896 897 1093
f 2402 2206 2205 2399
f 1093 897 898 1096
f 2405 2207 2206 2402
f 1096 898 899 1100
f 2409 2208 2207 2405
f 1100 899 900 1097
f 2406 2209 2208 2409
f 902 901 900 903
f 2212 2209 2210 2211
f 895 907 906 896
f 2205 2215 2216 2204
f 247 265 909 893
f 2202 2218 1574 1556
f 898 904 910 899
f 2208 2219 2213 2207
f 899 910 903 900
f 2209 2212 2219 2208
f 908 909 819 832
f 2141 2128 2218 2217
f 896 906 905 897
f 2206 2214 2215 2205
f 897 905 904 898
f 2207 2213 2214 2206
f 907 908 832 751
f 2060 2141 2217 2216
f 752 902 903 800
f 2109 2212 2211 2061
f 883 680 681 884
f 2193 1990 1989 2192
f 917 916 776 775
f 2084 2085 2225 2226
f 921 920 774 773
f 2082 2083 2229 2230
f 923 279 120 818
f 2127 1429 1588 2232
f 918 921 773 772
f 2081 2082 2230 2227
f 919 922 804 771
f 2080 2113 2231 2228
f 924 923 818 836
f 2145 2127 2232 2233
f 916 924 836 776
f 2085 2145 2233 2225
f 777 919 915 738
f 2047 2224 2228 2086
f 771 739 915 919
f 2228 2224 2048 2080
f 802 760 754 801
f 2110 2063 2069 2111
f 759 802 801 753
f 2062 2110 2111 2068
f 1101 935 679 1092
f 2401 1988 2244 2410
f 809 798 937 938
f 2247 2246 2107 2118
f 936 937 798 797
f 2106 2107 2246 2245
f 940 941 937 936
f 2245 2246 2250 2249
f 1102 939 935 1101
f 2410 2244 2248 2411
f 938 937 941 942
f 2251 2250 2246 2247
f 944 945 941 940
f 2249 2250 2254 2253
f 1103 943 939 1102
f 2411 2248 2252 2412
f 942 941 945 946
f 2255 2254 2250 2251
f 951 950 901 902
f 2211 2210 2259 2260
f 1104 949 753 1098
f 2407 2062 2258 2413
f 902 752 948 951
f 2260 2257 2061 2211
f 759 753 949 740
f 2049 2258 2062 2068
f 736 939 943 735
f 2044 2252 2248 2045
f 939 736 677 935
f 2244 1986 2045 2248
f 940 792 737 944
f 2253 2046 2101 2249
f 791 806 936 797
f 2106 2245 2115 2100
f 792 940 936 806
f 2115 2245 2249 2101
f 678 679 935 677
f 1986 2244 1988 1987
f 735 943 952 732
f 2041 2261 2252 2044
f 733 732 952 724
f 2033 2261 2041 2042
f 730 738 1287 1297
f 2606 2596 2047 2039
f 741 740 1288 1286
f 2595 2597 2049 2050
f 881 724 1289 1298
f 2607 2598 2033 2190
f 958 963 1268 1269
f 2578 2577 2272 2267
f 951 948 1292 1301
f 2610 2601 2257 2260
f 965 974 1274 1275
f 2584 2583 2283 2274
f 973 972 1276 1273
f 2582 2585 2281 2282
f 946 945 1294 1304
f 2613 2603 2254 2255
f 724 952 1302 1289
f 2598 2611 2261 2033
f 956 966 1280 1281
f 2590 2589 2275 2265
f 966 967 1277 1280
f 2589 2586 2276 2275
f 740 949 1296 1288
f 2597 2605 2258 2049
f 969 970 1272 1282
f 2591 2581 2279 2278
f 1105 965 1275 1284
f 2593 2584 2274 2414
f 964 958 1269 1279
f 2588 2578 2267 2273
f 738 915 1299 1287
f 2596 2608 2224 2047
f 962 955 1270 1267
f 2576 2579 2264 2271
f 1106 971 1283 1285
f 2594 2592 2280 2415
f 968 967 989 990
f 2299 2298 2276 2277
f 961 955 977 983
f 2292 2286 2264 2270
f 953 974 996 975
f 2284 2305 2283 2262
f 995 994 972 973
f 2282 2281 2303 2304
f 988 989 967 966
f 2275 2276 2298 2297
f 962 953 975 984
f 2293 2284 2262 2271
f 986 980 958 964
f 2273 2267 2289 2295
f 983 991 969 961
f 2270 2278 2300 2292
f 1107 987 965 1105
f 2414 2274 2296 2416
f 957 963 985 979
f 2288 2294 2272 2266
f 960 959 981 982
f 2291 2290 2268 2269
f 959 971 993 981
f 2290 2302 2280 2268
f 991 992 970 969
f 2278 2279 2301 2300
f 980 985 963 958
f 2267 2272 2294 2289
f 984 977 955 962
f 2271 2264 2286 2293
f 978 988 966 956
f 2265 2275 2297 2287
f 1108 993 971 1106
f 2415 2280 2302 2417
f 954 957 979 976
f 2285 2288 2266 2263
f 987 996 974 965
f 2274 2283 2305 2296
f 973 970 992 995
f 2304 2301 2279 2282
f 1000 1010 988 978
f 2287 2297 2319 2309
f 1110 1015 993 1108
f 2417 2302 2324 2419
f 976 979 1001 998
f 2307 2310 2288 2285
f 1009 1018 996 987
f 2296 2305 2327 2318
f 995 992 1014 1017
f 2326 2323 2301 2304
f 990 989 1011 1012
f 2321 2320 2298 2299
f 983 977 999 1005
f 2314 2308 2286 2292
f 975 996 1018 997
f 2306 2327 2305 2284
f 1017 1016 994 995
f 2304 2303 2325 2326
f 1010 1011 989 988
f 2297 2298 2320 2319
f 984 975 997 1006
f 2315 2306 2284 2293
f 1008 1002 980 986
f 2295 2289 2311 2317
f 1005 1013 991 983
f 2292 2300 2322 2314
f 1109 1009 987 1107
f 2416 2296 2318 2418
f 979 985 1007 1001
f 2310 2316 2294 2288
f 982 981 1003 1004
f 2313 2312 2290 2291
f 981 993 1015 1003
f 2312 2324 2302 2290
f 1013 1014 992 991
f 2300 2301 2323 2322
f 1002 1007 985 980
f 2289 2294 2316 2311
f 1006 999 977 984
f 2293 2286 2308 2315
f 1111 1031 1200 1177
f 2486 2509 2340 2420
f 1035 1036 1197 1206
f 2515 2506 2345 2344
f 1024 1029 1153 1205
f 2514 2462 2338 2333
f 1028 1021 1194 1212
f 2521 2503 2330 2337
f 1022 1032 1193 1211
f 2520 2502 2341 2331
f 1112 1037 1207 1176
f 2485 2516 2346 2421
f 1031 1040 1149 1200
f 2509 2458 2349 2340
f 1039 1038 1210 1148
f 2457 2519 2347 2348
f 1032 1033 1209 1193
f 2502 2518 2342 2341
f 1030 1024 1205 1192
f 2501 2514 2333 2339
f 1027 1035 1206 1156
f 2465 2515 2344 2336
f 1019 1040 1238 1248
f 2557 2547 2349 2328
f 1028 1019 1248 1251
f 2560 2557 2328 2337
f 1023 1029 1244 1255
f 2564 2553 2338 2332
f 1026 1025 1245 1256
f 2565 2554 2334 2335
f 1025 1037 1246 1245
f 2554 2555 2346 2334
f 1020 1023 1255 1259
f 2568 2564 2332 2329
f 1039 1036 1257 1239
f 2548 2566 2345 2348
f 1034 1033 1250 1243
f 2552 2559 2342 2343
f 1027 1021 1258 1242
f 2551 2567 2330 2336
f 1179 1158 1072 1080
f 2389 2381 2467 2488
f 1063 1152 1076 1066
f 2375 2385 2461 2372
f 1084 1078 1160 1147
f 2456 2469 2387 2393
f 1080 1116 1189 1179
f 2488 2498 2425 2389
f 1065 1069 1168 1064
f 2373 2477 2378 2374
f 1159 1184 1083 1077
f 2386 2392 2493 2468
f 1082 1070 1169 1183
f 2492 2478 2379 2391
f 1158 1157 1071 1072
f 2381 2380 2466 2467
f 1184 1160 1078 1083
f 2392 2387 2469 2493
f 1079 1118 1163 1178
f 2487 2472 2427 2388
f 1081 1082 1183 1180
f 2489 2492 2391 2390
f 1188 1151 1075 1115
f 2424 2384 2460 2497
f 1064 1169 1070 1065
f 2374 2379 2478 2373
f 1047 1059 1070 1082
f 2391 2379 2368 2356
f 1048 1047 1082 1081
f 2390 2391 2356 2357
f 1045 1051 1078 1084
f 2393 2387 2360 2354
f 1066 1076 1053 1113
f 2422 2362 2385 2375
f 1113 1056 1073 1066
f 2375 2382 2365 2422
f 1080 1072 1057 1049
f 2358 2366 2381 2389
f 1077 1083 1046 1052
f 2361 2355 2392 2386
f 1050 1041 1118 1079
f 2388 2427 2350 2359
f 1075 1074 1055 1054
f 2363 2364 2383 2384
f 1068 1069 1060 1061
f 2370 2369 2378 2377
f 1041 1062 1067 1118
f 2427 2376 2371 2350
f 1049 1043 1116 1080
f 2389 2425 2352 2358
f 1056 1055 1074 1073
f 2382 2383 2364 2365
f 1061 1058 1071 1068
f 2377 2380 2367 2370
f 1076 1067 1062 1053
f 2362 2371 2376 2385
f 1042 1045 1084 1117
f 2426 2393 2354 2351
f 1065 1070 1059 1114
f 2423 2368 2379 2374
f 1115 1075 1054 1044
f 2353 2363 2384 2424
f 1193 1010 1000 1211
f 2520 2309 2319 2502
f 1209 1011 1010 1193
f 2502 2319 2320 2518
f 1011 1209 1154 1012
f 2321 2463 2518 2320
f 1012 1154 1177 1109
f 2418 2486 2463 2321
f 1200 1009 1109 1177
f 2486 2418 2318 2509
f 1149 1018 1009 1200
f 2509 2318 2327 2458
f 1018 1149 1155 997
f 2306 2464 2458 2327
f 1086 1085 893 894
f 2203 2202 2394 2395
f 1087 1086 894 895
f 2204 2203 2395 2396
f 1091 1088 807 808
f 2117 2116 2397 2400
f 809 1092 1091 808
f 2117 2400 2401 2118
f 1088 1089 810 807
f 2116 2119 2398 2397
f 1095 454 156 816
f 2125 1465 1763 2404
f 901 1098 1097 900
f 2209 2406 2407 2210
f 794 1094 1089 793
f 2102 2398 2403 2103
f 1095 1099 671 811
f 2120 1980 2408 2404
f 1099 1094 794 671
f 1980 2103 2403 2408
f 99 444 1085 824
f 2133 2394 1753 1408
f 758 1087 1090 757
f 2066 2399 2396 2067
f 757 1090 1093 756
f 2065 2402 2399 2066
f 756 1093 1096 755
f 2064 2405 2402 2065
f 755 1096 1100 754
f 2063 2409 2405 2064
f 754 1100 1097 801
f 2110 2406 2409 2063
f 938 1101 1092 809
f 2118 2401 2410 2247
f 942 1102 1101 938
f 2247 2410 2411 2251
f 946 1103 1102 942
f 2251 2411 2412 2255
f 950 1104 1098 901
f 2210 2407 2413 2259
f 968 1105 1284 1278
f 2587 2593 2414 2277
f 972 1106 1285 1276
f 2585 2594 2415 2281
f 990 1107 1105 968
f 2277 2414 2416 2299
f 994 1108 1106 972
f 2281 2415 2417 2303
f 1016 1110 1108 994
f 2303 2417 2419 2325
f 1012 1109 1107 990
f 2299 2416 2418 2321
f 1034 1111 1177 1154
f 2463 2486 2420 2343
f 1038 1112 1176 1210
f 2519 2485 2421 2347
f 1079 1116 1043 1050
f 2359 2352 2425 2388
f 1083 1078 1051 1046
f 2355 2360 2387 2392
f 1072 1071 1058 1057
f 2366 2367 2380 2381
f 1114 1060 1069 1065
f 2374 2378 2369 2423
f 997 1155 1212 1006
f 2315 2521 2464 2306
f 1194 999 1006 1212
f 2521 2315 2308 2503
f 1123 1122 1249 1239
f 2548 2558 2431 2432
f 1125 1124 1250 1240
f 2549 2559 2433 2434
f 1128 1127 1252 1241
f 2550 2561 2436 2437
f 1130 1129 1253 1242
f 2551 2562 2438 2439
f 1141 1131 1254 1260
f 2569 2563 2440 2450
f 1129 1138 1257 1253
f 2562 2566 2447 2438
f 1127 1133 1244 1252
f 2561 2553 2442 2436
f 1126 1139 1258 1251
f 2560 2567 2448 2435
f 1119 1125 1240 1247
f 2556 2549 2434 2428
f 1142 1137 1246 1261
f 2570 2555 2446 2451
f 1131 1120 1238 1254
f 2563 2547 2429 2440
f 1132 1141 1260 1243
f 2552 2569 2450 2441
f 1122 1142 1261 1249
f 2558 2570 2451 2431
f 1156 1194 1021 1027
f 2336 2330 2503 2465
f 999 1194 1156 1005
f 2314 2465 2503 2308
f 1206 1013 1005 1156
f 2465 2314 2322 2515
f 1197 1014 1013 1206
f 2515 2322 2323 2506
f 1014 1197 1148 1017
f 2326 2457 2506 2323
f 1210 1016 1017 1148
f 2457 2326 2325 2519
f 1208 1207 1037 1025
f 2334 2346 2516 2517
f 1016 1210 1176 1110
f 2419 2485 2519 2325
f 1151 1171 1074 1075
f 2384 2383 2480 2460
f 1118 1067 1166 1163
f 2472 2475 2376 2427
f 1148 1197 1036 1039
f 2348 2345 2506 2457
f 1117 1084 1147 1162
f 2471 2456 2393 2426
f 1212 1155 1019 1028
f 2337 2328 2464 2521
f 1198 1208 1025 1026
f 2335 2334 2517 2507
f 1207 1015 1110 1176
f 2485 2419 2324 2516
f 1199 1153 1029 1023
f 2332 2338 2462 2508
f 1015 1207 1208 1003
f 2312 2517 2516 2324
f 1154 1209 1033 1034
f 2343 2342 2518 2463
f 1155 1149 1040 1019
f 2328 2349 2458 2464
f 1003 1208 1198 1004
f 2313 2507 2517 2312
f 1150 1199 1023 1020
f 2329 2332 2508 2459
f 1205 1002 1008 1192
f 2501 2317 2311 2514
f 1153 1007 1002 1205
f 2514 2311 2316 2462
f 1007 1153 1199 1001
f 2310 2508 2462 2316
f 1001 1199 1150 998
f 2307 2459 2508 2310
f 1167 1168 1069 1068
f 2377 2378 2477 2476
f 1066 1073 1170 1063
f 2372 2479 2382 2375
f 1073 1074 1171 1170
f 2479 2480 2383 2382
f 1178 1189 1116 1079
f 2388 2425 2498 2487
f 1171 1146 1145 1170
f 2479 2454 2455 2480
f 1152 1166 1067 1076
f 2385 2376 2475 2461
f 1170 1145 1186 1063
f 2372 2495 2454 2479
f 1202 1152 1063 1186
f 2495 2372 2461 2511
f 1144 1166 1152 1202
f 2511 2461 2475 2453
f 1166 1144 1191 1163
f 2472 2500 2453 2475
f 1163 1191 1181 1178
f 2487 2490 2500 2472
f 1204 1189 1178 1181
f 2490 2487 2498 2513
f 1189 1204 1182 1179
f 2488 2491 2513 2498
f 1175 1158 1179 1182
f 2491 2488 2467 2484
f 1174 1157 1158 1175
f 2484 2467 2466 2483
f 1157 1174 1143 1167
f 2476 2452 2483 2466
f 1068 1071 1157 1167
f 2476 2466 2380 2377
f 1196 1168 1167 1143
f 2452 2476 2477 2505
f 1168 1196 1187 1064
f 2373 2496 2505 2477
f 1195 1169 1064 1187
f 2496 2373 2478 2504
f 1169 1195 1164 1183
f 2492 2473 2504 2478
f 1183 1164 1161 1180
f 2489 2470 2473 2492
f 1165 1184 1159 1172
f 2481 2468 2493 2474
f 1173 1160 1184 1165
f 2474 2493 2469 2482
f 1160 1173 1185 1147
f 2456 2494 2482 2469
f 1147 1185 1190 1162
f 2471 2499 2494 2456
f 1201 1151 1188 1203
f 2512 2497 2460 2510
f 1146 1171 1151 1201
f 2510 2460 2480 2455
f 1235 1195 1187 1234
f 2543 2496 2504 2544
f 1226 1146 1201 1228
f 2537 2510 2455 2535
f 1044 1119 1140 1042
f 2351 2449 2428 2353
f 1234 1187 1196 1222
f 2531 2505 2496 2543
f 1222 1196 1143 1223
f 2532 2452 2505 2531
f 1117 1115 1044 1042
f 2351 2353 2424 2426
f 1226 1215 1214 1227
f 2536 2523 2524 2535
f 1232 1215 1213 1230
f 2539 2522 2524 2541
f 1188 1162 1190 1203
f 2512 2499 2471 2497
f 1227 1214 1216 1218
f 2527 2525 2523 2536
f 1218 1216 1217 1229
f 2538 2526 2525 2527
f 1204 1181 1217 1225
f 2534 2526 2490 2513
f 1214 1231 1224 1216
f 2525 2533 2540 2523
f 1162 1188 1115 1117
f 2426 2424 2497 2471
f 1215 1232 1231 1214
f 2523 2540 2541 2524
f 1231 1220 1236 1224
f 2533 2545 2529 2540
f 1215 1226 1228 1213
f 2522 2537 2535 2524
f 1146 1226 1227 1145
f 2454 2536 2535 2455
f 1145 1227 1218 1186
f 2495 2527 2536 2454
f 1186 1218 1229 1202
f 2511 2538 2527 2495
f 1219 1235 1234 1220
f 2529 2543 2544 2528
f 1219 1232 1230 1221
f 2530 2539 2541 2528
f 1216 1224 1225 1217
f 2526 2534 2533 2525
f 1185 1213 1228 1190
f 2499 2537 2522 2494
f 1173 1230 1213 1185
f 2494 2522 2539 2482
f 1232 1219 1220 1231
f 2540 2529 2528 2541
f 1191 1144 1202 1229
f 2538 2511 2453 2500
f 1164 1233 1172 1161
f 2470 2481 2542 2473
f 1230 1173 1165 1221
f 2530 2474 2482 2539
f 1235 1219 1221 1233
f 2542 2530 2528 2544
f 1224 1236 1237 1225
f 2534 2546 2545 2533
f 1195 1235 1233 1164
f 2473 2542 2544 2504
f 1236 1222 1223 1237
f 2546 2532 2531 2545
f 1220 1234 1222 1236
f 2545 2531 2543 2529
f 1182 1204 1225 1237
f 2546 2534 2513 2491
f 1181 1191 1229 1217
f 2526 2538 2500 2490
f 1174 1175 1223 1143
f 2452 2532 2484 2483
f 1175 1182 1237 1223
f 2532 2546 2491 2484
f 1248 1238 1120 1121
f 2430 2429 2547 2557
f 1251 1248 1121 1126
f 2435 2430 2557 2560
f 1255 1244 1133 1134
f 2443 2442 2553 2564
f 1256 1245 1135 1136
f 2445 2444 2554 2565
f 1245 1246 1137 1135
f 2444 2446 2555 2554
f 1259 1255 1134 1140
f 2449 2443 2564 2568
f 1239 1257 1138 1123
f 2432 2447 2566 2548
f 1243 1250 1124 1132
f 2441 2433 2559 2552
f 1242 1258 1139 1130
f 2439 2448 2567 2551
f 1239 1249 1038 1039
f 2348 2347 2558 2548
f 1240 1250 1033 1032
f 2341 2342 2559 2549
f 1241 1252 1024 1030
f 2339 2333 2561 2550
f 1242 1253 1035 1027
f 2336 2344 2562 2551
f 1260 1254 1031 1111
f 2420 2340 2563 2569
f 1253 1257 1036 1035
f 2344 2345 2566 2562
f 1252 1244 1029 1024
f 2333 2338 2553 2561
f 1251 1258 1021 1028
f 2337 2330 2567 2560
f 1247 1240 1032 1022
f 2331 2341 2549 2556
f 1261 1246 1037 1112
f 2421 2346 2555 2570
f 1254 1238 1040 1031
f 2340 2349 2547 2563
f 1243 1260 1111 1034
f 2343 2420 2569 2552
f 1249 1261 1112 1038
f 2347 2421 2570 2558
f 1124 1055 1056 1132
f 2441 2365 2364 2433
f 1132 1056 1113 1141
f 2450 2422 2365 2441
f 1053 1131 1141 1113
f 2422 2450 2440 2362
f 1062 1120 1131 1053
f 2362 2440 2429 2371
f 1120 1062 1041 1121
f 2430 2350 2371 2429
f 1121 1041 1050 1126
f 2435 2359 2350 2430
f 1043 1139 1126 1050
f 2359 2435 2448 2352
f 1139 1043 1049 1130
f 2439 2358 2352 2448
f 1057 1129 1130 1049
f 2358 2439 2438 2366
f 1058 1138 1129 1057
f 2366 2438 2447 2367
f 1138 1058 1061 1123
f 2432 2370 2367 2447
f 1060 1122 1123 1061
f 2370 2432 2431 2369
f 1122 1060 1114 1142
f 2451 2423 2369 2431
f 1059 1137 1142 1114
f 2423 2451 2446 2368
f 1137 1059 1047 1135
f 2444 2356 2368 2446
f 1135 1047 1048 1136
f 2445 2357 2356 2444
f 1046 1127 1128 1052
f 2361 2437 2436 2355
f 1051 1133 1127 1046
f 2355 2436 2442 2360
f 1133 1051 1045 1134
f 2443 2354 2360 2442
f 1134 1045 1042 1140
f 2449 2351 2354 2443
f 1054 1125 1119 1044
f 2353 2428 2434 2363
f 1055 1124 1125 1054
f 2363 2434 2433 2364
f 1264 1263 957 954
f 2263 2266 2572 2573
f 1262 1265 959 960
f 2269 2268 2574 2571
f 1267 1266 953 962
f 2271 2262 2575 2576
f 1269 1268 1299 1290
f 2599 2608 2577 2578
f 1271 1270 955 961
f 2270 2264 2579 2580
f 1273 1272 970 973
f 2282 2279 2581 2582
f 1150 1211 1000 998
f 2307 2309 2520 2459
f 1275 1274 1302 1293
f 2602 2611 2583 2584
f 1273 1276 1303 1301
f 2610 2612 2585 2582
f 1278 1277 967 968
f 2277 2276 2586 2587
f 1266 1274 974 953
f 2262 2283 2583 2575
f 1281 1280 1306 1295
f 2604 2615 2589 2590
f 1280 1277 1294 1306
f 2615 2603 2586 2589
f 1020 1022 1211 1150
f 2459 2520 2331 2329
f 1265 1283 971 959
f 2268 2280 2592 2574
f 1282 1272 1292 1307
f 2616 2601 2581 2591
f 1284 1275 1293 1308
f 2617 2602 2584 2593
f 1279 1269 1290 1305
f 2614 2599 2578 2588
f 1263 1268 963 957
f 2266 2272 2577 2572
f 1267 1270 1291 1298
f 2607 2600 2579 2576
f 1285 1283 1296 1309
f 2618 2605 2592 2594
f 1278 1284 1308 1304
f 2613 2617 2593 2587
f 1276 1285 1309 1303
f 2612 2618 2594 2585
f 1297 1287 1263 1264
f 2573 2572 2596 2606
f 1286 1288 1265 1262
f 2571 2574 2597 2595
f 1298 1289 1266 1267
f 2576 2575 2598 2607
f 1300 1291 1270 1271
f 2580 2579 2600 2609
f 1301 1292 1272 1273
f 2582 2581 2601 2610
f 1304 1294 1277 1278
f 2587 2586 2603 2613
f 1289 1302 1274 1266
f 2575 2583 2611 2598
f 1288 1296 1283 1265
f 2574 2592 2605 2597
f 1287 1299 1268 1263
f 2572 2577 2608 2596
f 1159 1180 1161 1172
f 2481 2470 2489 2468
f 1290 1299 915 739
f 2048 2224 2608 2599
f 1022 1020 1259 1247
f 2556 2568 2329 2331
f 1293 1302 952 943
f 2252 2261 2611 2602
f 1301 1303 950 951
f 2260 2259 2612 2610
f 1295 1306 944 737
f 2046 2253 2615 2604
f 1306 1294 945 944
f 2253 2254 2603 2615
f 1259 1140 1119 1247
f 2556 2428 2449 2568
f 1307 1292 948 947
f 2256 2257 2601 2616
f 1308 1293 943 1103
f 2412 2252 2602 2617
f 1305 1290 739 925
f 2234 2048 2599 2614
f 1298 1291 731 881
f 2190 2040 2600 2607
f 1309 1296 949 1104
f 2413 2258 2605 2618
f 1304 1308 1103 946
f 2255 2412 2617 2613
f 1303 1309 1104 950
f 2259 2413 2618 2612
f 1221 1165 1172 1233
f 2542 2481 2474 2530
f 1228 1201 1203 1190
f 2499 2512 2510 2537
f 1180 1159 1077 1081
f 2390 2386 2468 2489
f 1081 1077 1052 1048
f 2357 2361 2386 2390
f 1128 1136 1048 1052
f 2361 2357 2445 2437
f 1136 1128 1241 1256
f 2565 2550 2437 2445
f 1030 1026 1256 1241
f 2550 2565 2335 2339
f 1026 1030 1192 1198
f 2507 2501 2339 2335
f 1198 1192 1008 1004
f 2313 2317 2501 2507
f 1004 1008 986 982
f 2291 2295 2317 2313
f 964 960 982 986
f 2295 2291 2269 2273
f 960 964 1279 1262
f 2571 2588 2273 2269
f 1262 1279 1305 1286
f 2595 2614 2588 2571
f 925 741 1286 1305
f 2614 2595 2050 2234
f 927 765 741 925
f 2234 2050 2074 2236
f 765 927 932 803
f 2112 2241 2236 2074
f 926 766 803 932
f 2241 2112 2075 2235
f 930 767 766 926
f 2235 2075 2076 2239
f 978 976 998 1000
f 2309 2307 2285 2287
f 976 978 956 954
f 2263 2265 2287 2285
f 954 956 1281 1264
f 2573 2590 2265 2263
f 1264 1281 1295 1297
f 2606 2604 2590 2573
f 737 730 1297 1295
f 2604 2606 2039 2046
f 730 737 792 725
f 2034 2101 2046 2039
f 725 792 806 912
f 2221 2115 2101 2034
f 912 806 791 728
f 2037 2100 2115 2221
f 728 791 790 729
f 2038 2099 2100 2037
f 729 790 742 911
f 2220 2051 2099 2038
f 911 742 744 726
f 2035 2053 2051 2220
f 726 744 743 727
f 2036 2052 2053 2035
f 727 743 840 914
f 2223 2149 2052 2036
f 914 840 821 913
f 2222 2130 2149 2223
f 913 821 80 268
f 1577 1389 2130 2222
f 929 768 767 930
f 2239 2076 2077 2238
f 928 769 768 929
f 2238 2077 2078 2237
f 931 770 769 928
f 2237 2078 2079 2240
f 770 931 934 837
f 2146 2243 2240 2079
f 933 822 837 934
f 2243 2146 2131 2242
f 289 113 822 933
f 2242 2131 1422 1598
f 852 200 194 846
f 2155 1503 1509 2161
f 5 240 1549 1314
f 4 239 1548 1313
f 13 15 1324 1322
f 13 14 1323 1322
f 12 21 1330 1321
f 12 14 1323 1321
f 18 19 1328 1327
f 19 20 1329 1328
f 20 21 1330 1329
f 242 243 1552 1551
f 243 244 1553 1552
f 71 244 1553 1380
f 242 246 1555 1551
f 18 85 1394 1327
f 85 144 1453 1394
f 144 145 1454 1453
f 3 4 1313 1312
f 3 134 1443 1312
f 134 138 1447 1443
f 157 158 1467 1466
f 208 209 1518 1517
f 209 210 1519 1518
f 210 211 1520 1519
f 212 213 1522 1521
f 211 212 1521 1520
f 197 208 1517 1506
f 197 198 1507 1506
f 196 198 1507 1505
f 213 214 1523 1522
f 17 214 1523 1326
f 15 17 1326 1324
f 196 219 1528 1505
f 219 224 1533 1528
f 223 224 1533 1532
f 226 228 1537 1535
f 225 226 1535 1534
f 225 227 1536 1534
f 228 230 1539 1537
f 230 232 1541 1539
f 232 234 1543 1541
f 223 227 1536 1532
f 245 246 1555 1554
f 70 245 1554 1379
f 67 70 1379 1376
f 5 237 1546 1314
f 6 238 1547 1315
f 7 240 1549 1316
f 2 239 1548 1311
f 2 6 1315 1311
f 91 145 1454 1400
f 10 237 1546 1319
f 10 11 1320 1319
f 11 238 1547 1320
f 91 307 1616 1400
f 71 72 1381 1380
f 7 72 1381 1316
f 328 643 1952 1637
f 320 328 1637 1629
f 138 139 1448 1447
f 1 157 1466 1310
f 1 139 1448 1310
f 320 632 1941 1629
f 643 668 1977 1952
f 632 661 1970 1941
f 652 661 1970 1961
f 306 668 1977 1615
f 306 307 1616 1615
f 67 652 1961 1376
f 675 886 2195 1984
f 674 885 2194 1983
f 683 684 1993 1992
f 683 685 1994 1992
f 682 684 1993 1991
f 682 691 2000 1991
f 688 689 1998 1997
f 689 690 1999 1998
f 690 691 2000 1999
f 888 889 2198 2197
f 735 890 2199 2044
f 889 890 2199 2198
f 888 892 2201 2197
f 688 746 2055 1997
f 799 800 2109 2108
f 746 799 2108 2055
f 673 789 2098 1982
f 673 674 1983 1982
f 789 793 2102 2098
f 158 811 2120 1467
f 858 859 2168 2167
f 859 860 2169 2168
f 860 861 2170 2169
f 862 863 2172 2171
f 861 862 2171 2170
f 849 850 2159 2158
f 849 858 2167 2158
f 848 850 2159 2157
f 685 687 1996 1994
f 687 864 2173 1996
f 863 864 2173 2172
f 848 868 2177 2157
f 871 872 2181 2180
f 868 872 2181 2177
f 873 875 2184 2182
f 873 874 2183 2182
f 874 876 2185 2183
f 876 878 2187 2185
f 878 880 2189 2187
f 234 880 2189 1543
f 871 875 2184 2180
f 734 891 2200 2043
f 891 892 2201 2200
f 731 734 2043 2040
f 676 884 2193 1985
f 675 883 2192 1984
f 677 886 2195 1986
f 672 676 1985 1981
f 672 885 2194 1981
f 752 800 2109 2061
f 681 884 2193 1990
f 680 681 1990 1989
f 680 883 2192 1989
f 752 948 2257 2061
f 735 736 2045 2044
f 677 736 2045 1986
f 969 1282 2591 2278
f 961 969 2278 2270
f 793 794 2103 2102
f 671 811 2120 1980
f 671 794 2103 1980
f 961 1271 2580 2270
f 1282 1307 2616 2591
f 1291 1300 2609 2600
f 1271 1300 2609 2580
f 947 948 2257 2256
f 947 1307 2616 2256
f 731 1291 2600 2040
