# MB-Lab anime female F_AN02 shojo
# Source: https://github.com/animate1978/MB-Lab
# Mesh and JSON data: GNU Affero GPL v3 (AGPL-3.0)
# This is a character template dummy, not a MakeHuman hm08 morph.
o body
g body
v 0.02731 1.58466 0.12109
v 0.02339 1.57865 0.11701
v -0.04586 1.59255 0.11842
v -0.03967 1.59112 0.11975
v -0.05066 1.59277 0.11640
v -0.05491 1.59263 0.11388
v -0.06064 1.59094 0.11128
v -0.06408 1.58899 0.10893
v -0.06735 1.58610 0.10771
v -0.03326 1.58876 0.12129
v -0.02731 1.58466 0.12109
v -0.02339 1.57865 0.11701
v -0.02446 1.57825 0.11653
v -0.02877 1.58287 0.11967
v -0.03362 1.58596 0.11829
v -0.05763 1.58226 0.10427
v 0.04431 1.58814 0.11318
v 0.03903 1.58729 0.11533
v 0.04884 1.58799 0.11112
v 0.05241 1.58678 0.10886
v 0.05493 1.58591 0.10656
v 0.05653 1.58455 0.10426
v 0.05869 1.58188 0.09993
v 0.03372 1.58556 0.11651
v 0.02829 1.58270 0.11569
v 0.02459 1.57868 0.11423
v 0.05339 1.56261 0.10145
v 0.05135 1.56065 0.10269
v 0.04930 1.55859 0.10475
v 0.04515 1.55824 0.10762
v 0.03921 1.55823 0.10881
v 0.03368 1.55925 0.10855
v 0.02892 1.56091 0.10940
v 0.02327 1.56639 0.11123
v 0.05457 1.56610 0.10114
v 0.02562 1.56334 0.11015
v -0.05671 1.58412 0.10604
v -0.05501 1.58552 0.10834
v -0.05239 1.58664 0.11057
v -0.04902 1.58796 0.11296
v -0.03939 1.58729 0.11700
v -0.04440 1.58813 0.11496
v 0.02446 1.57825 0.11653
v 0.02877 1.58287 0.11967
v 0.03362 1.58596 0.11829
v 0.05763 1.58226 0.10427
v 0.05671 1.58412 0.10604
v 0.05501 1.58552 0.10834
v 0.05239 1.58664 0.11057
v 0.04902 1.58796 0.11296
v 0.03939 1.58729 0.11700
v 0.04440 1.58813 0.11496
v -0.04431 1.58814 0.11318
v -0.03903 1.58729 0.11533
v -0.04884 1.58799 0.11112
v -0.05241 1.58678 0.10886
v -0.05493 1.58591 0.10656
v -0.05653 1.58455 0.10426
v -0.05869 1.58188 0.09993
v -0.03372 1.58556 0.11651
v -0.02829 1.58270 0.11569
v -0.02459 1.57868 0.11423
v -0.05339 1.56261 0.10145
v -0.05135 1.56065 0.10269
v -0.04930 1.55859 0.10475
v -0.04515 1.55824 0.10762
v -0.03921 1.55823 0.10881
v -0.03368 1.55925 0.10855
v -0.02892 1.56091 0.10940
v -0.02327 1.56639 0.11123
v -0.05457 1.56610 0.10114
v -0.02562 1.56334 0.11015
v 0.03326 1.58876 0.12129
v 0.06735 1.58610 0.10771
v 0.06408 1.58899 0.10893
v 0.06064 1.59094 0.11128
v 0.05491 1.59263 0.11388
v 0.05066 1.59277 0.11640
v 0.03967 1.59112 0.11975
v 0.04586 1.59255 0.11842
v 0.05297 1.56281 0.10333
v 0.05081 1.56114 0.10550
v 0.04851 1.56031 0.10858
v 0.04494 1.55908 0.11025
v 0.03927 1.55881 0.11157
v 0.03350 1.55944 0.11069
v 0.02877 1.56113 0.11152
v 0.02289 1.56645 0.11278
v 0.05453 1.56567 0.10233
v 0.02546 1.56333 0.11211
v -0.05297 1.56281 0.10333
v -0.05081 1.56114 0.10550
v -0.04851 1.56031 0.10858
v -0.04494 1.55908 0.11025
v -0.03927 1.55881 0.11157
v -0.03350 1.55944 0.11069
v -0.02877 1.56113 0.11152
v -0.02289 1.56645 0.11278
v -0.05453 1.56567 0.10233
v -0.02546 1.56333 0.11211
v 0.05652 1.56015 0.10889
v 0.05368 1.55806 0.11096
v 0.04963 1.55647 0.11349
v 0.04457 1.55582 0.11463
v 0.03931 1.55600 0.11441
v 0.03340 1.55765 0.11342
v 0.02890 1.55980 0.11367
v 0.02173 1.56648 0.11285
v 0.05914 1.56283 0.10669
v 0.02541 1.56193 0.11417
v -0.05652 1.56015 0.10889
v -0.05368 1.55806 0.11096
v -0.04963 1.55647 0.11349
v -0.04457 1.55582 0.11463
v -0.03931 1.55600 0.11441
v -0.03340 1.55765 0.11342
v -0.02890 1.55980 0.11367
v -0.02173 1.56648 0.11285
v -0.05914 1.56283 0.10669
v -0.02541 1.56193 0.11417
v 0.01762 1.59188 0.10006
v 0.02432 1.59734 0.09755
v 0.02417 1.59602 0.09500
v 0.01778 1.59082 0.09727
v 0.03496 1.59044 0.11189
v 0.03018 1.58743 0.11234
v 0.02424 1.59388 0.09242
v 0.01865 1.58926 0.09451
v 0.03296 1.59354 0.11033
v 0.02715 1.58976 0.11153
v 0.02483 1.59098 0.09002
v 0.02003 1.58707 0.09188
v 0.03024 1.59463 0.10789
v 0.02414 1.59017 0.10950
v 0.02583 1.58750 0.08788
v 0.02209 1.58435 0.08933
v 0.02794 1.59640 0.10519
v 0.02138 1.59128 0.10752
v 0.02769 1.58353 0.08613
v 0.02497 1.58137 0.08719
v 0.02634 1.59758 0.10265
v 0.01945 1.59213 0.10531
v 0.02957 1.58002 0.08494
v 0.02843 1.57865 0.08528
v 0.02503 1.59783 0.10010
v 0.01815 1.59225 0.10285
v 0.03084 1.59243 0.08776
v 0.03069 1.58862 0.08606
v 0.03759 1.59652 0.10558
v 0.03646 1.59853 0.10237
v 0.03109 1.58434 0.08487
v 0.03528 1.59973 0.09945
v 0.03172 1.58018 0.08415
v 0.03430 1.60005 0.09688
v 0.03572 1.58389 0.11143
v 0.03881 1.58422 0.11048
v 0.03333 1.59942 0.09442
v 0.03241 1.59794 0.09208
v 0.04037 1.59120 0.11076
v 0.03148 1.59563 0.08977
v 0.03966 1.59467 0.10863
v 0.04516 1.59575 0.10219
v 0.04527 1.59738 0.09883
v 0.03589 1.58771 0.08421
v 0.03483 1.58372 0.08357
v 0.04488 1.59828 0.09610
v 0.03388 1.58015 0.08340
v 0.04398 1.59855 0.09358
v 0.04182 1.58346 0.10925
v 0.04274 1.59801 0.09116
v 0.04094 1.59656 0.08894
v 0.04535 1.58953 0.10864
v 0.03890 1.59422 0.08700
v 0.04592 1.59320 0.10559
v 0.03714 1.59117 0.08537
v 0.04048 1.58476 0.08254
v 0.03809 1.58173 0.08237
v 0.05179 1.59336 0.09606
v 0.05162 1.59414 0.09300
v 0.03532 1.57886 0.08283
v 0.05079 1.59416 0.09031
v 0.04432 1.58197 0.10778
v 0.04938 1.59344 0.08800
v 0.04736 1.59202 0.08600
v 0.04884 1.58566 0.10617
v 0.04496 1.58993 0.08437
v 0.05065 1.58914 0.10317
v 0.04263 1.58742 0.08326
v 0.05112 1.59180 0.09947
v 0.05612 1.58564 0.09421
v 0.05600 1.58608 0.09096
v 0.04037 1.57865 0.08153
v 0.03647 1.57706 0.08248
v 0.05502 1.58601 0.08813
v 0.04527 1.57888 0.10703
v 0.05325 1.58545 0.08576
v 0.05111 1.58443 0.08386
v 0.05119 1.58044 0.10403
v 0.04868 1.58317 0.08244
v 0.05394 1.58244 0.10099
v 0.04626 1.58177 0.08153
v 0.05510 1.58460 0.09784
v 0.04360 1.58030 0.08127
v 0.04122 1.57499 0.08130
v 0.03697 1.57497 0.08232
v 0.05717 1.57459 0.09014
v 0.05592 1.57491 0.08722
v 0.04560 1.57480 0.10647
v 0.05425 1.57499 0.08496
v 0.05231 1.57497 0.08304
v 0.05157 1.57380 0.10315
v 0.05016 1.57491 0.08169
v 0.05488 1.57380 0.10022
v 0.04771 1.57490 0.08091
v 0.05658 1.57452 0.09720
v 0.04477 1.57495 0.08075
v 0.05758 1.57448 0.09355
v 0.04471 1.57067 0.10637
v 0.05400 1.56421 0.08860
v 0.05235 1.56475 0.08598
v 0.05049 1.56560 0.08401
v 0.04987 1.56767 0.10326
v 0.04836 1.56668 0.08240
v 0.05302 1.56625 0.10068
v 0.04608 1.56800 0.08141
v 0.05479 1.56587 0.09789
v 0.04356 1.56960 0.08122
v 0.05555 1.56481 0.09476
v 0.04036 1.57137 0.08152
v 0.05508 1.56418 0.09152
v 0.03646 1.57284 0.08246
v 0.04955 1.55627 0.09218
v 0.04809 1.55683 0.08950
v 0.04635 1.55791 0.08714
v 0.04662 1.56321 0.10504
v 0.04432 1.55974 0.08502
v 0.04898 1.56075 0.10285
v 0.04242 1.56203 0.08347
v 0.05029 1.55946 0.10054
v 0.04044 1.56491 0.08256
v 0.05090 1.55773 0.09759
v 0.03809 1.56814 0.08230
v 0.05058 1.55658 0.09494
v 0.03531 1.57106 0.08288
v 0.04323 1.56797 0.10688
v 0.04187 1.55138 0.09314
v 0.04047 1.55276 0.09066
v 0.04254 1.56052 0.10773
v 0.03879 1.55502 0.08809
v 0.04389 1.55723 0.10629
v 0.03724 1.55809 0.08586
v 0.04454 1.55546 0.10376
v 0.03601 1.56182 0.08428
v 0.04435 1.55312 0.10096
v 0.03488 1.56597 0.08348
v 0.04380 1.55152 0.09821
v 0.03388 1.56967 0.08333
v 0.04293 1.55097 0.09578
v 0.04088 1.56717 0.10794
v 0.03360 1.54959 0.09532
v 0.03272 1.55107 0.09296
v 0.03745 1.55985 0.10992
v 0.03183 1.55342 0.09057
v 0.03764 1.55620 0.10886
v 0.03114 1.55671 0.08818
v 0.03788 1.55414 0.10640
v 0.03089 1.56062 0.08610
v 0.03675 1.55142 0.10349
v 0.03115 1.56513 0.08473
v 0.03554 1.54980 0.10055
v 0.03171 1.56951 0.08404
v 0.03444 1.54917 0.09787
v 0.03765 1.56678 0.10925
v 0.02439 1.55292 0.09497
v 0.02451 1.55511 0.09244
v 0.03233 1.56167 0.11100
v 0.03123 1.55822 0.11003
v 0.02493 1.55807 0.08999
v 0.03059 1.55582 0.10756
v 0.02595 1.56168 0.08770
v 0.02858 1.55336 0.10487
v 0.02773 1.56580 0.08593
v 0.02682 1.55182 0.10215
v 0.02956 1.56954 0.08482
v 0.02550 1.55125 0.09983
v 0.03438 1.56786 0.11037
v 0.02470 1.55160 0.09737
v 0.02804 1.56557 0.11120
v 0.02559 1.56274 0.11039
v 0.01855 1.55969 0.09404
v 0.01997 1.56194 0.09142
v 0.02420 1.56045 0.10834
v 0.02207 1.56468 0.08910
v 0.02170 1.55842 0.10627
v 0.02497 1.56780 0.08699
v 0.01957 1.55717 0.10419
v 0.02842 1.57085 0.08517
v 0.01814 1.55674 0.10183
v 0.03219 1.56918 0.11087
v 0.01753 1.55706 0.09934
v 0.01777 1.55800 0.09664
v 0.01502 1.56631 0.09521
v 0.01701 1.56761 0.09254
v 0.02227 1.56911 0.11101
v 0.02027 1.56729 0.10953
v 0.01957 1.56915 0.09003
v 0.01763 1.56584 0.10776
v 0.02310 1.57088 0.08764
v 0.01535 1.56511 0.10567
v 0.02739 1.57264 0.08558
v 0.01389 1.56485 0.10329
v 0.03116 1.57211 0.11106
v 0.01339 1.56486 0.10077
v 0.01380 1.56547 0.09796
v 0.02547 1.57090 0.11176
v 0.02133 1.57658 0.11175
v 0.01895 1.57543 0.11047
v 0.01605 1.57430 0.09299
v 0.01879 1.57439 0.09036
v 0.01623 1.57469 0.10870
v 0.02253 1.57455 0.08785
v 0.01400 1.57448 0.10665
v 0.02716 1.57475 0.08575
v 0.01262 1.57431 0.10432
v 0.03094 1.57632 0.11139
v 0.01209 1.57421 0.10158
v 0.01267 1.57419 0.09872
v 0.02497 1.57700 0.11231
v 0.01402 1.57424 0.09582
v 0.01705 1.58118 0.09288
v 0.01964 1.57980 0.09015
v 0.02039 1.58352 0.11045
v 0.01752 1.58358 0.10881
v 0.02311 1.57825 0.08777
v 0.01540 1.58399 0.10674
v 0.02739 1.57687 0.08564
v 0.01407 1.58403 0.10434
v 0.03196 1.58043 0.11179
v 0.01353 1.58372 0.10151
v 0.01405 1.58318 0.09857
v 0.02659 1.58288 0.11246
v 0.01524 1.58230 0.09571
v 0.02309 1.58388 0.11189
v 0.03342 1.58309 0.11186
v 0.03468 1.58066 0.11100
v 0.03826 1.58043 0.10994
v 0.03398 1.57603 0.11052
v 0.03393 1.57138 0.11021
v 0.04137 1.57069 0.10762
v 0.03768 1.57064 0.10897
v 0.04196 1.57518 0.10790
v 0.03794 1.57560 0.10935
v 0.04189 1.57965 0.10845
v 0.03045 1.58706 0.11238
v 0.02702 1.58266 0.11245
v 0.02541 1.57695 0.11228
v 0.02589 1.57103 0.11175
v 0.02835 1.56584 0.11123
v 0.03253 1.56213 0.11101
v 0.03747 1.56035 0.10996
v 0.04240 1.56098 0.10781
v 0.04634 1.56360 0.10521
v 0.04948 1.56794 0.10357
v 0.05114 1.57388 0.10345
v 0.05078 1.58027 0.10433
v 0.04856 1.58534 0.10639
v 0.04507 1.58901 0.10878
v 0.04029 1.59068 0.11083
v 0.03506 1.58992 0.11190
v 0.03210 1.57678 0.08399
v 0.03199 1.57844 0.08402
v 0.03216 1.57494 0.08396
v 0.03209 1.57298 0.08395
v 0.03197 1.57131 0.08395
v -0.01762 1.59188 0.10006
v -0.02432 1.59734 0.09755
v -0.02417 1.59602 0.09500
v -0.01778 1.59082 0.09727
v -0.03496 1.59044 0.11189
v -0.03018 1.58743 0.11234
v -0.02424 1.59388 0.09242
v -0.01865 1.58926 0.09451
v -0.03296 1.59354 0.11033
v -0.02715 1.58976 0.11153
v -0.02483 1.59098 0.09002
v -0.02003 1.58707 0.09188
v -0.03024 1.59463 0.10789
v -0.02414 1.59017 0.10950
v -0.02583 1.58750 0.08788
v -0.02209 1.58435 0.08933
v -0.02794 1.59640 0.10519
v -0.02138 1.59128 0.10752
v -0.02769 1.58353 0.08613
v -0.02497 1.58137 0.08719
v -0.02634 1.59758 0.10265
v -0.01945 1.59213 0.10531
v -0.02957 1.58002 0.08494
v -0.02843 1.57865 0.08528
v -0.02503 1.59783 0.10010
v -0.01815 1.59225 0.10285
v -0.03084 1.59243 0.08776
v -0.03069 1.58862 0.08606
v -0.03759 1.59652 0.10558
v -0.03646 1.59853 0.10237
v -0.03109 1.58434 0.08487
v -0.03528 1.59973 0.09945
v -0.03172 1.58018 0.08415
v -0.03430 1.60005 0.09688
v -0.03572 1.58389 0.11143
v -0.03881 1.58422 0.11048
v -0.03333 1.59942 0.09442
v -0.03241 1.59794 0.09208
v -0.04037 1.59120 0.11076
v -0.03148 1.59563 0.08977
v -0.03966 1.59467 0.10863
v -0.04516 1.59575 0.10219
v -0.04527 1.59738 0.09883
v -0.03589 1.58771 0.08421
v -0.03483 1.58372 0.08357
v -0.04488 1.59828 0.09610
v -0.03388 1.58015 0.08340
v -0.04398 1.59855 0.09358
v -0.04182 1.58346 0.10925
v -0.04274 1.59801 0.09116
v -0.04094 1.59656 0.08894
v -0.04535 1.58953 0.10864
v -0.03890 1.59422 0.08700
v -0.04592 1.59320 0.10559
v -0.03714 1.59117 0.08537
v -0.04048 1.58476 0.08254
v -0.03809 1.58173 0.08237
v -0.05179 1.59336 0.09606
v -0.05162 1.59414 0.09300
v -0.03532 1.57886 0.08283
v -0.05079 1.59416 0.09031
v -0.04432 1.58197 0.10778
v -0.04938 1.59344 0.08800
v -0.04736 1.59202 0.08600
v -0.04884 1.58566 0.10617
v -0.04496 1.58993 0.08437
v -0.05065 1.58914 0.10317
v -0.04263 1.58742 0.08326
v -0.05112 1.59180 0.09947
v -0.05612 1.58564 0.09421
v -0.05600 1.58608 0.09096
v -0.04037 1.57865 0.08153
v -0.03647 1.57706 0.08248
v -0.05502 1.58601 0.08813
v -0.04527 1.57888 0.10703
v -0.05325 1.58545 0.08576
v -0.05111 1.58443 0.08386
v -0.05119 1.58044 0.10403
v -0.04868 1.58317 0.08244
v -0.05394 1.58244 0.10099
v -0.04626 1.58177 0.08153
v -0.05510 1.58460 0.09784
v -0.04360 1.58030 0.08127
v -0.04122 1.57499 0.08130
v -0.03697 1.57497 0.08232
v -0.05717 1.57459 0.09014
v -0.05592 1.57491 0.08722
v -0.04560 1.57480 0.10647
v -0.05425 1.57499 0.08496
v -0.05231 1.57497 0.08304
v -0.05157 1.57380 0.10315
v -0.05016 1.57491 0.08169
v -0.05488 1.57380 0.10022
v -0.04771 1.57490 0.08091
v -0.05658 1.57452 0.09720
v -0.04477 1.57495 0.08075
v -0.05758 1.57448 0.09355
v -0.04471 1.57067 0.10637
v -0.05400 1.56421 0.08860
v -0.05235 1.56475 0.08598
v -0.05049 1.56560 0.08401
v -0.04987 1.56767 0.10326
v -0.04836 1.56668 0.08240
v -0.05302 1.56625 0.10068
v -0.04608 1.56800 0.08141
v -0.05479 1.56587 0.09789
v -0.04356 1.56960 0.08122
v -0.05555 1.56481 0.09476
v -0.04036 1.57137 0.08152
v -0.05508 1.56418 0.09152
v -0.03646 1.57284 0.08246
v -0.04955 1.55627 0.09218
v -0.04809 1.55683 0.08950
v -0.04635 1.55791 0.08714
v -0.04662 1.56321 0.10504
v -0.04432 1.55974 0.08502
v -0.04898 1.56075 0.10285
v -0.04242 1.56203 0.08347
v -0.05029 1.55946 0.10054
v -0.04044 1.56491 0.08256
v -0.05090 1.55773 0.09759
v -0.03809 1.56814 0.08230
v -0.05058 1.55658 0.09494
v -0.03531 1.57106 0.08288
v -0.04323 1.56797 0.10688
v -0.04187 1.55138 0.09314
v -0.04047 1.55276 0.09066
v -0.04254 1.56052 0.10773
v -0.03879 1.55502 0.08809
v -0.04389 1.55723 0.10629
v -0.03724 1.55809 0.08586
v -0.04454 1.55546 0.10376
v -0.03601 1.56182 0.08428
v -0.04435 1.55312 0.10096
v -0.03488 1.56597 0.08348
v -0.04380 1.55152 0.09821
v -0.03388 1.56967 0.08333
v -0.04293 1.55097 0.09578
v -0.04088 1.56717 0.10794
v -0.03360 1.54959 0.09532
v -0.03272 1.55107 0.09296
v -0.03745 1.55985 0.10992
v -0.03183 1.55342 0.09057
v -0.03764 1.55620 0.10886
v -0.03114 1.55671 0.08818
v -0.03788 1.55414 0.10640
v -0.03089 1.56062 0.08610
v -0.03675 1.55142 0.10349
v -0.03115 1.56513 0.08473
v -0.03554 1.54980 0.10055
v -0.03171 1.56951 0.08404
v -0.03444 1.54917 0.09787
v -0.03765 1.56678 0.10925
v -0.02439 1.55292 0.09497
v -0.02451 1.55511 0.09244
v -0.03233 1.56167 0.11100
v -0.03123 1.55822 0.11003
v -0.02493 1.55807 0.08999
v -0.03059 1.55582 0.10756
v -0.02595 1.56168 0.08770
v -0.02858 1.55336 0.10487
v -0.02773 1.56580 0.08593
v -0.02682 1.55182 0.10215
v -0.02956 1.56954 0.08482
v -0.02550 1.55125 0.09983
v -0.03438 1.56786 0.11037
v -0.02470 1.55160 0.09737
v -0.02804 1.56557 0.11120
v -0.02559 1.56274 0.11039
v -0.01855 1.55969 0.09404
v -0.01997 1.56194 0.09142
v -0.02420 1.56045 0.10834
v -0.02207 1.56468 0.08910
v -0.02170 1.55842 0.10627
v -0.02497 1.56780 0.08699
v -0.01957 1.55717 0.10419
v -0.02842 1.57085 0.08517
v -0.01814 1.55674 0.10183
v -0.03219 1.56918 0.11087
v -0.01753 1.55706 0.09934
v -0.01777 1.55800 0.09664
v -0.01502 1.56631 0.09521
v -0.01701 1.56761 0.09254
v -0.02227 1.56911 0.11101
v -0.02027 1.56729 0.10953
v -0.01957 1.56915 0.09003
v -0.01763 1.56584 0.10776
v -0.02310 1.57088 0.08764
v -0.01535 1.56511 0.10567
v -0.02739 1.57264 0.08558
v -0.01389 1.56485 0.10329
v -0.03116 1.57211 0.11106
v -0.01339 1.56486 0.10077
v -0.01380 1.56547 0.09796
v -0.02547 1.57090 0.11176
v -0.02133 1.57658 0.11175
v -0.01895 1.57543 0.11047
v -0.01605 1.57430 0.09299
v -0.01879 1.57439 0.09036
v -0.01623 1.57469 0.10870
v -0.02253 1.57455 0.08785
v -0.01400 1.57448 0.10665
v -0.02716 1.57475 0.08575
v -0.01262 1.57431 0.10432
v -0.03094 1.57632 0.11139
v -0.01209 1.57421 0.10158
v -0.01267 1.57419 0.09872
v -0.02497 1.57700 0.11231
v -0.01402 1.57424 0.09582
v -0.01705 1.58118 0.09288
v -0.01964 1.57980 0.09015
v -0.02039 1.58352 0.11045
v -0.01752 1.58358 0.10881
v -0.02311 1.57825 0.08777
v -0.01540 1.58399 0.10674
v -0.02739 1.57687 0.08564
v -0.01407 1.58403 0.10434
v -0.03196 1.58043 0.11179
v -0.01353 1.58372 0.10151
v -0.01405 1.58318 0.09857
v -0.02659 1.58288 0.11246
v -0.01524 1.58230 0.09571
v -0.02309 1.58388 0.11189
v -0.03342 1.58309 0.11186
v -0.03468 1.58066 0.11100
v -0.03826 1.58043 0.10994
v -0.03398 1.57603 0.11052
v -0.03393 1.57138 0.11021
v -0.04137 1.57069 0.10762
v -0.03768 1.57064 0.10897
v -0.04196 1.57518 0.10790
v -0.03794 1.57560 0.10935
v -0.04189 1.57965 0.10845
v -0.03045 1.58706 0.11238
v -0.02702 1.58266 0.11245
v -0.02541 1.57695 0.11228
v -0.02589 1.57103 0.11175
v -0.02835 1.56584 0.11123
v -0.03253 1.56213 0.11101
v -0.03747 1.56035 0.10996
v -0.04240 1.56098 0.10781
v -0.04634 1.56360 0.10521
v -0.04948 1.56794 0.10357
v -0.05114 1.57388 0.10345
v -0.05078 1.58027 0.10433
v -0.04856 1.58534 0.10639
v -0.04507 1.58901 0.10878
v -0.04029 1.59068 0.11083
v -0.03506 1.58992 0.11190
v -0.03210 1.57678 0.08399
v -0.03199 1.57844 0.08402
v -0.03216 1.57494 0.08396
v -0.03209 1.57298 0.08395
v -0.03197 1.57131 0.08395
v 0.00411 1.51544 0.12124
v 0.00434 1.51616 0.12146
v 0.00440 1.51770 0.12211
v 0.00444 1.51935 0.12269
v 0.00439 1.52076 0.12317
v 0.00422 1.52123 0.12328
v 0.00368 1.51929 0.11963
v 0.00358 1.52049 0.11867
v 0.00359 1.52179 0.11832
v 0.00372 1.52232 0.11844
v 0.00372 1.52306 0.11881
v 0.00000 1.51755 0.12270
v 0.00000 1.51896 0.12313
v 0.00000 1.51891 0.11988
v 0.00000 1.52108 0.12048
v 0.00373 1.52342 0.11875
v 0.00373 1.51780 0.11990
v 0.00181 1.51608 0.12182
v 0.00188 1.51758 0.12244
v 0.00146 1.51550 0.12147
v 0.00191 1.51914 0.12294
v 0.00185 1.52040 0.12325
v 0.00171 1.52083 0.12341
v 0.00244 1.52282 0.11937
v 0.00231 1.52211 0.11919
v 0.00218 1.52155 0.11905
v 0.00258 1.52053 0.11891
v 0.00223 1.51906 0.11967
v 0.00242 1.52321 0.11943
v 0.00170 1.51762 0.12020
v 0.00802 1.51677 0.12044
v 0.00759 1.51593 0.11993
v 0.00788 1.52094 0.12210
v 0.00807 1.51971 0.12162
v 0.00809 1.51820 0.12110
v 0.00794 1.52096 0.12229
v 0.00634 1.52265 0.11815
v 0.00636 1.52191 0.11793
v 0.00638 1.52115 0.11764
v 0.00656 1.52045 0.11772
v 0.00684 1.51950 0.11821
v 0.00606 1.52331 0.11795
v 0.00707 1.51843 0.11845
v 0.01191 1.51645 0.11815
v 0.01180 1.51737 0.11889
v 0.01168 1.51891 0.11976
v 0.01155 1.52062 0.12033
v 0.01119 1.52210 0.12088
v 0.01115 1.52259 0.12170
v 0.00950 1.52029 0.11685
v 0.00922 1.52083 0.11649
v 0.00860 1.52187 0.11618
v 0.00854 1.52253 0.11641
v 0.00842 1.52337 0.11694
v 0.00806 1.52397 0.11686
v 0.00993 1.51943 0.11709
v 0.01427 1.51800 0.11679
v 0.01381 1.51738 0.11597
v 0.01424 1.52285 0.11867
v 0.01432 1.52145 0.11835
v 0.01432 1.51957 0.11762
v 0.01439 1.52296 0.11892
v 0.01084 1.52355 0.11547
v 0.01095 1.52277 0.11515
v 0.01113 1.52192 0.11477
v 0.01139 1.52109 0.11481
v 0.01173 1.52038 0.11491
v 0.01043 1.52406 0.11537
v 0.01225 1.51965 0.11510
v 0.00782 1.52169 0.12258
v 0.00550 1.52462 0.11781
v 0.01406 1.52329 0.11936
v 0.01605 1.51660 0.11385
v 0.01661 1.51740 0.11445
v 0.01660 1.51991 0.11532
v 0.01648 1.52229 0.11598
v 0.01638 1.52396 0.11641
v 0.01655 1.52453 0.11699
v 0.01357 1.52024 0.11281
v 0.01303 1.52129 0.11281
v 0.01271 1.52247 0.11301
v 0.01231 1.52356 0.11340
v 0.01233 1.52443 0.11396
v 0.01190 1.52471 0.11381
v 0.01411 1.51935 0.11304
v 0.01863 1.51894 0.11213
v 0.01803 1.51811 0.11141
v 0.01826 1.52360 0.11335
v 0.01859 1.52237 0.11301
v 0.01860 1.52041 0.11255
v 0.01842 1.52371 0.11351
v 0.01385 1.52358 0.11201
v 0.01397 1.52298 0.11175
v 0.01395 1.52193 0.11141
v 0.01405 1.52105 0.11124
v 0.01431 1.51998 0.11096
v 0.01334 1.52415 0.11190
v 0.01534 1.51952 0.11110
v 0.01863 1.52424 0.11376
v 0.01976 1.51840 0.10845
v 0.02037 1.51927 0.10897
v 0.02013 1.52076 0.10968
v 0.02005 1.52229 0.11011
v 0.01986 1.52347 0.11047
v 0.02009 1.52388 0.11066
v 0.01481 1.51962 0.10853
v 0.01464 1.52066 0.10889
v 0.01462 1.52156 0.10918
v 0.01466 1.52252 0.10957
v 0.01486 1.52308 0.10983
v 0.01424 1.52409 0.10988
v 0.01610 1.51950 0.10870
v 0.02103 1.51944 0.10709
v 0.02036 1.51863 0.10671
v 0.02062 1.52330 0.10821
v 0.02089 1.52215 0.10787
v 0.02114 1.52067 0.10747
v 0.02071 1.52352 0.10826
v 0.01602 1.52334 0.10758
v 0.01588 1.52271 0.10742
v 0.01567 1.52193 0.10709
v 0.01575 1.52101 0.10676
v 0.01607 1.52019 0.10644
v 0.01550 1.52404 0.10765
v 0.01721 1.51967 0.10675
v 0.02385 1.52938 0.08997
v 0.01855 1.52063 0.10205
v 0.01591 1.52527 0.10394
v 0.01689 1.52116 0.10199
v 0.01687 1.52196 0.10239
v 0.01691 1.52290 0.10287
v 0.01691 1.52385 0.10323
v 0.01689 1.52466 0.10377
v 0.02244 1.52399 0.10442
v 0.02227 1.52110 0.10327
v 0.02235 1.52254 0.10384
v 0.02225 1.52369 0.10428
v 0.02157 1.51918 0.10225
v 0.02202 1.52003 0.10283
v 0.01833 1.52005 0.10425
v 0.01529 1.52501 0.10582
v 0.01615 1.52411 0.10559
v 0.01617 1.52325 0.10529
v 0.01641 1.52235 0.10490
v 0.01658 1.52144 0.10425
v 0.01686 1.52057 0.10408
v 0.02229 1.52399 0.10652
v 0.02181 1.52363 0.10627
v 0.02195 1.52241 0.10586
v 0.02201 1.52078 0.10527
v 0.02235 1.51946 0.10482
v 0.02175 1.51881 0.10423
v 0.01873 1.52192 0.09745
v 0.01715 1.52695 0.09865
v 0.01686 1.52265 0.09706
v 0.01691 1.52362 0.09759
v 0.01704 1.52428 0.09776
v 0.01712 1.52545 0.09807
v 0.01739 1.52648 0.09840
v 0.02290 1.52512 0.09959
v 0.02265 1.52255 0.09866
v 0.02286 1.52379 0.09918
v 0.02283 1.52476 0.09956
v 0.02184 1.52089 0.09753
v 0.02233 1.52144 0.09805
v 0.01880 1.52093 0.10004
v 0.01598 1.52639 0.10119
v 0.01645 1.52587 0.10111
v 0.01651 1.52490 0.10070
v 0.01662 1.52385 0.10035
v 0.01688 1.52287 0.10009
v 0.01703 1.52185 0.09983
v 0.02337 1.52430 0.10231
v 0.02291 1.52412 0.10204
v 0.02292 1.52293 0.10160
v 0.02285 1.52149 0.10109
v 0.02274 1.52028 0.10064
v 0.02237 1.51951 0.10019
v 0.02413 1.52971 0.09243
v 0.02426 1.52782 0.09813
v 0.02229 1.52525 0.10468
v 0.02434 1.52618 0.10313
v 0.01873 1.52440 0.09144
v 0.01743 1.52855 0.09292
v 0.01653 1.52499 0.09094
v 0.01664 1.52576 0.09153
v 0.01682 1.52640 0.09192
v 0.01717 1.52742 0.09241
v 0.01752 1.52819 0.09267
v 0.02263 1.52721 0.09476
v 0.02267 1.52492 0.09347
v 0.02269 1.52617 0.09415
v 0.02247 1.52706 0.09458
v 0.02184 1.52299 0.09196
v 0.02242 1.52400 0.09276
v 0.01888 1.52361 0.09510
v 0.01737 1.52784 0.09610
v 0.01760 1.52723 0.09589
v 0.01731 1.52621 0.09528
v 0.01708 1.52529 0.09483
v 0.01694 1.52477 0.09463
v 0.01677 1.52375 0.09432
v 0.02313 1.52599 0.09736
v 0.02288 1.52576 0.09724
v 0.02305 1.52485 0.09686
v 0.02291 1.52381 0.09637
v 0.02258 1.52269 0.09570
v 0.02209 1.52182 0.09476
v 0.01835 1.52643 0.08667
v 0.01659 1.53073 0.08760
v 0.01613 1.52705 0.08568
v 0.01588 1.52764 0.08600
v 0.01588 1.52879 0.08643
v 0.01601 1.52965 0.08708
v 0.01628 1.53008 0.08752
v 0.02252 1.52904 0.08933
v 0.02270 1.52667 0.08840
v 0.02251 1.52791 0.08892
v 0.02221 1.52883 0.08912
v 0.02193 1.52514 0.08727
v 0.02252 1.52578 0.08783
v 0.01813 1.52519 0.08796
v 0.01887 1.52987 0.08567
v 0.01698 1.53006 0.08964
v 0.01727 1.53044 0.08625
v 0.01667 1.52968 0.08948
v 0.01636 1.52909 0.08906
v 0.01618 1.52789 0.08843
v 0.01617 1.52689 0.08782
v 0.01621 1.52609 0.08742
v 0.01704 1.52993 0.08625
v 0.01651 1.52957 0.08594
v 0.01627 1.52896 0.08558
v 0.01629 1.52808 0.08491
v 0.01635 1.52755 0.08453
v 0.01856 1.52965 0.08628
v 0.01838 1.52913 0.08584
v 0.01846 1.52849 0.08533
v 0.01840 1.52785 0.08505
v 0.01813 1.52707 0.08494
v 0.02167 1.52951 0.08679
v 0.02283 1.52855 0.09163
v 0.02124 1.52931 0.08710
v 0.02180 1.52820 0.08700
v 0.02214 1.52713 0.08682
v 0.02207 1.52635 0.08667
v 0.02190 1.52567 0.08648
v 0.02255 1.52825 0.09168
v 0.02271 1.52734 0.09133
v 0.02287 1.52598 0.09053
v 0.02275 1.52480 0.08955
v 0.02187 1.52427 0.08864
v 0.02122 1.52463 0.10885
v 0.02281 1.52565 0.10706
v 0.02031 1.52556 0.11125
v 0.01702 1.52527 0.11729
v 0.01138 1.52349 0.12200
v 0.00428 1.52199 0.12423
v 0.01218 1.52542 0.11207
v 0.01415 1.52572 0.10829
v 0.01473 1.52671 0.10423
v 0.01660 1.52815 0.09878
v 0.02336 1.52648 0.10011
v 0.02341 1.52831 0.09537
v 0.00938 1.52533 0.11559
v 0.00721 1.52545 0.11698
v 0.01089 1.52571 0.11393
v 0.01291 1.52573 0.11027
v 0.01423 1.52636 0.10639
v 0.00231 1.52455 0.11900
v 0.00366 1.52468 0.11847
v 0.01711 1.53181 0.08800
v 0.01719 1.53136 0.09023
v 0.01708 1.52966 0.09303
v 0.01707 1.52915 0.09613
v 0.01529 1.52786 0.10141
v 0.00458 1.52608 0.11752
v 0.01009 1.52744 0.11235
v 0.01228 1.52818 0.10856
v 0.01353 1.52947 0.10413
v 0.01510 1.53115 0.09890
v 0.00758 1.52698 0.11554
v 0.00599 1.52653 0.11668
v 0.00891 1.52723 0.11398
v 0.01121 1.52778 0.11046
v 0.01292 1.52877 0.10650
v 0.00209 1.52568 0.11855
v 0.00321 1.52585 0.11816
v 0.01566 1.53455 0.08798
v 0.01591 1.53395 0.09104
v 0.01588 1.53290 0.09346
v 0.01567 1.53211 0.09630
v 0.01434 1.53038 0.10160
v 0.00336 1.52701 0.11726
v 0.00745 1.52854 0.11237
v 0.00965 1.52984 0.10860
v 0.01097 1.53163 0.10420
v 0.01236 1.53378 0.09912
v 0.00542 1.52777 0.11536
v 0.00442 1.52739 0.11637
v 0.00642 1.52810 0.11396
v 0.00838 1.52905 0.11057
v 0.01032 1.53056 0.10649
v 0.00169 1.52652 0.11826
v 0.00250 1.52673 0.11785
v 0.01273 1.53764 0.08742
v 0.01321 1.53701 0.09100
v 0.01328 1.53609 0.09356
v 0.01289 1.53493 0.09644
v 0.01169 1.53266 0.10178
v 0.00193 1.52748 0.11711
v 0.00400 1.52886 0.11240
v 0.00557 1.53021 0.10858
v 0.00640 1.53234 0.10399
v 0.00709 1.53489 0.09867
v 0.00298 1.52816 0.11521
v 0.00251 1.52781 0.11627
v 0.00354 1.52851 0.11400
v 0.00472 1.52932 0.11050
v 0.00600 1.53118 0.10638
v 0.00110 1.52701 0.11810
v 0.00152 1.52722 0.11765
v 0.00707 1.53918 0.08623
v 0.00757 1.53848 0.08973
v 0.00750 1.53757 0.09247
v 0.00737 1.53627 0.09567
v 0.00673 1.53356 0.10151
v 0.00734 1.52376 0.12338
v 0.01283 1.52565 0.11954
v 0.01775 1.52652 0.11493
v 0.02368 1.53121 0.09054
v 0.02415 1.53062 0.09286
v 0.02421 1.52927 0.09840
v 0.02223 1.52682 0.10499
v 0.02431 1.52745 0.10330
v 0.02025 1.52721 0.10927
v 0.02204 1.52717 0.10723
v 0.02008 1.52691 0.11158
v 0.01631 1.52645 0.11792
v 0.01043 1.52477 0.12226
v 0.00469 1.52360 0.12443
v 0.02268 1.52827 0.10025
v 0.02375 1.52976 0.09582
v 0.00736 1.52520 0.12351
v 0.01273 1.52674 0.11996
v 0.01707 1.52772 0.11544
v 0.02347 1.53225 0.09089
v 0.02377 1.53169 0.09314
v 0.02393 1.53051 0.09879
v 0.02168 1.52857 0.10536
v 0.02375 1.52877 0.10347
v 0.01983 1.52848 0.10947
v 0.02159 1.52864 0.10757
v 0.01945 1.52816 0.11189
v 0.01555 1.52759 0.11839
v 0.01022 1.52611 0.12247
v 0.00478 1.52496 0.12464
v 0.02249 1.52965 0.10061
v 0.02343 1.53117 0.09610
v 0.00194 1.52165 0.12398
v 0.00190 1.52391 0.12460
v 0.00195 1.52522 0.12491
v 0.00322 1.51712 0.12050
v 0.00333 1.51617 0.12082
v 0.00342 1.51414 0.12080
v 0.00345 1.51199 0.12070
v 0.00326 1.50993 0.12090
v 0.00112 1.51724 0.12088
v 0.00121 1.51618 0.12114
v 0.00134 1.51404 0.12102
v 0.00130 1.51217 0.12082
v 0.00096 1.51122 0.12062
v 0.00345 1.50972 0.12079
v 0.00090 1.51101 0.12067
v 0.00277 1.51528 0.11781
v 0.00274 1.51472 0.11712
v 0.00272 1.51377 0.11633
v 0.00278 1.51300 0.11619
v 0.00282 1.51202 0.11612
v 0.00113 1.51507 0.11853
v 0.00120 1.51544 0.11890
v 0.00111 1.51316 0.11790
v 0.00115 1.51248 0.11773
v 0.00119 1.51181 0.11754
v 0.00000 1.51184 0.11823
v 0.00000 1.51137 0.11772
v 0.00122 1.51144 0.11709
v 0.00289 1.51184 0.11591
v 0.00283 1.51588 0.11865
v 0.00290 1.51665 0.11960
v 0.00600 1.51631 0.12005
v 0.00583 1.51721 0.11977
v 0.00619 1.51094 0.11943
v 0.00628 1.51234 0.11979
v 0.00618 1.51436 0.11996
v 0.00628 1.51078 0.11982
v 0.00493 1.51266 0.11600
v 0.00490 1.51346 0.11618
v 0.00486 1.51424 0.11637
v 0.00496 1.51494 0.11673
v 0.00508 1.51543 0.11733
v 0.00482 1.51241 0.11554
v 0.00526 1.51588 0.11802
v 0.00546 1.51659 0.11896
v 0.00877 1.51805 0.11903
v 0.00885 1.51692 0.11904
v 0.00915 1.51464 0.11899
v 0.00934 1.51236 0.11886
v 0.00900 1.51104 0.11824
v 0.00922 1.51062 0.11895
v 0.00730 1.51571 0.11641
v 0.00702 1.51524 0.11579
v 0.00670 1.51440 0.11506
v 0.00670 1.51365 0.11490
v 0.00676 1.51269 0.11482
v 0.00667 1.51258 0.11433
v 0.00759 1.51623 0.11700
v 0.00802 1.51697 0.11787
v 0.01119 1.51692 0.11741
v 0.01093 1.51802 0.11732
v 0.01144 1.51156 0.11681
v 0.01176 1.51264 0.11726
v 0.01163 1.51476 0.11744
v 0.01160 1.51132 0.11705
v 0.00908 1.51308 0.11376
v 0.00909 1.51387 0.11386
v 0.00910 1.51463 0.11407
v 0.00933 1.51531 0.11444
v 0.00960 1.51577 0.11503
v 0.00890 1.51294 0.11326
v 0.00993 1.51623 0.11556
v 0.01033 1.51700 0.11645
v 0.00645 1.51025 0.12005
v 0.00462 1.51174 0.11462
v 0.01176 1.51079 0.11727
v 0.01359 1.51865 0.11597
v 0.01376 1.51762 0.11595
v 0.01411 1.51480 0.11557
v 0.01415 1.51278 0.11516
v 0.01383 1.51151 0.11478
v 0.01425 1.51134 0.11492
v 0.01183 1.51593 0.11335
v 0.01141 1.51549 0.11282
v 0.01091 1.51472 0.11217
v 0.01086 1.51400 0.11199
v 0.01093 1.51301 0.11191
v 0.01065 1.51305 0.11155
v 0.01224 1.51645 0.11405
v 0.01278 1.51744 0.11485
v 0.01618 1.51763 0.11346
v 0.01570 1.51888 0.11354
v 0.01599 1.51282 0.11195
v 0.01646 1.51372 0.11248
v 0.01648 1.51542 0.11295
v 0.01629 1.51252 0.11213
v 0.01240 1.51413 0.11040
v 0.01239 1.51477 0.11055
v 0.01245 1.51582 0.11087
v 0.01248 1.51665 0.11127
v 0.01270 1.51747 0.11171
v 0.01209 1.51389 0.10997
v 0.01381 1.51747 0.11214
v 0.01475 1.51799 0.11269
v 0.01660 1.51203 0.11210
v 0.01752 1.51991 0.11095
v 0.01866 1.51811 0.11066
v 0.01871 1.51637 0.10993
v 0.01857 1.51473 0.10933
v 0.01830 1.51337 0.10883
v 0.01877 1.51294 0.10910
v 0.01330 1.51935 0.10963
v 0.01321 1.51819 0.10917
v 0.01332 1.51723 0.10879
v 0.01335 1.51600 0.10839
v 0.01351 1.51527 0.10827
v 0.01312 1.51489 0.10760
v 0.01485 1.51901 0.10986
v 0.01635 1.51911 0.11035
v 0.01974 1.51804 0.10777
v 0.01923 1.51925 0.10793
v 0.01917 1.51458 0.10638
v 0.01987 1.51554 0.10693
v 0.02012 1.51688 0.10734
v 0.01991 1.51408 0.10622
v 0.01487 1.51591 0.10551
v 0.01464 1.51688 0.10593
v 0.01437 1.51807 0.10631
v 0.01407 1.51916 0.10660
v 0.01424 1.51995 0.10689
v 0.01435 1.51560 0.10524
v 0.01577 1.51983 0.10738
v 0.01753 1.51943 0.10768
v 0.02193 1.52077 0.08436
v 0.01930 1.51971 0.10249
v 0.01743 1.52070 0.10243
v 0.01556 1.51707 0.10021
v 0.01545 1.52146 0.10210
v 0.01549 1.52065 0.10177
v 0.01574 1.51944 0.10127
v 0.01595 1.51827 0.10090
v 0.01616 1.51738 0.10078
v 0.02150 1.51497 0.10096
v 0.02171 1.51734 0.10213
v 0.02151 1.51629 0.10169
v 0.02088 1.51561 0.10116
v 0.02117 1.51957 0.10282
v 0.02153 1.51837 0.10237
v 0.01893 1.51965 0.10484
v 0.01681 1.52040 0.10468
v 0.01467 1.51622 0.10263
v 0.01528 1.51663 0.10303
v 0.01514 1.51764 0.10321
v 0.01485 1.51897 0.10354
v 0.01471 1.52017 0.10386
v 0.01498 1.52089 0.10431
v 0.02158 1.51404 0.10327
v 0.02042 1.51459 0.10328
v 0.02096 1.51555 0.10401
v 0.02109 1.51682 0.10437
v 0.02104 1.51790 0.10468
v 0.02075 1.51899 0.10473
v 0.02022 1.52091 0.09703
v 0.01792 1.52206 0.09732
v 0.01642 1.51875 0.09450
v 0.01593 1.52282 0.09708
v 0.01585 1.52189 0.09653
v 0.01616 1.52124 0.09598
v 0.01648 1.52026 0.09505
v 0.01673 1.51917 0.09479
v 0.02209 1.51681 0.09551
v 0.02241 1.51898 0.09696
v 0.02218 1.51793 0.09632
v 0.02171 1.51719 0.09575
v 0.02193 1.52105 0.09782
v 0.02226 1.51994 0.09736
v 0.01989 1.52011 0.09967
v 0.01763 1.52122 0.10003
v 0.01568 1.51787 0.09724
v 0.01601 1.51810 0.09728
v 0.01581 1.51918 0.09778
v 0.01553 1.52034 0.09859
v 0.01535 1.52148 0.09929
v 0.01538 1.52224 0.09975
v 0.02241 1.51531 0.09831
v 0.02129 1.51595 0.09814
v 0.02235 1.51643 0.09895
v 0.02249 1.51769 0.09945
v 0.02236 1.51865 0.09975
v 0.02214 1.51981 0.10013
v 0.02224 1.51896 0.08608
v 0.02264 1.51625 0.09190
v 0.02194 1.51431 0.10078
v 0.02262 1.51381 0.09783
v 0.02027 1.52318 0.09119
v 0.01816 1.52417 0.09136
v 0.01665 1.52115 0.08829
v 0.01597 1.52509 0.09081
v 0.01588 1.52419 0.09044
v 0.01611 1.52334 0.08989
v 0.01637 1.52221 0.08914
v 0.01671 1.52151 0.08860
v 0.02153 1.51917 0.08980
v 0.02207 1.52145 0.09113
v 0.02174 1.52025 0.09053
v 0.02144 1.51960 0.09010
v 0.02225 1.52329 0.09220
v 0.02238 1.52229 0.09167
v 0.02041 1.52188 0.09427
v 0.01817 1.52277 0.09452
v 0.01642 1.51963 0.09132
v 0.01663 1.52006 0.09165
v 0.01633 1.52128 0.09220
v 0.01597 1.52243 0.09310
v 0.01578 1.52298 0.09361
v 0.01594 1.52399 0.09445
v 0.02233 1.51742 0.09253
v 0.02211 1.51789 0.09280
v 0.02238 1.51874 0.09320
v 0.02259 1.52005 0.09403
v 0.02249 1.52096 0.09450
v 0.02233 1.52215 0.09490
v 0.02057 1.52523 0.08708
v 0.01829 1.52587 0.08672
v 0.01681 1.52428 0.08309
v 0.01615 1.52674 0.08633
v 0.01605 1.52612 0.08592
v 0.01615 1.52560 0.08521
v 0.01660 1.52505 0.08448
v 0.01690 1.52444 0.08421
v 0.02167 1.52165 0.08489
v 0.02243 1.52355 0.08651
v 0.02189 1.52272 0.08582
v 0.02134 1.52238 0.08518
v 0.02210 1.52532 0.08757
v 0.02239 1.52436 0.08712
v 0.02024 1.52468 0.08861
v 0.01816 1.52558 0.08876
v 0.01904 1.52490 0.08290
v 0.02034 1.52437 0.08293
v 0.01644 1.52287 0.08517
v 0.01779 1.52497 0.08278
v 0.01634 1.52313 0.08542
v 0.01611 1.52374 0.08572
v 0.01591 1.52444 0.08650
v 0.01591 1.52547 0.08738
v 0.01627 1.52609 0.08805
v 0.01774 1.52511 0.08351
v 0.01725 1.52579 0.08372
v 0.01694 1.52616 0.08421
v 0.01659 1.52665 0.08454
v 0.01661 1.52711 0.08482
v 0.01907 1.52509 0.08366
v 0.01916 1.52561 0.08383
v 0.01913 1.52608 0.08410
v 0.01881 1.52658 0.08448
v 0.01834 1.52699 0.08520
v 0.02077 1.52419 0.08378
v 0.02099 1.52485 0.08442
v 0.02102 1.52538 0.08498
v 0.02095 1.52605 0.08529
v 0.02074 1.52636 0.08594
v 0.02117 1.52351 0.08316
v 0.02185 1.52038 0.08676
v 0.02098 1.52368 0.08388
v 0.02157 1.52418 0.08466
v 0.02209 1.52474 0.08547
v 0.02215 1.52511 0.08614
v 0.02206 1.52565 0.08671
v 0.02175 1.52094 0.08703
v 0.02194 1.52145 0.08766
v 0.02255 1.52243 0.08839
v 0.02260 1.52328 0.08878
v 0.02204 1.52471 0.08895
v 0.02021 1.51325 0.10602
v 0.02167 1.51275 0.10272
v 0.01883 1.51156 0.10900
v 0.01438 1.51040 0.11447
v 0.00937 1.50918 0.11875
v 0.00386 1.50868 0.12084
v 0.01133 1.51347 0.10915
v 0.01354 1.51502 0.10466
v 0.01444 1.51673 0.09965
v 0.01580 1.51817 0.09386
v 0.02268 1.51595 0.09527
v 0.02211 1.51854 0.08941
v 0.00847 1.51243 0.11250
v 0.00642 1.51190 0.11355
v 0.00999 1.51279 0.11073
v 0.01222 1.51423 0.10673
v 0.01390 1.51585 0.10199
v 0.00303 1.51119 0.11515
v 0.01598 1.52359 0.08216
v 0.01633 1.52227 0.08472
v 0.01614 1.52061 0.08772
v 0.01593 1.51907 0.09068
v 0.01493 1.51735 0.09668
v 0.00403 1.51079 0.11358
v 0.01016 1.51249 0.10787
v 0.01233 1.51377 0.10329
v 0.01345 1.51513 0.09820
v 0.01452 1.51656 0.09236
v 0.00712 1.51148 0.11130
v 0.00550 1.51108 0.11263
v 0.00873 1.51193 0.10970
v 0.01131 1.51311 0.10564
v 0.01293 1.51439 0.10086
v 0.00278 1.51055 0.11423
v 0.01531 1.52147 0.08144
v 0.01540 1.51997 0.08380
v 0.01501 1.51885 0.08627
v 0.01468 1.51761 0.08926
v 0.01391 1.51583 0.09527
v 0.00310 1.51004 0.11291
v 0.00855 1.51160 0.10703
v 0.01058 1.51257 0.10250
v 0.01159 1.51359 0.09708
v 0.01230 1.51540 0.09096
v 0.00552 1.51068 0.11066
v 0.00420 1.51032 0.11191
v 0.00703 1.51107 0.10900
v 0.00972 1.51207 0.10487
v 0.01111 1.51310 0.09989
v 0.00218 1.51004 0.11348
v 0.01545 1.51686 0.07800
v 0.01437 1.51710 0.08175
v 0.01333 1.51695 0.08436
v 0.01266 1.51644 0.08752
v 0.01192 1.51434 0.09415
v 0.00174 1.50975 0.11246
v 0.00529 1.51101 0.10670
v 0.00672 1.51202 0.10222
v 0.00741 1.51315 0.09664
v 0.00789 1.51514 0.08981
v 0.00319 1.51014 0.11028
v 0.00238 1.50980 0.11161
v 0.00421 1.51054 0.10872
v 0.00618 1.51159 0.10461
v 0.00710 1.51258 0.09961
v 0.00124 1.50979 0.11298
v 0.00966 1.51685 0.07473
v 0.00882 1.51780 0.07838
v 0.00838 1.51763 0.08128
v 0.00808 1.51676 0.08567
v 0.00774 1.51381 0.09340
v 0.00638 1.50832 0.11953
v 0.01127 1.50908 0.11658
v 0.01573 1.51044 0.11136
v 0.02157 1.51972 0.08353
v 0.02193 1.51831 0.08597
v 0.02220 1.51570 0.09155
v 0.02187 1.51259 0.10029
v 0.02241 1.51322 0.09759
v 0.01937 1.51185 0.10523
v 0.02101 1.51208 0.10258
v 0.01856 1.51091 0.10859
v 0.01399 1.50954 0.11419
v 0.00906 1.50852 0.11843
v 0.00392 1.50788 0.12046
v 0.02191 1.51460 0.09444
v 0.02195 1.51714 0.08875
v 0.00637 1.50722 0.11866
v 0.01105 1.50807 0.11576
v 0.01541 1.50946 0.11053
v 0.02124 1.51936 0.08267
v 0.02139 1.51790 0.08506
v 0.02179 1.51498 0.09056
v 0.02148 1.51174 0.09945
v 0.02198 1.51239 0.09677
v 0.01901 1.51094 0.10433
v 0.02059 1.51121 0.10174
v 0.01815 1.50996 0.10769
v 0.01373 1.50855 0.11340
v 0.00892 1.50746 0.11754
v 0.00396 1.50679 0.11964
v 0.02152 1.51390 0.09354
v 0.02143 1.51657 0.08776
v 0.02153 1.52250 0.08233
v 0.02128 1.52162 0.08134
v 0.02070 1.52079 0.08012
v 0.00073 1.50988 0.12092
v 0.00087 1.50774 0.12064
v 0.00090 1.50658 0.11992
v 0.00060 1.50992 0.11375
v 0.00092 1.51020 0.11424
v 0.00113 1.51060 0.11500
v 0.00115 1.51108 0.11608
v 0.02295 1.53008 0.08731
v 0.02311 1.53172 0.08770
v 0.02305 1.53285 0.08795
v 0.01689 1.53209 0.08588
v 0.01496 1.53503 0.08502
v 0.01179 1.53807 0.08362
v 0.00641 1.53980 0.08238
v 0.01877 1.52977 0.08395
v 0.01736 1.53073 0.08358
v 0.02134 1.52949 0.08438
v 0.02228 1.53020 0.08448
v 0.02257 1.53157 0.08482
v 0.02255 1.53273 0.08507
v 0.01629 1.53253 0.08291
v 0.01443 1.53499 0.08185
v 0.01169 1.53764 0.08032
v 0.00645 1.54046 0.07961
v 0.01853 1.52893 0.08292
v 0.01989 1.52843 0.08326
v 0.01719 1.53007 0.08183
v 0.02106 1.52853 0.08314
v 0.02187 1.52931 0.08267
v 0.02215 1.53057 0.08222
v 0.02206 1.53235 0.08194
v 0.01605 1.53171 0.08055
v 0.01448 1.53367 0.07926
v 0.01305 1.53497 0.07817
v 0.01839 1.52772 0.08213
v 0.01983 1.52707 0.08265
v 0.01705 1.52864 0.08106
v 0.02090 1.52720 0.08248
v 0.02164 1.52766 0.08176
v 0.02181 1.52873 0.08061
v 0.02156 1.53001 0.07958
v 0.01577 1.53005 0.07928
v 0.01440 1.53150 0.07752
v 0.01339 1.53239 0.07649
v 0.01838 1.52645 0.08166
v 0.01961 1.52588 0.08199
v 0.01696 1.52723 0.08055
v 0.02075 1.52572 0.08179
v 0.02145 1.52591 0.08072
v 0.02159 1.52629 0.07933
v 0.02133 1.52677 0.07804
v 0.01575 1.52821 0.07878
v 0.01442 1.52908 0.07701
v 0.01346 1.52967 0.07601
v 0.01844 1.52565 0.08178
v 0.01965 1.52507 0.08203
v 0.01715 1.52611 0.08113
v 0.02069 1.52471 0.08155
v 0.02139 1.52430 0.08072
v 0.02136 1.52392 0.07922
v 0.02100 1.52378 0.07800
v 0.01599 1.52652 0.07993
v 0.01487 1.52683 0.07854
v 0.01400 1.52653 0.07779
v 0.01580 1.52228 0.07617
v 0.01605 1.51662 0.07503
v 0.00991 1.51707 0.07149
v 0.01158 1.53807 0.07347
v 0.00646 1.54088 0.07270
v 0.01299 1.53539 0.07156
v 0.01401 1.53276 0.07021
v 0.01529 1.52973 0.06998
v 0.01558 1.52681 0.07191
v -0.00411 1.51544 0.12124
v -0.00434 1.51616 0.12146
v -0.00440 1.51770 0.12211
v -0.00444 1.51935 0.12269
v -0.00439 1.52076 0.12317
v -0.00422 1.52123 0.12328
v -0.00368 1.51929 0.11963
v -0.00358 1.52049 0.11867
v -0.00359 1.52179 0.11832
v -0.00372 1.52232 0.11844
v -0.00372 1.52306 0.11881
v 0.00000 1.51994 0.12341
v 0.00000 1.51555 0.12167
v 0.00000 1.52028 0.12015
v 0.00000 1.51943 0.11992
v 0.00000 1.51788 0.12052
v -0.00373 1.52342 0.11875
v -0.00373 1.51780 0.11990
v -0.00181 1.51608 0.12182
v -0.00188 1.51758 0.12244
v -0.00146 1.51550 0.12147
v -0.00191 1.51914 0.12294
v -0.00185 1.52040 0.12325
v -0.00171 1.52083 0.12341
v -0.00244 1.52282 0.11937
v -0.00231 1.52211 0.11919
v -0.00218 1.52155 0.11905
v -0.00258 1.52053 0.11891
v -0.00223 1.51906 0.11967
v -0.00242 1.52321 0.11943
v -0.00170 1.51762 0.12020
v -0.00802 1.51677 0.12044
v -0.00759 1.51593 0.11993
v -0.00788 1.52094 0.12210
v -0.00807 1.51971 0.12162
v -0.00809 1.51820 0.12110
v -0.00794 1.52096 0.12229
v -0.00634 1.52265 0.11815
v -0.00636 1.52191 0.11793
v -0.00638 1.52115 0.11764
v -0.00656 1.52045 0.11772
v -0.00684 1.51950 0.11821
v -0.00606 1.52331 0.11795
v -0.00707 1.51843 0.11845
v -0.01191 1.51645 0.11815
v -0.01180 1.51737 0.11889
v -0.01168 1.51891 0.11976
v -0.01155 1.52062 0.12033
v -0.01119 1.52210 0.12088
v -0.01115 1.52259 0.12170
v -0.00950 1.52029 0.11685
v -0.00922 1.52083 0.11649
v -0.00860 1.52187 0.11618
v -0.00854 1.52253 0.11641
v -0.00842 1.52337 0.11694
v -0.00806 1.52397 0.11686
v -0.00993 1.51943 0.11709
v -0.01427 1.51800 0.11679
v -0.01381 1.51738 0.11597
v -0.01424 1.52285 0.11867
v -0.01432 1.52145 0.11835
v -0.01432 1.51957 0.11762
v -0.01439 1.52296 0.11892
v -0.01084 1.52355 0.11547
v -0.01095 1.52277 0.11515
v -0.01113 1.52192 0.11477
v -0.01139 1.52109 0.11481
v -0.01173 1.52038 0.11491
v -0.01043 1.52406 0.11537
v -0.01225 1.51965 0.11510
v -0.00782 1.52169 0.12258
v -0.00550 1.52462 0.11781
v -0.01406 1.52329 0.11936
v -0.01605 1.51660 0.11385
v -0.01661 1.51740 0.11445
v -0.01660 1.51991 0.11532
v -0.01648 1.52229 0.11598
v -0.01638 1.52396 0.11641
v -0.01655 1.52453 0.11699
v -0.01357 1.52024 0.11281
v -0.01303 1.52129 0.11281
v -0.01271 1.52247 0.11301
v -0.01231 1.52356 0.11340
v -0.01233 1.52443 0.11396
v -0.01190 1.52471 0.11381
v -0.01411 1.51935 0.11304
v -0.01863 1.51894 0.11213
v -0.01803 1.51811 0.11141
v -0.01826 1.52360 0.11335
v -0.01859 1.52237 0.11301
v -0.01860 1.52041 0.11255
v -0.01842 1.52371 0.11351
v -0.01385 1.52358 0.11201
v -0.01397 1.52298 0.11175
v -0.01395 1.52193 0.11141
v -0.01405 1.52105 0.11124
v -0.01431 1.51998 0.11096
v -0.01334 1.52415 0.11190
v -0.01534 1.51952 0.11110
v -0.01863 1.52424 0.11376
v -0.01976 1.51840 0.10845
v -0.02037 1.51927 0.10897
v -0.02013 1.52076 0.10968
v -0.02005 1.52229 0.11011
v -0.01986 1.52347 0.11047
v -0.02009 1.52388 0.11066
v -0.01481 1.51962 0.10853
v -0.01464 1.52066 0.10889
v -0.01462 1.52156 0.10918
v -0.01466 1.52252 0.10957
v -0.01486 1.52308 0.10983
v -0.01424 1.52409 0.10988
v -0.01610 1.51950 0.10870
v -0.02103 1.51944 0.10709
v -0.02036 1.51863 0.10671
v -0.02062 1.52330 0.10821
v -0.02089 1.52215 0.10787
v -0.02114 1.52067 0.10747
v -0.02071 1.52352 0.10826
v -0.01602 1.52334 0.10758
v -0.01588 1.52271 0.10742
v -0.01567 1.52193 0.10709
v -0.01575 1.52101 0.10676
v -0.01607 1.52019 0.10644
v -0.01550 1.52404 0.10765
v -0.01721 1.51967 0.10675
v -0.02385 1.52938 0.08997
v -0.01855 1.52063 0.10205
v -0.01591 1.52527 0.10394
v -0.01689 1.52116 0.10199
v -0.01687 1.52196 0.10239
v -0.01691 1.52290 0.10287
v -0.01691 1.52385 0.10323
v -0.01689 1.52466 0.10377
v -0.02244 1.52399 0.10442
v -0.02227 1.52110 0.10327
v -0.02235 1.52254 0.10384
v -0.02225 1.52369 0.10428
v -0.02157 1.51918 0.10225
v -0.02202 1.52003 0.10283
v -0.01833 1.52005 0.10425
v -0.01529 1.52501 0.10582
v -0.01615 1.52411 0.10559
v -0.01617 1.52325 0.10529
v -0.01641 1.52235 0.10490
v -0.01658 1.52144 0.10425
v -0.01686 1.52057 0.10408
v -0.02229 1.52399 0.10652
v -0.02181 1.52363 0.10627
v -0.02195 1.52241 0.10586
v -0.02201 1.52078 0.10527
v -0.02235 1.51946 0.10482
v -0.02175 1.51881 0.10423
v -0.01873 1.52192 0.09745
v -0.01715 1.52695 0.09865
v -0.01686 1.52265 0.09706
v -0.01691 1.52362 0.09759
v -0.01704 1.52428 0.09776
v -0.01712 1.52545 0.09807
v -0.01739 1.52648 0.09840
v -0.02290 1.52512 0.09959
v -0.02265 1.52255 0.09866
v -0.02286 1.52379 0.09918
v -0.02283 1.52476 0.09956
v -0.02184 1.52089 0.09753
v -0.02233 1.52144 0.09805
v -0.01880 1.52093 0.10004
v -0.01598 1.52639 0.10119
v -0.01645 1.52587 0.10111
v -0.01651 1.52490 0.10070
v -0.01662 1.52385 0.10035
v -0.01688 1.52287 0.10009
v -0.01703 1.52185 0.09983
v -0.02337 1.52430 0.10231
v -0.02291 1.52412 0.10204
v -0.02292 1.52293 0.10160
v -0.02285 1.52149 0.10109
v -0.02274 1.52028 0.10064
v -0.02237 1.51951 0.10019
v -0.02413 1.52971 0.09243
v -0.02426 1.52782 0.09813
v -0.02229 1.52525 0.10468
v -0.02434 1.52618 0.10313
v -0.01873 1.52440 0.09144
v -0.01743 1.52855 0.09292
v -0.01653 1.52499 0.09094
v -0.01664 1.52576 0.09153
v -0.01682 1.52640 0.09192
v -0.01717 1.52742 0.09241
v -0.01752 1.52819 0.09267
v -0.02263 1.52721 0.09476
v -0.02267 1.52492 0.09347
v -0.02269 1.52617 0.09415
v -0.02247 1.52706 0.09458
v -0.02184 1.52299 0.09196
v -0.02242 1.52400 0.09276
v -0.01888 1.52361 0.09510
v -0.01737 1.52784 0.09610
v -0.01760 1.52723 0.09589
v -0.01731 1.52621 0.09528
v -0.01708 1.52529 0.09483
v -0.01694 1.52477 0.09463
v -0.01677 1.52375 0.09432
v -0.02313 1.52599 0.09736
v -0.02288 1.52576 0.09724
v -0.02305 1.52485 0.09686
v -0.02291 1.52381 0.09637
v -0.02258 1.52269 0.09570
v -0.02209 1.52182 0.09476
v -0.01835 1.52643 0.08667
v -0.01659 1.53073 0.08760
v -0.01613 1.52705 0.08568
v -0.01588 1.52764 0.08600
v -0.01588 1.52879 0.08643
v -0.01601 1.52965 0.08708
v -0.01628 1.53008 0.08752
v -0.02252 1.52904 0.08933
v -0.02270 1.52667 0.08840
v -0.02251 1.52791 0.08892
v -0.02221 1.52883 0.08912
v -0.02193 1.52514 0.08727
v -0.02252 1.52578 0.08783
v -0.01813 1.52519 0.08796
v -0.01887 1.52987 0.08567
v -0.01698 1.53006 0.08964
v -0.01727 1.53044 0.08625
v -0.01667 1.52968 0.08948
v -0.01636 1.52909 0.08906
v -0.01618 1.52789 0.08843
v -0.01617 1.52689 0.08782
v -0.01621 1.52609 0.08742
v -0.01704 1.52993 0.08625
v -0.01651 1.52957 0.08594
v -0.01627 1.52896 0.08558
v -0.01629 1.52808 0.08491
v -0.01635 1.52755 0.08453
v -0.01856 1.52965 0.08628
v -0.01838 1.52913 0.08584
v -0.01846 1.52849 0.08533
v -0.01840 1.52785 0.08505
v -0.01813 1.52707 0.08494
v -0.02167 1.52951 0.08679
v -0.02283 1.52855 0.09163
v -0.02124 1.52931 0.08710
v -0.02180 1.52820 0.08700
v -0.02214 1.52713 0.08682
v -0.02207 1.52635 0.08667
v -0.02190 1.52567 0.08648
v -0.02255 1.52825 0.09168
v -0.02271 1.52734 0.09133
v -0.02287 1.52598 0.09053
v -0.02275 1.52480 0.08955
v -0.02187 1.52427 0.08864
v -0.02122 1.52463 0.10885
v -0.02281 1.52565 0.10706
v -0.02031 1.52556 0.11125
v -0.01702 1.52527 0.11729
v -0.01138 1.52349 0.12200
v -0.00428 1.52199 0.12423
v -0.01218 1.52542 0.11207
v -0.01415 1.52572 0.10829
v -0.01473 1.52671 0.10423
v -0.01660 1.52815 0.09878
v -0.02336 1.52648 0.10011
v -0.02341 1.52831 0.09537
v -0.00938 1.52533 0.11559
v -0.00721 1.52545 0.11698
v -0.01089 1.52571 0.11393
v -0.01291 1.52573 0.11027
v -0.01423 1.52636 0.10639
v -0.00231 1.52455 0.11900
v -0.00366 1.52468 0.11847
v -0.01711 1.53181 0.08800
v -0.01719 1.53136 0.09023
v -0.01708 1.52966 0.09303
v -0.01707 1.52915 0.09613
v -0.01529 1.52786 0.10141
v -0.00458 1.52608 0.11752
v -0.01009 1.52744 0.11235
v -0.01228 1.52818 0.10856
v -0.01353 1.52947 0.10413
v -0.01510 1.53115 0.09890
v -0.00758 1.52698 0.11554
v -0.00599 1.52653 0.11668
v -0.00891 1.52723 0.11398
v -0.01121 1.52778 0.11046
v -0.01292 1.52877 0.10650
v -0.00209 1.52568 0.11855
v -0.00321 1.52585 0.11816
v -0.01566 1.53455 0.08798
v -0.01591 1.53395 0.09104
v -0.01588 1.53290 0.09346
v -0.01567 1.53211 0.09630
v -0.01434 1.53038 0.10160
v -0.00336 1.52701 0.11726
v -0.00745 1.52854 0.11237
v -0.00965 1.52984 0.10860
v -0.01097 1.53163 0.10420
v -0.01236 1.53378 0.09912
v -0.00542 1.52777 0.11536
v -0.00442 1.52739 0.11637
v -0.00642 1.52810 0.11396
v -0.00838 1.52905 0.11057
v -0.01032 1.53056 0.10649
v -0.00169 1.52652 0.11826
v -0.00250 1.52673 0.11785
v -0.01273 1.53764 0.08742
v -0.01321 1.53701 0.09100
v -0.01328 1.53609 0.09356
v -0.01289 1.53493 0.09644
v -0.01169 1.53266 0.10178
v -0.00193 1.52748 0.11711
v -0.00400 1.52886 0.11240
v -0.00557 1.53021 0.10858
v -0.00640 1.53234 0.10399
v -0.00709 1.53489 0.09867
v -0.00298 1.52816 0.11521
v -0.00251 1.52781 0.11627
v -0.00354 1.52851 0.11400
v -0.00472 1.52932 0.11050
v -0.00600 1.53118 0.10638
v -0.00110 1.52701 0.11810
v -0.00152 1.52722 0.11765
v -0.00707 1.53918 0.08623
v -0.00757 1.53848 0.08973
v -0.00750 1.53757 0.09247
v -0.00737 1.53627 0.09567
v -0.00673 1.53356 0.10151
v -0.00734 1.52376 0.12338
v -0.01283 1.52565 0.11954
v -0.01775 1.52652 0.11493
v -0.02368 1.53121 0.09054
v -0.02415 1.53062 0.09286
v -0.02421 1.52927 0.09840
v -0.02223 1.52682 0.10499
v -0.02431 1.52745 0.10330
v -0.02025 1.52721 0.10927
v -0.02204 1.52717 0.10723
v -0.02008 1.52691 0.11158
v -0.01631 1.52645 0.11792
v -0.01043 1.52477 0.12226
v -0.00469 1.52360 0.12443
v -0.02268 1.52827 0.10025
v -0.02375 1.52976 0.09582
v -0.00736 1.52520 0.12351
v -0.01273 1.52674 0.11996
v -0.01707 1.52772 0.11544
v -0.02347 1.53225 0.09089
v -0.02377 1.53169 0.09314
v -0.02393 1.53051 0.09879
v -0.02168 1.52857 0.10536
v -0.02375 1.52877 0.10347
v -0.01983 1.52848 0.10947
v -0.02159 1.52864 0.10757
v -0.01945 1.52816 0.11189
v -0.01555 1.52759 0.11839
v -0.01022 1.52611 0.12247
v -0.00478 1.52496 0.12464
v -0.02249 1.52965 0.10061
v -0.02343 1.53117 0.09610
v -0.00194 1.52165 0.12398
v -0.00190 1.52391 0.12460
v -0.00195 1.52522 0.12491
v -0.00322 1.51712 0.12050
v -0.00333 1.51617 0.12082
v -0.00342 1.51414 0.12080
v -0.00345 1.51199 0.12070
v -0.00326 1.50993 0.12090
v -0.00112 1.51724 0.12088
v -0.00121 1.51618 0.12114
v -0.00134 1.51404 0.12102
v -0.00130 1.51217 0.12082
v -0.00096 1.51122 0.12062
v -0.00345 1.50972 0.12079
v -0.00090 1.51101 0.12067
v -0.00277 1.51528 0.11781
v -0.00274 1.51472 0.11712
v -0.00272 1.51377 0.11633
v -0.00278 1.51300 0.11619
v -0.00282 1.51202 0.11612
v -0.00113 1.51507 0.11853
v -0.00120 1.51544 0.11890
v -0.00111 1.51316 0.11790
v -0.00115 1.51248 0.11773
v -0.00119 1.51181 0.11754
v -0.00108 1.51632 0.11987
v 0.00000 1.51259 0.11847
v 0.00000 1.51333 0.11861
v 0.00000 1.51492 0.11891
v 0.00000 1.51528 0.11903
v -0.00122 1.51144 0.11709
v 0.00000 1.51603 0.12006
v -0.00289 1.51184 0.11591
v -0.00283 1.51588 0.11865
v -0.00290 1.51665 0.11960
v -0.00600 1.51631 0.12005
v -0.00583 1.51721 0.11977
v -0.00619 1.51094 0.11943
v -0.00628 1.51234 0.11979
v -0.00618 1.51436 0.11996
v -0.00628 1.51078 0.11982
v -0.00493 1.51266 0.11600
v -0.00490 1.51346 0.11618
v -0.00486 1.51424 0.11637
v -0.00496 1.51494 0.11673
v -0.00508 1.51543 0.11733
v -0.00482 1.51241 0.11554
v -0.00526 1.51588 0.11802
v -0.00546 1.51659 0.11896
v -0.00877 1.51805 0.11903
v -0.00885 1.51692 0.11904
v -0.00915 1.51464 0.11899
v -0.00934 1.51236 0.11886
v -0.00900 1.51104 0.11824
v -0.00922 1.51062 0.11895
v -0.00730 1.51571 0.11641
v -0.00702 1.51524 0.11579
v -0.00670 1.51440 0.11506
v -0.00670 1.51365 0.11490
v -0.00676 1.51269 0.11482
v -0.00667 1.51258 0.11433
v -0.00759 1.51623 0.11700
v -0.00802 1.51697 0.11787
v -0.01119 1.51692 0.11741
v -0.01093 1.51802 0.11732
v -0.01144 1.51156 0.11681
v -0.01176 1.51264 0.11726
v -0.01163 1.51476 0.11744
v -0.01160 1.51132 0.11705
v -0.00908 1.51308 0.11376
v -0.00909 1.51387 0.11386
v -0.00910 1.51463 0.11407
v -0.00933 1.51531 0.11444
v -0.00960 1.51577 0.11503
v -0.00890 1.51294 0.11326
v -0.00993 1.51623 0.11556
v -0.01033 1.51700 0.11645
v -0.00645 1.51025 0.12005
v -0.00462 1.51174 0.11462
v -0.01176 1.51079 0.11727
v -0.01359 1.51865 0.11597
v -0.01376 1.51762 0.11595
v -0.01411 1.51480 0.11557
v -0.01415 1.51278 0.11516
v -0.01383 1.51151 0.11478
v -0.01425 1.51134 0.11492
v -0.01183 1.51593 0.11335
v -0.01141 1.51549 0.11282
v -0.01091 1.51472 0.11217
v -0.01086 1.51400 0.11199
v -0.01093 1.51301 0.11191
v 0.00000 1.50774 0.12074
v -0.01065 1.51305 0.11155
v -0.01224 1.51645 0.11405
v -0.01278 1.51744 0.11485
v -0.01618 1.51763 0.11346
v -0.01570 1.51888 0.11354
v -0.01599 1.51282 0.11195
v -0.01646 1.51372 0.11248
v -0.01648 1.51542 0.11295
v -0.01629 1.51252 0.11213
v -0.01240 1.51413 0.11040
v -0.01239 1.51477 0.11055
v -0.01245 1.51582 0.11087
v -0.01248 1.51665 0.11127
v -0.01270 1.51747 0.11171
v -0.01209 1.51389 0.10997
v -0.01381 1.51747 0.11214
v -0.01475 1.51799 0.11269
v -0.01660 1.51203 0.11210
v -0.01752 1.51991 0.11095
v -0.01866 1.51811 0.11066
v -0.01871 1.51637 0.10993
v -0.01857 1.51473 0.10933
v -0.01830 1.51337 0.10883
v -0.01877 1.51294 0.10910
v -0.01330 1.51935 0.10963
v -0.01321 1.51819 0.10917
v -0.01332 1.51723 0.10879
v -0.01335 1.51600 0.10839
v -0.01351 1.51527 0.10827
v -0.01312 1.51489 0.10760
v -0.01485 1.51901 0.10986
v -0.01635 1.51911 0.11035
v -0.01974 1.51804 0.10777
v -0.01923 1.51925 0.10793
v -0.01917 1.51458 0.10638
v -0.01987 1.51554 0.10693
v -0.02012 1.51688 0.10734
v -0.01991 1.51408 0.10622
v -0.01487 1.51591 0.10551
v -0.01464 1.51688 0.10593
v -0.01437 1.51807 0.10631
v -0.01407 1.51916 0.10660
v -0.01424 1.51995 0.10689
v -0.01435 1.51560 0.10524
v -0.01577 1.51983 0.10738
v -0.01753 1.51943 0.10768
v -0.02193 1.52077 0.08436
v -0.01930 1.51971 0.10249
v -0.01743 1.52070 0.10243
v -0.01556 1.51707 0.10021
v -0.01545 1.52146 0.10210
v -0.01549 1.52065 0.10177
v -0.01574 1.51944 0.10127
v -0.01595 1.51827 0.10090
v -0.01616 1.51738 0.10078
v -0.02150 1.51497 0.10096
v -0.02171 1.51734 0.10213
v -0.02151 1.51629 0.10169
v -0.02088 1.51561 0.10116
v -0.02117 1.51957 0.10282
v -0.02153 1.51837 0.10237
v -0.01893 1.51965 0.10484
v -0.01681 1.52040 0.10468
v -0.01467 1.51622 0.10263
v -0.01528 1.51663 0.10303
v -0.01514 1.51764 0.10321
v -0.01485 1.51897 0.10354
v -0.01471 1.52017 0.10386
v -0.01498 1.52089 0.10431
v -0.02158 1.51404 0.10327
v -0.02042 1.51459 0.10328
v -0.02096 1.51555 0.10401
v -0.02109 1.51682 0.10437
v -0.02104 1.51790 0.10468
v -0.02075 1.51899 0.10473
v -0.02022 1.52091 0.09703
v -0.01792 1.52206 0.09732
v -0.01642 1.51875 0.09450
v -0.01593 1.52282 0.09708
v -0.01585 1.52189 0.09653
v -0.01616 1.52124 0.09598
v -0.01648 1.52026 0.09505
v -0.01673 1.51917 0.09479
v -0.02209 1.51681 0.09551
v -0.02241 1.51898 0.09696
v -0.02218 1.51793 0.09632
v -0.02171 1.51719 0.09575
v -0.02193 1.52105 0.09782
v -0.02226 1.51994 0.09736
v -0.01989 1.52011 0.09967
v -0.01763 1.52122 0.10003
v -0.01568 1.51787 0.09724
v -0.01601 1.51810 0.09728
v -0.01581 1.51918 0.09778
v -0.01553 1.52034 0.09859
v -0.01535 1.52148 0.09929
v -0.01538 1.52224 0.09975
v -0.02241 1.51531 0.09831
v -0.02129 1.51595 0.09814
v -0.02235 1.51643 0.09895
v -0.02249 1.51769 0.09945
v -0.02236 1.51865 0.09975
v -0.02214 1.51981 0.10013
v -0.02224 1.51896 0.08608
v -0.02264 1.51625 0.09190
v -0.02194 1.51431 0.10078
v -0.02262 1.51381 0.09783
v -0.02027 1.52318 0.09119
v -0.01816 1.52417 0.09136
v -0.01665 1.52115 0.08829
v -0.01597 1.52509 0.09081
v -0.01588 1.52419 0.09044
v -0.01611 1.52334 0.08989
v -0.01637 1.52221 0.08914
v -0.01671 1.52151 0.08860
v -0.02153 1.51917 0.08980
v -0.02207 1.52145 0.09113
v -0.02174 1.52025 0.09053
v -0.02144 1.51960 0.09010
v -0.02225 1.52329 0.09220
v -0.02238 1.52229 0.09167
v -0.02041 1.52188 0.09427
v -0.01817 1.52277 0.09452
v -0.01642 1.51963 0.09132
v -0.01663 1.52006 0.09165
v -0.01633 1.52128 0.09220
v -0.01597 1.52243 0.09310
v -0.01578 1.52298 0.09361
v -0.01594 1.52399 0.09445
v -0.02233 1.51742 0.09253
v -0.02211 1.51789 0.09280
v -0.02238 1.51874 0.09320
v -0.02259 1.52005 0.09403
v -0.02249 1.52096 0.09450
v -0.02233 1.52215 0.09490
v -0.02057 1.52523 0.08708
v -0.01829 1.52587 0.08672
v -0.01681 1.52428 0.08309
v -0.01615 1.52674 0.08633
v -0.01605 1.52612 0.08592
v -0.01615 1.52560 0.08521
v -0.01660 1.52505 0.08448
v -0.01690 1.52444 0.08421
v -0.02167 1.52165 0.08489
v -0.02243 1.52355 0.08651
v -0.02189 1.52272 0.08582
v -0.02134 1.52238 0.08518
v -0.02210 1.52532 0.08757
v -0.02239 1.52436 0.08712
v -0.02024 1.52468 0.08861
v -0.01816 1.52558 0.08876
v -0.01904 1.52490 0.08290
v -0.02034 1.52437 0.08293
v -0.01644 1.52287 0.08517
v -0.01779 1.52497 0.08278
v -0.01634 1.52313 0.08542
v -0.01611 1.52374 0.08572
v -0.01591 1.52444 0.08650
v -0.01591 1.52547 0.08738
v -0.01627 1.52609 0.08805
v -0.01774 1.52511 0.08351
v -0.01725 1.52579 0.08372
v -0.01694 1.52616 0.08421
v -0.01659 1.52665 0.08454
v -0.01661 1.52711 0.08482
v -0.01907 1.52509 0.08366
v -0.01916 1.52561 0.08383
v -0.01913 1.52608 0.08410
v -0.01881 1.52658 0.08448
v -0.01834 1.52699 0.08520
v -0.02077 1.52419 0.08378
v -0.02099 1.52485 0.08442
v -0.02102 1.52538 0.08498
v -0.02095 1.52605 0.08529
v -0.02074 1.52636 0.08594
v -0.02117 1.52351 0.08316
v -0.02185 1.52038 0.08676
v -0.02098 1.52368 0.08388
v -0.02157 1.52418 0.08466
v -0.02209 1.52474 0.08547
v -0.02215 1.52511 0.08614
v -0.02206 1.52565 0.08671
v -0.02175 1.52094 0.08703
v -0.02194 1.52145 0.08766
v -0.02255 1.52243 0.08839
v -0.02260 1.52328 0.08878
v -0.02204 1.52471 0.08895
v -0.02021 1.51325 0.10602
v -0.02167 1.51275 0.10272
v -0.01883 1.51156 0.10900
v -0.01438 1.51040 0.11447
v -0.00937 1.50918 0.11875
v -0.00386 1.50868 0.12084
v -0.01133 1.51347 0.10915
v -0.01354 1.51502 0.10466
v -0.01444 1.51673 0.09965
v -0.01580 1.51817 0.09386
v -0.02268 1.51595 0.09527
v -0.02211 1.51854 0.08941
v -0.00847 1.51243 0.11250
v -0.00642 1.51190 0.11355
v -0.00999 1.51279 0.11073
v -0.01222 1.51423 0.10673
v -0.01390 1.51585 0.10199
v -0.00303 1.51119 0.11515
v -0.01598 1.52359 0.08216
v -0.01633 1.52227 0.08472
v -0.01614 1.52061 0.08772
v -0.01593 1.51907 0.09068
v -0.01493 1.51735 0.09668
v -0.00403 1.51079 0.11358
v -0.01016 1.51249 0.10787
v -0.01233 1.51377 0.10329
v -0.01345 1.51513 0.09820
v -0.01452 1.51656 0.09236
v -0.00712 1.51148 0.11130
v -0.00550 1.51108 0.11263
v -0.00873 1.51193 0.10970
v -0.01131 1.51311 0.10564
v -0.01293 1.51439 0.10086
v -0.00278 1.51055 0.11423
v -0.01531 1.52147 0.08144
v -0.01540 1.51997 0.08380
v -0.01501 1.51885 0.08627
v -0.01468 1.51761 0.08926
v -0.01391 1.51583 0.09527
v -0.00310 1.51004 0.11291
v -0.00855 1.51160 0.10703
v -0.01058 1.51257 0.10250
v -0.01159 1.51359 0.09708
v -0.01230 1.51540 0.09096
v -0.00552 1.51068 0.11066
v -0.00420 1.51032 0.11191
v -0.00703 1.51107 0.10900
v -0.00972 1.51207 0.10487
v -0.01111 1.51310 0.09989
v -0.00218 1.51004 0.11348
v -0.01545 1.51686 0.07800
v -0.01437 1.51710 0.08175
v -0.01333 1.51695 0.08436
v -0.01266 1.51644 0.08752
v -0.01192 1.51434 0.09415
v -0.00174 1.50975 0.11246
v -0.00529 1.51101 0.10670
v -0.00672 1.51202 0.10222
v -0.00741 1.51315 0.09664
v -0.00789 1.51514 0.08981
v -0.00319 1.51014 0.11028
v -0.00238 1.50980 0.11161
v -0.00421 1.51054 0.10872
v -0.00618 1.51159 0.10461
v -0.00710 1.51258 0.09961
v -0.00124 1.50979 0.11298
v -0.00966 1.51685 0.07473
v -0.00882 1.51780 0.07838
v -0.00838 1.51763 0.08128
v -0.00808 1.51676 0.08567
v -0.00774 1.51381 0.09340
v -0.00638 1.50832 0.11953
v -0.01127 1.50908 0.11658
v -0.01573 1.51044 0.11136
v -0.02157 1.51972 0.08353
v -0.02193 1.51831 0.08597
v -0.02220 1.51570 0.09155
v -0.02187 1.51259 0.10029
v -0.02241 1.51322 0.09759
v -0.01937 1.51185 0.10523
v -0.02101 1.51208 0.10258
v -0.01856 1.51091 0.10859
v -0.01399 1.50954 0.11419
v -0.00906 1.50852 0.11843
v -0.00392 1.50788 0.12046
v -0.02191 1.51460 0.09444
v -0.02195 1.51714 0.08875
v -0.00637 1.50722 0.11866
v -0.01105 1.50807 0.11576
v -0.01541 1.50946 0.11053
v -0.02124 1.51936 0.08267
v -0.02139 1.51790 0.08506
v -0.02179 1.51498 0.09056
v -0.02148 1.51174 0.09945
v -0.02198 1.51239 0.09677
v -0.01901 1.51094 0.10433
v -0.02059 1.51121 0.10174
v -0.01815 1.50996 0.10769
v -0.01373 1.50855 0.11340
v -0.00892 1.50746 0.11754
v -0.00396 1.50679 0.11964
v -0.02152 1.51390 0.09354
v -0.02143 1.51657 0.08776
v -0.02153 1.52250 0.08233
v -0.02128 1.52162 0.08134
v -0.02070 1.52079 0.08012
v 0.00110 1.51452 0.11833
v -0.00110 1.51452 0.11833
v -0.00073 1.50988 0.12092
v -0.00087 1.50774 0.12064
v -0.00090 1.50658 0.11992
v -0.00060 1.50992 0.11375
v -0.00092 1.51020 0.11424
v -0.00113 1.51060 0.11500
v -0.00115 1.51108 0.11608
v -0.02295 1.53008 0.08731
v -0.02311 1.53172 0.08770
v -0.02305 1.53285 0.08795
v -0.01689 1.53209 0.08588
v -0.01496 1.53503 0.08502
v -0.01179 1.53807 0.08362
v -0.00641 1.53980 0.08238
v -0.01877 1.52977 0.08395
v -0.01736 1.53073 0.08358
v -0.02134 1.52949 0.08438
v -0.02228 1.53020 0.08448
v -0.02257 1.53157 0.08482
v -0.02255 1.53273 0.08507
v -0.01629 1.53253 0.08291
v -0.01443 1.53499 0.08185
v -0.01169 1.53764 0.08032
v -0.00645 1.54046 0.07961
v -0.01853 1.52893 0.08292
v -0.01989 1.52843 0.08326
v -0.01719 1.53007 0.08183
v -0.02106 1.52853 0.08314
v -0.02187 1.52931 0.08267
v -0.02215 1.53057 0.08222
v -0.02206 1.53235 0.08194
v -0.01605 1.53171 0.08055
v -0.01448 1.53367 0.07926
v -0.01305 1.53497 0.07817
v -0.01839 1.52772 0.08213
v -0.01983 1.52707 0.08265
v -0.01705 1.52864 0.08106
v -0.02090 1.52720 0.08248
v -0.02164 1.52766 0.08176
v -0.02181 1.52873 0.08061
v -0.02156 1.53001 0.07958
v -0.01577 1.53005 0.07928
v -0.01440 1.53150 0.07752
v -0.01339 1.53239 0.07649
v -0.01838 1.52645 0.08166
v -0.01961 1.52588 0.08199
v -0.01696 1.52723 0.08055
v -0.02075 1.52572 0.08179
v -0.02145 1.52591 0.08072
v -0.02159 1.52629 0.07933
v -0.02133 1.52677 0.07804
v -0.01575 1.52821 0.07878
v -0.01442 1.52908 0.07701
v -0.01346 1.52967 0.07601
v -0.01844 1.52565 0.08178
v -0.01965 1.52507 0.08203
v -0.01715 1.52611 0.08113
v -0.02069 1.52471 0.08155
v -0.02139 1.52430 0.08072
v -0.02136 1.52392 0.07922
v -0.02100 1.52378 0.07800
v -0.01599 1.52652 0.07993
v -0.01487 1.52683 0.07854
v -0.01400 1.52653 0.07779
v -0.01580 1.52228 0.07617
v -0.01605 1.51662 0.07503
v -0.00991 1.51707 0.07149
v -0.01158 1.53807 0.07347
v -0.00646 1.54088 0.07270
v -0.01299 1.53539 0.07156
v -0.01401 1.53276 0.07021
v -0.01529 1.52973 0.06998
v -0.01558 1.52681 0.07191
v 0.00000 1.52895 0.11257
v 0.00000 1.53005 0.10857
v 0.00000 1.53217 0.10377
v 0.00000 1.53489 0.09792
v 0.00000 1.52825 0.11525
v 0.00000 1.52791 0.11625
v 0.00000 1.52861 0.11400
v 0.00000 1.52925 0.11065
v 0.00000 1.53101 0.10637
v 0.00000 1.53925 0.08526
v 0.00000 1.53865 0.08850
v 0.00000 1.53770 0.09118
v 0.00000 1.53634 0.09459
v 0.00000 1.53349 0.10098
v 0.00000 1.51082 0.10680
v 0.00000 1.51214 0.10243
v 0.00000 1.51428 0.09646
v 0.00000 1.51604 0.08899
v 0.00000 1.50997 0.11043
v 0.00000 1.50964 0.11171
v 0.00000 1.51040 0.10886
v 0.00000 1.51140 0.10507
v 0.00000 1.51321 0.09968
v 0.00000 1.51834 0.06981
v 0.00000 1.51931 0.07250
v 0.00000 1.51899 0.07780
v 0.00000 1.51767 0.08421
v 0.00000 1.51500 0.09297
v 0.00000 1.52533 0.12508
v 0.00000 1.52403 0.12474
v 0.00000 1.52093 0.12383
v 0.00000 1.52036 0.12371
v 0.00000 1.52177 0.12079
v 0.00000 1.52430 0.11946
v 0.00000 1.52552 0.11891
v 0.00000 1.52638 0.11852
v 0.00000 1.52264 0.12031
v 0.00000 1.51143 0.12061
v 0.00000 1.51695 0.12100
v 0.00000 1.50658 0.12002
v 0.00000 1.51130 0.12067
v 0.00000 1.50988 0.12103
v 0.00000 1.50992 0.11407
v 0.00000 1.51026 0.11459
v 0.00000 1.51064 0.11547
v 0.00000 1.51105 0.11659
v 0.00000 1.50969 0.11240
v 0.00000 1.51441 0.11882
v 0.00000 1.50969 0.11297
v 0.00000 1.52761 0.11703
v 0.00000 1.52737 0.11761
v 0.00000 1.52716 0.11800
v 0.00000 1.54037 0.08134
v 0.00000 1.54152 0.07785
v 0.00000 1.51806 0.06527
v 0.00000 1.54227 0.07103
v 0.00989 1.53219 0.06237
v 0.00942 1.51903 0.06512
v 0.01045 1.52447 0.05825
v 0.00494 1.51440 0.11661
v 0.01809 1.52198 0.06494
v 0.01425 1.52305 0.09621
v 0.00737 1.52047 0.09556
v 0.00762 1.52939 0.09905
v 0.01549 1.52416 0.07949
v 0.00805 1.52073 0.07917
v 0.00830 1.53295 0.07926
v 0.00602 1.52141 0.11229
v 0.00602 1.51643 0.10904
v 0.01175 1.51849 0.10926
v -0.00989 1.53219 0.06237
v -0.00942 1.51903 0.06512
v -0.00494 1.51440 0.11661
v -0.01809 1.52198 0.06494
v -0.01425 1.52305 0.09621
v -0.00737 1.52047 0.09556
v -0.00762 1.52939 0.09905
v -0.01549 1.52416 0.07949
v -0.00805 1.52073 0.07917
v -0.01045 1.52447 0.05825
v -0.00602 1.52141 0.11229
v -0.00602 1.51643 0.10904
v -0.01175 1.51849 0.10926
v -0.00830 1.53295 0.07926
v 0.00000 1.52196 0.11337
v 0.00514 1.51711 0.11611
v 0.01652 1.52787 0.06342
v 0.01047 1.52946 0.05864
v 0.00000 1.51652 0.11005
v 0.00526 1.51397 0.11406
v 0.01576 1.51802 0.06585
v 0.00996 1.51990 0.06074
v 0.00000 1.51436 0.11748
v 0.00000 1.52569 0.05739
v 0.01706 1.52182 0.06084
v 0.00914 1.51554 0.11408
v 0.00000 1.53361 0.07898
v 0.01278 1.52697 0.09781
v 0.00000 1.52113 0.07837
v 0.01225 1.52025 0.09523
v 0.01475 1.52398 0.08854
v 0.00771 1.52091 0.08775
v 0.00796 1.53177 0.09031
v 0.01398 1.52942 0.07952
v 0.01354 1.52036 0.07967
v 0.00000 1.53325 0.06197
v 0.00000 1.52037 0.06434
v 0.01663 1.52352 0.07098
v 0.00861 1.51999 0.07121
v 0.00896 1.53315 0.06924
v 0.00000 1.52941 0.09897
v 0.00000 1.52143 0.09616
v 0.01037 1.52065 0.11087
v 0.01036 1.51667 0.10840
v 0.00699 1.52597 0.10628
v 0.00682 1.51930 0.10267
v 0.01325 1.52142 0.10313
v -0.00514 1.51711 0.11611
v -0.01652 1.52787 0.06342
v -0.00526 1.51397 0.11406
v -0.01576 1.51802 0.06585
v -0.00996 1.51990 0.06074
v -0.01706 1.52182 0.06084
v -0.00914 1.51554 0.11408
v -0.01278 1.52697 0.09781
v -0.01225 1.52025 0.09523
v -0.01475 1.52398 0.08854
v -0.00771 1.52091 0.08775
v -0.00796 1.53177 0.09031
v -0.01398 1.52942 0.07952
v -0.01354 1.52036 0.07967
v -0.01663 1.52352 0.07098
v -0.00861 1.51999 0.07121
v -0.01047 1.52946 0.05864
v -0.01037 1.52065 0.11087
v -0.01036 1.51667 0.10840
v -0.00699 1.52597 0.10628
v -0.00682 1.51930 0.10267
v -0.01325 1.52142 0.10313
v -0.00896 1.53315 0.06924
v 0.00842 1.51766 0.11404
v 0.00000 1.53060 0.05803
v 0.01529 1.52663 0.06065
v 0.00850 1.51512 0.11235
v 0.01489 1.51934 0.06237
v 0.01340 1.52872 0.08970
v 0.01291 1.52065 0.08783
v 0.01511 1.52929 0.06988
v 0.01439 1.51948 0.07168
v 0.00000 1.53364 0.06919
v 0.01172 1.52428 0.10483
v 0.01151 1.51927 0.10212
v 0.00000 1.51708 0.11695
v -0.00842 1.51766 0.11404
v -0.01529 1.52663 0.06065
v 0.00000 1.51399 0.11490
v -0.00850 1.51512 0.11235
v 0.00000 1.52115 0.05981
v -0.01489 1.51934 0.06237
v 0.00000 1.53222 0.08981
v -0.01340 1.52872 0.08970
v 0.00000 1.52180 0.08761
v -0.01291 1.52065 0.08783
v -0.01511 1.52929 0.06988
v -0.01439 1.51948 0.07168
v 0.00000 1.52122 0.07069
v 0.00000 1.52549 0.10645
v 0.00000 1.51970 0.10358
v -0.01172 1.52428 0.10483
v -0.01151 1.51927 0.10212
v 0.00000 1.51584 0.12116
v 0.00108 1.51632 0.11987
v 0.00000 1.51397 0.12109
v 0.00000 1.51223 0.12086
v 0.00000 1.51610 0.12209
v 0.03777 1.59621 0.12548
v 0.02839 1.59469 0.12912
v 0.04434 1.59744 0.12204
v 0.05636 1.59888 0.11400
v 0.02051 1.59388 0.13149
v 0.06044 1.59856 0.11074
v 0.03652 1.59911 0.12649
v 0.02453 1.59743 0.13119
v 0.04489 1.60033 0.12296
v 0.05701 1.60053 0.11403
v 0.01475 1.59596 0.13261
v 0.06447 1.59777 0.10474
v 0.05059 1.59842 0.11785
v 0.05164 1.60085 0.11848
v 0.06364 1.59878 0.10692
v 0.06101 1.60003 0.11019
v -0.03777 1.59621 0.12548
v -0.02839 1.59469 0.12912
v -0.04434 1.59744 0.12204
v -0.05636 1.59888 0.11400
v -0.02051 1.59388 0.13149
v -0.06044 1.59856 0.11074
v -0.03652 1.59911 0.12649
v -0.02453 1.59743 0.13119
v -0.04489 1.60033 0.12296
v -0.05701 1.60053 0.11403
v -0.01475 1.59596 0.13261
v -0.06447 1.59777 0.10474
v -0.05059 1.59842 0.11785
v -0.05164 1.60085 0.11848
v -0.06364 1.59878 0.10692
v -0.06101 1.60003 0.11019
v 0.04056 1.58553 0.11008
v 0.04232 1.58605 0.10956
v 0.04407 1.58555 0.10900
v 0.04519 1.58475 0.10861
v 0.04585 1.58345 0.10831
v 0.04632 1.58139 0.10799
v 0.04598 1.57933 0.10786
v 0.04526 1.57807 0.10794
v 0.04409 1.57732 0.10826
v 0.04239 1.57683 0.10880
v 0.04070 1.57716 0.10943
v 0.03955 1.57796 0.10987
v 0.03880 1.57920 0.11021
v 0.03828 1.58103 0.11051
v 0.03859 1.58300 0.11053
v 0.03932 1.58450 0.11039
v 0.03988 1.58362 0.11060
v 0.04249 1.58439 0.11005
v 0.03956 1.58105 0.11066
v 0.04007 1.57871 0.11013
v 0.04487 1.57880 0.10855
v 0.04255 1.57839 0.10955
v 0.04529 1.58135 0.10881
v 0.04262 1.58137 0.11013
v 0.04476 1.58390 0.10908
v -0.04056 1.58553 0.11008
v -0.04232 1.58605 0.10956
v -0.04407 1.58555 0.10900
v -0.04519 1.58475 0.10861
v -0.04585 1.58345 0.10831
v -0.04632 1.58139 0.10799
v -0.04598 1.57933 0.10786
v -0.04526 1.57807 0.10794
v -0.04409 1.57732 0.10826
v -0.04239 1.57683 0.10880
v -0.04070 1.57716 0.10943
v -0.03955 1.57796 0.10987
v -0.03880 1.57920 0.11021
v -0.03828 1.58103 0.11051
v -0.03859 1.58300 0.11053
v -0.03932 1.58450 0.11039
v -0.03988 1.58362 0.11060
v -0.04249 1.58439 0.11005
v -0.03956 1.58105 0.11066
v -0.04007 1.57871 0.11013
v -0.04487 1.57880 0.10855
v -0.04255 1.57839 0.10955
v -0.04529 1.58135 0.10881
v -0.04262 1.58137 0.11013
v -0.04476 1.58390 0.10908
v 0.03594 1.57010 0.11192
v 0.03693 1.57033 0.11168
v 0.03800 1.57011 0.11138
v 0.03868 1.56973 0.11117
v 0.03904 1.56891 0.11101
v 0.03924 1.56763 0.11105
v 0.03896 1.56639 0.11099
v 0.03858 1.56565 0.11111
v 0.03797 1.56533 0.11123
v 0.03698 1.56515 0.11146
v 0.03586 1.56535 0.11166
v 0.03515 1.56571 0.11179
v 0.03480 1.56651 0.11189
v 0.03463 1.56778 0.11209
v 0.03492 1.56901 0.11212
v 0.03530 1.56975 0.11205
v 0.03566 1.56927 0.11214
v 0.03696 1.56943 0.11197
v 0.03540 1.56777 0.11220
v 0.03556 1.56621 0.11199
v 0.03827 1.56614 0.11134
v 0.03699 1.56602 0.11182
v 0.03856 1.56763 0.11138
v 0.03704 1.56769 0.11206
v 0.03833 1.56922 0.11143
v -0.03594 1.57010 0.11192
v -0.03693 1.57033 0.11168
v -0.03800 1.57011 0.11138
v -0.03868 1.56973 0.11117
v -0.03904 1.56891 0.11101
v -0.03924 1.56763 0.11105
v -0.03896 1.56639 0.11099
v -0.03858 1.56565 0.11111
v -0.03797 1.56533 0.11123
v -0.03698 1.56515 0.11146
v -0.03586 1.56535 0.11166
v -0.03515 1.56571 0.11179
v -0.03480 1.56651 0.11189
v -0.03463 1.56778 0.11209
v -0.03492 1.56901 0.11212
v -0.03530 1.56975 0.11205
v -0.03566 1.56927 0.11214
v -0.03696 1.56943 0.11197
v -0.03540 1.56777 0.11220
v -0.03556 1.56621 0.11199
v -0.03827 1.56614 0.11134
v -0.03699 1.56602 0.11182
v -0.03856 1.56763 0.11138
v -0.03704 1.56769 0.11206
v -0.03833 1.56922 0.11143
v 0.20333 0.50593 -0.01239
v 0.19551 0.52388 -0.00917
v 0.18202 0.55434 -0.00495
v 0.17259 0.58318 -0.00371
v 0.15901 0.58014 -0.01037
v 0.14190 0.57877 -0.00904
v 0.13256 0.57949 -0.00584
v 0.16926 0.59739 -0.00426
v 0.15644 0.59479 -0.00995
v 0.14029 0.59367 -0.00944
v 0.13117 0.59671 -0.00707
v 0.13197 0.51731 -0.00521
v 0.17787 0.58548 0.00164
v 0.17385 0.60177 -0.00021
v 0.16654 0.60909 -0.00516
v 0.15381 0.60937 -0.01026
v 0.15076 0.62494 -0.01108
v 0.16862 0.62035 -0.00304
v 0.13914 0.60601 -0.01041
v 0.13075 0.61655 -0.00954
v 0.16571 0.64390 -0.00467
v 0.14712 0.64413 -0.01283
v 0.12403 0.64078 -0.01182
v 0.13365 0.56367 -0.00531
v 0.15276 0.56451 -0.01200
v 0.20125 0.52518 0.00245
v 0.20905 0.50736 0.00088
v 0.22001 0.46059 -0.01951
v 0.22550 0.46282 -0.00365
v 0.22760 0.43357 -0.02325
v 0.23312 0.43636 -0.00677
v 0.23222 0.40499 -0.02509
v 0.23819 0.40805 -0.00927
v 0.23307 0.37568 -0.02431
v 0.23987 0.37902 -0.00984
v 0.23033 0.34522 -0.02317
v 0.23787 0.34895 -0.01139
v 0.22591 0.28948 -0.01702
v 0.23514 0.30809 -0.00425
v 0.20199 0.27768 -0.02887
v 0.16318 0.30897 -0.00869
v 0.16993 0.56712 -0.00913
v 0.13316 0.53346 -0.00475
v 0.14368 0.53396 -0.01240
v 0.19404 0.54094 0.00304
v 0.18838 0.53968 -0.00671
v 0.18215 0.57033 0.00272
v 0.17674 0.56866 -0.00390
v 0.16180 0.56566 -0.01197
v 0.13158 0.49936 -0.00661
v 0.16263 0.66942 -0.00713
v 0.14307 0.66804 -0.01528
v 0.11732 0.66696 -0.01476
v 0.15888 0.70089 -0.01075
v 0.13809 0.69873 -0.01901
v 0.11000 0.69850 -0.01769
v 0.15468 0.73619 -0.01467
v 0.13273 0.73335 -0.02237
v 0.10269 0.73321 -0.02056
v 0.15080 0.77232 -0.01760
v 0.12823 0.76890 -0.02534
v 0.09644 0.76816 -0.02287
v 0.14760 0.80896 -0.02057
v 0.12426 0.80488 -0.02869
v 0.09066 0.80273 -0.02519
v 0.14317 0.56375 -0.00944
v 0.21712 0.48650 -0.00144
v 0.21149 0.48484 -0.01586
v 0.16821 0.53654 -0.01870
v 0.14301 0.51782 -0.01489
v 0.17203 0.52073 -0.02407
v 0.14313 0.49984 -0.01829
v 0.17695 0.50277 -0.02976
v 0.14555 0.47907 -0.02184
v 0.18314 0.48159 -0.03488
v 0.14935 0.45552 -0.02572
v 0.19022 0.45704 -0.04093
v 0.15470 0.42939 -0.03022
v 0.19730 0.42974 -0.04583
v 0.16080 0.40182 -0.03296
v 0.20187 0.40056 -0.04718
v 0.16591 0.37354 -0.03249
v 0.20343 0.37069 -0.04422
v 0.16999 0.34399 -0.02927
v 0.20236 0.33940 -0.03805
v 0.20148 0.30794 -0.03300
v 0.17324 0.31556 -0.02574
v 0.13307 0.47917 -0.00856
v 0.13617 0.45640 -0.01049
v 0.14077 0.43140 -0.01358
v 0.14686 0.40498 -0.01656
v 0.15283 0.37750 -0.01765
v 0.15853 0.34870 -0.01786
v 0.16640 0.58149 -0.00790
v 0.16344 0.59586 -0.00768
v 0.16107 0.60967 -0.00794
v 0.15970 0.62448 -0.00813
v 0.15686 0.64433 -0.00958
v 0.15354 0.66848 -0.01188
v 0.14924 0.69932 -0.01561
v 0.14467 0.73425 -0.01909
v 0.14066 0.77020 -0.02209
v 0.13723 0.80654 -0.02544
v 0.17963 0.53819 -0.01469
v 0.18563 0.52240 -0.01914
v 0.19254 0.50442 -0.02392
v 0.20019 0.48318 -0.02838
v 0.20830 0.45867 -0.03352
v 0.21578 0.43130 -0.03786
v 0.22004 0.40225 -0.03932
v 0.22059 0.37257 -0.03714
v 0.21800 0.34147 -0.03287
v 0.21545 0.31047 -0.02911
v 0.21464 0.28069 -0.02527
v 0.15070 0.57910 -0.01064
v 0.14858 0.59382 -0.01056
v 0.14586 0.60801 -0.01109
v 0.14114 0.62293 -0.01187
v 0.13617 0.64303 -0.01385
v 0.18861 0.27993 -0.02697
v 0.13088 0.66772 -0.01671
v 0.12471 0.69875 -0.02017
v 0.11852 0.73349 -0.02337
v 0.11313 0.76868 -0.02621
v 0.10843 0.80416 -0.02925
v 0.15575 0.53502 -0.01771
v 0.15699 0.51901 -0.02234
v 0.15931 0.50102 -0.02733
v 0.16345 0.48009 -0.03212
v 0.16868 0.45583 -0.03781
v 0.17507 0.42893 -0.04295
v 0.18058 0.40030 -0.04493
v 0.18396 0.37089 -0.04260
v 0.18556 0.34017 -0.03684
v 0.18682 0.30951 -0.03165
v 0.13390 0.54872 -0.00495
v 0.14390 0.54907 -0.01060
v 0.18763 0.55573 0.00319
v 0.16492 0.55129 -0.01475
v 0.17436 0.55286 -0.01137
v 0.15448 0.55001 -0.01434
v 0.64739 1.07582 0.07566
v 0.64583 1.07323 0.06367
v 0.63159 1.08300 0.06168
v 0.63283 1.08696 0.07547
v 0.62088 1.09088 0.06034
v 0.62041 1.09562 0.07509
v 0.63114 1.08389 0.07585
v 0.64570 1.07333 0.07590
v 0.61714 1.08766 0.06044
v 0.62965 1.07960 0.06234
v 0.64421 1.07061 0.06399
v 0.61677 1.09235 0.07529
v 0.66663 1.06054 0.07497
v 0.66870 1.05750 0.07464
v 0.66754 1.05984 0.06585
v 0.66954 1.05701 0.06597
v 0.67139 1.05343 0.07041
v 0.66560 1.06411 0.07024
v 0.67245 1.05476 0.07033
v 0.66616 1.06337 0.07021
v 0.66985 1.05700 0.07417
v 0.67022 1.05682 0.06669
v 0.66818 1.05937 0.06668
v 0.66777 1.05975 0.07421
v 0.64926 1.07853 0.06926
v 0.63696 1.08817 0.06808
v 0.62590 1.09878 0.06647
v 0.64286 1.06845 0.06990
v 0.62799 1.07809 0.06902
v 0.61325 1.08725 0.06705
v 0.66440 1.06153 0.07520
v 0.66533 1.06075 0.06561
v 0.66674 1.05748 0.06560
v 0.66539 1.05835 0.07508
v 0.66453 1.06480 0.07029
v 0.66847 1.05293 0.07036
v 0.65825 1.05867 0.07025
v 0.66093 1.06761 0.07028
v 0.65885 1.06254 0.07528
v 0.65850 1.06159 0.06510
v 0.65911 1.06402 0.06502
v 0.65969 1.06500 0.07553
v 0.60492 1.09042 0.05993
v 0.60520 1.08950 0.05684
v 0.60584 1.08830 0.04671
v 0.60599 1.08806 0.04279
v 0.60559 1.08890 0.03157
v 0.60540 1.08944 0.02751
v 0.63886 1.08656 0.06821
v 0.63306 1.07760 0.06282
v 0.63490 1.08004 0.06191
v 0.63307 1.07506 0.06951
v 0.64262 1.08356 0.06857
v 0.63704 1.07981 0.07607
v 0.63513 1.07618 0.06312
v 0.65668 1.06755 0.07567
v 0.65580 1.06613 0.06474
v 0.65447 1.06409 0.06512
v 0.65531 1.06546 0.07524
v 0.65912 1.06947 0.07018
v 0.65353 1.06247 0.07030
v 0.63666 1.07245 0.06967
v 0.64041 1.07720 0.07604
v 0.64251 1.07950 0.07570
v 0.63781 1.07856 0.06239
v 0.63928 1.08200 0.07569
v 0.64088 1.07643 0.06289
v 0.64499 1.08174 0.06882
v 0.63869 1.07399 0.06349
v 0.62360 1.08862 0.07561
v 0.62633 1.09158 0.07516
v 0.62999 1.09474 0.06734
v 0.61956 1.08281 0.06801
v 0.63138 1.07646 0.06935
v 0.63472 1.08164 0.07596
v 0.63643 1.08402 0.07577
v 0.62495 1.08737 0.06102
v 0.62239 1.08415 0.06135
v 0.65042 1.06981 0.06409
v 0.64942 1.06727 0.06477
v 0.65436 1.07366 0.06981
v 0.64882 1.06546 0.07026
v 0.65143 1.07244 0.07569
v 0.65021 1.06983 0.07564
v 0.65324 1.06768 0.06434
v 0.65209 1.06550 0.06509
v 0.65609 1.07221 0.06997
v 0.65138 1.06429 0.07039
v 0.65405 1.06975 0.07587
v 0.65282 1.06773 0.07540
v 0.66371 1.05503 0.07029
v 0.66184 1.06034 0.07534
v 0.66261 1.05926 0.06531
v 0.66232 1.06204 0.06523
v 0.66291 1.06611 0.07032
v 0.66201 1.06307 0.07538
v 0.61170 1.08561 0.03765
v 0.66692 1.06228 0.07028
v 0.67360 1.05540 0.07025
v 0.67048 1.05739 0.07335
v 0.67053 1.05730 0.06746
v 0.66841 1.05947 0.06752
v 0.66834 1.05962 0.07332
v 0.66900 1.06029 0.07029
v 0.67126 1.05800 0.07027
v 0.62160 1.09117 0.04624
v 0.62149 1.09133 0.05931
v 0.61903 1.08717 0.04646
v 0.61755 1.08813 0.05931
v 0.62579 1.09855 0.05306
v 0.61968 1.09303 0.03007
v 0.62245 1.09179 0.04506
v 0.61759 1.08930 0.03008
v 0.61945 1.08820 0.04547
v 0.62486 1.09833 0.03759
v 0.61432 1.09340 0.01592
v 0.61934 1.09356 0.02909
v 0.61265 1.09013 0.01607
v 0.61773 1.09039 0.02939
v 0.61829 1.09800 0.02249
v 0.57225 1.09218 0.10369
v 0.58528 1.09830 0.09984
v 0.58051 1.10167 0.10533
v 0.57376 1.09827 0.10679
v 0.57296 1.08990 0.10065
v 0.58528 1.09576 0.09765
v 0.58566 1.07844 0.12627
v 0.59311 1.08103 0.12399
v 0.58329 1.08576 0.12340
v 0.58906 1.08784 0.12255
v 0.57925 1.08925 0.11735
v 0.58668 1.09235 0.11586
v 0.58508 1.09486 0.11180
v 0.57763 1.09137 0.11364
v 0.58065 1.08765 0.12018
v 0.58809 1.09041 0.11908
v 0.58929 1.08848 0.12213
v 0.58264 1.08604 0.12309
v 0.58904 1.08930 0.12114
v 0.58175 1.08666 0.12210
v 0.58882 1.08340 0.12739
v 0.57697 1.10064 0.10664
v 0.58736 1.08546 0.12521
v 0.57919 1.09106 0.09524
v 0.61599 1.08592 0.04576
v 0.61876 1.09352 0.02959
v 0.61905 1.09746 0.02885
v 0.61711 1.09000 0.02959
v 0.61689 1.10062 0.02813
v 0.58377 1.08326 0.12515
v 0.59095 1.08572 0.12381
v 0.59238 1.08379 0.12570
v 0.58482 1.08116 0.12696
v 0.59014 1.08058 0.12961
v 0.58610 1.08751 0.12310
v 0.57793 1.08566 0.11604
v 0.58251 1.09189 0.11729
v 0.57776 1.09319 0.09179
v 0.57120 1.09256 0.09685
v 0.57290 1.09994 0.10445
v 0.57029 1.09539 0.09971
v 0.58320 1.10143 0.09644
v 0.57897 1.10304 0.10332
v 0.57553 1.10222 0.10448
v 0.58364 1.09793 0.09418
v 0.57547 1.09695 0.10885
v 0.58646 1.09648 0.10357
v 0.58678 1.09379 0.10073
v 0.57833 1.09902 0.10887
v 0.58067 1.08865 0.09800
v 0.57415 1.09027 0.10741
v 0.58114 1.09996 0.10727
v 0.57422 1.08790 0.10391
v 0.58840 1.09378 0.10887
v 0.58924 1.09105 0.10658
v 0.58102 1.09419 0.11407
v 0.58390 1.08505 0.10505
v 0.57618 1.08804 0.11196
v 0.57666 1.08527 0.10941
v 0.59010 1.09091 0.11365
v 0.59160 1.08768 0.11308
v 0.57907 1.08241 0.11467
v 0.58638 1.08140 0.11249
v 0.57507 1.08935 0.09668
v 0.61401 1.08686 0.05990
v 0.58856 1.07930 0.11977
v 0.57359 1.09202 0.09336
v 0.57641 1.08714 0.09976
v 0.57943 1.08376 0.10650
v 0.58402 1.09031 0.11978
v 0.58757 1.08807 0.10525
v 0.58463 1.09136 0.09907
v 0.58108 1.08044 0.12052
v 0.62221 1.09956 0.06015
v 0.59343 1.08499 0.11921
v 0.59181 1.08857 0.11856
v 0.58198 1.09532 0.09303
v 0.58310 1.09326 0.09627
v 0.57958 1.08394 0.12016
v 0.58252 1.08276 0.12469
v 0.59185 1.08610 0.12322
v 0.59334 1.08377 0.12480
v 0.58360 1.08011 0.12611
v 0.58552 1.08864 0.12241
v 0.58974 1.07968 0.12657
v 0.58479 1.08930 0.12139
v 0.58942 1.07907 0.12428
v 0.59389 1.08413 0.12313
v 0.59220 1.08705 0.12177
v 0.58259 1.08003 0.12444
v 0.58110 1.08313 0.12341
v 0.64860 1.07781 0.07355
v 0.64777 1.07645 0.06535
v 0.63591 1.08646 0.06515
v 0.63658 1.08779 0.07134
v 0.62414 1.09650 0.06160
v 0.62417 1.09825 0.07174
v 0.66553 1.06304 0.07364
v 0.66603 1.06262 0.06725
v 0.66628 1.06228 0.07315
v 0.66675 1.06199 0.06755
v 0.66463 1.06351 0.06720
v 0.66405 1.06402 0.07358
v 0.60760 1.08848 0.02939
v 0.60505 1.08872 0.03701
v 0.63978 1.08339 0.06539
v 0.64025 1.08458 0.07180
v 0.66049 1.06695 0.07367
v 0.65698 1.07012 0.06763
v 0.65699 1.07042 0.07297
v 0.64325 1.07957 0.06483
v 0.64403 1.08124 0.07335
v 0.66033 1.06657 0.06693
v 0.63782 1.08482 0.06511
v 0.63840 1.08626 0.07185
v 0.62887 1.09430 0.07233
v 0.62815 1.09181 0.06251
v 0.65411 1.07313 0.07260
v 0.65396 1.07295 0.06736
v 0.65558 1.07157 0.07297
v 0.65549 1.07148 0.06690
v 0.66251 1.06484 0.06712
v 0.66243 1.06531 0.07364
v 0.66708 1.06164 0.06807
v 0.66681 1.06172 0.07279
v 0.62392 1.09657 0.04758
v 0.62438 1.09662 0.05838
v 0.62209 1.09705 0.03171
v 0.62399 1.09710 0.04346
v 0.61645 1.09647 0.01818
v 0.61888 1.09769 0.02742
v 0.64384 1.07027 0.07383
v 0.62915 1.08046 0.07345
v 0.61407 1.08955 0.07203
v 0.67100 1.05444 0.06733
v 0.67142 1.05512 0.07327
v 0.64310 1.06915 0.06628
v 0.62845 1.07810 0.06490
v 0.61409 1.08644 0.06155
v 0.66703 1.05464 0.07341
v 0.65832 1.06006 0.07347
v 0.61202 1.08769 0.02925
v 0.63446 1.07704 0.07377
v 0.63808 1.07425 0.07376
v 0.65404 1.06358 0.07343
v 0.62094 1.08528 0.07283
v 0.63261 1.07868 0.07366
v 0.64926 1.06703 0.07371
v 0.65176 1.06548 0.07349
v 0.66337 1.05642 0.06702
v 0.67046 1.05440 0.07341
v 0.66253 1.05695 0.07340
v 0.65148 1.06460 0.06729
v 0.63184 1.07644 0.06541
v 0.62030 1.08261 0.06338
v 0.64895 1.06588 0.06697
v 0.61142 1.08773 0.02765
v 0.67172 1.05512 0.06747
v 0.66814 1.05443 0.06721
v 0.65368 1.06286 0.06718
v 0.65819 1.05965 0.06701
v 0.63724 1.07260 0.06575
v 0.63369 1.07510 0.06568
v 0.67256 1.05532 0.07294
v 0.67257 1.05520 0.06769
v 0.61539 1.08558 0.05840
v 0.61627 1.08509 0.04812
v 0.61656 1.08571 0.04360
v 0.61595 1.08664 0.03167
v 0.61515 1.08793 0.02815
v 0.61518 1.09821 0.07524
v 0.61153 1.09483 0.07527
v 0.62216 1.10178 0.06615
v 0.62293 1.10226 0.05300
v 0.62030 1.10188 0.03745
v 0.60985 1.09604 0.01484
v 0.60869 1.09195 0.01526
v 0.61482 1.10080 0.02201
v 0.61851 1.10122 0.07201
v 0.61186 1.10006 0.01756
v 0.60953 1.09160 0.07163
v 0.60867 1.10079 0.07526
v 0.61194 1.08685 0.03187
v 0.60412 1.09428 0.07070
v 0.61228 1.08592 0.04314
v 0.61198 1.08584 0.04807
v 0.61095 1.08652 0.05746
v 0.60995 1.08769 0.06151
v 0.61071 1.08712 0.05969
v 0.61266 1.08594 0.04567
v 0.60465 1.09906 0.01397
v 0.60348 1.09491 0.01479
v 0.60297 1.09159 0.01801
v 0.58486 1.10709 0.01177
v 0.55673 1.11819 0.08143
v 0.55503 1.11150 0.07782
v 0.59166 1.13133 0.05403
v 0.57962 1.11447 0.07971
v 0.56574 1.11259 0.04329
v 0.59690 1.09320 0.02229
v 0.59763 1.09330 0.03551
v 0.59156 1.10269 0.01245
v 0.55871 1.10557 0.07420
v 0.56491 1.10140 0.07219
v 0.61936 1.10219 0.04272
v 0.56355 1.15176 0.05155
v 0.59292 1.10721 0.01175
v 0.60000 1.12428 0.04816
v 0.60008 1.12066 0.02565
v 0.60031 1.12274 0.04132
v 0.55035 1.12523 0.07207
v 0.54921 1.11713 0.06890
v 0.55457 1.10949 0.06611
v 0.56331 1.10416 0.06513
v 0.57278 1.10130 0.06691
v 0.59812 1.12193 0.06487
v 0.59446 1.11175 0.01258
v 0.59731 1.11861 0.01780
v 0.57300 1.10058 0.07362
v 0.57896 1.10217 0.07589
v 0.60024 1.12404 0.05608
v 0.62298 1.09598 0.06023
v 0.60014 1.12280 0.03374
v 0.55561 1.14150 0.06770
v 0.59278 1.12918 0.02876
v 0.59240 1.13106 0.03634
v 0.62275 1.09645 0.04509
v 0.59993 1.12332 0.04448
v 0.59066 1.13109 0.05844
v 0.55665 1.14711 0.05967
v 0.56139 1.12701 0.01255
v 0.56715 1.14206 0.01672
v 0.57253 1.12126 0.08339
v 0.62056 1.10199 0.04670
v 0.60008 1.12440 0.05212
v 0.59121 1.13252 0.05008
v 0.56041 1.12289 0.01433
v 0.58610 1.11212 0.01089
v 0.62072 1.10014 0.04480
v 0.62146 1.09135 0.04570
v 0.59290 1.13086 0.03945
v 0.61673 1.08798 0.05966
v 0.61509 1.08816 0.02930
v 0.62017 1.09129 0.05968
v 0.61714 1.10207 0.03117
v 0.58073 1.13705 0.06272
v 0.62167 1.10185 0.05874
v 0.62145 1.10173 0.06094
v 0.61467 1.10170 0.02633
v 0.61875 1.08770 0.04587
v 0.57623 1.09752 0.08562
v 0.56807 1.09783 0.08974
v 0.56727 1.10500 0.09551
v 0.56703 1.10055 0.09265
v 0.58119 1.10526 0.09091
v 0.57760 1.10773 0.09404
v 0.57231 1.10783 0.09593
v 0.58186 1.10219 0.08859
v 0.57117 1.09673 0.08677
v 0.58031 1.09955 0.08662
v 0.57414 1.09978 0.07922
v 0.56382 1.10144 0.08141
v 0.56273 1.11109 0.08839
v 0.56192 1.10581 0.08481
v 0.57976 1.10889 0.08453
v 0.57551 1.11331 0.08834
v 0.56845 1.11461 0.08986
v 0.58052 1.10556 0.08262
v 0.56808 1.09958 0.07921
v 0.57878 1.10223 0.08033
v 0.57504 1.10515 0.05025
v 0.55346 1.11992 0.04729
v 0.54846 1.12735 0.03946
v 0.55288 1.15344 0.01790
v 0.55457 1.12331 0.02031
v 0.57016 1.12221 0.01140
v 0.59951 1.12356 0.06006
v 0.57918 1.13231 0.06991
v 0.54947 1.15234 0.05729
v 0.59675 1.11835 0.06967
v 0.56355 1.12281 0.08402
v 0.56894 1.11769 0.01277
v 0.59198 1.13232 0.04241
v 0.60563 1.09729 0.07477
v 0.58084 1.10707 0.07817
v 0.58558 1.11114 0.07628
v 0.58456 1.10479 0.07540
v 0.58163 1.10112 0.07029
v 0.58779 1.12513 0.06961
v 0.59229 1.10751 0.07561
v 0.56923 1.13838 0.06868
v 0.56263 1.11587 0.03124
v 0.54906 1.12691 0.02584
v 0.56780 1.11385 0.01602
v 0.55687 1.11353 0.05052
v 0.56519 1.10901 0.04936
v 0.57144 1.12737 0.01117
v 0.56904 1.14644 0.02252
v 0.58755 1.11699 0.01143
v 0.04399 1.58836 0.11288
v 0.03851 1.58747 0.11475
v 0.04365 1.59288 0.11594
v 0.03777 1.59174 0.11796
v 0.04877 1.58845 0.11076
v 0.04889 1.59336 0.11355
v 0.05223 1.58781 0.10870
v 0.05642 1.59272 0.10848
v 0.05483 1.58609 0.10623
v 0.05879 1.59162 0.10593
v 0.05637 1.58350 0.10390
v 0.05244 1.55515 0.00669
v 0.05723 1.57985 0.10169
v 0.05760 1.57491 0.10000
v 0.05391 1.56372 0.10311
v 0.05552 1.56166 0.10383
v 0.05053 1.55998 0.10631
v 0.05146 1.55790 0.10747
v 0.04533 1.55849 0.10922
v 0.04588 1.55616 0.11038
v 0.03974 1.55584 0.11214
v 0.03976 1.55810 0.11064
v 0.03385 1.55690 0.11289
v 0.03443 1.55876 0.11034
v 0.02869 1.55891 0.11328
v 0.02975 1.56015 0.10992
v 0.03303 1.58565 0.11587
v 0.03180 1.58961 0.11920
v 0.02509 1.57969 0.11478
v 0.02312 1.58286 0.11868
v 0.02183 1.57302 0.11253
v 0.01920 1.57553 0.11649
v 0.02172 1.56819 0.11129
v 0.01918 1.56888 0.11491
v 0.02297 1.56585 0.11080
v 0.02093 1.56541 0.11439
v 0.05195 1.55524 0.10685
v 0.04625 1.55310 0.11019
v 0.03941 1.55253 0.11283
v 0.03267 1.55439 0.11472
v 0.02676 1.55710 0.11597
v 0.06147 1.59749 0.10545
v 0.07440 1.59819 -0.00557
v 0.05629 1.55917 0.10284
v 0.04401 1.59897 0.11911
v 0.03712 1.59760 0.12173
v 0.05000 1.59945 0.11588
v 0.05865 1.59868 0.10878
v 0.02966 1.59476 0.12330
v 0.02011 1.58537 0.12178
v 0.01616 1.57735 0.11944
v 0.01600 1.56942 0.11790
v 0.01777 1.56482 0.11764
v 0.01179 1.57920 0.12277
v 0.01122 1.57006 0.12116
v 0.01219 1.56330 0.12195
v 0.00653 1.58112 0.12614
v 0.00549 1.57222 0.12342
v 0.00538 1.56681 0.12364
v 0.08191 1.63112 0.02603
v 0.06108 1.57251 0.09744
v 0.07990 1.63288 0.05408
v 0.01525 1.58795 0.12579
v 0.00869 1.58948 0.12979
v 0.06419 1.57386 -0.00211
v 0.04465 1.60858 0.12250
v 0.03598 1.60730 0.12624
v 0.05191 1.60875 0.11807
v 0.06222 1.60703 0.10830
v 0.02457 1.60384 0.12938
v 0.05822 1.56367 0.00195
v 0.06543 1.60512 0.10384
v 0.04667 1.54814 0.10888
v 0.06408 1.56954 0.09140
v 0.05719 1.55561 0.10029
v 0.01167 1.60509 0.13445
v 0.02443 1.63625 0.13084
v 0.01211 1.63635 0.13378
v 0.06360 1.59573 0.10221
v 0.08142 1.62252 0.00843
v 0.00726 1.54315 0.13668
v 0.00911 1.54161 0.13396
v 0.01354 1.53893 0.12881
v 0.00580 1.54939 0.13214
v 0.00536 1.52079 0.13201
v 0.00194 1.52001 0.13301
v 0.01777 1.51669 0.11902
v 0.01560 1.51920 0.12343
v 0.01263 1.51258 0.12215
v 0.01308 1.45708 0.04960
v 0.01488 1.51385 0.12004
v 0.01340 1.46711 0.05049
v 0.01704 1.51672 0.11959
v 0.01440 1.51483 0.12059
v 0.00761 1.41811 0.06017
v 0.01224 1.51364 0.12258
v 0.01466 1.51846 0.12392
v 0.01196 1.51924 0.12788
v 0.01668 1.51678 0.11988
v 0.01420 1.51766 0.12349
v 0.01613 1.51696 0.11955
v 0.01371 1.51662 0.12192
v 0.01557 1.51741 0.11755
v 0.01311 1.51698 0.12028
v 0.00000 1.41478 0.05784
v 0.01418 1.51557 0.12074
v 0.01365 1.51742 0.11964
v 0.01372 1.51734 0.11829
v 0.01129 1.51802 0.12699
v 0.00520 1.51995 0.13223
v 0.00185 1.51943 0.13311
v 0.00538 1.51806 0.13046
v 0.00209 1.51790 0.13135
v 0.01049 1.51652 0.12510
v 0.00485 1.51643 0.12738
v 0.00188 1.51612 0.12816
v 0.01120 1.51704 0.12158
v 0.01203 1.51459 0.12276
v 0.00928 1.51208 0.12473
v 0.00767 1.51634 0.12440
v 0.00875 1.51371 0.12530
v 0.00488 1.51068 0.12632
v 0.00392 1.51605 0.12587
v 0.00451 1.51317 0.12682
v 0.01395 1.51708 0.12285
v 0.01635 1.51687 0.11980
v 0.03433 1.51500 0.03588
v 0.01405 1.51619 0.12055
v 0.01093 1.51720 0.12601
v 0.00523 1.51705 0.12902
v 0.00209 1.51675 0.12986
v 0.01171 1.51571 0.12254
v 0.00828 1.51504 0.12509
v 0.00423 1.51463 0.12665
v 0.00965 1.51629 0.12302
v 0.00374 1.51617 0.12456
v 0.00715 1.51648 0.12320
v 0.01088 1.51708 0.12056
v 0.00165 1.51582 0.12578
v 0.00433 1.51613 0.12509
v 0.01605 1.51813 0.11533
v 0.01287 1.51858 0.11873
v 0.01483 1.51598 0.11589
v 0.03283 1.51480 0.02719
v 0.00944 1.51792 0.12149
v 0.00360 1.51418 0.12245
v 0.00688 1.51441 0.12140
v 0.01110 1.51524 0.11887
v 0.00153 1.51755 0.12401
v 0.00409 1.51777 0.12320
v 0.01764 1.51909 0.11438
v 0.01401 1.52092 0.11826
v 0.01590 1.51491 0.11482
v 0.02928 1.51361 0.01227
v 0.01027 1.52068 0.12166
v 0.00377 1.51191 0.12243
v 0.00729 1.51223 0.12131
v 0.01207 1.51346 0.11843
v 0.00134 1.52058 0.12375
v 0.00421 1.52081 0.12319
v 0.03589 1.63554 0.12600
v 0.04638 1.63410 0.12049
v 0.05584 1.63223 0.11426
v 0.06955 1.62607 0.10177
v 0.07289 1.62182 0.09590
v 0.03089 1.51424 0.01925
v 0.07039 1.66172 -0.02790
v 0.05843 1.67216 -0.03729
v 0.08191 1.62922 0.00311
v 0.08250 1.63654 -0.00320
v 0.07843 1.60193 0.02288
v 0.05403 1.53324 0.05857
v 0.02910 1.50770 0.01326
v 0.03025 1.50825 0.02042
v 0.07760 1.60380 0.02790
v 0.07857 1.59865 0.01799
v 0.07620 1.58689 0.01290
v 0.06441 1.56282 0.01590
v 0.06830 1.57007 0.01316
v 0.07918 1.66297 -0.00000
v 0.05929 1.68629 -0.01175
v 0.07191 1.67391 -0.00571
v 0.05042 1.69309 0.07527
v 0.00000 1.51320 -0.01468
v 0.00497 1.54458 0.13893
v 0.05268 1.55118 0.10488
v 0.07425 1.61652 0.09051
v 0.05057 1.55462 0.00064
v 0.04829 1.55401 -0.00626
v 0.04025 1.55360 -0.02145
v 0.03320 1.55369 -0.02932
v 0.02474 1.55399 -0.03633
v 0.06758 1.60232 0.09967
v 0.05698 1.56336 -0.00453
v 0.05505 1.56314 -0.01186
v 0.04637 1.56289 -0.02798
v 0.03824 1.56308 -0.03604
v 0.02846 1.56357 -0.04312
v 0.07744 1.62621 0.07429
v 0.06332 1.57432 -0.00914
v 0.06158 1.57447 -0.01705
v 0.05294 1.57498 -0.03400
v 0.04428 1.57539 -0.04208
v 0.03318 1.57613 -0.04912
v 0.07573 1.62121 0.08314
v 0.07360 1.60023 -0.01288
v 0.07241 1.60250 -0.02099
v 0.06487 1.60763 -0.03915
v 0.05591 1.60987 -0.04869
v 0.04330 1.61106 -0.05673
v 0.07996 1.62133 -0.00518
v 0.07978 1.62707 -0.01287
v 0.07541 1.63995 -0.03111
v 0.06717 1.64660 -0.04187
v 0.05465 1.65276 -0.05123
v 0.06004 1.69535 0.01364
v 0.07244 1.68258 0.01658
v 0.06362 1.68354 0.07187
v 0.07945 1.67069 0.01886
v 0.08331 1.64989 0.02238
v 0.08342 1.64394 0.00938
v 0.08278 1.63550 0.01328
v 0.03123 1.50858 0.02852
v 0.08017 1.65373 0.05962
v 0.07257 1.67345 0.06778
v 0.08281 1.64026 0.02410
v 0.08040 1.64347 0.05660
v 0.02571 1.50097 0.04495
v 0.06895 1.66757 0.08262
v 0.07851 1.64992 0.07188
v 0.07904 1.64027 0.06781
v 0.05943 1.67645 0.08820
v 0.04654 1.68451 0.09318
v 0.01555 1.69509 0.10046
v 0.01996 1.65828 -0.06353
v 0.01456 1.61171 -0.06742
v 0.02246 1.71577 0.01052
v 0.02127 1.70745 -0.01871
v 0.01040 1.57798 -0.05797
v 0.00886 1.56530 -0.05214
v 0.00770 1.55526 -0.04502
v 0.01715 1.70825 0.08089
v 0.03403 1.70176 0.07846
v 0.01594 1.55469 -0.04152
v 0.02897 1.61164 -0.06296
v 0.02146 1.57731 -0.05428
v 0.01844 1.56465 -0.04852
v 0.03817 1.65671 -0.05845
v 0.04237 1.70125 -0.01729
v 0.04295 1.70949 0.01128
v 0.03135 1.69162 0.09769
v 0.04449 1.58821 0.10414
v 0.03898 1.58750 0.10571
v 0.04927 1.58790 0.10208
v 0.05191 1.58694 0.10020
v 0.05371 1.58429 0.09757
v 0.05472 1.58147 0.09586
v 0.05551 1.57806 0.09447
v 0.05581 1.57398 0.09423
v 0.05360 1.56352 0.09747
v 0.05109 1.55900 0.10092
v 0.04564 1.55825 0.10371
v 0.03957 1.55779 0.10496
v 0.03467 1.55871 0.10451
v 0.02968 1.56039 0.10375
v 0.03293 1.58558 0.10670
v 0.02497 1.57863 0.10604
v 0.02258 1.57143 0.10529
v 0.02261 1.56757 0.10453
v 0.02306 1.56620 0.10421
v 0.04466 1.58833 0.09928
v 0.03908 1.58782 0.10073
v 0.04927 1.58786 0.09752
v 0.05170 1.58666 0.09584
v 0.05343 1.58385 0.09343
v 0.05448 1.58121 0.09226
v 0.05538 1.57770 0.09174
v 0.05546 1.57369 0.09212
v 0.05320 1.56367 0.09436
v 0.05067 1.55924 0.09701
v 0.04549 1.55819 0.09939
v 0.03937 1.55767 0.10044
v 0.03438 1.55862 0.10000
v 0.02969 1.56058 0.09925
v 0.03302 1.58567 0.10148
v 0.02491 1.57824 0.10077
v 0.02283 1.57081 0.10024
v 0.02289 1.56725 0.09969
v 0.02339 1.56590 0.09942
v 0.07946 1.34146 0.13066
v 0.07736 1.34167 0.13168
v 0.07553 1.34171 0.13289
v 0.07377 1.34103 0.13430
v 0.07273 1.33962 0.13572
v 0.07268 1.33770 0.13676
v 0.07358 1.33528 0.13719
v 0.07569 1.33309 0.13694
v 0.07844 1.33142 0.13565
v 0.08096 1.33112 0.13403
v 0.08302 1.33193 0.13254
v 0.08416 1.33353 0.13124
v 0.08454 1.33561 0.13029
v 0.08409 1.33764 0.12964
v 0.08312 1.33938 0.12956
v 0.08148 1.34067 0.12997
v 0.07996 1.33997 0.13258
v 0.07947 1.33990 0.13334
v 0.07888 1.33964 0.13427
v 0.07827 1.33909 0.13533
v 0.07790 1.33817 0.13626
v 0.07770 1.33700 0.13688
v 0.07773 1.33566 0.13699
v 0.07796 1.33458 0.13697
v 0.07922 1.33394 0.13654
v 0.08018 1.33436 0.13626
v 0.08105 1.33511 0.13556
v 0.08142 1.33608 0.13472
v 0.08167 1.33722 0.13384
v 0.08171 1.33815 0.13306
v 0.08134 1.33892 0.13250
v 0.08101 1.33948 0.13220
v 0.07791 1.34537 0.12579
v 0.07318 1.34665 0.12733
v 0.06884 1.34646 0.12942
v 0.06515 1.34504 0.13208
v 0.06293 1.34241 0.13486
v 0.06230 1.33808 0.13703
v 0.06355 1.33253 0.13786
v 0.06790 1.32635 0.13722
v 0.07497 1.32202 0.13440
v 0.08200 1.32150 0.13059
v 0.08709 1.32410 0.12712
v 0.08975 1.32808 0.12496
v 0.09039 1.33274 0.12374
v 0.08927 1.33736 0.12322
v 0.08678 1.34059 0.12358
v 0.08256 1.34358 0.12471
v 0.07681 1.34856 0.12193
v 0.07031 1.34978 0.12384
v 0.06429 1.34969 0.12624
v 0.05886 1.34785 0.12946
v 0.05492 1.34424 0.13330
v 0.05282 1.33864 0.13727
v 0.05376 1.32961 0.13885
v 0.05839 1.31774 0.13806
v 0.07122 1.31048 0.13354
v 0.08269 1.31127 0.12762
v 0.09115 1.31770 0.12252
v 0.09513 1.32446 0.11968
v 0.09591 1.33147 0.11816
v 0.09365 1.33820 0.11758
v 0.08926 1.34296 0.11844
v 0.08329 1.34644 0.12023
v 0.07593 1.35999 0.10926
v 0.06467 1.36115 0.11185
v 0.05361 1.36025 0.11473
v 0.04311 1.35747 0.11938
v 0.03488 1.35120 0.12478
v 0.02804 1.33984 0.12988
v 0.02690 1.32262 0.13317
v 0.03364 1.30066 0.13092
v 0.05619 1.28425 0.12147
v 0.08339 1.28852 0.10673
v 0.09819 1.30141 0.09660
v 0.10569 1.31869 0.09276
v 0.10504 1.33375 0.09269
v 0.10154 1.34496 0.09824
v 0.09459 1.35261 0.10233
v 0.08617 1.35763 0.10608
v 0.07205 1.37335 0.09526
v 0.05875 1.37406 0.09834
v 0.04507 1.37269 0.10170
v 0.03266 1.36887 0.10597
v 0.02283 1.36123 0.11068
v 0.01393 1.34664 0.11526
v 0.01421 1.31988 0.11823
v 0.02175 1.29443 0.11167
v 0.04496 1.28040 0.10011
v 0.06743 1.28324 0.08723
v 0.08395 1.29678 0.07723
v 0.09471 1.31569 0.07286
v 0.09750 1.33584 0.07465
v 0.09530 1.35212 0.07746
v 0.09120 1.36396 0.08619
v 0.08331 1.37064 0.09164
v 0.08515 1.35176 0.11324
v 0.09295 1.34733 0.11033
v 0.08412 1.30086 0.11888
v 0.06458 1.29747 0.12906
v 0.07642 1.35415 0.11574
v 0.09645 1.30951 0.11270
v 0.06734 1.35531 0.11806
v 0.10283 1.32112 0.10899
v 0.04066 1.33969 0.13512
v 0.04496 1.34729 0.13027
v 0.05892 1.35469 0.12088
v 0.10279 1.33194 0.10670
v 0.04078 1.32595 0.13700
v 0.05097 1.35219 0.12522
v 0.09879 1.34114 0.10771
v 0.04699 1.30949 0.13540
v 0.01609 1.51564 0.11929
v 0.01586 1.51620 0.11942
v 0.01575 1.51666 0.11936
v 0.01552 1.51709 0.11890
v 0.01541 1.51722 0.11691
v 0.01663 1.51694 0.11416
v 0.01795 1.51682 0.11306
v 0.01649 1.52064 0.11604
v 0.01500 1.51880 0.11695
v 0.01501 1.51746 0.11849
v 0.01578 1.51693 0.12021
v 0.01600 1.51707 0.12074
v 0.01634 1.51731 0.12086
v 0.01684 1.51765 0.12069
v 0.04314 1.54051 0.01461
v 0.03822 1.58871 0.11630
v 0.04379 1.58970 0.11443
v 0.04874 1.59003 0.11233
v 0.05259 1.58975 0.11022
v 0.05933 1.57361 0.09895
v 0.05475 1.56319 0.10400
v 0.05104 1.55946 0.10738
v 0.04558 1.55775 0.11009
v 0.03971 1.55735 0.11142
v 0.03419 1.55810 0.11140
v 0.02946 1.55971 0.11124
v 0.03271 1.58686 0.11746
v 0.02459 1.58090 0.11681
v 0.02095 1.57394 0.11426
v 0.02084 1.56839 0.11269
v 0.02237 1.56561 0.11215
v 0.03993 1.53394 0.01841
v 0.00666 1.54053 0.13977
v 0.01600 1.53235 0.12623
v 0.00474 1.54220 0.14245
v 0.01049 1.53652 0.13172
v 0.00825 1.53906 0.13690
v 0.03810 1.54623 0.11312
v 0.02999 1.55036 0.11683
v 0.00405 1.55927 0.12812
v 0.00890 1.55641 0.12675
v 0.05601 1.56852 0.10092
v 0.02608 1.56247 0.11011
v 0.02440 1.56176 0.11374
v 0.02179 1.56052 0.11690
v 0.02345 1.55398 0.11919
v 0.01782 1.55790 0.12078
v 0.05473 1.56826 0.09576
v 0.02633 1.56254 0.10366
v 0.05459 1.56831 0.09323
v 0.02651 1.56271 0.09896
v 0.05732 1.56806 0.10095
v 0.02562 1.56221 0.11150
v 0.03209 1.52599 0.11159
v 0.04912 1.53574 0.10122
v 0.03312 1.52074 0.10763
v 0.00642 1.49389 0.11290
v 0.01187 1.49619 0.10960
v 0.01805 1.49989 0.10598
v 0.00689 1.51300 -0.01389
v 0.02456 1.50475 0.10291
v 0.03001 1.51046 0.10232
v 0.03271 1.51567 0.10420
v 0.02330 1.51267 -0.00418
v 0.02011 1.49768 0.09491
v 0.01315 1.49358 0.10103
v 0.00730 1.49094 0.10583
v 0.03841 1.51721 0.09694
v 0.03388 1.51016 0.09220
v 0.02789 1.50402 0.09144
v 0.03929 1.52256 0.10268
v 0.05410 1.54065 0.09641
v 0.05823 1.54710 0.09014
v 0.06553 1.56631 0.08016
v 0.04935 1.64707 0.11559
v 0.07295 1.63445 0.09529
v 0.01309 1.65285 0.13074
v 0.02600 1.65207 0.12728
v 0.03813 1.65000 0.12167
v 0.05932 1.64353 0.10860
v 0.07499 1.62839 0.08861
v 0.06625 1.56509 0.07368
v 0.05778 1.54261 0.08252
v 0.02602 1.51285 0.00071
v 0.00681 1.49268 0.08211
v 0.01381 1.49535 0.07753
v 0.02972 1.50633 0.06014
v 0.02218 1.49786 0.08293
v 0.06429 1.65549 0.09842
v 0.07613 1.64255 0.08560
v 0.05439 1.66152 0.10514
v 0.04222 1.66682 0.11128
v 0.07726 1.63485 0.07923
v 0.06645 1.56372 0.06634
v 0.05626 1.53759 0.07117
v 0.01458 1.67292 0.12039
v 0.02883 1.67104 0.11699
v 0.03144 1.54131 0.11657
v 0.02503 1.54630 0.11999
v 0.01900 1.54996 0.12314
v 0.01380 1.55322 0.12519
v 0.04691 1.54757 0.01089
v 0.00701 1.54005 -0.02845
v 0.01403 1.53982 -0.02540
v 0.02091 1.53955 -0.02054
v 0.02632 1.53920 -0.01525
v 0.03026 1.53882 -0.00976
v 0.03589 1.53880 0.00143
v 0.03900 1.53950 0.00814
v 0.07881 1.63033 0.06409
v 0.03240 1.53211 0.00518
v 0.02733 1.53177 -0.00550
v 0.02392 1.53202 -0.00995
v 0.01939 1.53236 -0.01452
v 0.01354 1.53275 -0.01873
v 0.00697 1.53297 -0.02183
v 0.03584 1.53283 0.01177
v 0.03774 1.52829 0.10825
v 0.00602 1.49457 0.07241
v 0.01211 1.49595 0.06876
v 0.02460 1.50366 0.05498
v 0.01872 1.49923 0.06356
v 0.03294 1.50699 0.06708
v 0.03804 1.51251 0.07798
v 0.04297 1.51907 0.08840
v 0.04452 1.52573 0.09823
v 0.04353 1.53162 0.10493
v 0.00932 1.51125 0.12428
v 0.00496 1.51017 0.12584
v 0.01671 1.51494 0.11866
v 0.01759 1.51809 0.12030
v 0.01257 1.52040 0.12729
v 0.00726 1.52070 0.12247
v 0.00854 1.51812 0.12884
v 0.00881 1.51970 0.13042
v 0.00675 1.51783 0.12236
v 0.00702 1.51631 0.12410
v 0.00817 1.51714 0.12758
v 0.00773 1.51653 0.12639
v 0.00904 1.52076 0.13013
v 0.07804 1.65256 -0.01830
v 0.02135 1.68563 -0.04882
v 0.04082 1.68341 -0.04308
v 0.07799 1.59372 0.01466
v 0.04932 1.63186 -0.05725
v 0.06289 1.62938 -0.04855
v 0.07755 1.61222 -0.01143
v 0.06056 1.59005 0.10343
v 0.07136 1.62491 -0.03776
v 0.07693 1.61599 -0.01912
v 0.01741 1.63328 -0.06932
v 0.03340 1.63286 -0.06397
v 0.07250 1.57873 0.01227
v 0.06877 1.58706 -0.01216
v 0.07800 1.60851 -0.00416
v 0.05018 1.59123 -0.04665
v 0.05915 1.59034 -0.03802
v 0.06747 1.58813 -0.02039
v 0.03818 1.59210 -0.05393
v 0.01243 1.59340 -0.06323
v 0.02500 1.59300 -0.05940
v 0.06962 1.58586 -0.00450
v 0.07698 1.60492 0.03302
v 0.07653 1.60236 0.03844
v 0.07456 1.59112 0.04477
v 0.07156 1.58518 0.05750
v 0.05800 1.54423 0.04125
v 0.06048 1.55666 0.02051
v 0.05618 1.54858 0.03081
v 0.05642 1.54596 0.03551
v 0.06589 1.56203 0.05848
v 0.00705 1.54722 -0.03646
v 0.01485 1.54693 -0.03311
v 0.02257 1.54649 -0.02886
v 0.02966 1.54623 -0.02245
v 0.03475 1.54606 -0.01583
v 0.04141 1.54627 -0.00213
v 0.05862 1.56689 0.10015
v 0.04426 1.54681 0.00472
v 0.06551 1.56117 0.05198
v 0.05758 1.55174 0.02604
v 0.03849 1.58754 0.11083
v 0.04417 1.58831 0.10881
v 0.05617 1.57868 0.09929
v 0.05540 1.58247 0.10054
v 0.05426 1.58519 0.10228
v 0.05196 1.58742 0.10487
v 0.04906 1.58817 0.10664
v 0.03274 1.58571 0.11225
v 0.02192 1.56807 0.10953
v 0.02253 1.56633 0.10909
v 0.02200 1.57238 0.11040
v 0.05405 1.56317 0.10065
v 0.02946 1.55994 0.10822
v 0.03441 1.55871 0.10900
v 0.02475 1.57935 0.11148
v 0.03973 1.55789 0.10977
v 0.04533 1.55813 0.10797
v 0.05095 1.55842 0.10418
v 0.05639 1.57400 0.09901
v 0.02604 1.56210 0.10826
v 0.05536 1.56814 0.09976
v 0.00471 1.41025 0.06372
v 0.02352 1.42495 0.05570
v 0.02433 1.42051 0.06245
v 0.03908 1.42893 0.04706
v 0.04096 1.42577 0.05448
v 0.04804 1.43057 0.04383
v 0.04886 1.42753 0.05253
v 0.05860 1.43198 0.04060
v 0.05997 1.42896 0.04948
v 0.07252 1.43760 0.03591
v 0.07494 1.43360 0.04267
v 0.08171 1.44419 0.02940
v 0.08578 1.44059 0.03396
v 0.08678 1.44953 0.01989
v 0.09298 1.44685 0.02243
v 0.03146 1.52018 0.01750
v 0.02855 1.50187 0.03727
v 0.02965 1.50201 0.02128
v 0.02623 1.46982 0.03756
v 0.03127 1.47191 0.02505
v 0.02685 1.45077 0.04091
v 0.03533 1.45463 0.02971
v 0.02514 1.43293 0.04794
v 0.03985 1.43698 0.03931
v 0.02961 1.51950 0.01073
v 0.02905 1.50162 0.01401
v 0.03271 1.47301 0.01779
v 0.03885 1.45718 0.02200
v 0.04988 1.44026 0.03216
v 0.00957 1.41275 0.06470
v 0.00408 1.42335 0.05488
v 0.00748 1.42522 0.05559
v 0.00403 1.44523 0.05183
v 0.00809 1.44582 0.05132
v 0.01721 1.44819 0.04792
v 0.03322 1.52630 0.01507
v 0.03055 1.52570 0.00839
v 0.01539 1.41689 0.06400
v 0.01707 1.42408 0.05678
v 0.01951 1.43181 0.05071
v 0.02223 1.44940 0.04492
v 0.02259 1.46883 0.04276
v 0.05526 1.44834 0.01895
v 0.06528 1.44648 0.02085
v 0.06069 1.43829 0.03169
v 0.08198 1.62755 0.01693
v 0.07996 1.61601 0.00136
v 0.03213 1.42300 0.05942
v 0.03009 1.42628 0.05183
v 0.03455 1.52119 0.02497
v 0.02973 1.50211 0.02922
v 0.02909 1.47084 0.03167
v 0.03125 1.45245 0.03590
v 0.03173 1.43465 0.04413
v 0.03636 1.52728 0.02228
v 0.06076 1.54754 0.05811
v 0.06198 1.55060 0.06773
v 0.06295 1.57820 0.09654
v 0.05990 1.56496 0.09851
v 0.06244 1.55356 0.07710
v 0.06226 1.55633 0.08425
v 0.06108 1.56225 0.09523
v 0.06469 1.58928 -0.02903
v 0.07895 1.63318 -0.02141
v 0.07523 1.65867 0.07691
v 0.07562 1.62031 -0.02787
v 0.05856 1.57463 -0.02538
v 0.07000 1.60504 -0.02972
v 0.05180 1.56291 -0.01981
v 0.05312 1.59331 0.11106
v 0.04514 1.55360 -0.01371
v 0.05487 1.59932 0.11234
v 0.02987 1.53173 -0.00063
v 0.03324 1.53848 -0.00460
v 0.06741 1.63932 0.10179
v 0.07169 1.64913 0.09183
v 0.05778 1.60821 0.11320
v 0.06378 1.62955 0.10790
v 0.08268 1.65309 0.00501
v 0.08171 1.64418 -0.01026
v 0.03855 1.54594 -0.00894
v 0.08269 1.65992 0.02074
v 0.07789 1.66347 0.06347
v 0.02760 1.51529 0.10946
v 0.05878 1.58427 0.10298
v 0.05751 1.58681 0.10537
v 0.05557 1.58865 0.10782
v 0.06516 1.59319 0.09879
v 0.06869 1.59815 0.09539
v 0.07631 1.61496 0.07024
v 0.07377 1.60830 0.08486
v 0.01665 1.50298 0.11246
v 0.06200 1.58808 0.10082
v 0.05978 1.58144 0.10072
v 0.06599 1.58937 0.09590
v 0.06332 1.58581 0.09838
v 0.06131 1.57981 0.09873
v 0.08043 1.61568 0.01354
v 0.07844 1.61999 0.05248
v 0.08034 1.62164 0.02830
v 0.07747 1.61781 0.06122
v 0.07779 1.60415 0.00327
v 0.08060 1.61946 0.02065
v 0.07947 1.61041 0.00764
v 0.06415 1.58276 0.09638
v 0.06586 1.58332 0.09397
v 0.07825 1.58746 0.03796
v 0.07825 1.58746 0.03796
v 0.07582 1.57992 0.04011
v 0.07653 1.58082 0.03863
v 0.07566 1.57805 0.03870
v 0.07614 1.57950 0.03822
v 0.07432 1.57621 0.03555
v 0.07560 1.57888 0.03524
v 0.07288 1.57629 0.03330
v 0.07516 1.57907 0.03297
v 0.08268 1.59353 0.03569
v 0.08182 1.59276 0.03523
v 0.06275 1.57122 0.09524
v 0.06469 1.57736 0.09387
v 0.06612 1.57660 0.08982
v 0.06759 1.58393 0.09002
v 0.00586 1.49823 0.11739
v 0.02739 1.52453 0.11475
v 0.02811 1.51976 0.11142
v 0.01125 1.49994 0.11520
v 0.06862 1.59234 0.09209
v 0.07198 1.59808 0.08131
v 0.02162 1.50679 0.11003
v 0.06967 1.58539 0.07905
v 0.02790 1.51315 0.00614
v 0.06770 1.57538 0.07870
v 0.07495 1.61153 0.07831
v 0.07298 1.59953 0.07489
v 0.07048 1.58583 0.07266
v 0.06842 1.57487 0.07244
v 0.07401 1.60123 0.06743
v 0.07107 1.58570 0.06560
v 0.06879 1.57396 0.06558
v 0.06872 1.57276 0.05852
v 0.07356 1.59148 0.05158
v 0.07499 1.60287 0.05933
v 0.00798 1.53509 0.13337
v 0.02549 1.51100 0.10886
v 0.01895 1.51259 -0.00842
v 0.01340 1.54567 0.12753
v 0.02550 1.53761 0.12003
v 0.01868 1.54244 0.12466
v 0.00950 1.54753 0.13002
v 0.00600 1.53860 0.13949
v 0.00237 1.54350 0.14491
v 0.00226 1.54566 0.14052
v 0.00251 1.55061 0.13478
v 0.00217 1.54041 0.14357
v 0.00420 1.53963 0.14177
v 0.07598 1.60456 0.05178
v 0.07861 1.61255 0.03073
v 0.07907 1.61140 0.02436
v 0.07932 1.60867 0.01843
v 0.07888 1.60451 0.01338
v 0.07773 1.59940 0.00992
v 0.07493 1.59527 0.00204
v 0.07537 1.59129 0.00838
v 0.07029 1.58401 0.00239
v 0.07135 1.58161 0.00801
v 0.06652 1.57186 0.00927
v 0.06517 1.57313 0.00411
v 0.06191 1.56342 0.01214
v 0.05987 1.56369 0.00738
v 0.05485 1.55571 0.01189
v 0.05765 1.55623 0.01646
v 0.05068 1.54874 0.01637
v 0.05428 1.55013 0.02140
v 0.04759 1.54219 0.02055
v 0.05184 1.54444 0.02632
v 0.05033 1.53922 0.03060
v 0.04506 1.53578 0.02453
v 0.04952 1.53196 0.03743
v 0.04185 1.52914 0.02937
v 0.02126 1.71741 0.03859
v 0.04208 1.52422 0.03833
v 0.06856 1.57130 0.05335
v 0.03107 1.50837 0.03712
v 0.03816 1.52288 0.03234
v 0.07049 1.57839 0.05262
v 0.05943 1.54390 0.04968
v 0.05214 1.53176 0.04686
v 0.07234 1.58305 0.04746
v 0.07158 1.58197 0.04985
v 0.02393 1.49450 0.04419
v 0.02317 1.48686 0.04359
v 0.02279 1.47822 0.04292
v 0.02866 1.49521 0.02966
v 0.02819 1.48760 0.03025
v 0.02840 1.47948 0.03080
v 0.02698 1.49501 0.03713
v 0.02624 1.48724 0.03715
v 0.02607 1.47883 0.03713
v 0.02996 1.48014 0.02388
v 0.02929 1.48797 0.02297
v 0.02927 1.49530 0.02207
v 0.03082 1.48071 0.01666
v 0.02968 1.48815 0.01569
v 0.02919 1.49515 0.01479
v 0.03943 1.51515 0.05384
v 0.03510 1.51413 0.04604
v 0.08488 1.59518 0.03232
v 0.08409 1.59405 0.03227
v 0.08702 1.59541 0.02803
v 0.08605 1.59430 0.02811
v 0.08829 1.59306 0.02363
v 0.08700 1.59206 0.02400
v 0.08132 1.59131 0.03324
v 0.08245 1.59228 0.03223
v 0.08188 1.59054 0.03118
v 0.08316 1.59194 0.03003
v 0.08248 1.58914 0.02890
v 0.08394 1.59001 0.02719
v 0.08274 1.58635 0.02711
v 0.08421 1.58540 0.02443
v 0.08168 1.58386 0.02774
v 0.08201 1.58159 0.02600
v 0.07885 1.58611 0.03042
v 0.07888 1.58121 0.02987
v 0.07752 1.58622 0.03343
v 0.07676 1.58129 0.03313
v 0.07749 1.58664 0.03520
v 0.07629 1.58112 0.03553
v 0.08407 1.58058 0.02135
v 0.08221 1.57866 0.02311
v 0.08272 1.57553 0.01934
v 0.08135 1.57507 0.02130
v 0.08101 1.57093 0.01838
v 0.07970 1.57134 0.02035
v 0.07896 1.56685 0.01867
v 0.07716 1.56772 0.02055
v 0.07626 1.56336 0.02041
v 0.07393 1.56441 0.02231
v 0.07307 1.56018 0.02445
v 0.07077 1.56169 0.02647
v 0.07053 1.55830 0.03008
v 0.06889 1.56045 0.03119
v 0.06910 1.55732 0.03372
v 0.06785 1.55975 0.03419
v 0.06814 1.55700 0.03649
v 0.06702 1.55902 0.03625
v 0.06747 1.55722 0.03933
v 0.06652 1.55907 0.03860
v 0.06653 1.55806 0.04184
v 0.06597 1.55974 0.04075
v 0.08822 1.58895 0.02052
v 0.08694 1.58821 0.02063
v 0.08745 1.58316 0.01812
v 0.08611 1.58270 0.01821
v 0.08560 1.57638 0.01563
v 0.08344 1.57588 0.01601
v 0.08292 1.57014 0.01411
v 0.08144 1.56985 0.01556
v 0.07980 1.56475 0.01463
v 0.07929 1.56518 0.01615
v 0.07732 1.56071 0.01641
v 0.07711 1.56154 0.01778
v 0.07419 1.55619 0.02019
v 0.07414 1.55732 0.02127
v 0.06578 1.56251 0.04359
v 0.06546 1.56216 0.04288
v 0.06659 1.56471 0.04229
v 0.06487 1.55181 0.02741
v 0.06826 1.56890 0.05121
v 0.07256 1.57808 0.04397
v 0.06903 1.57207 0.05082
v 0.07049 1.56726 0.04132
v 0.07024 1.57575 0.04979
v 0.07103 1.56946 0.04036
v 0.07108 1.57859 0.04831
v 0.07189 1.57284 0.04088
v 0.07185 1.58030 0.04715
v 0.07323 1.57615 0.04119
v 0.07032 1.55160 0.02710
v 0.07079 1.55328 0.02796
v 0.06741 1.54946 0.03284
v 0.06842 1.55166 0.03348
v 0.06588 1.54785 0.03704
v 0.06696 1.55102 0.03739
v 0.06534 1.54732 0.04053
v 0.06630 1.55120 0.04056
v 0.06485 1.55061 0.04409
v 0.06570 1.55303 0.04375
v 0.06599 1.56039 0.04723
v 0.06616 1.56081 0.04644
v 0.07147 1.57490 0.04421
v 0.06883 1.56591 0.04403
v 0.06846 1.56546 0.04262
v 0.07078 1.57176 0.04444
v 0.07594 1.57900 0.03719
v 0.07543 1.57707 0.03736
v 0.06763 1.56519 0.04228
v 0.07775 1.58705 0.03675
v 0.08114 1.59189 0.03452
v 0.06618 1.56133 0.04551
v 0.06643 1.55580 0.04290
v 0.06709 1.55465 0.04001
v 0.06796 1.55421 0.03692
v 0.06890 1.55418 0.03340
v 0.07406 1.55845 0.02223
v 0.07690 1.56229 0.01879
v 0.07919 1.56594 0.01732
v 0.08070 1.57009 0.01685
v 0.08219 1.57559 0.01743
v 0.08442 1.58191 0.01943
v 0.08500 1.58716 0.02215
v 0.08512 1.59126 0.02551
v 0.08452 1.59318 0.02899
v 0.08318 1.59309 0.03231
v 0.07630 1.58079 0.03736
v 0.07084 1.55538 0.02864
v 0.06989 1.56913 0.04536
v 0.06260 1.54934 0.03270
v 0.06848 1.56677 0.04692
v 0.07692 1.58994 0.04194
v 0.07948 1.59724 0.03830
v 0.08137 1.59925 0.03379
v 0.08298 1.59934 0.02867
v 0.08413 1.59732 0.02274
v 0.08434 1.59324 0.01808
v 0.08417 1.58762 0.01528
v 0.08266 1.58117 0.01378
v 0.07987 1.57406 0.01259
v 0.07620 1.56659 0.01337
v 0.07241 1.56077 0.01601
v 0.06853 1.55584 0.02071
v 0.06255 1.54850 0.04504
v 0.06205 1.54530 0.04125
v 0.06198 1.54666 0.03687
v 0.07410 1.58167 0.04351
v 0.06539 1.55999 0.04859
v 0.07795 1.58910 0.04071
v 0.06785 1.55130 0.02710
v 0.06509 1.54899 0.03265
v 0.06891 1.56636 0.04550
v 0.07286 1.57725 0.04294
v 0.08178 1.59601 0.03739
v 0.08425 1.59848 0.03309
v 0.08622 1.59895 0.02834
v 0.08755 1.59652 0.02241
v 0.08750 1.59164 0.01825
v 0.08665 1.58576 0.01557
v 0.08488 1.57905 0.01389
v 0.08202 1.57224 0.01255
v 0.07879 1.56562 0.01333
v 0.07564 1.56059 0.01577
v 0.07177 1.55562 0.02023
v 0.06370 1.54914 0.04461
v 0.06359 1.54536 0.04080
v 0.06395 1.54642 0.03685
v 0.06569 1.56015 0.04795
v 0.07117 1.57070 0.04233
v 0.07170 1.57405 0.04280
v 0.07054 1.56812 0.04325
v 0.07477 1.58072 0.04236
v 0.05963 1.55137 0.03369
v 0.06919 1.57092 0.04880
v 0.06073 1.55343 0.02900
v 0.07011 1.57404 0.04784
v 0.07109 1.57695 0.04685
v 0.07191 1.57955 0.04606
v 0.07590 1.59053 0.04279
v 0.07295 1.58271 0.04558
v 0.06511 1.55999 0.04930
v 0.06809 1.56790 0.04965
v 0.07587 1.59750 0.03871
v 0.07582 1.59771 0.03474
v 0.07640 1.59679 0.03047
v 0.07824 1.59539 0.02539
v 0.07936 1.59279 0.02015
v 0.07927 1.58861 0.01698
v 0.07790 1.58310 0.01545
v 0.07447 1.57635 0.01477
v 0.07046 1.56865 0.01568
v 0.06708 1.56248 0.01827
v 0.06357 1.55719 0.02307
v 0.06142 1.54938 0.04596
v 0.06065 1.54821 0.04206
v 0.05975 1.54933 0.03762
v 0.06947 1.56662 0.03998
v 0.06999 1.56845 0.03908
v 0.07145 1.57155 0.03920
v 0.07314 1.57482 0.03945
v 0.06771 1.56658 0.04047
v 0.06829 1.56827 0.03927
v 0.07002 1.57079 0.03855
v 0.07224 1.57378 0.03828
v 0.06558 1.56624 0.04080
v 0.06662 1.56817 0.03943
v 0.06829 1.57037 0.03851
v 0.07098 1.57298 0.03744
v 0.07418 1.57559 0.02893
v 0.07325 1.57607 0.03112
v 0.07454 1.57435 0.02702
v 0.07390 1.57256 0.02576
v 0.07191 1.57038 0.02531
v 0.06855 1.56813 0.02602
v 0.06528 1.56595 0.02791
v 0.06325 1.56404 0.03045
v 0.06220 1.56262 0.03255
v 0.06125 1.56184 0.03451
v 0.06072 1.56166 0.03647
v 0.06055 1.56172 0.03819
v 0.06092 1.56212 0.03955
v 0.06304 1.56375 0.04117
v 0.07780 1.57878 0.02718
v 0.07825 1.57728 0.02436
v 0.06942 1.56536 0.02375
v 0.06667 1.56250 0.02758
v 0.06327 1.55999 0.03814
v 0.06370 1.56077 0.03996
v 0.06463 1.56285 0.04175
v 0.07600 1.57170 0.02183
v 0.07302 1.56863 0.02201
v 0.06417 1.56007 0.03356
v 0.06341 1.55976 0.03582
v 0.07765 1.57466 0.02267
v 0.06512 1.56093 0.03102
v 0.07632 1.57902 0.03021
v 0.06046 1.56913 0.03744
v 0.06051 1.56957 0.03676
v 0.05863 1.56689 0.03959
v 0.05928 1.56744 0.03917
v 0.05979 1.56807 0.03867
v 0.06026 1.56858 0.03809
v 0.06049 1.57004 0.03558
v 0.06058 1.56987 0.03611
v 0.06045 1.57012 0.03522
v 0.06040 1.56987 0.03498
v 0.06027 1.56955 0.03514
v 0.06018 1.56910 0.03550
v 0.05995 1.56857 0.03605
v 0.05964 1.56802 0.03672
v 0.05937 1.56756 0.03741
v 0.05903 1.56706 0.03808
v 0.05855 1.56663 0.03872
v 0.05821 1.56631 0.03926
v 0.05783 1.56611 0.03968
v 0.05815 1.56647 0.03988
v 0.05944 1.56326 0.03738
v 0.05838 1.56456 0.03816
v 0.05816 1.56566 0.03848
v 0.05781 1.56547 0.03925
v 0.05803 1.56447 0.03920
v 0.05927 1.56322 0.03869
v 0.06440 1.56831 0.04000
v 0.06187 1.56841 0.04031
v 0.06016 1.56805 0.03984
v 0.06111 1.56898 0.03931
v 0.06319 1.56957 0.03954
v 0.06615 1.56997 0.03899
v 0.06965 1.57101 0.02854
v 0.06429 1.57061 0.03215
v 0.06129 1.57017 0.03424
v 0.06076 1.56950 0.03416
v 0.06310 1.56959 0.03211
v 0.06769 1.56963 0.02858
v 0.07038 1.57310 0.03570
v 0.06567 1.57167 0.03718
v 0.06221 1.57040 0.03785
v 0.06177 1.56973 0.03865
v 0.06475 1.57073 0.03850
v 0.06826 1.57157 0.03759
v 0.05762 1.56546 0.03984
v 0.05811 1.56456 0.03998
v 0.05949 1.56342 0.03968
v 0.06073 1.56471 0.04084
v 0.05880 1.56550 0.04084
v 0.05781 1.56605 0.04015
v 0.05928 1.56719 0.04023
v 0.06051 1.56723 0.04084
v 0.06300 1.56695 0.04084
v 0.06039 1.56870 0.03444
v 0.06194 1.56851 0.03260
v 0.06506 1.56819 0.02954
v 0.07038 1.57354 0.03401
v 0.06583 1.57208 0.03595
v 0.06220 1.57083 0.03698
v 0.05993 1.56788 0.03504
v 0.06094 1.56731 0.03350
v 0.06291 1.56665 0.03107
v 0.07053 1.57356 0.03232
v 0.06576 1.57217 0.03476
v 0.06212 1.57099 0.03611
v 0.05952 1.56709 0.03584
v 0.06007 1.56625 0.03463
v 0.06158 1.56527 0.03279
v 0.05898 1.56651 0.03672
v 0.05952 1.56537 0.03578
v 0.06075 1.56416 0.03433
v 0.06201 1.57093 0.03532
v 0.06553 1.57193 0.03363
v 0.07081 1.57308 0.03068
v 0.05845 1.56599 0.03760
v 0.05895 1.56487 0.03696
v 0.05991 1.56357 0.03585
v 0.06169 1.57066 0.03467
v 0.06504 1.57140 0.03271
v 0.07059 1.57225 0.02934
v 0.06127 1.55069 0.03344
v 0.06306 1.55289 0.02848
v 0.06812 1.56718 0.04820
v 0.07737 1.59679 0.03852
v 0.07845 1.59777 0.03432
v 0.07958 1.59716 0.02995
v 0.08122 1.59532 0.02466
v 0.08205 1.59225 0.01969
v 0.08180 1.58770 0.01677
v 0.08034 1.58193 0.01519
v 0.07741 1.57517 0.01413
v 0.07374 1.56757 0.01488
v 0.06995 1.56177 0.01737
v 0.06628 1.55672 0.02211
v 0.06195 1.54850 0.04547
v 0.06137 1.54666 0.04158
v 0.06103 1.54838 0.03745
v 0.06539 1.55999 0.04859
v 0.06934 1.56999 0.04711
v 0.07031 1.57290 0.04618
v 0.07128 1.57579 0.04552
v 0.07235 1.57885 0.04496
v 0.07590 1.59053 0.04279
v 0.07342 1.58224 0.04438
v 0.08819 1.45016 0.00856
v 0.09572 1.44863 0.00992
v 0.07242 1.44183 0.02901
v 0.07886 1.44563 0.02591
v 0.08143 1.45022 0.01861
v 0.08190 1.45028 0.00822
v 0.02631 1.52525 -0.00251
v 0.02331 1.52529 -0.00695
v 0.01899 1.52542 -0.01121
v 0.01332 1.52568 -0.01493
v 0.00700 1.52593 -0.01771
v 0.02850 1.52537 0.00250
v 0.02612 1.51892 -0.00042
v 0.02317 1.51887 -0.00508
v 0.01890 1.51885 -0.00925
v 0.01317 1.51899 -0.01264
v 0.00692 1.51924 -0.01514
v 0.02816 1.51913 0.00476
v 0.02615 1.50680 0.00133
v 0.02351 1.50659 -0.00378
v 0.01916 1.50658 -0.00818
v 0.01342 1.50671 -0.01147
v 0.00704 1.50702 -0.01361
v 0.02792 1.50718 0.00696
v 0.02632 1.50073 0.00164
v 0.02364 1.50050 -0.00368
v 0.01944 1.50054 -0.00818
v 0.01374 1.50072 -0.01155
v 0.00714 1.50097 -0.01366
v 0.02805 1.50112 0.00749
v 0.02679 1.49454 0.00193
v 0.02419 1.49442 -0.00368
v 0.02007 1.49448 -0.00835
v 0.01431 1.49460 -0.01186
v 0.00742 1.49472 -0.01396
v 0.02842 1.49482 0.00805
v 0.02785 1.48813 0.00231
v 0.02533 1.48817 -0.00360
v 0.02120 1.48826 -0.00852
v 0.01531 1.48827 -0.01222
v 0.00810 1.48824 -0.01446
v 0.02925 1.48815 0.00874
v 0.02968 1.48158 0.00268
v 0.02730 1.48186 -0.00355
v 0.02304 1.48192 -0.00868
v 0.01695 1.48177 -0.01257
v 0.00913 1.48151 -0.01494
v 0.03080 1.48119 0.00948
v 0.03242 1.47504 0.00286
v 0.03028 1.47561 -0.00393
v 0.02584 1.47551 -0.00930
v 0.01932 1.47507 -0.01333
v 0.01056 1.47451 -0.01576
v 0.03319 1.47412 0.01021
v 0.04128 1.46271 0.00315
v 0.03902 1.46359 -0.00498
v 0.03405 1.46310 -0.01158
v 0.02614 1.46158 -0.01618
v 0.01468 1.45972 -0.01884
v 0.04103 1.46022 0.01267
v 0.04808 1.45730 0.00442
v 0.04585 1.45864 -0.00552
v 0.04017 1.45762 -0.01317
v 0.03134 1.45488 -0.01817
v 0.01799 1.45147 -0.02095
v 0.04733 1.45356 0.01559
v 0.07558 1.44811 0.01975
v 0.05682 1.45355 0.00624
v 0.06791 1.45254 0.00825
v 0.07619 1.45053 0.00824
v 0.08700 1.44842 -0.00470
v 0.09517 1.44664 -0.00346
v 0.08124 1.44965 -0.00570
v 0.05490 1.45538 -0.00648
v 0.06485 1.45312 -0.00620
v 0.07475 1.45093 -0.00640
v 0.08180 1.44207 -0.01697
v 0.09127 1.43986 -0.01549
v 0.07426 1.44430 -0.01845
v 0.04842 1.45339 -0.01544
v 0.05767 1.45030 -0.01759
v 0.06677 1.44698 -0.01878
v 0.07437 1.43331 -0.02685
v 0.08570 1.43083 -0.02483
v 0.06484 1.43608 -0.02851
v 0.03879 1.44888 -0.02137
v 0.04641 1.44290 -0.02491
v 0.05615 1.43937 -0.02837
v 0.06301 1.42208 -0.03474
v 0.07803 1.41962 -0.03198
v 0.04985 1.42471 -0.03636
v 0.02339 1.44253 -0.02410
v 0.02639 1.43031 -0.02907
v 0.10900 1.36387 0.02517
v 0.03944 1.42720 -0.03428
v 0.03252 1.40995 -0.04179
v 0.07321 1.40605 -0.03601
v 0.05232 1.40755 -0.03988
v 0.01318 1.40986 -0.03478
v 0.10824 1.36105 0.01738
v 0.02270 1.40969 -0.03753
v 0.03965 1.36263 -0.04255
v 0.07536 1.37854 -0.03702
v 0.05747 1.36997 -0.03998
v 0.01831 1.36327 -0.03873
v 0.10759 1.35749 0.00032
v 0.03416 1.36293 -0.03872
v 0.05158 1.34063 -0.03761
v 0.08440 1.36843 -0.03332
v 0.06908 1.35392 -0.03525
v 0.02247 1.33716 -0.03728
v 0.10985 1.36736 0.03264
v 0.04729 1.33562 -0.03694
v 0.08014 1.33473 -0.02836
v 0.09663 1.36307 -0.02668
v 0.08592 1.34943 -0.02737
v 0.02205 1.31411 -0.03565
v 0.07131 1.31381 -0.02485
v 0.10757 1.35856 0.00912
v 0.07650 1.32773 -0.02811
v 0.09352 1.33659 -0.01715
v 0.10445 1.35985 -0.01835
v 0.09680 1.34878 -0.01794
v 0.08602 1.31497 -0.01563
v 0.11142 1.37100 0.04048
v 0.08996 1.32692 -0.01662
v 0.00563 1.40575 0.06834
v 0.02666 1.41378 0.06492
v 0.04459 1.41880 0.05852
v 0.05482 1.42097 0.05529
v 0.06742 1.42295 0.05139
v 0.11366 1.38275 0.05413
v 0.08172 1.42691 0.04482
v 0.09329 1.43451 0.03798
v 0.10188 1.44143 0.02559
v 0.01169 1.40769 0.06811
v 0.01848 1.41068 0.06707
v 0.03521 1.41642 0.06203
v 0.03196 1.44326 0.03946
v 0.02630 1.44151 0.04387
v 0.03791 1.44571 0.03378
v 0.04373 1.44893 0.02611
v 0.00365 1.43457 0.05295
v 0.00743 1.43575 0.05251
v 0.01624 1.43899 0.04972
v 0.02108 1.44014 0.04735
v 0.10607 1.44456 0.01212
v 0.10629 1.44300 -0.00180
v 0.10331 1.43645 -0.01381
v 0.09925 1.42759 -0.02301
v 0.09526 1.41655 -0.02884
v 0.03009 1.46179 0.03330
v 0.02654 1.46038 0.03880
v 0.03308 1.46341 0.02686
v 0.03536 1.46521 0.01940
v 0.00437 1.45615 0.05175
v 0.00866 1.45629 0.05121
v 0.01787 1.45795 0.04712
v 0.02245 1.45912 0.04342
v 0.02250 1.46835 -0.01466
v 0.01254 1.46726 -0.01720
v 0.03652 1.46710 0.01117
v 0.03615 1.46864 0.00302
v 0.02954 1.46922 -0.01037
v 0.03407 1.46945 -0.00451
v 0.09140 1.40456 -0.03218
v 0.08791 1.38417 -0.03442
v 0.09719 1.37942 -0.03124
v 0.11165 1.37355 -0.02497
v 0.11613 1.36446 -0.01781
v 0.09360 1.41717 0.05144
v 0.10507 1.42625 0.04003
v 0.11328 1.43353 0.02797
v 0.11780 1.43816 0.01440
v 0.11837 1.43767 -0.00023
v 0.11570 1.40878 0.04836
v 0.12210 1.41691 0.04005
v 0.12855 1.42377 0.02946
v 0.13287 1.42881 0.01641
v 0.13347 1.42931 0.00092
v 0.13380 1.40020 0.04660
v 0.13957 1.40662 0.04012
v 0.14561 1.41221 0.03063
v 0.15036 1.41691 0.01836
v 0.15052 1.41854 0.00100
v 0.14893 1.39192 0.04488
v 0.15516 1.39606 0.03934
v 0.16208 1.39982 0.03001
v 0.16839 1.40284 0.01720
v 0.16657 1.40428 0.00052
v 0.11612 1.43149 -0.01235
v 0.11256 1.42304 -0.02087
v 0.10923 1.41274 -0.02605
v 0.10615 1.40130 -0.02871
v 0.14247 1.36454 0.04333
v 0.13059 1.42452 -0.01183
v 0.12634 1.41641 -0.01951
v 0.12267 1.40716 -0.02371
v 0.11987 1.39685 -0.02545
v 0.12596 1.37154 0.04515
v 0.14565 1.41458 -0.01181
v 0.14002 1.40847 -0.01884
v 0.13523 1.40128 -0.02219
v 0.13330 1.39249 -0.02299
v 0.13131 1.37165 -0.02089
v 0.15914 1.40279 -0.01148
v 0.15098 1.39954 -0.01822
v 0.14456 1.39676 -0.02131
v 0.14604 1.38979 -0.02108
v 0.14881 1.36955 -0.01917
v 0.00632 1.40050 0.07437
v 0.02864 1.40746 0.06913
v 0.04797 1.41212 0.06423
v 0.05949 1.41444 0.06240
v 0.07393 1.41613 0.05936
v 0.11304 1.37573 0.04842
v 0.01302 1.40227 0.07322
v 0.02034 1.40474 0.07143
v 0.03771 1.40994 0.06658
v 0.09836 1.39449 0.06211
v 0.11324 1.39108 0.05609
v 0.12892 1.38531 0.05204
v 0.14538 1.37875 0.04883
v 0.00683 1.38576 0.08936
v 0.03125 1.39360 0.08223
v 0.05369 1.39620 0.07703
v 0.06695 1.39627 0.07524
v 0.08370 1.39397 0.07082
v 0.04400 1.29844 -0.03102
v 0.01402 1.38797 0.08770
v 0.02203 1.39082 0.08531
v 0.04184 1.39531 0.07933
v 0.15949 1.38611 0.04352
v 0.16254 1.37291 0.04578
v 0.16761 1.38669 0.03910
v 0.18118 1.36861 0.04164
v 0.17663 1.38846 0.02969
v 0.20363 1.36543 0.03228
v 0.18493 1.38986 0.01625
v 0.21132 1.36834 0.01319
v 0.18061 1.39156 -0.00045
v 0.20270 1.36857 -0.00485
v 0.16954 1.39101 -0.01194
v 0.18631 1.36847 -0.01481
v 0.15762 1.39012 -0.01817
v 0.16680 1.36846 -0.01833
v 0.12763 1.37786 0.05005
v 0.14412 1.37136 0.04731
v 0.14055 1.35889 0.03674
v 0.12398 1.36696 0.03778
v 0.13454 1.34913 0.00394
v 0.11664 1.35777 0.00627
v 0.13313 1.36145 -0.01642
v 0.16165 1.35658 0.04259
v 0.16034 1.34905 0.03645
v 0.15716 1.33673 0.00160
v 0.15158 1.35780 -0.01657
v 0.16257 1.36479 0.04544
v 0.18208 1.34832 0.04334
v 0.18112 1.33792 0.03719
v 0.18254 1.35869 0.04403
v 0.20332 1.34007 0.04471
v 0.20274 1.32625 0.03791
v 0.20476 1.35307 0.04134
v 0.22937 1.32580 0.04343
v 0.22845 1.30854 0.03756
v 0.23129 1.34170 0.03974
v 0.25608 1.30977 0.04175
v 0.25380 1.29379 0.03708
v 0.25751 1.32640 0.03665
v 0.27965 1.29492 0.03988
v 0.27510 1.28000 0.03641
v 0.28080 1.31102 0.03480
v 0.29728 1.28271 0.03787
v 0.29142 1.27044 0.03537
v 0.29913 1.29730 0.03397
v 0.31015 1.27360 0.03600
v 0.30375 1.26432 0.03428
v 0.31317 1.28503 0.03401
v 0.18081 1.32218 -0.00092
v 0.17126 1.35465 -0.01812
v 0.23238 1.35125 0.02787
v 0.23140 1.35287 0.00873
v 0.25648 1.33648 0.02427
v 0.25242 1.33899 0.00652
v 0.27754 1.32258 0.02306
v 0.27155 1.32683 0.00651
v 0.29635 1.30916 0.02407
v 0.29072 1.31532 0.00885
v 0.31248 1.29654 0.02688
v 0.30902 1.30464 0.01338
v 0.04092 1.71075 0.03800
v 0.05852 1.69889 0.03696
v 0.08145 1.63314 0.03529
v 0.07828 1.67510 0.03648
v 0.08269 1.65357 0.03514
v 0.07119 1.68694 0.03699
v 0.08233 1.64328 0.03498
v 0.08165 1.66401 0.03576
v 0.07984 1.62205 0.03618
v 0.01801 1.71434 0.06053
v 0.07804 1.61122 0.03739
v 0.05495 1.69817 0.05717
v 0.07617 1.67616 0.05257
v 0.08169 1.65508 0.04750
v 0.06845 1.68734 0.05512
v 0.08152 1.64445 0.04577
v 0.08038 1.66545 0.04991
v 0.08077 1.63372 0.04459
v 0.03658 1.70845 0.05965
v 0.07919 1.62115 0.04420
v 0.07709 1.60739 0.04444
v 0.21993 1.34763 -0.01017
v 0.19308 1.35266 -0.01675
v 0.24457 1.33278 -0.00992
v 0.22164 1.32529 -0.01677
v 0.13457 1.35421 -0.01043
v 0.11723 1.35960 -0.00990
v 0.15462 1.34736 -0.01219
v 0.17595 1.33973 -0.01522
v 0.12174 1.36386 0.02990
v 0.13840 1.35465 0.02871
v 0.15906 1.34312 0.02823
v 0.18086 1.32994 0.02828
v 0.20406 1.31606 0.02808
v 0.22974 1.29763 0.02767
v 0.25201 1.28423 0.02769
v 0.26945 1.27192 0.02815
v 0.28392 1.26348 0.02863
v 0.29600 1.25791 0.02885
v 0.32717 1.28420 0.03075
v 0.32625 1.29422 0.01956
v 0.34472 1.27032 0.03541
v 0.34552 1.28215 0.02671
v 0.36373 1.25577 0.03814
v 0.36680 1.26696 0.03203
v 0.38338 1.24138 0.04031
v 0.38768 1.25179 0.03596
v 0.40153 1.22782 0.04172
v 0.40667 1.23750 0.03918
v 0.41780 1.21605 0.04260
v 0.42322 1.22490 0.04157
v 0.43155 1.20596 0.04295
v 0.43662 1.21437 0.04313
v 0.44263 1.19724 0.04341
v 0.44701 1.20519 0.04440
v 0.20496 1.30817 -0.00246
v 0.22709 1.29545 -0.00351
v 0.15639 1.34023 -0.00601
v 0.13474 1.35038 -0.00350
v 0.17923 1.32789 -0.00925
v 0.11671 1.35774 -0.00166
v 0.20321 1.31670 -0.01165
v 0.22435 1.30610 -0.01320
v 0.26439 1.32176 -0.00883
v 0.24211 1.29829 -0.01436
v 0.24458 1.28577 -0.00446
v 0.28388 1.31241 -0.00604
v 0.25771 1.29131 -0.01492
v 0.25832 1.27823 -0.00527
v 0.30337 1.30447 -0.00134
v 0.27129 1.28550 -0.01482
v 0.27004 1.27151 -0.00561
v 0.28341 1.27957 -0.01471
v 0.28177 1.26393 -0.00592
v 0.32536 1.26586 -0.01931
v 0.24153 1.31610 -0.01712
v 0.25959 1.30792 -0.01659
v 0.27726 1.30086 -0.01490
v 0.29569 1.29414 -0.01256
v 0.19910 1.33309 -0.01687
v 0.31492 1.27065 -0.01950
v 0.31868 1.29407 -0.00566
v 0.32343 1.29773 0.00586
v 0.34398 1.28889 0.01386
v 0.30674 1.25762 -0.01785
v 0.36739 1.27459 0.02090
v 0.34302 1.26598 -0.01517
v 0.33853 1.25337 -0.01820
v 0.31677 1.25337 -0.01866
v 0.33962 1.28891 0.00105
v 0.36425 1.27661 0.00778
v 0.40842 1.23856 -0.00392
v 0.37823 1.25185 -0.00922
v 0.39031 1.25933 0.02648
v 0.39006 1.26196 0.01393
v 0.41133 1.24507 0.03137
v 0.41391 1.24770 0.01969
v 0.42932 1.23235 0.03538
v 0.43404 1.23516 0.02463
v 0.44291 1.22184 0.03836
v 0.44865 1.22510 0.02894
v 0.43296 1.22707 0.00136
v 0.45061 1.21873 0.00650
v 0.40191 1.22922 -0.01067
v 0.42736 1.21884 -0.00600
v 0.44594 1.21111 -0.00129
v 0.11782 1.35933 0.01406
v 0.18093 1.32198 0.00866
v 0.13497 1.34981 0.01184
v 0.15742 1.33665 0.01014
v 0.20599 1.30678 0.00789
v 0.22903 1.29237 0.00740
v 0.24723 1.28088 0.00706
v 0.26077 1.27148 0.00694
v 0.37887 1.23178 0.03998
v 0.33798 1.25233 0.03581
v 0.35501 1.23819 0.03668
v 0.37466 1.22476 0.03727
v 0.39378 1.21304 0.03684
v 0.41127 1.20315 0.03643
v 0.42620 1.19451 0.03600
v 0.43851 1.18708 0.03580
v 0.29929 1.25617 -0.01357
v 0.29980 1.26927 -0.01889
v 0.31344 1.27945 -0.01639
v 0.29762 1.26174 -0.01619
v 0.30571 1.27605 -0.01861
v 0.32425 1.27552 -0.01572
v 0.30796 1.25167 -0.01443
v 0.32708 1.24533 -0.01647
v 0.29228 1.25088 -0.00119
v 0.30539 1.24124 0.00040
v 0.13639 1.35170 0.02023
v 0.15806 1.33904 0.01921
v 0.11973 1.36123 0.02204
v 0.18100 1.32511 0.01856
v 0.20527 1.31002 0.01820
v 0.23013 1.29374 0.01785
v 0.24967 1.28078 0.01791
v 0.27720 1.26134 0.01948
v 0.26463 1.26986 0.01849
v 0.32573 1.22926 -0.00044
v 0.39406 1.21959 -0.01216
v 0.36269 1.23152 -0.01462
v 0.35482 1.21607 -0.00080
v 0.38282 1.20553 -0.00061
v 0.41980 1.21023 -0.00854
v 0.40713 1.19712 0.00062
v 0.43919 1.20297 -0.00460
v 0.42650 1.19044 0.00212
v 0.37112 1.24144 -0.01462
v 0.32122 1.25908 -0.02018
v 0.30977 1.26417 -0.01989
v 0.38586 1.25926 0.00120
v 0.29154 1.27444 -0.01709
v 0.31558 1.28669 -0.01257
v 0.35685 1.27316 -0.00437
v 0.33309 1.28356 -0.00884
v 0.41290 1.24532 0.00695
v 0.43554 1.23312 0.01235
v 0.45152 1.22379 0.01723
v 0.28974 1.26344 -0.01265
v 0.30055 1.28391 -0.01643
v 0.29525 1.25389 -0.00922
v 0.30625 1.24595 -0.00868
v 0.32578 1.23569 -0.01014
v 0.38702 1.21123 -0.00848
v 0.35741 1.22238 -0.00967
v 0.41246 1.20254 -0.00603
v 0.43206 1.19578 -0.00326
v 0.01469 1.38510 -0.03645
v 0.02557 1.38621 -0.03803
v 0.05140 1.38933 -0.04122
v 0.03055 1.38653 -0.04235
v 0.07217 1.39196 -0.03761
v 0.08927 1.39316 -0.03376
v 0.11678 1.38603 -0.02595
v 0.13219 1.38263 -0.02265
v 0.14722 1.38049 -0.02042
v 0.01375 1.39585 0.07998
v 0.06357 1.40523 0.06835
v 0.07846 1.40596 0.06558
v 0.11353 1.39992 0.05400
v 0.13065 1.39297 0.05076
v 0.02149 1.39816 0.07770
v 0.03026 1.40072 0.07494
v 0.04004 1.40275 0.07235
v 0.05109 1.40420 0.07028
v 0.14659 1.38586 0.04800
v 0.06836 1.30026 -0.02373
v 0.00669 1.39411 0.08154
v 0.09562 1.40504 0.05875
v 0.16110 1.38046 0.04493
v 0.17529 1.37799 0.04021
v 0.18951 1.37775 0.03130
v 0.19779 1.37958 0.01509
v 0.19168 1.38072 -0.00201
v 0.17868 1.38045 -0.01330
v 0.16255 1.38007 -0.01812
v 0.10281 1.39032 -0.03014
v 0.45303 1.21280 0.04096
v 0.45889 1.21718 0.03278
v 0.46242 1.21260 0.01102
v 0.45868 1.20563 0.00283
v 0.46255 1.21692 0.02188
v 0.45256 1.19785 -0.00121
v 0.44102 1.18548 0.00336
v 0.44617 1.19070 -0.00082
v 0.04505 1.31356 -0.03197
v 0.08303 1.30353 -0.01509
v 0.09270 1.31898 -0.00334
v 0.02157 1.29861 -0.03396
v 0.09004 1.30811 -0.00232
v 0.09827 1.33994 -0.00592
v 0.10737 1.35804 -0.00905
v 0.10167 1.35009 -0.00759
v 0.09635 1.32932 -0.00411
v 0.10226 1.38485 0.06017
v 0.10354 1.37654 0.05385
v 0.07824 1.34467 0.12678
v 0.07012 1.34561 0.13020
v 0.07397 1.34579 0.12824
v 0.06951 1.32776 0.13709
v 0.07565 1.32414 0.13462
v 0.08606 1.32565 0.12816
v 0.08164 1.32363 0.13128
v 0.06546 1.33306 0.13769
v 0.06408 1.33800 0.13694
v 0.06682 1.34413 0.13258
v 0.06464 1.34177 0.13506
v 0.08828 1.33734 0.12428
v 0.08854 1.32906 0.12604
v 0.08919 1.33318 0.12482
v 0.08249 1.34295 0.12546
v 0.08607 1.34042 0.12461
v 0.10132 1.36104 0.02925
v 0.10221 1.35709 0.02105
v 0.10304 1.35153 0.00263
v 0.10096 1.36580 0.03688
v 0.10282 1.35367 0.01222
v 0.10218 1.37064 0.04526
v 0.00704 1.33976 0.11195
v 0.00790 1.31765 0.11406
v 0.00913 1.29409 0.11183
v 0.07396 1.28494 0.09530
v 0.04917 1.28206 0.10930
v 0.01936 1.32055 0.12450
v 0.02733 1.29729 0.12034
v 0.04866 1.36628 0.10820
v 0.03681 1.36269 0.11287
v 0.02060 1.34166 0.12287
v 0.02762 1.35516 0.11813
v 0.06157 1.36753 0.10497
v 0.07430 1.36646 0.10205
v 0.09143 1.29861 0.08537
v 0.10240 1.31724 0.08133
v 0.09922 1.34858 0.08835
v 0.10323 1.33509 0.08334
v 0.08532 1.36394 0.09861
v 0.09348 1.35818 0.09415
v 0.09707 1.37444 0.06035
v 0.09384 1.38370 0.06769
v 0.09654 1.35619 0.03318
v 0.09866 1.35110 0.02456
v 0.09993 1.34307 0.00509
v 0.09476 1.36206 0.04149
v 0.09985 1.34675 0.01522
v 0.09550 1.36786 0.05087
v 0.09360 1.35008 0.03692
v 0.09642 1.34416 0.02786
v 0.09776 1.33393 0.00742
v 0.09078 1.35663 0.04608
v 0.09779 1.33918 0.01829
v 0.09139 1.36284 0.05630
v 0.09243 1.34208 0.04038
v 0.09485 1.33605 0.03079
v 0.09553 1.32438 0.00872
v 0.08906 1.34846 0.05023
v 0.09568 1.33011 0.02031
v 0.08978 1.35540 0.06144
v 0.09174 1.33214 0.04331
v 0.09320 1.32595 0.03320
v 0.09304 1.31383 0.00996
v 0.08957 1.33830 0.05360
v 0.09388 1.31977 0.02207
v 0.09062 1.34475 0.06507
v 0.00682 1.37427 0.09729
v 0.00687 1.35909 0.10519
v 0.01381 1.36445 0.10494
v 0.01393 1.37762 0.09615
v 0.02217 1.37121 0.10204
v 0.02219 1.38137 0.09346
v 0.03201 1.37630 0.09829
v 0.03194 1.38472 0.09026
v 0.04383 1.37947 0.09474
v 0.04308 1.38704 0.08718
v 0.05684 1.38101 0.09185
v 0.05537 1.38835 0.08472
v 0.06991 1.38068 0.08907
v 0.06836 1.38809 0.08235
v 0.08158 1.37794 0.08541
v 0.08127 1.38518 0.07876
v 0.09335 1.36281 0.07183
v 0.09370 1.36977 0.06644
v 0.08980 1.37156 0.07997
v 0.09032 1.37824 0.07403
v 0.02242 1.27680 0.10756
v 0.04140 1.27062 0.09763
v 0.06349 1.28125 0.08180
v 0.00979 1.27849 0.11090
v 0.01631 1.24239 0.11258
v 0.00777 1.24527 0.11363
v 0.06536 1.27120 0.07513
v 0.08007 1.29098 -0.01371
v 0.08755 1.29568 -0.00198
v 0.08929 1.31915 0.04577
v 0.09030 1.31311 0.03524
v 0.08980 1.30118 0.01141
v 0.08920 1.32498 0.05572
v 0.09053 1.30707 0.02380
v 0.09143 1.33050 0.06572
v 0.07788 1.27736 -0.01170
v 0.08560 1.28188 0.00002
v 0.08504 1.30261 0.04855
v 0.08660 1.29695 0.03748
v 0.08771 1.28661 0.01341
v 0.08456 1.30840 0.05869
v 0.08765 1.29156 0.02582
v 0.08777 1.31252 0.06695
v 0.07677 1.26327 -0.00941
v 0.08461 1.26748 0.00293
v 0.08041 1.28442 0.05208
v 0.08407 1.27881 0.04027
v 0.08758 1.27133 0.01618
v 0.07626 1.29175 0.06387
v 0.08652 1.27489 0.02853
v 0.07848 1.29490 0.07130
v 0.07564 1.24908 -0.00592
v 0.08324 1.25285 0.00619
v 0.07548 1.26276 0.05761
v 0.08105 1.25985 0.04429
v 0.08542 1.25572 0.01923
v 0.08441 1.25793 0.03183
v 0.04435 1.28508 -0.02785
v 0.06597 1.28731 -0.02135
v 0.02218 1.28455 -0.03248
v 0.04466 1.27077 -0.02605
v 0.06469 1.27348 -0.02063
v 0.02459 1.26970 -0.02955
v 0.04500 1.25572 -0.02434
v 0.06417 1.25928 -0.01873
v 0.02459 1.25352 -0.02737
v 0.04430 1.24046 -0.02141
v 0.06336 1.24491 -0.01542
v 0.01297 1.22481 -0.02125
v 0.45425 1.18135 0.00448
v 0.45888 1.18674 0.00114
v 0.47338 1.20744 0.01535
v 0.47022 1.20112 0.00669
v 0.47301 1.21084 0.02629
v 0.46482 1.19374 0.00182
v 0.45387 1.18941 0.04385
v 0.45752 1.19701 0.04574
v 0.46313 1.20467 0.04367
v 0.46901 1.20985 0.03659
v 0.45109 1.18050 0.03555
v 0.33164 1.24711 0.03319
v 0.45041 1.17832 0.03069
v 0.52628 1.14355 0.03807
v 0.51283 1.15189 0.03838
v 0.49714 1.16025 0.03887
v 0.48145 1.16858 0.03944
v 0.46572 1.17640 0.03990
v 0.45206 1.18397 0.03995
v 0.41394 1.20847 0.04025
v 0.35969 1.24559 0.03895
v 0.34223 1.25986 0.03746
v 0.27215 1.26375 0.00737
v 0.28874 1.25491 0.02044
v 0.28292 1.25646 0.00837
v 0.30782 1.25223 0.02903
v 0.32366 1.24294 0.02890
v 0.31535 1.23960 0.02177
v 0.30893 1.23885 0.01151
v 0.34273 1.22927 0.02815
v 0.33595 1.22678 0.02069
v 0.33023 1.22654 0.01067
v 0.36510 1.21586 0.02753
v 0.35987 1.21350 0.01967
v 0.35605 1.21312 0.00973
v 0.38693 1.20546 0.02660
v 0.38374 1.20327 0.01877
v 0.38187 1.20288 0.00925
v 0.40681 1.19675 0.02605
v 0.40507 1.19488 0.01848
v 0.40479 1.19481 0.00951
v 0.42342 1.18891 0.02563
v 0.42276 1.18748 0.01843
v 0.42344 1.18772 0.01002
v 0.43686 1.18273 0.02538
v 0.43675 1.18184 0.01827
v 0.43800 1.18255 0.01038
v 0.43999 1.19110 0.03999
v 0.42829 1.19927 0.03996
v 0.39722 1.21934 0.04025
v 0.45140 1.17783 0.01050
v 0.45018 1.17662 0.01795
v 0.45002 1.17689 0.02493
v 0.61223 1.08753 0.01874
v 0.61345 1.08673 0.02317
v 0.61543 1.08491 0.03765
v 0.61517 1.08423 0.05318
v 0.61098 1.08566 0.05267
v 0.60939 1.08911 0.06642
v 0.61005 1.08740 0.02308
v 0.60853 1.08897 0.01829
v 0.58924 1.12905 0.06420
v 0.56971 1.15063 0.02928
v 0.56976 1.15305 0.03629
v 0.56755 1.15424 0.04361
v 0.57586 1.14762 0.04428
v 0.61166 1.10420 0.07344
v 0.60655 1.10331 0.01545
v 0.61552 1.10613 0.04359
v 0.61758 1.10616 0.05970
v 0.61213 1.10617 0.02790
v 0.62085 1.10528 0.05230
v 0.61946 1.10502 0.04821
v 0.62025 1.10480 0.05648
v 0.61592 1.10819 0.04696
v 0.61699 1.10826 0.05628
v 0.61783 1.10531 0.03726
v 0.61743 1.10519 0.04068
v 0.61648 1.10525 0.03355
v 0.61453 1.10893 0.04080
v 0.61289 1.10899 0.03241
v 0.61267 1.10412 0.02154
v 0.61147 1.10351 0.01884
v 0.61292 1.10422 0.02432
v 0.60827 1.10665 0.01795
v 0.61082 1.10823 0.02481
v 0.61980 1.10459 0.06603
v 0.61794 1.10395 0.06989
v 0.61933 1.10487 0.06301
v 0.61382 1.10720 0.07019
v 0.61648 1.10861 0.06193
v 0.59999 1.12270 0.03762
v 0.60042 1.12193 0.02949
v 0.57290 1.10300 0.05858
v 0.59888 1.12017 0.02166
v 0.59592 1.11532 0.01470
v 0.61734 1.10908 0.05156
v 0.61440 1.10962 0.03681
v 0.60976 1.10842 0.02148
v 0.61598 1.10897 0.06555
v 0.59317 1.12749 0.02501
v 0.59228 1.13046 0.03256
v 0.57864 1.14035 0.02336
v 0.59125 1.13285 0.04609
v 0.57049 1.14389 0.06073
v 0.57565 1.13739 0.01691
v 0.54411 1.14083 0.06044
v 0.57513 1.14597 0.05222
v 0.57836 1.14555 0.03740
v 0.57754 1.14444 0.03043
v 0.59064 1.10264 0.07511
v 0.58924 1.10010 0.07036
v 0.56328 1.10641 0.05722
v 0.55409 1.11237 0.05805
v 0.54653 1.12257 0.05910
v 0.54187 1.13282 0.05506
v 0.59422 1.11333 0.07310
v 0.58630 1.11882 0.07399
v 0.56955 1.13169 0.07718
v 0.57882 1.12463 0.07615
v 0.55879 1.13273 0.07600
v 0.58176 1.10118 0.06134
v 0.58929 1.09852 0.06307
v 0.59728 1.09512 0.06463
v 0.59071 1.09879 0.01576
v 0.56506 1.11346 0.02630
v 0.56029 1.11939 0.01725
v 0.54345 1.15698 0.05463
v 0.60379 1.11289 0.01955
v 0.60187 1.11029 0.01617
v 0.60525 1.11357 0.02323
v 0.58992 1.09907 0.05475
v 0.59846 1.09976 0.07553
v 0.59715 1.09725 0.07118
v 0.60113 1.10379 0.07562
v 0.59654 1.09498 0.01698
v 0.59997 1.10708 0.01397
v 0.59859 1.10293 0.01265
v 0.59711 1.09858 0.01329
v 0.59914 1.09204 0.04283
v 0.57639 1.10707 0.04459
v 0.60792 1.11476 0.06523
v 0.60600 1.11222 0.06971
v 0.60391 1.10846 0.07337
v 0.59875 1.09245 0.02833
v 0.60895 1.11521 0.06114
v 0.60970 1.11511 0.05783
v 0.60956 1.11588 0.05425
v 0.60950 1.11624 0.05008
v 0.60924 1.11552 0.04595
v 0.60924 1.11438 0.04280
v 0.60855 1.11507 0.03958
v 0.60800 1.11494 0.03568
v 0.60738 1.11456 0.03125
v 0.60659 1.11336 0.02715
v 0.57987 1.12232 0.01089
v 0.57699 1.11207 0.01192
v 0.57826 1.11724 0.01081
v 0.59044 1.12476 0.01700
v 0.58353 1.13145 0.01645
v 0.56458 1.13736 0.01254
v 0.57331 1.13317 0.01270
v 0.59761 1.09395 0.04970
v 0.58339 1.10249 0.05284
v 0.59883 1.09364 0.05748
v 0.59043 1.09715 0.02156
v 0.58911 1.12142 0.01326
v 0.58181 1.12778 0.01248
v 0.59187 1.12680 0.02095
v 0.58624 1.13717 0.05266
v 0.58613 1.13598 0.02709
v 0.58561 1.13864 0.03569
v 0.58334 1.13914 0.05628
v 0.58377 1.13993 0.04936
v 0.58765 1.13641 0.03846
v 0.58504 1.13930 0.04042
v 0.58850 1.13281 0.02466
v 0.58530 1.13813 0.03117
v 0.58367 1.14091 0.04461
v 0.58575 1.13374 0.02103
v 0.60679 1.08892 0.05898
v 0.60803 1.08736 0.04485
v 0.60481 1.08934 0.05153
v 0.60394 1.09194 0.06527
v 0.60379 1.08990 0.02311
v 0.59030 1.09768 0.02814
v 0.58952 1.09878 0.03468
v 0.58938 1.09942 0.04051
v 0.58798 1.10076 0.04656
v 0.58360 1.10381 0.04741
v 0.55790 1.11925 0.02369
v 0.55263 1.12709 0.01737
v 0.56682 1.11211 0.02088
v 0.56969 1.11168 0.03686
v 0.56035 1.11831 0.03557
v 0.56085 1.11685 0.02038
v 0.54652 1.13312 0.06396
v 0.56780 1.11318 0.04015
v 0.57820 1.10681 0.04193
v 0.57335 1.10756 0.02740
v 0.55051 1.14809 0.01318
v 0.57561 1.10809 0.01527
v 0.57475 1.10653 0.02099
v 0.57962 1.10549 0.03822
v 0.54939 1.16169 0.04868
v 0.55450 1.15839 0.02431
v 0.58398 1.10304 0.01525
v 0.58315 1.10147 0.02149
v 0.58243 1.10240 0.02805
v 0.58104 1.10396 0.03394
v 0.55513 1.16224 0.03202
v 0.55354 1.16353 0.04050
v 0.53750 1.15033 0.05598
v 0.53440 1.14385 0.05177
v 0.54753 1.14254 0.01114
v 0.55476 1.13450 0.01153
v 0.55440 1.12217 0.02842
v 0.55119 1.12484 0.03389
v 0.54258 1.13243 0.02335
v 0.57172 1.10959 0.03281
v 0.64123 1.08360 0.07321
v 0.63776 1.08577 0.07403
v 0.63360 1.08710 0.06354
v 0.63668 1.08303 0.06299
v 0.63433 1.08906 0.07280
v 0.64036 1.08175 0.06417
v 0.64091 1.08457 0.06851
v 0.63444 1.09032 0.06791
v 0.67216 1.05495 0.07320
v 0.66655 1.06202 0.07287
v 0.66696 1.06180 0.06784
v 0.67224 1.05485 0.06745
v 0.67009 1.05680 0.07393
v 0.67034 1.05668 0.06695
v 0.66643 1.06295 0.07025
v 0.67354 1.05464 0.07032
v 0.66798 1.05929 0.07397
v 0.66819 1.05921 0.06707
v 0.65208 1.07323 0.06585
v 0.65463 1.07010 0.06537
v 0.65274 1.07431 0.07369
v 0.65517 1.07120 0.07466
v 0.65755 1.06863 0.06661
v 0.65793 1.06923 0.07379
v 0.65283 1.07557 0.06945
v 0.65769 1.07080 0.07001
v 0.53520 1.14620 0.01064
v 0.51933 1.15329 0.01072
v 0.50136 1.15959 0.01076
v 0.48348 1.16639 0.01066
v 0.46623 1.17256 0.01060
v 0.46512 1.17349 0.03499
v 0.48115 1.16599 0.03421
v 0.49733 1.15823 0.03337
v 0.51335 1.15004 0.03233
v 0.52721 1.14150 0.03172
v 0.53215 1.14232 0.01386
v 0.51656 1.15026 0.01507
v 0.49932 1.15726 0.01592
v 0.48176 1.16435 0.01673
v 0.46504 1.17079 0.01734
v 0.46477 1.17071 0.02408
v 0.48119 1.16396 0.02305
v 0.49822 1.15665 0.02189
v 0.51484 1.14902 0.02074
v 0.52982 1.14073 0.01915
v 0.46704 1.18122 0.04428
v 0.48241 1.17268 0.04444
v 0.49766 1.16365 0.04457
v 0.51281 1.15487 0.04458
v 0.52569 1.14618 0.04460
v 0.53888 1.15166 0.01105
v 0.52301 1.15810 0.00934
v 0.50472 1.16401 0.00811
v 0.48663 1.17052 0.00661
v 0.46906 1.17636 0.00545
v 0.47347 1.18220 0.00334
v 0.49078 1.17637 0.00591
v 0.50858 1.16959 0.00904
v 0.52673 1.16331 0.01215
v 0.54205 1.15713 0.01500
v 0.47871 1.18889 0.00507
v 0.49513 1.18283 0.00886
v 0.51243 1.17539 0.01317
v 0.53006 1.16826 0.01709
v 0.54433 1.16204 0.02103
v 0.48330 1.19568 0.01079
v 0.49870 1.18892 0.01537
v 0.51529 1.18071 0.02012
v 0.53210 1.17257 0.02444
v 0.54541 1.16606 0.02859
v 0.48581 1.20125 0.01991
v 0.50042 1.19343 0.02463
v 0.51618 1.18427 0.02927
v 0.53213 1.17525 0.03352
v 0.54444 1.16819 0.03718
v 0.48495 1.20367 0.03068
v 0.49882 1.19487 0.03505
v 0.51392 1.18474 0.03916
v 0.52908 1.17525 0.04286
v 0.54106 1.16727 0.04590
v 0.48060 1.20172 0.04046
v 0.49424 1.19222 0.04396
v 0.50897 1.18175 0.04713
v 0.52401 1.17231 0.05018
v 0.53551 1.16325 0.05250
v 0.47481 1.19576 0.04635
v 0.48876 1.18604 0.04869
v 0.50347 1.17568 0.05066
v 0.51825 1.16633 0.05268
v 0.52998 1.15674 0.05432
v 0.46982 1.18812 0.04720
v 0.48453 1.17875 0.04833
v 0.49941 1.16905 0.04916
v 0.51421 1.15989 0.05018
v 0.52649 1.15048 0.05091
v 0.65072 1.07276 0.06066
v 0.64922 1.07013 0.04865
v 0.63312 1.08190 0.04726
v 0.63398 1.08537 0.06043
v 0.63250 1.08212 0.06084
v 0.64937 1.07035 0.06091
v 0.63138 1.07864 0.04787
v 0.64785 1.06758 0.04916
v 0.67613 1.05402 0.06061
v 0.67830 1.05080 0.06060
v 0.67614 1.05321 0.05180
v 0.67764 1.05022 0.05193
v 0.67994 1.04693 0.05648
v 0.67340 1.05840 0.05594
v 0.68131 1.04807 0.05644
v 0.67411 1.05754 0.05597
v 0.67913 1.05024 0.06019
v 0.67854 1.05012 0.05260
v 0.67671 1.05291 0.05249
v 0.67687 1.05335 0.06022
v 0.65206 1.07524 0.05417
v 0.63813 1.08688 0.05360
v 0.64657 1.06565 0.05492
v 0.62984 1.07662 0.05426
v 0.67307 1.05548 0.06081
v 0.67356 1.05453 0.05134
v 0.67502 1.05074 0.05153
v 0.67491 1.05176 0.06078
v 0.67180 1.05940 0.05592
v 0.67658 1.04632 0.05618
v 0.66601 1.05336 0.05579
v 0.66743 1.06273 0.05568
v 0.66559 1.05776 0.06069
v 0.66507 1.05687 0.05070
v 0.66560 1.05928 0.05041
v 0.66624 1.06030 0.06083
v 0.64052 1.08470 0.05367
v 0.63499 1.07619 0.04834
v 0.63687 1.07872 0.04750
v 0.63514 1.07348 0.05440
v 0.64466 1.08147 0.05372
v 0.63929 1.07810 0.06100
v 0.63753 1.07457 0.04834
v 0.66271 1.06315 0.06081
v 0.66164 1.06169 0.05007
v 0.66022 1.05997 0.05042
v 0.66113 1.06129 0.06047
v 0.66483 1.06503 0.05546
v 0.65928 1.05832 0.05551
v 0.63938 1.07034 0.05456
v 0.64314 1.07496 0.06100
v 0.64511 1.07725 0.06066
v 0.64000 1.07666 0.04784
v 0.64157 1.08020 0.06062
v 0.64345 1.07423 0.04815
v 0.64721 1.07920 0.05400
v 0.64137 1.07179 0.04858
v 0.62426 1.08566 0.05991
v 0.62700 1.08923 0.05994
v 0.63043 1.09399 0.05340
v 0.62156 1.08083 0.05380
v 0.63323 1.07507 0.05428
v 0.63658 1.08005 0.06089
v 0.63826 1.08266 0.06061
v 0.62623 1.08718 0.04686
v 0.62415 1.08326 0.04695
v 0.65503 1.06621 0.04925
v 0.65430 1.06368 0.04985
v 0.65883 1.06982 0.05500
v 0.65361 1.06182 0.05534
v 0.65589 1.06864 0.06065
v 0.65489 1.06615 0.06059
v 0.65853 1.06370 0.04956
v 0.65740 1.06162 0.05042
v 0.66114 1.06799 0.05505
v 0.65669 1.06041 0.05551
v 0.65935 1.06555 0.06080
v 0.65820 1.06376 0.06052
v 0.67108 1.04916 0.05600
v 0.66964 1.05489 0.06075
v 0.66953 1.05390 0.05093
v 0.67000 1.05639 0.05090
v 0.66983 1.06100 0.05584
v 0.67000 1.05753 0.06083
v 0.67496 1.05649 0.05610
v 0.68292 1.04856 0.05628
v 0.67984 1.05066 0.05939
v 0.67933 1.05044 0.05350
v 0.67688 1.05308 0.05355
v 0.67728 1.05328 0.05926
v 0.67758 1.05399 0.05614
v 0.68012 1.05139 0.05623
v 0.65165 1.07465 0.05844
v 0.65079 1.07342 0.05051
v 0.63765 1.08554 0.05092
v 0.63785 1.08651 0.05659
v 0.67390 1.05718 0.05926
v 0.67390 1.05685 0.05299
v 0.67473 1.05639 0.05894
v 0.67465 1.05621 0.05324
v 0.67202 1.05790 0.05295
v 0.67184 1.05841 0.05911
v 0.64185 1.08175 0.05118
v 0.64196 1.08288 0.05680
v 0.66685 1.06212 0.05906
v 0.66212 1.06570 0.05285
v 0.66258 1.06620 0.05792
v 0.64577 1.07720 0.05006
v 0.64665 1.07885 0.05823
v 0.66665 1.06167 0.05242
v 0.63972 1.08326 0.05078
v 0.64005 1.08459 0.05684
v 0.62956 1.09259 0.05819
v 0.62878 1.09136 0.04845
v 0.65863 1.06936 0.05770
v 0.65833 1.06881 0.05245
v 0.66069 1.06756 0.05813
v 0.66026 1.06705 0.05241
v 0.66950 1.05967 0.05264
v 0.66965 1.06012 0.05906
v 0.67508 1.05579 0.05400
v 0.67524 1.05584 0.05862
v 0.64751 1.06735 0.05874
v 0.63080 1.07870 0.05851
v 0.67900 1.04807 0.05327
v 0.68027 1.04812 0.05935
v 0.64702 1.06614 0.05132
v 0.63018 1.07693 0.05021
v 0.67638 1.04727 0.05920
v 0.66573 1.05491 0.05879
v 0.63666 1.07542 0.05871
v 0.64071 1.07221 0.05872
v 0.65969 1.05953 0.05864
v 0.62263 1.08262 0.05833
v 0.63453 1.07706 0.05861
v 0.65408 1.06333 0.05877
v 0.65695 1.06152 0.05861
v 0.67031 1.05084 0.05269
v 0.67907 1.04751 0.05935
v 0.67057 1.05108 0.05907
v 0.65690 1.06061 0.05230
v 0.63376 1.07514 0.05062
v 0.62246 1.08149 0.04926
v 0.65381 1.06226 0.05204
v 0.68012 1.04846 0.05354
v 0.67601 1.04784 0.05300
v 0.65943 1.05872 0.05249
v 0.66537 1.05452 0.05244
v 0.63993 1.07065 0.05093
v 0.63575 1.07356 0.05082
v 0.68179 1.04835 0.05915
v 0.68155 1.04839 0.05370
v 0.64307 1.08154 0.05822
v 0.63965 1.08428 0.05860
v 0.63496 1.08632 0.04924
v 0.63862 1.08166 0.04858
v 0.63567 1.08816 0.05810
v 0.64250 1.07981 0.04968
v 0.64275 1.08286 0.05366
v 0.63552 1.08946 0.05353
v 0.68127 1.04800 0.05930
v 0.67504 1.05597 0.05868
v 0.67482 1.05598 0.05365
v 0.68120 1.04814 0.05355
v 0.67943 1.05020 0.05987
v 0.67871 1.05004 0.05298
v 0.67435 1.05706 0.05604
v 0.68268 1.04787 0.05646
v 0.67702 1.05294 0.05981
v 0.67666 1.05273 0.05300
v 0.65623 1.06946 0.05100
v 0.65965 1.06599 0.05059
v 0.65675 1.07044 0.05874
v 0.66027 1.06707 0.05979
v 0.66335 1.06406 0.05175
v 0.66371 1.06484 0.05903
v 0.65665 1.07182 0.05458
v 0.66319 1.06634 0.05533
v 0.64902 1.07495 0.04521
v 0.64790 1.07213 0.03293
v 0.63233 1.08338 0.03146
v 0.63338 1.08662 0.04518
v 0.63171 1.08357 0.04562
v 0.64746 1.07272 0.04527
v 0.63032 1.08025 0.03198
v 0.64641 1.06957 0.03349
v 0.67217 1.05841 0.04576
v 0.67396 1.05578 0.04572
v 0.67283 1.05731 0.03679
v 0.67452 1.05500 0.03698
v 0.67584 1.05224 0.04159
v 0.67066 1.06167 0.04073
v 0.67727 1.05292 0.04156
v 0.67131 1.06097 0.04076
v 0.67504 1.05510 0.04522
v 0.67534 1.05469 0.03764
v 0.67350 1.05690 0.03757
v 0.67324 1.05742 0.04518
v 0.65077 1.07721 0.03858
v 0.63774 1.08827 0.03799
v 0.64468 1.06782 0.03942
v 0.62841 1.07820 0.03863
v 0.66952 1.05965 0.04584
v 0.67045 1.05832 0.03631
v 0.67146 1.05558 0.03645
v 0.67052 1.05688 0.04585
v 0.66927 1.06255 0.04070
v 0.67233 1.05266 0.04125
v 0.66204 1.05768 0.04060
v 0.66523 1.06564 0.04049
v 0.66269 1.06135 0.04554
v 0.66266 1.06001 0.03549
v 0.66352 1.06209 0.03518
v 0.66352 1.06350 0.04586
v 0.64003 1.08631 0.03807
v 0.63402 1.07785 0.03247
v 0.63618 1.08022 0.03151
v 0.63373 1.07520 0.03909
v 0.64395 1.08319 0.03798
v 0.63829 1.07982 0.04562
v 0.63629 1.07624 0.03248
v 0.66013 1.06608 0.04560
v 0.65986 1.06429 0.03469
v 0.65812 1.06254 0.03505
v 0.65861 1.06424 0.04516
v 0.66300 1.06773 0.04008
v 0.65683 1.06116 0.04023
v 0.63778 1.07217 0.03919
v 0.64184 1.07702 0.04553
v 0.64378 1.07927 0.04528
v 0.63891 1.07848 0.03175
v 0.64062 1.08198 0.04532
v 0.64239 1.07597 0.03227
v 0.64631 1.08095 0.03816
v 0.64003 1.07370 0.03289
v 0.62386 1.08658 0.04562
v 0.62611 1.08992 0.04525
v 0.62936 1.09484 0.03776
v 0.62029 1.08235 0.03792
v 0.63186 1.07662 0.03897
v 0.63570 1.08167 0.04556
v 0.63759 1.08407 0.04548
v 0.62517 1.08852 0.03071
v 0.62274 1.08518 0.03080
v 0.65353 1.06845 0.03369
v 0.65254 1.06595 0.03432
v 0.65726 1.07220 0.03929
v 0.65146 1.06441 0.03982
v 0.65380 1.07124 0.04517
v 0.65269 1.06884 0.04523
v 0.65678 1.06593 0.03419
v 0.65549 1.06405 0.03485
v 0.65936 1.07050 0.03950
v 0.65445 1.06311 0.04015
v 0.65707 1.06837 0.04550
v 0.65575 1.06653 0.04512
v 0.66751 1.05460 0.04100
v 0.66655 1.05881 0.04578
v 0.66720 1.05749 0.03601
v 0.66707 1.05999 0.03584
v 0.66725 1.06389 0.04060
v 0.66657 1.06138 0.04584
v 0.67206 1.05993 0.04099
v 0.67876 1.05305 0.04155
v 0.67577 1.05521 0.04432
v 0.67586 1.05476 0.03853
v 0.67382 1.05691 0.03851
v 0.67383 1.05722 0.04422
v 0.67437 1.05782 0.04119
v 0.67656 1.05547 0.04126
v 0.65012 1.07681 0.04278
v 0.64965 1.07515 0.03468
v 0.63704 1.08672 0.03476
v 0.63749 1.08798 0.04144
v 0.67071 1.06095 0.04418
v 0.67111 1.06022 0.03782
v 0.67158 1.06011 0.04376
v 0.67198 1.05976 0.03817
v 0.66947 1.06122 0.03776
v 0.66899 1.06191 0.04402
v 0.64115 1.08347 0.03500
v 0.64152 1.08449 0.04124
v 0.66446 1.06525 0.04388
v 0.66056 1.06826 0.03744
v 0.66048 1.06900 0.04257
v 0.64470 1.07898 0.03409
v 0.64540 1.08060 0.04281
v 0.66469 1.06447 0.03715
v 0.63918 1.08479 0.03464
v 0.63952 1.08627 0.04153
v 0.62833 1.09359 0.04289
v 0.62763 1.09238 0.03313
v 0.65685 1.07194 0.04213
v 0.65672 1.07113 0.03661
v 0.65883 1.07031 0.04251
v 0.65870 1.06967 0.03686
v 0.66725 1.06258 0.03764
v 0.66687 1.06335 0.04394
v 0.67224 1.05919 0.03882
v 0.67198 1.05949 0.04344
v 0.64554 1.06957 0.04322
v 0.62972 1.08037 0.04316
v 0.67558 1.05294 0.03836
v 0.67622 1.05344 0.04433
v 0.64531 1.06827 0.03579
v 0.62906 1.07860 0.03444
v 0.67144 1.05395 0.04423
v 0.66192 1.05901 0.04367
v 0.63527 1.07711 0.04334
v 0.63911 1.07405 0.04328
v 0.65721 1.06237 0.04324
v 0.62163 1.08392 0.04314
v 0.63330 1.07868 0.04328
v 0.65174 1.06597 0.04324
v 0.65470 1.06439 0.04324
v 0.66740 1.05538 0.03770
v 0.67498 1.05327 0.04442
v 0.66690 1.05609 0.04404
v 0.65481 1.06320 0.03705
v 0.63253 1.07664 0.03493
v 0.62112 1.08321 0.03318
v 0.65185 1.06481 0.03663
v 0.67645 1.05320 0.03864
v 0.67223 1.05346 0.03807
v 0.65723 1.06145 0.03711
v 0.66212 1.05825 0.03734
v 0.63840 1.07242 0.03527
v 0.63446 1.07515 0.03505
v 0.67762 1.05320 0.04429
v 0.67785 1.05285 0.03883
v 0.64254 1.08341 0.04274
v 0.63888 1.08578 0.04366
v 0.63446 1.08747 0.03351
v 0.63813 1.08320 0.03261
v 0.63503 1.08908 0.04286
v 0.64172 1.08158 0.03371
v 0.64214 1.08431 0.03792
v 0.63486 1.09044 0.03784
v 0.67720 1.05285 0.04433
v 0.67188 1.05982 0.04359
v 0.67200 1.05936 0.03858
v 0.67741 1.05250 0.03869
v 0.67542 1.05488 0.04490
v 0.67548 1.05434 0.03802
v 0.67161 1.06053 0.04092
v 0.67859 1.05248 0.04163
v 0.67351 1.05702 0.04486
v 0.67353 1.05664 0.03797
v 0.65480 1.07154 0.03543
v 0.65795 1.06837 0.03501
v 0.65493 1.07299 0.04325
v 0.65820 1.06980 0.04449
v 0.66147 1.06675 0.03646
v 0.66141 1.06773 0.04374
v 0.65508 1.07392 0.03897
v 0.66111 1.06901 0.03959
v 0.63867 1.08028 0.02815
v 0.63694 1.07860 0.01821
v 0.62562 1.08626 0.01725
v 0.62689 1.08873 0.02924
v 0.62588 1.08610 0.02921
v 0.63732 1.07830 0.02843
v 0.62438 1.08349 0.01786
v 0.63582 1.07640 0.01875
v 0.65368 1.06929 0.02801
v 0.65476 1.06727 0.02785
v 0.65354 1.06896 0.02079
v 0.65475 1.06707 0.02089
v 0.65577 1.06470 0.02443
v 0.65235 1.07199 0.02427
v 0.65685 1.06524 0.02438
v 0.65297 1.07135 0.02411
v 0.65567 1.06700 0.02741
v 0.65547 1.06694 0.02139
v 0.65415 1.06860 0.02142
v 0.65440 1.06874 0.02741
v 0.63956 1.08247 0.02283
v 0.62962 1.09024 0.02279
v 0.63499 1.07476 0.02372
v 0.62380 1.08170 0.02385
v 0.65185 1.07019 0.02815
v 0.65197 1.06941 0.02028
v 0.65245 1.06734 0.02048
v 0.65234 1.06793 0.02819
v 0.65159 1.07257 0.02413
v 0.65316 1.06489 0.02436
v 0.64626 1.06826 0.02403
v 0.64900 1.07461 0.02385
v 0.64708 1.07083 0.02828
v 0.64655 1.07015 0.01943
v 0.64722 1.07194 0.01936
v 0.64799 1.07271 0.02829
v 0.63152 1.08886 0.02274
v 0.62702 1.08193 0.01817
v 0.62854 1.08410 0.01733
v 0.62736 1.07966 0.02396
v 0.63467 1.08637 0.02263
v 0.63099 1.08319 0.02903
v 0.62868 1.08075 0.01839
v 0.64576 1.07441 0.02832
v 0.64487 1.07330 0.01905
v 0.64362 1.07173 0.01933
v 0.64437 1.07291 0.02817
v 0.64741 1.07595 0.02359
v 0.64278 1.07057 0.02373
v 0.63033 1.07771 0.02375
v 0.63364 1.08136 0.02857
v 0.63522 1.08304 0.02830
v 0.63073 1.08274 0.01765
v 0.63271 1.08508 0.02861
v 0.63309 1.08122 0.01783
v 0.63642 1.08501 0.02273
v 0.63151 1.07918 0.01847
v 0.62044 1.08910 0.02908
v 0.62197 1.09163 0.02919
v 0.62280 1.09477 0.02291
v 0.61790 1.08458 0.02342
v 0.62618 1.08078 0.02395
v 0.62879 1.08476 0.02875
v 0.63008 1.08672 0.02876
v 0.61988 1.08973 0.01670
v 0.61837 1.08675 0.01701
v 0.64062 1.07619 0.01850
v 0.63983 1.07407 0.01907
v 0.64382 1.07904 0.02315
v 0.63943 1.07269 0.02379
v 0.64174 1.07784 0.02832
v 0.64072 1.07594 0.02829
v 0.64286 1.07449 0.01865
v 0.64186 1.07284 0.01925
v 0.64526 1.07794 0.02335
v 0.64129 1.07174 0.02383
v 0.64379 1.07599 0.02848
v 0.64264 1.07438 0.02817
v 0.64977 1.06611 0.02429
v 0.64974 1.06915 0.02816
v 0.64956 1.06856 0.02000
v 0.64969 1.07058 0.01976
v 0.65026 1.07353 0.02401
v 0.64989 1.07121 0.02820
v 0.65349 1.07063 0.02431
v 0.65811 1.06567 0.02430
v 0.65623 1.06708 0.02672
v 0.65578 1.06707 0.02217
v 0.65433 1.06859 0.02235
v 0.65476 1.06864 0.02671
v 0.65496 1.06919 0.02437
v 0.65650 1.06753 0.02435
v 0.63938 1.08186 0.02631
v 0.63850 1.08095 0.01971
v 0.62900 1.08928 0.02007
v 0.62957 1.08997 0.02560
v 0.65268 1.07116 0.02681
v 0.65257 1.07091 0.02170
v 0.65336 1.07061 0.02645
v 0.65323 1.07041 0.02219
v 0.65154 1.07156 0.02162
v 0.65148 1.07198 0.02669
v 0.63251 1.08668 0.02007
v 0.63322 1.08762 0.02532
v 0.64856 1.07409 0.02663
v 0.64575 1.07633 0.02148
v 0.64600 1.07667 0.02571
v 0.63491 1.08354 0.01944
v 0.63616 1.08447 0.02628
v 0.64837 1.07377 0.02096
v 0.63071 1.08768 0.01973
v 0.63137 1.08867 0.02577
v 0.62270 1.09406 0.02728
v 0.62149 1.09285 0.01884
v 0.64376 1.07868 0.02566
v 0.64329 1.07835 0.02110
v 0.64490 1.07758 0.02594
v 0.64463 1.07721 0.02092
v 0.65002 1.07260 0.02129
v 0.65011 1.07291 0.02664
v 0.65342 1.07018 0.02253
v 0.65359 1.07020 0.02631
v 0.63592 1.07604 0.02675
v 0.62474 1.08347 0.02751
v 0.65551 1.06542 0.02205
v 0.65626 1.06558 0.02665
v 0.63510 1.07528 0.02063
v 0.62376 1.08199 0.02033
v 0.65278 1.06585 0.02673
v 0.64642 1.06903 0.02649
v 0.62880 1.08117 0.02732
v 0.63148 1.07904 0.02700
v 0.64320 1.07132 0.02649
v 0.61911 1.08604 0.02754
v 0.62714 1.08224 0.02755
v 0.63973 1.07364 0.02656
v 0.64163 1.07272 0.02648
v 0.64969 1.06678 0.02151
v 0.65549 1.06540 0.02674
v 0.64969 1.06715 0.02677
v 0.64133 1.07190 0.02111
v 0.62618 1.08092 0.02067
v 0.61761 1.08504 0.01933
v 0.63947 1.07292 0.02093
v 0.65609 1.06544 0.02217
v 0.65301 1.06558 0.02178
v 0.64295 1.07079 0.02111
v 0.64625 1.06867 0.02122
v 0.63048 1.07792 0.02061
v 0.62760 1.07982 0.02054
v 0.65747 1.06555 0.02636
v 0.65735 1.06560 0.02225
v 0.63398 1.08641 0.02645
v 0.63102 1.08804 0.02758
v 0.62684 1.08935 0.01908
v 0.62977 1.08646 0.01831
v 0.62773 1.09066 0.02699
v 0.63273 1.08514 0.01925
v 0.63345 1.08754 0.02283
v 0.62714 1.09166 0.02298
v 0.65708 1.06517 0.02658
v 0.65347 1.07035 0.02624
v 0.65333 1.07029 0.02243
v 0.65690 1.06512 0.02215
v 0.65585 1.06688 0.02724
v 0.65559 1.06686 0.02159
v 0.65320 1.07105 0.02427
v 0.65772 1.06496 0.02435
v 0.65457 1.06857 0.02708
v 0.65418 1.06850 0.02184
v 0.64191 1.07857 0.01995
v 0.64391 1.07636 0.01939
v 0.64254 1.07929 0.02651
v 0.64458 1.07715 0.02748
v 0.64627 1.07524 0.02057
v 0.64679 1.07575 0.02680
v 0.64241 1.08020 0.02312
v 0.64648 1.07691 0.02346
v 0.58452 1.07829 0.12030
v 0.59026 1.08422 0.11299
v 0.58533 1.07816 0.12459
v 0.58220 1.08050 0.11330
v 0.59316 1.08118 0.12544
v 0.59240 1.08154 0.11967
v 0.58637 1.07900 0.12880
v 0.59353 1.08180 0.12755
v 0.58621 1.07812 0.12791
v 0.58307 1.08581 0.12328
v 0.58903 1.08782 0.12247
v 0.59381 1.08087 0.12676
v 0.58388 1.07995 0.12639
v 0.59362 1.08315 0.12467
v 0.58588 1.08798 0.12263
v 0.59034 1.07929 0.12853
v 0.58316 1.08267 0.12484
v 0.59143 1.08558 0.12335
v 0.57932 1.09688 0.11082
v 0.58360 1.09833 0.10750
v 0.58314 1.10078 0.10296
v 0.57972 1.10401 0.10011
v 0.57265 1.09558 0.10604
v 0.57077 1.09963 0.10208
v 0.57554 1.09398 0.10983
v 0.57427 1.10394 0.10166
v 0.17007 0.01139 0.16329
v 0.18957 0.00977 0.16758
v 0.18992 0.01091 0.16275
v 0.16992 0.01207 0.15456
v 0.16956 0.00582 0.16304
v 0.18877 0.00509 0.16374
v 0.18861 0.00462 0.16816
v 0.16864 0.00619 0.15396
v 0.17288 0.01418 0.19776
v 0.17335 0.01263 0.20192
v 0.19226 0.01373 0.19844
v 0.19217 0.01228 0.20216
v 0.18270 0.01080 0.20813
v 0.18226 0.01687 0.19379
v 0.18302 0.01418 0.20866
v 0.18231 0.01696 0.19534
v 0.17469 0.01378 0.20392
v 0.19076 0.01408 0.20392
v 0.19076 0.01458 0.20030
v 0.17427 0.01448 0.20023
v 0.18058 0.01917 0.16407
v 0.18050 0.02051 0.15722
v 0.17855 -0.00242 0.16367
v 0.17756 -0.00257 0.15591
v 0.17144 0.01272 0.19446
v 0.19341 0.01186 0.19535
v 0.19311 0.00892 0.19860
v 0.17159 0.00961 0.19781
v 0.18210 0.01644 0.19194
v 0.18218 0.00557 0.20517
v 0.18097 -0.00415 0.18719
v 0.18195 0.01656 0.18791
v 0.17005 0.00548 0.18738
v 0.19220 0.00251 0.18644
v 0.19372 0.00827 0.18661
v 0.17014 0.01114 0.18754
v 0.18511 -0.00326 0.14897
v 0.19188 -0.00110 0.15265
v 0.20389 -0.00056 0.15170
v 0.20919 -0.00034 0.15128
v 0.22083 -0.00033 0.14831
v 0.16974 0.01110 0.18273
v 0.19312 0.00742 0.18193
v 0.19097 0.00142 0.18044
v 0.16996 0.00516 0.18088
v 0.18188 0.01711 0.18523
v 0.17991 -0.00471 0.17829
v 0.19094 0.00809 0.17269
v 0.18973 0.00216 0.17292
v 0.18117 0.01814 0.17393
v 0.17923 -0.00388 0.17154
v 0.16999 0.01108 0.17246
v 0.16992 0.00550 0.17248
v 0.19230 0.00720 0.17699
v 0.19001 0.00145 0.17644
v 0.18140 0.01817 0.17832
v 0.17937 -0.00402 0.17477
v 0.16961 0.01086 0.17775
v 0.16995 0.00526 0.17673
v 0.18156 -0.00004 0.19780
v 0.17044 0.00733 0.19299
v 0.19281 0.00538 0.19307
v 0.19374 0.00988 0.19105
v 0.18194 0.01634 0.19006
v 0.17061 0.01166 0.19124
v 0.21613 0.00151 0.15408
v 0.18228 0.01678 0.19788
v 0.18348 0.01612 0.20830
v 0.17664 0.01505 0.20492
v 0.18886 0.01538 0.20492
v 0.18852 0.01557 0.20144
v 0.17649 0.01535 0.20127
v 0.18269 0.01689 0.20157
v 0.18319 0.01680 0.20546
v 0.20951 0.01312 0.15984
v 0.19332 0.01224 0.16273
v 0.20881 0.00932 0.16075
v 0.19267 0.00784 0.16423
v 0.20254 0.02299 0.15763
v 0.22528 0.01220 0.15638
v 0.21150 0.01281 0.15958
v 0.22449 0.00833 0.15717
v 0.21141 0.00912 0.16020
v 0.21955 0.02321 0.15569
v 0.20938 0.00655 0.15886
v 0.22664 0.01187 0.15475
v 0.22741 0.01833 0.15292
v 0.22597 0.00737 0.15539
v 0.22750 0.02170 0.14894
v 0.19008 0.00380 0.16172
v 0.19199 0.02090 0.15422
v 0.17347 0.01648 0.16368
v 0.18740 0.01633 0.16503
v 0.18762 0.01758 0.15833
v 0.17395 0.01749 0.15574
v 0.17593 0.01609 0.19471
v 0.18896 0.01601 0.19483
v 0.17677 0.01617 0.19662
v 0.18815 0.01641 0.19658
v 0.18941 0.01537 0.19272
v 0.17517 0.01565 0.19257
v 0.22386 -0.00014 0.14833
v 0.21454 -0.00059 0.14945
v 0.17439 0.01537 0.18765
v 0.18784 0.01694 0.18118
v 0.17575 0.01693 0.18204
v 0.18998 0.01453 0.18701
v 0.17525 0.01732 0.17464
v 0.18696 0.01691 0.17377
v 0.17470 0.01660 0.17833
v 0.18793 0.01646 0.17735
v 0.18974 0.01465 0.19002
v 0.17470 0.01532 0.19034
v 0.18704 0.01651 0.19841
v 0.17756 0.01623 0.19821
v 0.20826 0.02006 0.15733
v 0.19618 0.01944 0.15882
v 0.22449 0.02035 0.15490
v 0.21397 0.02053 0.15662
v 0.17209 0.00016 0.16293
v 0.17141 0.00068 0.15367
v 0.18930 0.01141 0.20569
v 0.17688 0.01335 0.20691
v 0.18544 0.00026 0.16638
v 0.18565 -0.00006 0.16025
v 0.17482 0.00616 0.20264
v 0.17368 -0.00110 0.18716
v 0.22514 0.00189 0.15154
v 0.17330 -0.00120 0.17920
v 0.17285 -0.00085 0.17228
v 0.17323 -0.00073 0.17577
v 0.18885 0.00151 0.19575
v 0.17611 0.01084 0.20595
v 0.17375 0.00218 0.19584
v 0.18628 -0.00250 0.17558
v 0.18628 -0.00268 0.17213
v 0.18901 0.01386 0.20628
v 0.18948 0.00658 0.20267
v 0.18697 -0.00303 0.17922
v 0.18823 -0.00226 0.18663
v 0.17748 0.01486 0.20771
v 0.18869 0.01516 0.20713
v 0.19422 0.00435 0.16269
v 0.20619 0.00612 0.16005
v 0.21253 0.00635 0.15888
v 0.22252 0.00519 0.15658
v 0.16868 0.01331 0.14882
v 0.16721 0.00715 0.14865
v 0.18018 0.02303 0.15187
v 0.20200 0.02571 0.15170
v 0.21940 0.02565 0.14985
v 0.17321 0.01929 0.14921
v 0.17003 0.00082 0.14886
v 0.16793 0.01578 0.14095
v 0.22166 0.00184 0.15284
v 0.16843 0.00068 0.14168
v 0.21099 0.00208 0.15564
v 0.20512 0.00131 0.15653
v 0.19276 0.00054 0.15836
v 0.18502 -0.00166 0.15546
v 0.18932 0.00128 0.15847
v 0.20866 0.00359 0.15680
v 0.19327 0.05204 0.11433
v 0.17821 0.03838 0.10056
v 0.21303 -0.00126 0.14243
v 0.21402 0.02544 0.14955
v 0.20001 0.04458 0.12312
v 0.22478 0.04179 0.12066
v 0.20788 0.04285 0.12346
v 0.18312 0.04089 0.12267
v 0.19228 0.04390 0.12376
v 0.19208 0.01664 0.15848
v 0.21622 0.04270 0.12196
v 0.22037 0.04833 0.11226
v 0.21134 0.04920 0.11370
v 0.21086 0.01819 0.15634
v 0.20395 0.04385 0.12334
v 0.19020 0.05163 0.11280
v 0.18090 0.04876 0.08689
v 0.20729 0.02559 0.15008
v 0.19598 0.04481 0.12353
v 0.19636 0.05296 0.11374
v 0.21086 0.02245 0.15235
v 0.21040 0.01268 0.15862
v 0.20741 0.04869 0.11481
v 0.19080 0.00707 0.16327
v 0.22577 0.00397 0.15381
v 0.19152 0.01148 0.16177
v 0.22431 0.02467 0.14769
v 0.18884 0.05885 0.09950
v 0.19592 0.02477 0.15131
v 0.18710 0.02301 0.15108
v 0.20992 0.00900 0.15952
v 0.18802 0.04319 0.12322
v 0.18441 0.05397 0.09952
v 0.17776 0.03661 0.12227
v 0.20384 0.05096 0.11380
v 0.16629 0.00882 0.14138
v 0.17493 0.03010 0.11197
v 0.18117 0.04437 0.11122
v 0.17099 0.02376 0.12283
v 0.18718 0.06451 0.08794
v 0.21703 0.00377 0.15754
v 0.19959 0.00304 0.16092
v 0.19862 0.00019 0.15672
v 0.17672 -0.00336 0.15080
v 0.18590 0.04930 0.11151
v 0.20257 0.07001 0.09225
v 0.17105 0.02080 0.14041
v 0.20986 0.03054 0.14280
v 0.19123 0.02877 0.14377
v 0.22679 0.02925 0.13959
v 0.20157 0.02921 0.14672
v 0.20482 0.02898 0.14625
v 0.19794 0.02867 0.14677
v 0.20505 0.03238 0.14089
v 0.19616 0.03197 0.14131
v 0.21903 0.02836 0.14469
v 0.21600 0.02848 0.14500
v 0.22198 0.02799 0.14391
v 0.21419 0.03205 0.13965
v 0.22220 0.03138 0.13834
v 0.17984 0.02579 0.14761
v 0.17525 0.02329 0.14654
v 0.18432 0.02621 0.14699
v 0.17431 0.02541 0.14001
v 0.18551 0.02987 0.14123
v 0.21187 0.04308 0.12273
v 0.22058 0.04225 0.12141
v 0.20071 0.03282 0.14071
v 0.21812 0.03213 0.13853
v 0.17993 0.02891 0.14093
v 0.22448 0.04707 0.11176
v 0.21568 0.04931 0.11289
v 0.22483 0.06126 0.09211
v 0.20001 0.05268 0.11336
v 0.19143 0.06891 0.08927
v 0.19630 0.06965 0.09291
v 0.20931 0.06516 0.09402
v 0.21707 0.06551 0.09170
v 0.16942 0.01571 0.12336
v 0.17081 0.00664 0.12373
v 0.17393 0.03049 0.12239
v 0.17741 0.03775 0.11163
v 0.18343 0.05768 0.08741
v 0.18055 0.04707 0.10006
v 0.17807 -0.00107 0.12551
v 0.17690 -0.00330 0.13522
v 0.19004 -0.00147 0.13009
v 0.16679 0.01150 0.13270
v 0.16861 0.00245 0.13304
v 0.16855 0.01902 0.13196
v 0.20525 -0.00038 0.14506
v 0.18116 0.03411 0.13245
v 0.17517 0.03032 0.13179
v 0.17143 0.02511 0.13172
v 0.22198 -0.00203 0.14100
v 0.18662 0.03560 0.13279
v 0.19147 0.03635 0.13343
v 0.19585 0.03761 0.13284
v 0.20002 0.03804 0.13246
v 0.20435 0.03742 0.13243
v 0.20868 0.03689 0.13271
v 0.21270 0.03716 0.13149
v 0.21698 0.03709 0.13061
v 0.22118 0.03649 0.13006
v 0.22554 0.03608 0.12967
v 0.19710 -0.00058 0.14390
v 0.18888 -0.00234 0.14406
v 0.19445 0.05884 0.10617
v 0.22138 0.05512 0.10189
v 0.21074 0.05649 0.10373
v 0.19274 0.06031 0.10192
v 0.19692 0.06111 0.10296
v 0.20752 0.05434 0.10713
v 0.20524 0.05832 0.10358
v 0.22458 0.05196 0.10411
v 0.21596 0.05674 0.10207
v 0.20091 0.06138 0.10227
v 0.18867 -0.00086 0.15431
v 0.20705 0.00013 0.15325
v 0.19763 -0.00078 0.15113
v 0.17604 -0.00419 0.14307
v 0.22048 -0.00231 0.13082
v 0.21191 -0.00063 0.13283
v 0.20508 0.00092 0.13423
v 0.19842 0.00002 0.13301
v 0.17713 0.01394 0.20777
v 0.17710 0.01627 0.19752
v 0.18760 0.01644 0.19773
v 0.18903 0.01442 0.20705
v 0.17538 0.01412 0.20458
v 0.19018 0.01444 0.20459
v 0.18224 0.01691 0.19676
v 0.18324 0.01503 0.20898
v 0.17511 0.01456 0.20106
v 0.18978 0.01481 0.20126
v 0.18820 0.01517 0.17132
v 0.19091 0.01314 0.17715
v 0.17299 0.01590 0.17198
v 0.17153 0.01430 0.17812
v 0.19001 0.01452 0.18292
v 0.17369 0.01538 0.18354
v 0.18070 0.01809 0.17033
v 0.18179 0.01809 0.18278
v 0.22598 -0.00105 0.14567
v 0.23619 -0.00257 0.14116
v 0.24067 -0.00176 0.14123
v 0.23205 -0.00122 0.14628
v 0.23962 0.01108 0.15129
v 0.22789 0.01148 0.15533
v 0.23882 0.00587 0.15026
v 0.22756 0.00664 0.15566
v 0.23498 0.02072 0.15173
v 0.25217 0.00596 0.14040
v 0.24126 0.01296 0.14942
v 0.25102 0.00142 0.14247
v 0.24093 0.00800 0.14883
v 0.24759 0.01752 0.14275
v 0.24024 0.01206 0.15008
v 0.24107 0.01698 0.14828
v 0.24000 0.00729 0.14883
v 0.24157 0.01971 0.14445
v 0.23883 -0.00192 0.14228
v 0.23092 -0.00257 0.14227
v 0.23910 0.01774 0.14984
v 0.23043 0.01866 0.15242
v 0.25112 0.01400 0.14110
v 0.24321 0.01746 0.14584
v 0.23912 -0.00019 0.14499
v 0.24143 0.00068 0.14565
v 0.22853 0.00334 0.15320
v 0.23690 0.00086 0.14897
v 0.24150 0.00340 0.14728
v 0.23493 0.02353 0.14590
v 0.25243 0.00702 0.13553
v 0.25117 0.00175 0.13818
v 0.24833 0.01846 0.13925
v 0.25232 0.01536 0.13565
v 0.23646 -0.00136 0.14496
v 0.22778 0.00064 0.14986
v 0.25314 0.00854 0.12735
v 0.25157 0.00267 0.13008
v 0.24863 -0.00035 0.13546
v 0.24359 -0.00213 0.13197
v 0.22980 -0.00336 0.13674
v 0.25175 0.00414 0.11363
v 0.23038 0.02382 0.14577
v 0.25385 0.01093 0.11189
v 0.24187 0.03560 0.11656
v 0.25385 0.01722 0.11166
v 0.24873 0.02672 0.11352
v 0.23390 0.04031 0.11782
v 0.23826 0.04208 0.10775
v 0.22877 0.04665 0.10964
v 0.25345 0.01254 0.10347
v 0.23962 0.00287 0.14772
v 0.23916 0.02247 0.14321
v 0.24411 0.02026 0.14087
v 0.25209 0.01820 0.07932
v 0.25167 0.02598 0.07865
v 0.25307 0.01870 0.10309
v 0.24852 0.00055 0.14411
v 0.24457 0.00149 0.14570
v 0.23234 0.00022 0.14986
v 0.24470 0.00028 0.14478
v 0.24851 -0.00002 0.14223
v 0.25325 0.01594 0.12696
v 0.24189 0.02580 0.13507
v 0.23493 0.02722 0.14049
v 0.23208 0.02751 0.14093
v 0.23737 0.02647 0.13943
v 0.23093 0.03122 0.13589
v 0.23811 0.02956 0.13404
v 0.24883 0.01998 0.13492
v 0.25171 0.01842 0.13325
v 0.24637 0.02155 0.13609
v 0.25147 0.02011 0.12714
v 0.24569 0.02438 0.13115
v 0.22919 0.04139 0.11896
v 0.23810 0.03835 0.11719
v 0.24535 0.03147 0.11511
v 0.25165 0.02235 0.11240
v 0.23463 0.03132 0.13446
v 0.24870 0.02253 0.12885
v 0.24155 0.03952 0.10792
v 0.23409 0.04495 0.10803
v 0.23878 0.04923 0.08807
v 0.24409 0.04303 0.08266
v 0.23236 0.05677 0.08908
v 0.24812 0.00066 0.11645
v 0.24879 0.02461 0.12164
v 0.25157 0.02134 0.11991
v 0.24556 0.02792 0.12338
v 0.24849 -0.00039 0.12722
v 0.25366 0.01684 0.11889
v 0.25371 0.00975 0.11926
v 0.25207 0.00362 0.12209
v 0.23754 -0.00311 0.13565
v 0.22991 0.03640 0.12786
v 0.23409 0.03579 0.12676
v 0.23822 0.03396 0.12602
v 0.24204 0.03121 0.12558
v 0.25245 0.02061 0.09147
v 0.25262 0.01468 0.09213
v 0.24851 0.02951 0.10440
v 0.24719 0.03466 0.09365
v 0.24855 0.03482 0.07967
v 0.24291 -0.00100 0.11982
v 0.25144 0.02401 0.10338
v 0.25057 0.02738 0.09180
v 0.24480 0.03564 0.10635
v 0.23801 0.04613 0.09803
v 0.22788 0.05273 0.09983
v 0.24093 0.04247 0.10060
v 0.23360 0.04993 0.09753
v 0.24299 0.04075 0.09679
v 0.24449 -0.00156 0.13942
v 0.23655 -0.00232 0.12348
v 0.22872 -0.00266 0.12739
v 0.19770 0.01214 0.17819
v 0.20982 0.00996 0.17671
v 0.19674 0.00875 0.17700
v 0.20866 0.00618 0.17570
v 0.20192 0.00623 0.19664
v 0.20216 0.00407 0.19846
v 0.21353 0.00484 0.19380
v 0.21385 0.00287 0.19548
v 0.20822 0.00080 0.19985
v 0.20719 0.00855 0.19444
v 0.20889 0.00305 0.20090
v 0.20740 0.00805 0.19533
v 0.20350 0.00439 0.19945
v 0.21308 0.00346 0.19688
v 0.21279 0.00485 0.19531
v 0.20295 0.00584 0.19780
v 0.20432 0.01678 0.17832
v 0.20174 0.00196 0.17438
v 0.20040 0.00627 0.19440
v 0.21351 0.00478 0.19142
v 0.21380 0.00172 0.19245
v 0.20031 0.00348 0.19540
v 0.20693 0.00902 0.19338
v 0.20651 -0.00273 0.19616
v 0.20329 -0.00252 0.18217
v 0.20639 0.01025 0.19096
v 0.19822 0.00470 0.18784
v 0.21091 0.00257 0.18364
v 0.21219 0.00576 0.18567
v 0.19901 0.00772 0.19007
v 0.19825 0.00988 0.18623
v 0.21111 0.00735 0.18210
v 0.20965 0.00461 0.17970
v 0.19763 0.00741 0.18345
v 0.20571 0.01197 0.18805
v 0.20261 0.00127 0.17747
v 0.21007 0.00935 0.17902
v 0.20895 0.00619 0.17761
v 0.20477 0.01566 0.18315
v 0.20229 0.00267 0.17593
v 0.19813 0.01218 0.18176
v 0.19745 0.00921 0.18021
v 0.21051 0.00848 0.18014
v 0.20904 0.00585 0.17832
v 0.20509 0.01462 0.18490
v 0.20242 0.00264 0.17646
v 0.19796 0.01142 0.18381
v 0.19756 0.00876 0.18157
v 0.20470 -0.00355 0.18973
v 0.19902 0.00379 0.19171
v 0.21238 0.00179 0.18819
v 0.21296 0.00515 0.18860
v 0.20656 0.00956 0.19229
v 0.19953 0.00674 0.19236
v 0.20773 0.00725 0.19658
v 0.20944 0.00406 0.20128
v 0.20494 0.00456 0.20006
v 0.21204 0.00399 0.19822
v 0.21132 0.00504 0.19662
v 0.20460 0.00582 0.19830
v 0.20850 0.00630 0.19828
v 0.20901 0.00512 0.20023
v 0.20020 0.01564 0.17869
v 0.20803 0.01442 0.17765
v 0.20350 0.00790 0.19529
v 0.21095 0.00718 0.19345
v 0.20429 0.00741 0.19630
v 0.21082 0.00695 0.19453
v 0.21085 0.00755 0.19204
v 0.20287 0.00834 0.19410
v 0.20199 0.00979 0.19117
v 0.20801 0.01278 0.18523
v 0.20258 0.01298 0.18655
v 0.21027 0.00912 0.18856
v 0.20197 0.01525 0.18357
v 0.20724 0.01469 0.18247
v 0.20188 0.01413 0.18523
v 0.20802 0.01368 0.18362
v 0.21071 0.00811 0.19041
v 0.20239 0.00890 0.19285
v 0.21019 0.00654 0.19568
v 0.20499 0.00702 0.19689
v 0.19782 0.00500 0.17555
v 0.21208 0.00136 0.19764
v 0.20498 0.00330 0.20060
v 0.20617 0.00377 0.17483
v 0.20193 -0.00076 0.19690
v 0.19932 0.00021 0.18459
v 0.19890 0.00408 0.17999
v 0.19861 0.00543 0.17794
v 0.19887 0.00534 0.17868
v 0.20948 -0.00223 0.18891
v 0.20401 0.00180 0.19984
v 0.20021 -0.00098 0.19154
v 0.20633 0.00384 0.17701
v 0.20632 0.00410 0.17660
v 0.21213 0.00284 0.19844
v 0.21104 -0.00165 0.19453
v 0.20667 0.00229 0.17810
v 0.20805 -0.00102 0.18225
v 0.20572 0.00379 0.20135
v 0.21209 0.00329 0.19923
v 0.20545 0.00327 0.20104
v 0.20475 0.00704 0.19675
v 0.21043 0.00661 0.19532
v 0.21219 0.00287 0.19885
v 0.20399 0.00430 0.19973
v 0.21261 0.00350 0.19748
v 0.20761 0.00778 0.19591
v 0.20915 0.00343 0.20128
v 0.20350 0.00553 0.19827
v 0.21215 0.00466 0.19590
v 0.20826 0.01357 0.18054
v 0.20955 0.01175 0.18243
v 0.20066 0.01501 0.18226
v 0.19979 0.01307 0.18490
v 0.20936 0.01087 0.18549
v 0.20145 0.01184 0.18765
v 0.20452 0.01598 0.18127
v 0.20542 0.01320 0.18647
v 0.20018 0.01864 0.16960
v 0.20371 0.01993 0.16927
v 0.20711 0.01838 0.16911
v 0.20993 0.01176 0.16920
v 0.20891 0.00905 0.16918
v 0.20584 0.00716 0.16879
v 0.20133 0.00492 0.16850
v 0.19764 0.00699 0.16934
v 0.19550 0.00963 0.17024
v 0.19568 0.01251 0.17001
v 0.20099 0.01864 0.17196
v 0.20399 0.01850 0.17446
v 0.20671 0.01815 0.17147
v 0.20979 0.01091 0.17212
v 0.20879 0.00767 0.17118
v 0.20600 0.00539 0.17048
v 0.20135 0.00291 0.17000
v 0.19750 0.00590 0.17102
v 0.19591 0.00922 0.17232
v 0.19663 0.01261 0.17306
v 0.20355 0.02042 0.16694
v 0.20663 0.01891 0.16685
v 0.20965 0.01217 0.16578
v 0.20872 0.00896 0.16654
v 0.20598 0.00651 0.16645
v 0.20086 0.00388 0.16658
v 0.19654 0.00589 0.16758
v 0.19447 0.00882 0.16810
v 0.19488 0.01253 0.16721
v 0.20043 0.01926 0.16755
v 0.19812 0.01807 0.16567
v 0.19766 0.01625 0.16981
v 0.20815 0.01610 0.17299
v 0.20893 0.01586 0.16897
v 0.19941 0.01687 0.17397
v 0.20391 0.01947 0.17186
v 0.20813 0.01784 0.16476
v 0.20333 0.02071 0.16408
v 0.21338 0.01250 0.17419
v 0.22687 0.00947 0.17074
v 0.21277 0.00926 0.17215
v 0.22542 0.00595 0.16872
v 0.21699 0.00378 0.18961
v 0.21716 0.00144 0.19044
v 0.22844 0.00260 0.18717
v 0.22835 0.00031 0.18787
v 0.22225 -0.00249 0.18971
v 0.22256 0.00604 0.18852
v 0.22297 -0.00103 0.19146
v 0.22265 0.00544 0.18917
v 0.21836 0.00124 0.19097
v 0.22747 0.00055 0.18903
v 0.22748 0.00217 0.18809
v 0.21821 0.00294 0.19023
v 0.22042 0.01619 0.17567
v 0.21779 0.00382 0.16734
v 0.21572 0.00460 0.18795
v 0.22888 0.00329 0.18539
v 0.22868 0.00053 0.18494
v 0.21564 0.00186 0.18751
v 0.22236 0.00676 0.18791
v 0.22092 -0.00398 0.18480
v 0.21912 -0.00135 0.17503
v 0.22205 0.00869 0.18644
v 0.21393 0.00458 0.18199
v 0.22718 0.00320 0.17784
v 0.22839 0.00550 0.18073
v 0.21439 0.00676 0.18505
v 0.21405 0.00926 0.18245
v 0.22765 0.00756 0.17807
v 0.22589 0.00504 0.17479
v 0.21369 0.00729 0.17878
v 0.22167 0.01111 0.18468
v 0.21843 0.00101 0.17185
v 0.22704 0.00951 0.17407
v 0.22554 0.00675 0.17193
v 0.22090 0.01452 0.18083
v 0.21823 0.00428 0.17030
v 0.21399 0.01171 0.17829
v 0.21337 0.00917 0.17567
v 0.22727 0.00872 0.17598
v 0.22543 0.00610 0.17327
v 0.22119 0.01380 0.18243
v 0.21833 0.00379 0.17131
v 0.21393 0.01067 0.18036
v 0.21361 0.00861 0.17705
v 0.21979 -0.00301 0.17977
v 0.21448 0.00326 0.18482
v 0.22810 0.00172 0.18136
v 0.22877 0.00438 0.18308
v 0.22220 0.00755 0.18723
v 0.21478 0.00532 0.18653
v 0.22267 0.00437 0.18972
v 0.22349 -0.00011 0.19217
v 0.21973 0.00124 0.19145
v 0.22638 0.00076 0.19007
v 0.22602 0.00207 0.18929
v 0.21960 0.00266 0.19058
v 0.22305 0.00293 0.19076
v 0.22341 0.00128 0.19164
v 0.21621 0.01507 0.17551
v 0.22459 0.01441 0.17374
v 0.21885 0.00531 0.18927
v 0.22636 0.00488 0.18757
v 0.21960 0.00463 0.18962
v 0.22582 0.00437 0.18825
v 0.22652 0.00563 0.18656
v 0.21822 0.00600 0.18834
v 0.21747 0.00804 0.18654
v 0.22421 0.01264 0.18271
v 0.21840 0.01217 0.18383
v 0.22635 0.00797 0.18431
v 0.21803 0.01384 0.18128
v 0.22364 0.01399 0.18011
v 0.21773 0.01307 0.18263
v 0.22431 0.01344 0.18132
v 0.22654 0.00658 0.18554
v 0.21765 0.00677 0.18754
v 0.22522 0.00376 0.18912
v 0.22020 0.00412 0.19009
v 0.21399 0.00611 0.16955
v 0.22658 -0.00206 0.18860
v 0.21957 -0.00017 0.19141
v 0.22233 0.00417 0.16756
v 0.21687 -0.00229 0.18646
v 0.21537 0.00122 0.17767
v 0.21507 0.00417 0.17447
v 0.21473 0.00608 0.17221
v 0.21501 0.00570 0.17328
v 0.22495 -0.00179 0.17992
v 0.21838 -0.00142 0.19051
v 0.21581 -0.00098 0.18229
v 0.22232 0.00466 0.17210
v 0.22259 0.00507 0.17092
v 0.22640 -0.00072 0.18987
v 0.22588 -0.00305 0.18449
v 0.22278 0.00280 0.17276
v 0.22394 0.00013 0.17543
v 0.22023 -0.00004 0.19199
v 0.22610 -0.00037 0.19050
v 0.21980 -0.00020 0.19156
v 0.21981 0.00434 0.18996
v 0.22552 0.00407 0.18873
v 0.22633 -0.00064 0.19018
v 0.21882 0.00117 0.19109
v 0.22700 0.00052 0.18939
v 0.22264 0.00482 0.18947
v 0.22328 -0.00073 0.19178
v 0.21860 0.00258 0.19032
v 0.22684 0.00194 0.18857
v 0.22490 0.01332 0.17770
v 0.22593 0.01178 0.17946
v 0.21654 0.01373 0.17971
v 0.21577 0.01210 0.18203
v 0.22559 0.01070 0.18243
v 0.21725 0.01079 0.18433
v 0.22057 0.01484 0.17907
v 0.22140 0.01252 0.18360
v 0.21657 0.01993 0.16640
v 0.21966 0.02086 0.16586
v 0.22248 0.01956 0.16557
v 0.22598 0.01185 0.16412
v 0.22477 0.00914 0.16359
v 0.22192 0.00770 0.16341
v 0.21779 0.00686 0.16382
v 0.21407 0.00857 0.16521
v 0.21258 0.01080 0.16630
v 0.21219 0.01368 0.16696
v 0.21697 0.01890 0.16858
v 0.21994 0.01806 0.17139
v 0.22222 0.01887 0.16786
v 0.22615 0.01072 0.16627
v 0.22489 0.00685 0.16469
v 0.22173 0.00522 0.16405
v 0.21768 0.00506 0.16433
v 0.21393 0.00750 0.16638
v 0.21255 0.01033 0.16788
v 0.21281 0.01316 0.16932
v 0.21953 0.02143 0.16261
v 0.22204 0.02010 0.16251
v 0.22541 0.01203 0.16119
v 0.22464 0.00882 0.16165
v 0.22209 0.00702 0.16191
v 0.21771 0.00612 0.16258
v 0.21383 0.00781 0.16348
v 0.21222 0.01024 0.16404
v 0.21189 0.01379 0.16389
v 0.21667 0.02058 0.16344
v 0.21490 0.01956 0.16195
v 0.21453 0.01809 0.16672
v 0.22389 0.01644 0.16894
v 0.22442 0.01714 0.16496
v 0.21570 0.01690 0.17038
v 0.21979 0.01976 0.16861
v 0.22367 0.01908 0.16055
v 0.21958 0.02174 0.16004
v 0.22868 0.01059 0.16539
v 0.24017 0.00702 0.16340
v 0.22799 0.00706 0.16460
v 0.23908 0.00402 0.16258
v 0.23285 0.00277 0.18054
v 0.23316 0.00075 0.18175
v 0.24167 0.00178 0.17774
v 0.24186 -0.00033 0.17890
v 0.23775 -0.00235 0.18179
v 0.23724 0.00528 0.17892
v 0.23833 -0.00093 0.18247
v 0.23740 0.00494 0.17932
v 0.23431 0.00065 0.18208
v 0.24121 0.00007 0.17964
v 0.24100 0.00148 0.17855
v 0.23388 0.00210 0.18107
v 0.23449 0.01608 0.16496
v 0.23242 0.00234 0.16276
v 0.23158 0.00332 0.17948
v 0.24192 0.00211 0.17619
v 0.24185 -0.00070 0.17678
v 0.23162 0.00058 0.17969
v 0.23696 0.00586 0.17841
v 0.23652 -0.00413 0.17920
v 0.23370 -0.00275 0.16962
v 0.23640 0.00778 0.17698
v 0.22904 0.00249 0.17490
v 0.24079 0.00037 0.17075
v 0.24180 0.00345 0.17254
v 0.23002 0.00537 0.17688
v 0.22940 0.00804 0.17421
v 0.24095 0.00491 0.17020
v 0.23982 0.00201 0.16825
v 0.22870 0.00526 0.17206
v 0.23556 0.01038 0.17469
v 0.23330 -0.00019 0.16776
v 0.24036 0.00470 0.16554
v 0.23932 0.00208 0.16504
v 0.23466 0.01498 0.16847
v 0.23264 0.00126 0.16605
v 0.22890 0.01060 0.16844
v 0.22836 0.00671 0.16801
v 0.24074 0.00441 0.16782
v 0.23938 0.00214 0.16700
v 0.23492 0.01399 0.17085
v 0.23273 0.00080 0.16723
v 0.22894 0.00986 0.17099
v 0.22852 0.00632 0.16986
v 0.23510 -0.00415 0.17499
v 0.23017 0.00143 0.17759
v 0.24139 -0.00041 0.17395
v 0.24201 0.00268 0.17449
v 0.23672 0.00661 0.17787
v 0.23067 0.00424 0.17837
v 0.23756 0.00393 0.17981
v 0.23872 0.00016 0.18272
v 0.23544 0.00088 0.18230
v 0.24067 0.00044 0.18043
v 0.24019 0.00160 0.17950
v 0.23513 0.00203 0.18128
v 0.23804 0.00266 0.18083
v 0.23858 0.00131 0.18202
v 0.23115 0.01455 0.16551
v 0.23812 0.01274 0.16432
v 0.23438 0.00474 0.17975
v 0.24004 0.00424 0.17782
v 0.23490 0.00408 0.18019
v 0.23991 0.00376 0.17843
v 0.24016 0.00467 0.17691
v 0.23358 0.00528 0.17927
v 0.23272 0.00725 0.17762
v 0.23758 0.01174 0.17167
v 0.23276 0.01247 0.17292
v 0.23989 0.00657 0.17501
v 0.23251 0.01447 0.16916
v 0.23692 0.01341 0.16824
v 0.23226 0.01348 0.17114
v 0.23762 0.01250 0.16989
v 0.24008 0.00538 0.17598
v 0.23320 0.00600 0.17863
v 0.23953 0.00316 0.17915
v 0.23558 0.00358 0.18047
v 0.22902 0.00398 0.16371
v 0.24110 -0.00211 0.18065
v 0.23536 -0.00053 0.18271
v 0.23639 0.00289 0.16222
v 0.23280 -0.00304 0.18011
v 0.22964 -0.00200 0.17207
v 0.22964 0.00042 0.16976
v 0.22940 0.00188 0.16720
v 0.22962 0.00103 0.16871
v 0.23946 -0.00325 0.17408
v 0.23441 -0.00169 0.18244
v 0.23124 -0.00281 0.17672
v 0.23682 0.00119 0.16680
v 0.23671 0.00164 0.16540
v 0.24075 -0.00080 0.18077
v 0.24056 -0.00334 0.17836
v 0.23742 0.00020 0.16728
v 0.23837 -0.00205 0.16919
v 0.23601 0.00000 0.18298
v 0.24072 -0.00041 0.18114
v 0.23571 -0.00044 0.18286
v 0.23520 0.00375 0.18038
v 0.23972 0.00333 0.17887
v 0.24066 -0.00074 0.18082
v 0.23481 0.00065 0.18215
v 0.24094 0.00008 0.17981
v 0.23746 0.00442 0.17964
v 0.23843 -0.00065 0.18269
v 0.23435 0.00192 0.18123
v 0.24064 0.00142 0.17891
v 0.23831 0.01144 0.16690
v 0.23940 0.00972 0.16925
v 0.23113 0.01375 0.16827
v 0.23075 0.01218 0.17125
v 0.23880 0.00934 0.17236
v 0.23216 0.01039 0.17461
v 0.23455 0.01514 0.16710
v 0.23524 0.01241 0.17292
v 0.23197 0.01736 0.15995
v 0.23440 0.01847 0.15974
v 0.23680 0.01644 0.15951
v 0.23972 0.00824 0.15803
v 0.23889 0.00608 0.15784
v 0.23625 0.00454 0.15770
v 0.23274 0.00403 0.15798
v 0.22965 0.00602 0.15936
v 0.22763 0.00840 0.16014
v 0.22798 0.01094 0.16029
v 0.23207 0.01699 0.16140
v 0.23437 0.01703 0.16308
v 0.23643 0.01656 0.16086
v 0.23976 0.00744 0.15992
v 0.23886 0.00519 0.15936
v 0.23600 0.00412 0.15940
v 0.23270 0.00346 0.15961
v 0.22928 0.00542 0.16080
v 0.22778 0.00810 0.16168
v 0.22828 0.01062 0.16221
v 0.23457 0.01906 0.15783
v 0.23669 0.01748 0.15764
v 0.23947 0.00932 0.15561
v 0.23866 0.00592 0.15552
v 0.23638 0.00360 0.15534
v 0.23266 0.00258 0.15558
v 0.22929 0.00481 0.15703
v 0.22777 0.00710 0.15812
v 0.22781 0.01112 0.15789
v 0.23202 0.01800 0.15821
v 0.23082 0.01698 0.15692
v 0.23009 0.01510 0.16012
v 0.23772 0.01402 0.16152
v 0.23846 0.01382 0.15880
v 0.23098 0.01522 0.16261
v 0.23436 0.01808 0.16153
v 0.23795 0.01565 0.15562
v 0.23472 0.01912 0.15563
v 0.24173 0.01033 0.15352
v 0.25253 0.00552 0.15071
v 0.24132 0.00718 0.15326
v 0.25090 0.00227 0.15019
v 0.24272 0.00299 0.16679
v 0.24287 0.00151 0.16738
v 0.25079 0.00129 0.16670
v 0.25043 0.00029 0.16733
v 0.24620 -0.00080 0.16847
v 0.24687 0.00423 0.16662
v 0.24629 0.00031 0.16934
v 0.24675 0.00377 0.16699
v 0.24330 0.00155 0.16797
v 0.24975 0.00051 0.16795
v 0.24993 0.00130 0.16716
v 0.24320 0.00243 0.16734
v 0.24758 0.01428 0.15314
v 0.24535 0.00159 0.15124
v 0.24202 0.00329 0.16534
v 0.25167 0.00129 0.16525
v 0.25129 -0.00035 0.16541
v 0.24202 0.00135 0.16534
v 0.24698 0.00470 0.16580
v 0.24615 -0.00311 0.16568
v 0.24509 -0.00165 0.15499
v 0.24743 0.00824 0.16319
v 0.24126 0.00377 0.16010
v 0.25191 0.00059 0.15815
v 0.25270 0.00283 0.16022
v 0.24167 0.00597 0.16198
v 0.24174 0.00776 0.16023
v 0.25277 0.00418 0.15782
v 0.25152 0.00222 0.15544
v 0.24146 0.00574 0.15802
v 0.24755 0.01010 0.16182
v 0.24505 0.00047 0.15273
v 0.25269 0.00563 0.15296
v 0.25091 0.00257 0.15199
v 0.24755 0.01344 0.15714
v 0.24541 0.00178 0.15254
v 0.24183 0.01038 0.15590
v 0.24153 0.00753 0.15536
v 0.25282 0.00553 0.15561
v 0.25097 0.00311 0.15384
v 0.24761 0.01265 0.15914
v 0.24533 0.00169 0.15306
v 0.24181 0.00959 0.15862
v 0.24162 0.00701 0.15682
v 0.24563 -0.00305 0.16032
v 0.24143 0.00240 0.16282
v 0.25185 -0.00019 0.16169
v 0.25232 0.00184 0.16287
v 0.24706 0.00602 0.16469
v 0.24168 0.00434 0.16386
v 0.24641 0.00326 0.16757
v 0.24636 0.00077 0.16984
v 0.24397 0.00155 0.16853
v 0.24874 0.00070 0.16849
v 0.24879 0.00155 0.16772
v 0.24404 0.00232 0.16775
v 0.24640 0.00246 0.16843
v 0.24637 0.00169 0.16922
v 0.24397 0.01358 0.15359
v 0.25102 0.01121 0.15230
v 0.24397 0.00406 0.16667
v 0.24967 0.00283 0.16654
v 0.24429 0.00372 0.16698
v 0.24905 0.00274 0.16699
v 0.25005 0.00325 0.16551
v 0.24378 0.00458 0.16580
v 0.24397 0.00802 0.16299
v 0.24988 0.01058 0.16002
v 0.24534 0.01186 0.16056
v 0.25069 0.00644 0.16238
v 0.24505 0.01321 0.15754
v 0.24993 0.01180 0.15670
v 0.24497 0.01268 0.15947
v 0.25004 0.01125 0.15837
v 0.25066 0.00426 0.16424
v 0.24372 0.00588 0.16457
v 0.24833 0.00239 0.16746
v 0.24468 0.00325 0.16741
v 0.24256 0.00429 0.15250
v 0.24907 -0.00073 0.16812
v 0.24399 0.00069 0.16867
v 0.24849 0.00121 0.15026
v 0.24299 -0.00139 0.16580
v 0.24166 0.00084 0.15718
v 0.24230 0.00314 0.15498
v 0.24261 0.00442 0.15365
v 0.24256 0.00426 0.15440
v 0.24997 -0.00261 0.16073
v 0.24377 -0.00005 0.16800
v 0.24204 -0.00086 0.16152
v 0.24850 0.00186 0.15277
v 0.24851 0.00148 0.15177
v 0.24881 0.00019 0.16859
v 0.24972 -0.00271 0.16588
v 0.24895 0.00075 0.15317
v 0.24980 -0.00148 0.15574
v 0.24420 0.00084 0.16926
v 0.24843 0.00034 0.16899
v 0.24405 0.00076 0.16905
v 0.24453 0.00338 0.16729
v 0.24864 0.00247 0.16720
v 0.24869 0.00018 0.16877
v 0.24359 0.00136 0.16829
v 0.24929 0.00051 0.16813
v 0.24659 0.00358 0.16738
v 0.24629 0.00053 0.16960
v 0.24358 0.00232 0.16757
v 0.24939 0.00123 0.16753
v 0.25106 0.01063 0.15502
v 0.25157 0.00963 0.15763
v 0.24392 0.01289 0.15646
v 0.24347 0.01172 0.15936
v 0.25072 0.00859 0.16052
v 0.24437 0.01055 0.16125
v 0.24753 0.01361 0.15553
v 0.24764 0.01151 0.16078
v 0.24488 0.01581 0.14962
v 0.24706 0.01602 0.14892
v 0.24946 0.01450 0.14838
v 0.25227 0.00563 0.14660
v 0.25100 0.00219 0.14681
v 0.24876 0.00148 0.14771
v 0.24534 0.00194 0.14872
v 0.24267 0.00446 0.15014
v 0.24158 0.00754 0.15107
v 0.24162 0.01106 0.15143
v 0.24505 0.01540 0.15055
v 0.24743 0.01486 0.15162
v 0.24939 0.01418 0.14961
v 0.25215 0.00557 0.14860
v 0.25084 0.00207 0.14838
v 0.24858 0.00130 0.14872
v 0.24552 0.00181 0.14967
v 0.24270 0.00428 0.15100
v 0.24159 0.00734 0.15194
v 0.24174 0.01072 0.15218
v 0.24702 0.01659 0.14737
v 0.24916 0.01506 0.14681
v 0.25227 0.00566 0.14394
v 0.25134 0.00175 0.14492
v 0.24871 0.00084 0.14601
v 0.24474 0.00157 0.14715
v 0.24209 0.00389 0.14866
v 0.24105 0.00707 0.14990
v 0.24143 0.01146 0.15026
v 0.24482 0.01632 0.14852
v 0.24365 0.01610 0.14806
v 0.24332 0.01467 0.15030
v 0.25076 0.01197 0.15015
v 0.25113 0.01212 0.14775
v 0.24395 0.01417 0.15187
v 0.24728 0.01557 0.15019
v 0.25071 0.01348 0.14477
v 0.24717 0.01686 0.14520
v 0.17368 0.02153 0.11236
v 0.17444 0.01260 0.11217
v 0.18021 0.00350 0.11295
v 0.19125 0.00247 0.11566
v 0.21959 -0.00034 0.11792
v 0.21219 0.00112 0.12124
v 0.20715 0.00284 0.12220
v 0.20162 0.00267 0.12031
v 0.25145 0.00614 0.10470
v 0.24743 0.00235 0.10652
v 0.24234 0.00075 0.10856
v 0.23584 -0.00028 0.11114
v 0.22759 -0.00090 0.11446
v 0.17716 0.02827 0.10143
v 0.17774 0.01894 0.10243
v 0.18253 0.01113 0.10356
v 0.19216 0.00815 0.10567
v 0.22073 0.00212 0.10425
v 0.21359 0.00276 0.10777
v 0.20914 0.00468 0.10899
v 0.20318 0.00634 0.10812
v 0.25064 0.00922 0.09339
v 0.24661 0.00583 0.09469
v 0.24175 0.00358 0.09557
v 0.23622 0.00229 0.09703
v 0.22822 0.00165 0.10017
v 0.17984 0.03825 0.08615
v 0.18080 0.02830 0.08597
v 0.18466 0.02114 0.08729
v 0.19319 0.01567 0.09061
v 0.22338 0.00392 0.09009
v 0.21629 0.00469 0.09293
v 0.21094 0.00704 0.09360
v 0.20398 0.01026 0.09309
v 0.25019 0.01276 0.08030
v 0.24679 0.00877 0.08146
v 0.24254 0.00571 0.08239
v 0.23748 0.00352 0.08359
v 0.23077 0.00304 0.08573
v 0.19346 0.02056 0.07098
v 0.22522 0.00458 0.07162
v 0.21819 0.00439 0.07219
v 0.21233 0.00664 0.07217
v 0.20391 0.01242 0.07200
v 0.24678 0.01184 0.06722
v 0.24242 0.00756 0.06873
v 0.23742 0.00463 0.06978
v 0.23163 0.00383 0.07042
v 0.19182 0.02420 0.05365
v 0.22211 0.00412 0.05364
v 0.21445 0.00430 0.05351
v 0.20856 0.00837 0.05360
v 0.20070 0.01473 0.05377
v 0.24549 0.01466 0.05103
v 0.24061 0.00876 0.05183
v 0.23515 0.00479 0.05209
v 0.22879 0.00392 0.05307
v 0.19012 0.02532 0.03590
v 0.21529 0.00016 0.03153
v 0.20646 0.00438 0.03288
v 0.20109 0.00882 0.03412
v 0.19582 0.01561 0.03518
v 0.24400 0.01719 0.03220
v 0.23922 0.00944 0.03229
v 0.23290 0.00350 0.03151
v 0.22439 0.00132 0.03110
v 0.22498 0.07236 0.07816
v 0.21785 0.07652 0.07932
v 0.24940 0.03487 0.06549
v 0.23643 0.06018 0.07473
v 0.24076 0.05266 0.07084
v 0.23142 0.06702 0.07681
v 0.24501 0.04452 0.06732
v 0.22450 0.08454 0.06608
v 0.21788 0.08807 0.06798
v 0.24491 0.04459 0.05218
v 0.23456 0.07294 0.06142
v 0.23797 0.06398 0.05812
v 0.23015 0.07904 0.06416
v 0.24124 0.05395 0.05458
v 0.22384 0.09856 0.05636
v 0.21762 0.10117 0.05911
v 0.24129 0.05315 0.03692
v 0.23324 0.09015 0.04824
v 0.23671 0.08403 0.04026
v 0.22904 0.09468 0.05295
v 0.23908 0.06416 0.03884
v 0.25119 0.02426 0.06482
v 0.25031 0.01790 0.06552
v 0.24817 0.03295 0.05079
v 0.24854 0.02266 0.05041
v 0.24422 0.04157 0.03452
v 0.24585 0.02799 0.03280
v 0.24183 0.01834 0.01251
v 0.23770 0.00974 0.01319
v 0.23627 0.01721 -0.00608
v 0.23356 0.00798 -0.00324
v 0.22676 0.01533 -0.01542
v 0.22563 0.00608 -0.01110
v 0.21435 0.01450 -0.01756
v 0.21524 0.00477 -0.01208
v 0.20302 0.01632 -0.01112
v 0.20524 0.00595 -0.00718
v 0.19564 0.02104 0.00104
v 0.19860 0.01015 0.00263
v 0.19148 0.02514 0.01800
v 0.19548 0.01444 0.01795
v 0.21458 -0.00162 0.00957
v 0.20574 0.00250 0.01203
v 0.20011 0.00760 0.01669
v 0.23245 0.00358 0.01310
v 0.22422 -0.00021 0.00957
v 0.21644 -0.00109 -0.00357
v 0.20807 0.00079 -0.00133
v 0.20245 0.00414 0.00391
v 0.23026 0.00183 0.00038
v 0.22439 0.00036 -0.00322
v 0.18904 0.07766 0.07565
v 0.20417 0.08136 0.08147
v 0.19295 0.08265 0.07895
v 0.19818 0.08330 0.08112
v 0.21082 0.07788 0.08094
v 0.18578 0.07127 0.07312
v 0.18943 0.09265 0.06436
v 0.19343 0.09531 0.06944
v 0.19878 0.09514 0.07144
v 0.18631 0.08691 0.05805
v 0.18835 0.10737 0.05414
v 0.19316 0.10894 0.06067
v 0.19869 0.10777 0.06308
v 0.18367 0.10329 0.04251
v 0.18376 0.06120 0.07108
v 0.18266 0.04987 0.06977
v 0.18327 0.03747 0.06945
v 0.18638 0.02778 0.06969
v 0.18485 0.07394 0.05496
v 0.18472 0.06064 0.05365
v 0.18536 0.04672 0.05327
v 0.18729 0.03371 0.05317
v 0.18316 0.08334 0.03850
v 0.18462 0.06800 0.03745
v 0.18658 0.05318 0.03725
v 0.18808 0.03795 0.03678
v 0.21445 0.03077 -0.01971
v 0.20434 0.03187 -0.01324
v 0.19704 0.03728 0.00061
v 0.19118 0.03963 0.01889
v 0.21353 0.04833 -0.01912
v 0.20387 0.04928 -0.01254
v 0.19635 0.05319 0.00045
v 0.18965 0.05538 0.01865
v 0.21328 0.06422 -0.01696
v 0.20315 0.06649 -0.01116
v 0.19398 0.06962 -0.00008
v 0.18641 0.07064 0.01746
v 0.21335 0.07920 -0.01475
v 0.20223 0.08197 -0.01060
v 0.18324 0.09100 0.00091
v 0.21362 0.09397 -0.01475
v 0.20180 0.09777 -0.01106
v 0.18388 0.10504 0.00170
v 0.22574 0.03118 -0.01749
v 0.22359 0.04867 -0.01648
v 0.22244 0.06439 -0.01365
v 0.22252 0.07853 -0.01097
v 0.22315 0.09249 -0.01013
v 0.23520 0.03186 -0.00661
v 0.23251 0.04888 -0.00510
v 0.23088 0.06208 -0.00188
v 0.23539 0.07873 0.00420
v 0.23563 0.08969 0.00432
v 0.24264 0.03100 0.01409
v 0.24019 0.04621 0.01623
v 0.23837 0.05831 0.01893
v 0.22340 0.11374 0.04933
v 0.21741 0.11546 0.05241
v 0.23217 0.10823 0.04022
v 0.23480 0.10525 0.03157
v 0.22830 0.11105 0.04538
v 0.18764 0.12191 0.04810
v 0.19268 0.12204 0.05497
v 0.19832 0.12049 0.05734
v 0.18369 0.12290 0.03587
v 0.21283 0.10799 -0.01405
v 0.20142 0.11227 -0.01052
v 0.18480 0.11519 0.00390
v 0.18207 0.11753 0.01039
v 0.22264 0.10647 -0.00948
v 0.23457 0.09770 0.00552
v 0.23685 0.09819 0.01092
v 0.22307 0.12693 0.04514
v 0.21710 0.12808 0.04865
v 0.23173 0.12376 0.03509
v 0.23378 0.12326 0.02636
v 0.22798 0.12544 0.04089
v 0.18717 0.13552 0.04402
v 0.19228 0.13446 0.05017
v 0.19797 0.13278 0.05270
v 0.18349 0.13666 0.03286
v 0.21207 0.11941 -0.01442
v 0.19995 0.12602 -0.01084
v 0.18931 0.13201 0.00058
v 0.18311 0.13641 0.01639
v 0.22220 0.11890 -0.01000
v 0.22927 0.11868 0.00034
v 0.23328 0.12091 0.01359
v 0.22244 0.14198 0.04357
v 0.21636 0.14240 0.04685
v 0.23181 0.14121 0.03240
v 0.23406 0.13962 0.02313
v 0.22784 0.14119 0.03870
v 0.18626 0.15037 0.04038
v 0.19170 0.14891 0.04633
v 0.19731 0.14725 0.04909
v 0.18266 0.15025 0.02953
v 0.21088 0.13490 -0.01520
v 0.19856 0.13957 -0.01136
v 0.18831 0.14544 -0.00090
v 0.18232 0.15005 0.01437
v 0.22151 0.13185 -0.01100
v 0.22904 0.13353 -0.00147
v 0.23310 0.13646 0.01097
v 0.23934 0.08953 0.01193
v 0.23908 0.07891 0.01325
v 0.17987 0.09258 0.00936
v 0.18083 0.10665 0.02085
v 0.12513 0.58384 0.06766
v 0.11764 0.58323 0.05925
v 0.11536 0.60010 0.06321
v 0.12044 0.61984 0.07541
v 0.11260 0.61794 0.06701
v 0.12308 0.60138 0.07177
v 0.13073 0.60268 0.07762
v 0.12847 0.62184 0.08086
v 0.16220 0.62828 0.08050
v 0.12595 0.54031 0.04970
v 0.17393 0.55637 0.07173
v 0.16288 0.60859 0.07926
v 0.19132 0.57250 0.04040
v 0.11628 0.53512 0.01952
v 0.16535 0.67268 0.08095
v 0.16731 0.70176 0.08046
v 0.16844 0.73465 0.07944
v 0.16757 0.76968 0.07835
v 0.11409 0.66053 0.08148
v 0.10545 0.65728 0.07374
v 0.10971 0.68651 0.08395
v 0.10064 0.68284 0.07640
v 0.10466 0.71694 0.08628
v 0.09521 0.71324 0.07883
v 0.09954 0.75062 0.08867
v 0.12625 0.64169 0.08380
v 0.15336 0.64761 0.08578
v 0.15285 0.62667 0.08430
v 0.15378 0.60656 0.08253
v 0.18652 0.70612 0.02865
v 0.18780 0.65041 0.03700
v 0.18765 0.62894 0.04094
v 0.18688 0.60919 0.04599
v 0.18404 0.74055 0.02436
v 0.18049 0.77647 0.02249
v 0.10754 0.58067 0.02475
v 0.10999 0.56554 0.02459
v 0.11025 0.56695 0.03488
v 0.10788 0.58148 0.03653
v 0.10483 0.59787 0.03902
v 0.10124 0.61546 0.04219
v 0.09216 0.65463 0.04978
v 0.08625 0.68069 0.05331
v 0.16331 0.64909 0.08086
v 0.11562 0.72122 0.09180
v 0.11137 0.75463 0.09434
v 0.12351 0.66397 0.08666
v 0.11989 0.69058 0.08921
v 0.11760 0.63914 0.07852
v 0.10943 0.63664 0.07039
v 0.15542 0.76640 0.08963
v 0.15646 0.73198 0.08894
v 0.15598 0.69973 0.08808
v 0.15462 0.67126 0.08716
v 0.09708 0.63390 0.04583
v 0.12847 0.72518 0.09473
v 0.12551 0.75860 0.09738
v 0.13335 0.66695 0.08947
v 0.13128 0.69424 0.09212
v 0.14085 0.76258 0.09614
v 0.14258 0.72881 0.09408
v 0.14358 0.69726 0.09186
v 0.14381 0.66937 0.08982
v 0.10413 0.59742 0.02605
v 0.09988 0.61541 0.02827
v 0.09490 0.63434 0.03101
v 0.08878 0.65591 0.03406
v 0.08183 0.68297 0.03740
v 0.07417 0.71469 0.04063
v 0.05862 0.78499 0.04634
v 0.09471 0.78723 0.09117
v 0.16593 0.80678 0.07718
v 0.10768 0.79103 0.09692
v 0.15402 0.80330 0.08985
v 0.12283 0.79497 0.09976
v 0.13905 0.79910 0.09778
v 0.11766 0.61750 -0.00410
v 0.13328 0.55243 0.06321
v 0.15654 0.58734 0.08039
v 0.13282 0.58431 0.07404
v 0.12008 0.55635 0.05072
v 0.11929 0.56846 0.05508
v 0.11350 0.56803 0.04548
v 0.18658 0.57201 0.05352
v 0.18491 0.59018 0.05318
v 0.06663 0.74922 0.04373
v 0.06592 0.78317 0.06272
v 0.18772 0.67546 0.03323
v 0.17686 0.81345 0.02030
v 0.18688 0.58853 0.01581
v 0.18425 0.60624 0.01330
v 0.18950 0.58900 0.02589
v 0.18188 0.62561 0.01082
v 0.18761 0.60717 0.02271
v 0.18600 0.62696 0.01959
v 0.18445 0.64859 0.01659
v 0.17976 0.64713 0.00841
v 0.16606 0.55507 0.07680
v 0.13348 0.53964 0.05789
v 0.20456 0.52710 0.02226
v 0.21040 0.50965 0.02263
v 0.22381 0.46753 0.02270
v 0.23075 0.44244 0.02135
v 0.23598 0.41485 0.01919
v 0.23891 0.38553 0.01785
v 0.23918 0.35201 0.01527
v 0.23698 0.31381 0.01230
v 0.17218 0.53094 0.07195
v 0.19228 0.57274 0.02836
v 0.13715 0.50929 0.04956
v 0.13868 0.51778 0.05450
v 0.13576 0.52730 0.05515
v 0.13058 0.52462 0.04809
v 0.19914 0.54287 0.02161
v 0.17744 0.54309 0.06919
v 0.19204 0.54351 0.05219
v 0.19954 0.54344 0.03104
v 0.17017 0.54267 0.07429
v 0.17286 0.52151 0.07019
v 0.17918 0.52938 0.06713
v 0.17842 0.51403 0.06584
v 0.12545 0.50393 0.03171
v 0.12043 0.52064 0.03041
v 0.19019 0.57253 0.01825
v 0.14171 0.49227 0.04902
v 0.18062 0.49736 0.06283
v 0.14566 0.47846 0.04974
v 0.18152 0.48347 0.06130
v 0.14893 0.46930 0.05054
v 0.18169 0.47379 0.06077
v 0.19471 0.52851 0.05162
v 0.19688 0.51234 0.05129
v 0.19864 0.49484 0.05139
v 0.19961 0.47605 0.05223
v 0.19846 0.45378 0.05409
v 0.13070 0.48664 0.03369
v 0.13630 0.46841 0.03653
v 0.14431 0.44774 0.03963
v 0.11230 0.55492 0.03446
v 0.12032 0.51775 0.01271
v 0.11920 0.53382 0.01088
v 0.12224 0.50060 0.01398
v 0.11902 0.51889 0.02134
v 0.12259 0.50202 0.02292
v 0.11594 0.53784 0.02991
v 0.11432 0.54614 0.03494
v 0.12063 0.54753 0.04715
v 0.17499 0.67392 0.07127
v 0.17665 0.70316 0.06904
v 0.17732 0.73655 0.06643
v 0.17606 0.77208 0.06429
v 0.17283 0.65026 0.07257
v 0.17116 0.62997 0.07371
v 0.17061 0.61208 0.07428
v 0.17136 0.59902 0.07359
v 0.18232 0.59921 0.05965
v 0.18347 0.61223 0.05635
v 0.18627 0.70539 0.04129
v 0.18568 0.65093 0.04896
v 0.18464 0.63025 0.05255
v 0.18479 0.73937 0.03731
v 0.18184 0.77528 0.03522
v 0.18660 0.67536 0.04554
v 0.17400 0.80927 0.06199
v 0.17868 0.81238 0.03273
v 0.18282 0.67400 0.01342
v 0.17754 0.67254 0.00555
v 0.18031 0.70548 0.00918
v 0.17452 0.70424 0.00161
v 0.17666 0.74056 0.00462
v 0.17067 0.73954 -0.00290
v 0.17252 0.77672 0.00240
v 0.16664 0.77577 -0.00547
v 0.16907 0.81348 0.00029
v 0.16339 0.81247 -0.00777
v 0.13915 0.55880 0.07151
v 0.15652 0.56061 0.07972
v 0.13913 0.55005 0.06825
v 0.15983 0.55221 0.07853
v 0.14185 0.52758 0.06189
v 0.16517 0.53001 0.07391
v 0.16696 0.51940 0.07125
v 0.14402 0.51693 0.05981
v 0.14004 0.53898 0.06459
v 0.16297 0.54133 0.07637
v 0.14568 0.50582 0.05706
v 0.17004 0.50871 0.06779
v 0.14876 0.49208 0.05545
v 0.17241 0.49527 0.06461
v 0.15185 0.47921 0.05474
v 0.17407 0.48238 0.06247
v 0.15416 0.46809 0.05397
v 0.17614 0.47125 0.06110
v 0.13481 0.56651 0.06994
v 0.15945 0.56877 0.07896
v 0.15514 0.44267 0.04838
v 0.18628 0.44632 0.05785
v 0.20382 0.52779 0.03164
v 0.20828 0.51068 0.03222
v 0.21306 0.49147 0.03279
v 0.21842 0.47016 0.03357
v 0.21685 0.48984 0.02264
v 0.12515 0.48172 0.01511
v 0.12680 0.48384 0.02485
v 0.12877 0.46098 0.01616
v 0.13148 0.46418 0.02683
v 0.13320 0.43816 0.01520
v 0.13682 0.44232 0.02727
v 0.13850 0.41323 0.01298
v 0.14170 0.41757 0.02530
v 0.20384 0.42617 0.05250
v 0.14861 0.42125 0.03664
v 0.15806 0.42181 0.04588
v 0.19085 0.42506 0.05652
v 0.22398 0.44596 0.03351
v 0.22863 0.41916 0.03236
v 0.20731 0.39813 0.05115
v 0.16177 0.39696 0.04396
v 0.19444 0.39937 0.05500
v 0.23174 0.39045 0.03125
v 0.14452 0.38581 0.01102
v 0.14702 0.39059 0.02353
v 0.15308 0.39459 0.03469
v 0.18930 0.58924 0.03823
v 0.18865 0.60783 0.03388
v 0.18804 0.62794 0.02975
v 0.18728 0.64960 0.02617
v 0.19733 0.54363 0.04155
v 0.18628 0.67493 0.02253
v 0.18436 0.70616 0.01809
v 0.18124 0.74095 0.01363
v 0.17723 0.77697 0.01156
v 0.17349 0.81380 0.00952
v 0.20065 0.52828 0.04168
v 0.20383 0.51161 0.04211
v 0.20681 0.49321 0.04260
v 0.21012 0.47292 0.04362
v 0.21332 0.44976 0.04465
v 0.21745 0.42333 0.04391
v 0.22047 0.39486 0.04282
v 0.12636 0.55407 0.05683
v 0.12648 0.56793 0.06296
v 0.16699 0.58943 0.07581
v 0.16953 0.57068 0.07411
v 0.11143 0.58236 0.04851
v 0.10580 0.61637 0.05564
v 0.09805 0.65513 0.06317
v 0.08690 0.71132 0.06925
v 0.10880 0.59885 0.05193
v 0.09282 0.68067 0.06638
v 0.10222 0.63467 0.05939
v 0.07962 0.71186 0.05666
v 0.11521 0.55611 0.04299
v 0.18496 0.54320 0.06167
v 0.12482 0.52195 0.03941
v 0.13035 0.50627 0.04034
v 0.18972 0.48095 0.05799
v 0.18961 0.49670 0.05818
v 0.18845 0.51316 0.05916
v 0.18717 0.52876 0.06017
v 0.18761 0.46743 0.05868
v 0.14084 0.47458 0.04399
v 0.14702 0.46215 0.04686
v 0.13566 0.48993 0.04165
v 0.11697 0.54633 0.04112
v 0.17717 0.59829 0.06739
v 0.17778 0.61277 0.06625
v 0.17901 0.63064 0.06397
v 0.18058 0.65094 0.06147
v 0.18232 0.67477 0.05882
v 0.18310 0.70442 0.05537
v 0.18278 0.73808 0.05179
v 0.18067 0.77381 0.04940
v 0.17804 0.81106 0.04682
v 0.15468 0.45721 0.05178
v 0.18038 0.46069 0.05962
v 0.12026 0.53642 0.03980
v 0.11243 0.55183 0.02599
v 0.18922 0.55743 0.05306
v 0.19429 0.55771 0.02037
v 0.19556 0.55806 0.03004
v 0.19410 0.55802 0.04131
v 0.17699 0.58605 0.06645
v 0.17880 0.57061 0.06536
v 0.18190 0.55681 0.06357
v 0.21040 0.36659 0.04880
v 0.16633 0.36697 0.04204
v 0.19790 0.36883 0.05261
v 0.23315 0.35748 0.02906
v 0.22287 0.36265 0.04071
v 0.21335 0.32880 0.04538
v 0.17247 0.32995 0.03978
v 0.20203 0.33119 0.04909
v 0.23301 0.31966 0.02634
v 0.22439 0.32485 0.03769
v 0.15062 0.35402 0.00895
v 0.15259 0.35950 0.02172
v 0.15822 0.36402 0.03291
v 0.15869 0.31592 0.00713
v 0.15978 0.32218 0.02028
v 0.16488 0.32688 0.03118
v 0.12107 0.59773 -0.00236
v 0.12345 0.58001 -0.00106
v 0.12441 0.51727 0.00408
v 0.12489 0.49964 0.00432
v 0.12478 0.53344 0.00300
v 0.12671 0.48006 0.00410
v 0.12979 0.45839 0.00388
v 0.13409 0.43448 0.00183
v 0.13980 0.40882 -0.00086
v 0.14621 0.38097 -0.00283
v 0.12517 0.54872 0.00141
v 0.12476 0.56387 0.00002
v 0.15303 0.34891 -0.00502
v 0.16372 0.32395 -0.01814
v 0.22630 0.46508 0.01059
v 0.23384 0.43920 0.00812
v 0.23920 0.41109 0.00546
v 0.24152 0.38155 0.00413
v 0.24024 0.34797 0.00107
v 0.23444 0.32379 -0.01304
v 0.21830 0.48813 0.01160
v 0.17341 0.64545 0.00129
v 0.16729 0.70257 -0.00508
v 0.16329 0.73806 -0.00928
v 0.15938 0.77433 -0.01209
v 0.15627 0.81102 -0.01470
v 0.17078 0.67094 -0.00124
v 0.21083 0.50848 0.01267
v 0.18664 0.57168 0.01003
v 0.20383 0.52623 0.01313
v 0.17607 0.62360 0.00350
v 0.19737 0.54202 0.01265
v 0.17938 0.60453 0.00576
v 0.19156 0.55692 0.01174
v 0.18276 0.58740 0.00800
v 0.09643 0.63582 0.01630
v 0.10210 0.63779 0.00358
v 0.08925 0.65859 0.01778
v 0.09450 0.66205 0.00296
v 0.10690 0.59759 0.01442
v 0.11260 0.59781 0.00488
v 0.08123 0.68702 0.01975
v 0.08602 0.69177 0.00294
v 0.10220 0.61608 0.01513
v 0.10818 0.61694 0.00411
v 0.07272 0.71934 0.02176
v 0.07726 0.72505 0.00308
v 0.05591 0.78851 0.02567
v 0.06092 0.79359 0.00378
v 0.11033 0.58029 0.01431
v 0.11576 0.58016 0.00558
v 0.06452 0.75367 0.02399
v 0.06918 0.75936 0.00362
v 0.11429 0.54992 0.01685
v 0.11853 0.54906 0.00864
v 0.11257 0.56454 0.01497
v 0.11757 0.56411 0.00669
v 0.11176 0.63965 -0.00600
v 0.10432 0.66505 -0.00815
v 0.09609 0.69610 -0.01002
v 0.08789 0.73023 -0.01189
v 0.08064 0.76480 -0.01300
v 0.07354 0.79894 -0.01424
v 0.21504 0.16100 0.04505
v 0.21325 0.18534 0.04369
v 0.21145 0.21451 0.04389
v 0.20976 0.24960 0.04499
v 0.20657 0.28961 0.04663
v 0.19635 0.16585 0.04506
v 0.19395 0.18911 0.04167
v 0.19095 0.21687 0.03984
v 0.18704 0.25023 0.03895
v 0.18046 0.28905 0.03877
v 0.20286 0.24909 -0.02579
v 0.20384 0.22241 -0.02315
v 0.20540 0.19784 -0.02039
v 0.20756 0.17458 -0.01721
v 0.20943 0.15267 -0.01560
v 0.19088 0.25103 -0.02333
v 0.19252 0.22416 -0.02049
v 0.19424 0.19994 -0.01758
v 0.19640 0.17748 -0.01422
v 0.19778 0.15665 -0.01232
v 0.21463 0.25133 -0.02240
v 0.21499 0.22362 -0.02003
v 0.21629 0.19809 -0.01729
v 0.21816 0.17392 -0.01411
v 0.22009 0.15079 -0.01202
v 0.17975 0.25785 -0.01582
v 0.18275 0.22903 -0.01253
v 0.18489 0.20396 -0.00943
v 0.18699 0.18171 -0.00569
v 0.18790 0.16195 -0.00278
v 0.22495 0.25783 -0.01423
v 0.22445 0.22781 -0.01193
v 0.22515 0.20084 -0.00926
v 0.22644 0.17597 -0.00603
v 0.22798 0.15261 -0.00325
v 0.22147 0.16090 0.04211
v 0.22003 0.18478 0.04088
v 0.21881 0.21323 0.04097
v 0.21804 0.24773 0.04184
v 0.21632 0.28731 0.04313
v 0.22725 0.16070 0.03726
v 0.22631 0.18392 0.03550
v 0.22579 0.21164 0.03516
v 0.22584 0.24515 0.03534
v 0.22559 0.28397 0.03610
v 0.23163 0.15974 0.03004
v 0.23100 0.18275 0.02740
v 0.23090 0.21003 0.02604
v 0.23159 0.24236 0.02541
v 0.23253 0.27971 0.02546
v 0.23370 0.15820 0.02019
v 0.23304 0.18130 0.01676
v 0.23288 0.20800 0.01448
v 0.23356 0.23879 0.01293
v 0.23513 0.27453 0.01227
v 0.23268 0.15553 0.00839
v 0.23162 0.17888 0.00492
v 0.23095 0.20469 0.00189
v 0.23102 0.23369 -0.00032
v 0.23250 0.26764 -0.00204
v 0.19064 0.16718 0.04172
v 0.18834 0.18962 0.03714
v 0.18510 0.21632 0.03430
v 0.18076 0.24847 0.03233
v 0.17353 0.28640 0.03110
v 0.18542 0.16766 0.03522
v 0.18346 0.18929 0.02980
v 0.18035 0.21487 0.02610
v 0.17610 0.24560 0.02324
v 0.16872 0.28224 0.02112
v 0.18201 0.16735 0.02464
v 0.18071 0.18804 0.01925
v 0.17793 0.21236 0.01502
v 0.17413 0.24144 0.01175
v 0.16749 0.27648 0.00899
v 0.18216 0.16606 0.01084
v 0.18145 0.18564 0.00644
v 0.17918 0.20852 0.00238
v 0.17616 0.23567 -0.00102
v 0.17110 0.26866 -0.00456
v 0.07464 0.78293 0.07469
v 0.14341 0.84508 -0.02347
v 0.11934 0.84022 -0.03238
v 0.08380 0.83678 -0.02823
v 0.13269 0.84235 -0.02876
v 0.10273 0.83881 -0.03290
v 0.04910 0.82025 0.05000
v 0.08890 0.82517 0.09426
v 0.16409 0.84551 0.07717
v 0.10295 0.82931 0.10002
v 0.15190 0.84208 0.09120
v 0.11923 0.83361 0.10270
v 0.13634 0.83795 0.10012
v 0.17339 0.85072 0.01825
v 0.17189 0.84770 0.06064
v 0.17565 0.84998 0.03047
v 0.16530 0.85025 -0.00184
v 0.15948 0.84899 -0.01019
v 0.16988 0.85086 0.00769
v 0.17557 0.84907 0.04451
v 0.15224 0.84728 -0.01738
v 0.04547 0.82275 0.02799
v 0.05099 0.82695 0.00400
v 0.06522 0.83227 -0.01612
v 0.06716 0.81982 0.07827
v 0.13845 0.87926 -0.02672
v 0.11301 0.87514 -0.03603
v 0.07574 0.87062 -0.03163
v 0.12719 0.87706 -0.03243
v 0.09547 0.87361 -0.03650
v 0.04135 0.85367 0.05079
v 0.08374 0.86341 0.09634
v 0.16057 0.88433 0.07682
v 0.09824 0.86921 0.10178
v 0.14850 0.88202 0.09121
v 0.11501 0.87444 0.10378
v 0.13257 0.87876 0.10057
v 0.16976 0.88581 0.01616
v 0.16817 0.88557 0.05987
v 0.17163 0.88587 0.02854
v 0.16170 0.88440 -0.00374
v 0.15550 0.88287 -0.01228
v 0.16654 0.88534 0.00554
v 0.17147 0.88584 0.04325
v 0.14783 0.88123 -0.01995
v 0.03745 0.85615 0.02786
v 0.04305 0.85964 0.00260
v 0.05714 0.86513 -0.01865
v 0.06077 0.85493 0.08004
v 0.13586 0.90993 -0.02935
v 0.10804 0.90925 -0.04014
v 0.06749 0.90609 -0.03604
v 0.12363 0.90962 -0.03562
v 0.08868 0.90900 -0.04119
v 0.03509 0.88512 0.05164
v 0.08034 0.89866 0.09790
v 0.15653 0.91974 0.07651
v 0.09558 0.90632 0.10236
v 0.14524 0.91883 0.09035
v 0.11257 0.91255 0.10337
v 0.12999 0.91661 0.09958
v 0.16604 0.91614 0.01714
v 0.16341 0.91942 0.06014
v 0.16709 0.91726 0.02941
v 0.15947 0.91361 -0.00345
v 0.15338 0.91202 -0.01278
v 0.16351 0.91499 0.00638
v 0.16651 0.91838 0.04389
v 0.14561 0.91061 -0.02166
v 0.03079 0.88718 0.02791
v 0.03573 0.89090 0.00124
v 0.04896 0.89866 -0.02139
v 0.05583 0.88745 0.08155
v 0.13506 0.93499 -0.03257
v 0.10541 0.93702 -0.04556
v 0.05970 0.93548 -0.04253
v 0.12234 0.93595 -0.03984
v 0.08376 0.93778 -0.04773
v 0.03125 0.91040 0.05250
v 0.08056 0.92647 0.09844
v 0.15209 0.94901 0.07556
v 0.09616 0.93663 0.10164
v 0.14178 0.94980 0.08832
v 0.11260 0.94434 0.10157
v 0.12834 0.94857 0.09728
v 0.16275 0.94011 0.01786
v 0.15901 0.94670 0.05993
v 0.16349 0.94171 0.02987
v 0.15735 0.93697 -0.00366
v 0.15222 0.93548 -0.01410
v 0.16063 0.93861 0.00685
v 0.16257 0.94383 0.04389
v 0.14502 0.93479 -0.02395
v 0.02611 0.91108 0.02788
v 0.02999 0.91509 -0.00086
v 0.04187 0.92547 -0.02610
v 0.05534 0.91431 0.08376
v 0.13264 0.96075 -0.03586
v 0.10049 0.96362 -0.05206
v 0.04296 0.96127 -0.05091
v 0.11887 0.96229 -0.04466
v 0.07551 0.96357 -0.05523
v 0.01589 0.94157 0.04840
v 0.07855 0.94985 0.09810
v 0.14618 0.97749 0.07420
v 0.09440 0.96658 0.10022
v 0.13539 0.98067 0.08609
v 0.10882 0.97685 0.09920
v 0.12292 0.98122 0.09480
v 0.15857 0.96256 0.01858
v 0.15403 0.97264 0.05961
v 0.15891 0.96429 0.03019
v 0.15432 0.96016 -0.00383
v 0.14988 0.95945 -0.01526
v 0.15710 0.96135 0.00745
v 0.15831 0.96742 0.04321
v 0.14310 0.95970 -0.02613
v 0.00828 0.93969 0.02259
v 0.00747 0.94114 0.00061
v 0.01039 0.95434 -0.03503
v 0.05719 0.93859 0.08732
v 0.13035 0.98654 -0.03884
v 0.09784 0.99060 -0.05835
v 0.03812 0.99026 -0.06381
v 0.11733 0.98900 -0.04992
v 0.07191 0.99100 -0.06419
v 0.07923 1.01113 0.09484
v 0.13980 0.99965 0.07084
v 0.15220 0.98352 0.01972
v 0.14806 0.99291 0.05703
v 0.15304 0.98416 0.03023
v 0.14888 0.98283 -0.00282
v 0.14482 0.98334 -0.01485
v 0.15112 0.98369 0.00846
v 0.15194 0.98716 0.04206
v 0.13939 0.98445 -0.02692
v 0.09856 1.02692 0.09354
v 0.21103 0.11610 0.05529
v 0.20462 0.11789 0.05701
v 0.20465 0.09257 0.07127
v 0.21119 0.08945 0.07006
v 0.21072 0.12845 0.05143
v 0.20428 0.13044 0.05287
v 0.20991 0.14248 0.04877
v 0.20362 0.14506 0.04969
v 0.21112 0.10263 0.06142
v 0.20472 0.10548 0.06313
v 0.14008 0.58606 0.07853
v 0.14766 0.58698 0.08088
v 0.13631 0.62364 0.08409
v 0.14426 0.62515 0.08534
v 0.13494 0.64410 0.08677
v 0.14382 0.64604 0.08745
v 0.13803 0.60409 0.08135
v 0.14554 0.60537 0.08300
v 0.14416 0.55997 0.07547
v 0.15060 0.56070 0.07866
v 0.14558 0.54996 0.07343
v 0.15278 0.55087 0.07727
v 0.14917 0.52788 0.06836
v 0.15723 0.52873 0.07277
v 0.15935 0.51762 0.07003
v 0.15132 0.51671 0.06587
v 0.14717 0.53911 0.07081
v 0.15508 0.53999 0.07517
v 0.15360 0.50514 0.06310
v 0.16184 0.50617 0.06685
v 0.15634 0.49231 0.06068
v 0.16423 0.49342 0.06393
v 0.15893 0.47961 0.05902
v 0.16645 0.48071 0.06165
v 0.16124 0.46790 0.05764
v 0.16883 0.46898 0.06004
v 0.14210 0.57068 0.07624
v 0.14972 0.57147 0.07926
v 0.16519 0.44168 0.05423
v 0.17544 0.44293 0.05746
v 0.16825 0.42254 0.05243
v 0.17907 0.42368 0.05612
v 0.17180 0.39846 0.05075
v 0.18263 0.39930 0.05461
v 0.16308 0.45610 0.05600
v 0.17179 0.45726 0.05870
v 0.17598 0.36879 0.04858
v 0.18642 0.36939 0.05230
v 0.18151 0.33167 0.04580
v 0.19137 0.33215 0.04911
v 0.20873 0.16186 0.04634
v 0.20237 0.16397 0.04640
v 0.20659 0.18640 0.04462
v 0.20007 0.18790 0.04396
v 0.20425 0.21565 0.04449
v 0.19742 0.21661 0.04310
v 0.20176 0.25069 0.04533
v 0.19420 0.25095 0.04323
v 0.19722 0.29065 0.04679
v 0.18846 0.29042 0.04412
v 0.18286 0.08543 0.01576
v 0.19110 0.08416 -0.00148
v 0.18033 0.10714 0.01113
v 0.19234 0.10097 -0.00432
v 0.18256 0.12397 0.01666
v 0.18951 0.11922 0.00030
v 0.23063 0.09068 -0.00180
v 0.23102 0.07412 -0.00003
v 0.23836 0.08837 0.02177
v 0.23804 0.07107 0.02023
v 0.23067 0.10446 0.00177
v 0.23520 0.10559 0.01604
v 0.05758 0.81943 0.06667
v 0.05032 0.85338 0.06809
v 0.04477 0.88564 0.06919
v 0.04247 0.91300 0.07096
v 0.02496 0.94876 0.06791
v 0.02580 0.96591 0.08057
v 0.08389 0.78431 0.08375
v 0.07724 0.82178 0.08690
v 0.07163 0.85818 0.08897
v 0.06731 0.89149 0.09078
v 0.06744 0.91736 0.09238
v 0.06796 0.93561 0.09309
v 0.08968 0.74738 0.08121
v 0.08097 0.74586 0.07191
v 0.07301 0.74651 0.05981
v 0.22719 0.31629 -0.02150
v 0.17563 0.28910 -0.02015
v 0.12789 1.04271 0.07180
v 0.12894 1.01204 -0.03821
v 0.09838 1.01930 -0.06076
v 0.03948 1.02200 -0.06792
v 0.11709 1.01597 -0.05069
v 0.07209 1.02146 -0.06661
v 0.14732 1.00108 0.02127
v 0.14830 0.99993 0.03021
v 0.14440 1.00381 0.00074
v 0.14104 1.00601 -0.01148
v 0.14642 1.00194 0.01195
v 0.14764 1.00229 0.03968
v 0.13601 1.00863 -0.02478
v 0.12714 1.03628 -0.03312
v 0.10024 1.04779 -0.05606
v 0.04761 1.05838 -0.06342
v 0.11683 1.04195 -0.04574
v 0.07652 1.05301 -0.06214
v 0.14496 1.01471 0.02621
v 0.14610 1.01006 0.03105
v 0.14139 1.02242 0.00826
v 0.13837 1.02683 -0.00507
v 0.14336 1.01819 0.01875
v 0.14530 1.01335 0.03756
v 0.13424 1.03141 -0.01936
v 0.14298 1.02346 0.03602
v 0.12889 1.06833 0.05426
v 0.14360 1.01630 0.04684
v 0.14070 1.03321 0.03011
v 0.13676 1.04387 0.04661
v 0.13522 1.05455 0.03750
v 0.11807 1.08447 0.06574
v 0.13901 1.02932 0.05280
v 0.03818 1.10629 -0.05200
v 0.10055 1.11497 -0.01693
v 0.09027 1.11374 -0.03029
v 0.10859 1.11242 -0.00186
v 0.07817 1.10526 -0.04301
v 0.05056 1.09868 -0.05246
v 0.12835 1.05693 0.06475
v 0.01021 1.11072 -0.04694
v 0.06500 1.08699 -0.05405
v 0.13779 1.03923 0.02066
v 0.14489 1.00741 0.05215
v 0.13776 1.01650 0.06419
v 0.08131 1.18775 0.02787
v 0.11338 1.10773 0.01494
v 0.07858 1.19016 0.01410
v 0.07330 1.18892 0.00134
v 0.07997 1.17015 0.06749
v 0.02703 1.09231 -0.05756
v 0.04702 1.17104 -0.01950
v 0.06395 1.18330 -0.00982
v 0.06697 0.96311 0.09370
v 0.08627 0.98999 0.09704
v 0.10135 1.00425 0.09588
v 0.12793 1.00552 0.08302
v 0.11449 1.00840 0.09166
v 0.12647 1.02598 0.07848
v 0.11215 1.03059 0.08882
v 0.11309 1.05048 0.08515
v 0.11523 1.06880 0.07816
v 0.01343 1.14599 -0.02820
v 0.07485 1.15091 -0.01321
v 0.09554 1.12306 0.07425
v 0.04614 1.12113 -0.04263
v 0.00962 1.10198 -0.05340
v 0.09017 1.15018 0.01370
v 0.05194 1.15045 -0.02599
v 0.10785 1.09767 0.07160
v 0.10378 1.07441 0.08496
v 0.02280 1.23531 -0.02315
v 0.01134 1.12080 -0.03992
v 0.03521 1.07990 -0.05988
v 0.10797 1.12132 0.02285
v 0.06436 1.11794 -0.03975
v 0.08220 1.12472 -0.02494
v 0.09423 1.12638 -0.00976
v 0.10238 1.12476 0.00606
v 0.09528 1.14607 0.02871
v 0.08327 1.15145 -0.00053
v 0.06294 1.14939 -0.02204
v 0.34934 1.23307 0.03321
v 0.37005 1.21965 0.03313
v 0.39041 1.20883 0.03244
v 0.40893 1.19936 0.03179
v 0.42461 1.19122 0.03137
v 0.43748 1.18447 0.03102
v 0.46490 1.17156 0.02989
v 0.48117 1.16456 0.02883
v 0.49778 1.15715 0.02766
v 0.51395 1.14911 0.02647
v 0.52871 1.14036 0.02519
v 0.56272 1.13165 0.01152
v 0.54463 1.13775 0.01284
v 0.54166 1.14507 0.05834
v 0.56111 1.15030 0.02083
v 0.56235 1.15480 0.02725
v 0.56042 1.15887 0.04246
v 0.55587 1.15662 0.05037
v 0.55952 1.14528 0.01501
v 0.53897 1.13849 0.05313
v 0.56249 1.15813 0.03439
v 0.55710 1.13972 0.01185
v 0.55309 1.13039 0.01391
v 0.54281 1.13484 0.01711
v 0.54532 1.12956 0.03235
v 0.53835 1.13469 0.03147
v 0.54280 1.13171 0.03888
v 0.53618 1.13697 0.03830
v 0.53482 1.13984 0.04503
v 0.54044 1.13446 0.04563
v 0.54486 1.12911 0.04642
v 0.55741 1.12063 0.04022
v 0.12794 1.07814 0.04008
v 0.12300 1.08598 0.02091
v 0.11911 1.09323 0.00341
v 0.11341 1.09919 -0.01254
v 0.10515 1.10360 -0.02557
v 0.09666 1.10589 -0.03389
v 0.09149 1.09674 -0.04298
v 0.10440 1.09038 -0.03611
v 0.11544 1.08393 -0.02501
v 0.12276 1.07710 -0.01040
v 0.12771 1.06977 0.00593
v 0.13124 1.06225 0.02279
v 0.13488 1.04547 0.00721
v 0.13113 1.05185 -0.00831
v 0.12573 1.05843 -0.02365
v 0.11645 1.06529 -0.03668
v 0.10258 1.07216 -0.04733
v 0.08431 1.07915 -0.05290
v 0.32283 1.26456 0.03515
v 0.31625 1.25785 0.03334
v 0.32630 1.27335 0.03514
v 0.30050 1.24845 0.02139
v 0.29459 1.24786 0.01050
v 0.08213 1.17680 0.05454
v 0.08180 1.18283 0.04125
v 0.11904 1.09491 0.05100
v 0.11694 1.10178 0.03251
v 0.10046 1.13176 0.05978
v 0.10140 1.13916 0.04462
v 0.11177 1.11761 0.04165
v 0.11068 1.10965 0.05630
v 0.09514 1.07442 0.08893
v 0.02875 1.20944 -0.01859
v 0.02951 1.19641 -0.01839
v 0.04524 1.21493 -0.01600
v 0.04610 1.20218 -0.01530
v 0.06204 1.21956 -0.01028
v 0.06244 1.20750 -0.00892
v 0.07355 1.22312 -0.00071
v 0.07357 1.21123 0.00068
v 0.01470 1.20461 -0.01902
v 0.01471 1.19179 -0.01928
v 0.08099 1.22580 0.01143
v 0.08006 1.21309 0.01285
v 0.08360 1.22664 0.02432
v 0.08226 1.21298 0.02590
v 0.08320 1.22639 0.03712
v 0.08278 1.21114 0.03899
v 0.08034 1.22499 0.04986
v 0.08042 1.20755 0.05211
v 0.07485 1.22245 0.06319
v 0.07604 1.20287 0.06540
v 0.08014 1.17833 0.01464
v 0.05766 1.16439 -0.01880
v 0.06784 1.17344 -0.00984
v 0.08274 1.15696 0.06916
v 0.07511 1.17788 0.00146
v 0.08266 1.17531 0.02849
v 0.08520 1.16355 0.05600
v 0.08469 1.16989 0.04237
v 0.04920 1.13596 -0.03368
v 0.09683 1.13697 0.01103
v 0.09982 1.10539 0.07687
v 0.07763 1.13780 -0.01818
v 0.01245 1.13224 -0.03354
v 0.10232 1.13326 0.02697
v 0.08865 1.13846 -0.00422
v 0.06310 1.13564 -0.02920
v 0.10523 1.11888 0.05979
v 0.10677 1.12786 0.04432
v 0.01857 0.97840 0.08787
v 0.02465 1.23760 0.11051
v 0.03644 1.24260 0.10355
v 0.04648 1.20643 0.10090
v 0.05748 1.14560 0.09754
v 0.04191 1.09989 0.10662
v 0.06455 1.10238 0.09533
v 0.05564 1.07912 0.10093
v 0.06729 1.08644 0.09558
v 0.06182 1.06267 0.09919
v 0.06907 1.07263 0.09668
v 0.02822 1.11800 0.11163
v 0.05976 1.13136 0.09666
v 0.05069 1.18689 0.09973
v 0.09036 1.04708 0.09414
v 0.08531 1.07112 0.09299
v 0.08708 1.09657 0.08784
v 0.08509 1.11471 0.08507
v 0.07543 1.16217 0.07977
v 0.07743 1.14873 0.08133
v 0.07024 1.19730 0.07843
v 0.06700 1.21897 0.07736
v 0.08141 1.04742 0.09594
v 0.06667 1.01802 0.09774
v 0.10066 1.05090 0.09131
v 0.07667 1.07076 0.09504
v 0.07724 1.09135 0.09216
v 0.07557 1.10882 0.09028
v 0.06701 1.15405 0.08937
v 0.06911 1.14050 0.08957
v 0.06140 1.19098 0.09003
v 0.05705 1.21325 0.09069
v 0.04853 1.25622 0.09255
v 0.00988 1.20557 0.11537
v 0.01448 1.12738 0.11405
v 0.02666 1.12861 0.11249
v 0.00635 1.07838 0.11070
v 0.02249 1.06108 0.10921
v 0.02515 1.03737 0.10580
v 0.02849 1.20301 0.11184
v 0.03715 1.13153 0.10927
v 0.02153 1.18100 0.11474
v 0.03688 1.08244 0.10843
v 0.04061 1.06860 0.10551
v 0.04650 1.04785 0.10339
v 0.02301 0.93100 -0.00429
v 0.03052 0.94404 -0.03321
v 0.02640 0.93040 0.05272
v 0.02095 0.92812 0.02762
v 0.04000 0.94010 0.07387
v 0.04520 0.97209 0.08762
v 0.03147 0.99185 0.09439
v 0.00738 0.94082 0.03814
v 0.01308 0.94244 -0.00765
v 0.01433 0.93867 0.02542
v 0.01826 1.25956 0.11027
v 0.03061 1.23369 0.10841
v 0.00836 1.26270 0.11217
v 0.03728 1.20220 0.10760
v 0.04012 1.18407 0.10717
v 0.04654 1.13963 0.10468
v 0.04944 1.12489 0.10281
v 0.05050 1.09531 0.10242
v 0.01945 1.20483 0.11431
v 0.01115 1.18119 0.11610
v 0.03122 1.18149 0.11179
v 0.01541 1.11653 0.11334
v 0.03927 1.12044 0.10785
v 0.00705 1.08529 0.11128
v 0.03227 1.09544 0.11039
v 0.02735 1.22184 -0.02015
v 0.04502 1.22729 -0.01816
v 0.06275 1.23174 -0.01260
v 0.07425 1.23568 -0.00288
v 0.01383 1.21583 -0.01990
v 0.08176 1.23878 0.00921
v 0.08412 1.24071 0.02201
v 0.08307 1.24181 0.03478
v 0.07964 1.24222 0.04756
v 0.07385 1.24210 0.06084
v 0.03334 1.22081 0.10831
v 0.04154 1.22626 0.10227
v 0.05283 1.23513 0.09148
v 0.06534 1.24170 0.07628
v 0.02569 1.22123 0.11166
v 0.01728 1.22392 0.11375
v 0.00854 1.22560 0.11457
v 0.02965 1.18200 -0.01981
v 0.04625 1.18817 -0.01630
v 0.06278 1.19547 -0.00898
v 0.07299 1.19986 0.00123
v 0.01443 1.17737 -0.02076
v 0.07910 1.20141 0.01368
v 0.08100 1.19995 0.02695
v 0.08183 1.19641 0.04016
v 0.08006 1.19100 0.05326
v 0.07788 1.18507 0.06616
v 0.04343 1.15745 0.10480
v 0.05520 1.16343 0.09806
v 0.07277 1.17832 0.07839
v 0.06469 1.17091 0.08926
v 0.01242 1.15362 0.11583
v 0.03477 1.15477 0.11127
v 0.02332 1.15416 0.11445
v 0.08362 1.16451 0.01467
v 0.06393 1.15961 -0.01752
v 0.07177 1.16327 -0.01014
v 0.08802 1.14186 0.07109
v 0.07908 1.16535 0.00128
v 0.08752 1.16114 0.02896
v 0.09194 1.14883 0.05773
v 0.09097 1.15541 0.04342
v 0.05109 1.11146 0.10143
v 0.06203 1.11789 0.09564
v 0.08078 1.13349 0.08310
v 0.07165 1.12675 0.08982
v 0.04118 1.10939 0.10698
v 0.03020 1.10701 0.11133
v 0.01699 1.10483 0.11329
v 0.07182 1.05088 0.09752
v 0.05753 1.02666 0.10082
v 0.02927 1.00987 0.10021
v 0.02816 1.11031 -0.05015
v 0.02085 1.10012 -0.05512
v 0.03317 1.12253 -0.04257
v 0.04016 1.15152 -0.02758
v 0.03649 1.13601 -0.03482
v 0.01439 1.16164 -0.02390
v 0.00821 0.96950 -0.05205
v 0.02227 1.12222 -0.04122
v 0.01953 1.11181 -0.04796
v 0.01673 1.10435 -0.05254
v 0.02658 1.14903 -0.02835
v 0.02437 1.13439 -0.03436
v 0.02905 1.16578 -0.02300
v 0.02923 1.25296 0.10631
v 0.00828 1.01882 -0.06880
v 0.00561 0.99140 -0.06462
v 0.01703 1.04697 -0.06699
v 0.01393 1.08310 -0.06181
v 0.01733 1.06803 -0.06417
v 0.01127 1.09369 -0.05825
v 0.01938 1.07342 0.11107
v 0.01717 1.09159 0.11266
v 0.00924 1.07460 0.11168
v 0.00773 1.08513 0.11236
v 0.00772 1.53685 0.13657
v -0.20333 0.50593 -0.01239
v -0.19551 0.52388 -0.00917
v -0.18202 0.55434 -0.00495
v -0.17259 0.58318 -0.00371
v -0.15901 0.58014 -0.01037
v -0.14190 0.57877 -0.00904
v -0.13256 0.57949 -0.00584
v -0.16926 0.59739 -0.00426
v -0.15644 0.59479 -0.00995
v -0.14029 0.59367 -0.00944
v -0.13117 0.59671 -0.00707
v -0.13197 0.51731 -0.00521
v -0.17787 0.58548 0.00164
v -0.17385 0.60177 -0.00021
v -0.16654 0.60909 -0.00516
v -0.15381 0.60937 -0.01026
v -0.15076 0.62494 -0.01108
v -0.16862 0.62035 -0.00304
v -0.13914 0.60601 -0.01041
v -0.13075 0.61655 -0.00954
v -0.16571 0.64390 -0.00467
v -0.14712 0.64413 -0.01283
v -0.12403 0.64078 -0.01182
v -0.13365 0.56367 -0.00531
v -0.15276 0.56451 -0.01200
v -0.20125 0.52518 0.00245
v -0.20905 0.50736 0.00088
v -0.22001 0.46059 -0.01951
v -0.22550 0.46282 -0.00365
v -0.22760 0.43357 -0.02325
v -0.23312 0.43636 -0.00677
v -0.23222 0.40499 -0.02509
v -0.23819 0.40805 -0.00927
v -0.23307 0.37568 -0.02431
v -0.23987 0.37902 -0.00984
v -0.23033 0.34522 -0.02317
v -0.23787 0.34895 -0.01139
v -0.22591 0.28948 -0.01702
v -0.23514 0.30809 -0.00425
v -0.20199 0.27768 -0.02887
v -0.16318 0.30897 -0.00869
v -0.16993 0.56712 -0.00913
v -0.13316 0.53346 -0.00475
v -0.14368 0.53396 -0.01240
v -0.19404 0.54094 0.00304
v -0.18838 0.53968 -0.00671
v -0.18215 0.57033 0.00272
v -0.17674 0.56866 -0.00390
v -0.16180 0.56566 -0.01197
v -0.13158 0.49936 -0.00661
v -0.16263 0.66942 -0.00713
v -0.14307 0.66804 -0.01528
v -0.11732 0.66696 -0.01476
v -0.15888 0.70089 -0.01075
v -0.13809 0.69873 -0.01901
v -0.11000 0.69850 -0.01769
v -0.15468 0.73619 -0.01467
v -0.13273 0.73335 -0.02237
v -0.10269 0.73321 -0.02056
v -0.15080 0.77232 -0.01760
v -0.12823 0.76890 -0.02534
v -0.09644 0.76816 -0.02287
v -0.14760 0.80896 -0.02057
v -0.12426 0.80488 -0.02869
v -0.09066 0.80273 -0.02519
v -0.14317 0.56375 -0.00944
v -0.21712 0.48650 -0.00144
v -0.21149 0.48484 -0.01586
v -0.16821 0.53654 -0.01870
v -0.14301 0.51782 -0.01489
v -0.17203 0.52073 -0.02407
v -0.14313 0.49984 -0.01829
v -0.17695 0.50277 -0.02976
v -0.14555 0.47907 -0.02184
v -0.18314 0.48159 -0.03488
v -0.14935 0.45552 -0.02572
v -0.19022 0.45704 -0.04093
v -0.15470 0.42939 -0.03022
v -0.19730 0.42974 -0.04583
v -0.16080 0.40182 -0.03296
v -0.20187 0.40056 -0.04718
v -0.16591 0.37354 -0.03249
v -0.20343 0.37069 -0.04422
v -0.16999 0.34399 -0.02927
v -0.20236 0.33940 -0.03805
v -0.20148 0.30794 -0.03300
v -0.17324 0.31556 -0.02574
v -0.13307 0.47917 -0.00856
v -0.13617 0.45640 -0.01049
v -0.14077 0.43140 -0.01358
v -0.14686 0.40498 -0.01656
v -0.15283 0.37750 -0.01765
v -0.15853 0.34870 -0.01786
v -0.16640 0.58149 -0.00790
v -0.16344 0.59586 -0.00768
v -0.16107 0.60967 -0.00794
v -0.15970 0.62448 -0.00813
v -0.15686 0.64433 -0.00958
v -0.15354 0.66848 -0.01188
v -0.14924 0.69932 -0.01561
v -0.14467 0.73425 -0.01909
v -0.14066 0.77020 -0.02209
v -0.13723 0.80654 -0.02544
v -0.17963 0.53819 -0.01469
v -0.18563 0.52240 -0.01914
v -0.19254 0.50442 -0.02392
v -0.20019 0.48318 -0.02838
v -0.20830 0.45867 -0.03352
v -0.21578 0.43130 -0.03786
v -0.22004 0.40225 -0.03932
v -0.22059 0.37257 -0.03714
v -0.21800 0.34147 -0.03287
v -0.21545 0.31047 -0.02911
v -0.21464 0.28069 -0.02527
v -0.15070 0.57910 -0.01064
v -0.14858 0.59382 -0.01056
v -0.14586 0.60801 -0.01109
v -0.14114 0.62293 -0.01187
v -0.13617 0.64303 -0.01385
v -0.18861 0.27993 -0.02697
v -0.13088 0.66772 -0.01671
v -0.12471 0.69875 -0.02017
v -0.11852 0.73349 -0.02337
v -0.11313 0.76868 -0.02621
v -0.10843 0.80416 -0.02925
v -0.15575 0.53502 -0.01771
v -0.15699 0.51901 -0.02234
v -0.15931 0.50102 -0.02733
v -0.16345 0.48009 -0.03212
v -0.16868 0.45583 -0.03781
v -0.17507 0.42893 -0.04295
v -0.18058 0.40030 -0.04493
v -0.18396 0.37089 -0.04260
v -0.18556 0.34017 -0.03684
v -0.18682 0.30951 -0.03165
v -0.13390 0.54872 -0.00495
v -0.14390 0.54907 -0.01060
v -0.18763 0.55573 0.00319
v -0.16492 0.55129 -0.01475
v -0.17436 0.55286 -0.01137
v -0.15448 0.55001 -0.01434
v -0.64739 1.07582 0.07566
v -0.64583 1.07323 0.06367
v -0.63159 1.08300 0.06168
v -0.63283 1.08696 0.07547
v -0.62088 1.09088 0.06034
v -0.62041 1.09562 0.07509
v -0.63114 1.08389 0.07585
v -0.64570 1.07333 0.07590
v -0.61714 1.08766 0.06044
v -0.62965 1.07960 0.06234
v -0.64421 1.07061 0.06399
v -0.61677 1.09235 0.07529
v -0.66663 1.06054 0.07497
v -0.66870 1.05750 0.07464
v -0.66754 1.05984 0.06585
v -0.66954 1.05701 0.06597
v -0.67139 1.05343 0.07041
v -0.66560 1.06411 0.07024
v -0.67245 1.05476 0.07033
v -0.66616 1.06337 0.07021
v -0.66985 1.05700 0.07417
v -0.67022 1.05682 0.06669
v -0.66818 1.05937 0.06668
v -0.66777 1.05975 0.07421
v -0.64926 1.07853 0.06926
v -0.63696 1.08817 0.06808
v -0.62590 1.09878 0.06647
v -0.64286 1.06845 0.06990
v -0.62799 1.07809 0.06902
v -0.61325 1.08725 0.06705
v -0.66440 1.06153 0.07520
v -0.66533 1.06075 0.06561
v -0.66674 1.05748 0.06560
v -0.66539 1.05835 0.07508
v -0.66453 1.06480 0.07029
v -0.66847 1.05293 0.07036
v -0.65825 1.05867 0.07025
v -0.66093 1.06761 0.07028
v -0.65885 1.06254 0.07528
v -0.65850 1.06159 0.06510
v -0.65911 1.06402 0.06502
v -0.65969 1.06500 0.07553
v -0.60492 1.09042 0.05993
v -0.60520 1.08950 0.05684
v -0.60584 1.08830 0.04671
v -0.60599 1.08806 0.04279
v -0.60559 1.08890 0.03157
v -0.60540 1.08944 0.02751
v -0.63886 1.08656 0.06821
v -0.63306 1.07760 0.06282
v -0.63490 1.08004 0.06191
v -0.63307 1.07506 0.06951
v -0.64262 1.08356 0.06857
v -0.63704 1.07981 0.07607
v -0.63513 1.07618 0.06312
v -0.65668 1.06755 0.07567
v -0.65580 1.06613 0.06474
v -0.65447 1.06409 0.06512
v -0.65531 1.06546 0.07524
v -0.65912 1.06947 0.07018
v -0.65353 1.06247 0.07030
v -0.63666 1.07245 0.06967
v -0.64041 1.07720 0.07604
v -0.64251 1.07950 0.07570
v -0.63781 1.07856 0.06239
v -0.63928 1.08200 0.07569
v -0.64088 1.07643 0.06289
v -0.64499 1.08174 0.06882
v -0.63869 1.07399 0.06349
v -0.62360 1.08862 0.07561
v -0.62633 1.09158 0.07516
v -0.62999 1.09474 0.06734
v -0.61956 1.08281 0.06801
v -0.63138 1.07646 0.06935
v -0.63472 1.08164 0.07596
v -0.63643 1.08402 0.07577
v -0.62495 1.08737 0.06102
v -0.62239 1.08415 0.06135
v -0.65042 1.06981 0.06409
v -0.64942 1.06727 0.06477
v -0.65436 1.07366 0.06981
v -0.64882 1.06546 0.07026
v -0.65143 1.07244 0.07569
v -0.65021 1.06983 0.07564
v -0.65324 1.06768 0.06434
v -0.65209 1.06550 0.06509
v -0.65609 1.07221 0.06997
v -0.65138 1.06429 0.07039
v -0.65405 1.06975 0.07587
v -0.65282 1.06773 0.07540
v -0.66371 1.05503 0.07029
v -0.66184 1.06034 0.07534
v -0.66261 1.05926 0.06531
v -0.66232 1.06204 0.06523
v -0.66291 1.06611 0.07032
v -0.66201 1.06307 0.07538
v -0.61170 1.08561 0.03765
v -0.66692 1.06228 0.07028
v -0.67360 1.05540 0.07025
v -0.67048 1.05739 0.07335
v -0.67053 1.05730 0.06746
v -0.66841 1.05947 0.06752
v -0.66834 1.05962 0.07332
v -0.66900 1.06029 0.07029
v -0.67126 1.05800 0.07027
v -0.62160 1.09117 0.04624
v -0.62149 1.09133 0.05931
v -0.61903 1.08717 0.04646
v -0.61755 1.08813 0.05931
v -0.62579 1.09855 0.05306
v -0.61968 1.09303 0.03007
v -0.62245 1.09179 0.04506
v -0.61759 1.08930 0.03008
v -0.61945 1.08820 0.04547
v -0.62486 1.09833 0.03759
v -0.61432 1.09340 0.01592
v -0.61934 1.09356 0.02909
v -0.61265 1.09013 0.01607
v -0.61773 1.09039 0.02939
v -0.61829 1.09800 0.02249
v -0.57225 1.09218 0.10369
v -0.58528 1.09830 0.09984
v -0.58051 1.10167 0.10533
v -0.57376 1.09827 0.10679
v -0.57296 1.08990 0.10065
v -0.58528 1.09576 0.09765
v -0.58566 1.07844 0.12627
v -0.59311 1.08103 0.12399
v -0.58329 1.08576 0.12340
v -0.58906 1.08784 0.12255
v -0.57925 1.08925 0.11735
v -0.58668 1.09235 0.11586
v -0.58508 1.09486 0.11180
v -0.57763 1.09137 0.11364
v -0.58065 1.08765 0.12018
v -0.58809 1.09041 0.11908
v -0.58929 1.08848 0.12213
v -0.58264 1.08604 0.12309
v -0.58904 1.08930 0.12114
v -0.58175 1.08666 0.12210
v -0.58882 1.08340 0.12739
v -0.57697 1.10064 0.10664
v -0.58736 1.08546 0.12521
v -0.57919 1.09106 0.09524
v -0.61599 1.08592 0.04576
v -0.61876 1.09352 0.02959
v -0.61905 1.09746 0.02885
v -0.61711 1.09000 0.02959
v -0.61689 1.10062 0.02813
v -0.58377 1.08326 0.12515
v -0.59095 1.08572 0.12381
v -0.59238 1.08379 0.12570
v -0.58482 1.08116 0.12696
v -0.59014 1.08058 0.12961
v -0.58610 1.08751 0.12310
v -0.57793 1.08566 0.11604
v -0.58251 1.09189 0.11729
v -0.57776 1.09319 0.09179
v -0.57120 1.09256 0.09685
v -0.57290 1.09994 0.10445
v -0.57029 1.09539 0.09971
v -0.58320 1.10143 0.09644
v -0.57897 1.10304 0.10332
v -0.57553 1.10222 0.10448
v -0.58364 1.09793 0.09418
v -0.57547 1.09695 0.10885
v -0.58646 1.09648 0.10357
v -0.58678 1.09379 0.10073
v -0.57833 1.09902 0.10887
v -0.58067 1.08865 0.09800
v -0.57415 1.09027 0.10741
v -0.58114 1.09996 0.10727
v -0.57422 1.08790 0.10391
v -0.58840 1.09378 0.10887
v -0.58924 1.09105 0.10658
v -0.58102 1.09419 0.11407
v -0.58390 1.08505 0.10505
v -0.57618 1.08804 0.11196
v -0.57666 1.08527 0.10941
v -0.59010 1.09091 0.11365
v -0.59160 1.08768 0.11308
v -0.57907 1.08241 0.11467
v -0.58638 1.08140 0.11249
v -0.57507 1.08935 0.09668
v -0.61401 1.08686 0.05990
v -0.58856 1.07930 0.11977
v -0.57359 1.09202 0.09336
v -0.57641 1.08714 0.09976
v -0.57943 1.08376 0.10650
v -0.58402 1.09031 0.11978
v -0.58757 1.08807 0.10525
v -0.58463 1.09136 0.09907
v -0.58108 1.08044 0.12052
v -0.62221 1.09956 0.06015
v -0.59343 1.08499 0.11921
v -0.59181 1.08857 0.11856
v -0.58198 1.09532 0.09303
v -0.58310 1.09326 0.09627
v -0.57958 1.08394 0.12016
v -0.58252 1.08276 0.12469
v -0.59185 1.08610 0.12322
v -0.59334 1.08377 0.12480
v -0.58360 1.08011 0.12611
v -0.58552 1.08864 0.12241
v -0.58974 1.07968 0.12657
v -0.58479 1.08930 0.12139
v -0.58942 1.07907 0.12428
v -0.59389 1.08413 0.12313
v -0.59220 1.08705 0.12177
v -0.58259 1.08003 0.12444
v -0.58110 1.08313 0.12341
v -0.64860 1.07781 0.07355
v -0.64777 1.07645 0.06535
v -0.63591 1.08646 0.06515
v -0.63658 1.08779 0.07134
v -0.62414 1.09650 0.06160
v -0.62417 1.09825 0.07174
v -0.66553 1.06304 0.07364
v -0.66603 1.06262 0.06725
v -0.66628 1.06228 0.07315
v -0.66675 1.06199 0.06755
v -0.66463 1.06351 0.06720
v -0.66405 1.06402 0.07358
v -0.60760 1.08848 0.02939
v -0.60505 1.08872 0.03701
v -0.63978 1.08339 0.06539
v -0.64025 1.08458 0.07180
v -0.66049 1.06695 0.07367
v -0.65698 1.07012 0.06763
v -0.65699 1.07042 0.07297
v -0.64325 1.07957 0.06483
v -0.64403 1.08124 0.07335
v -0.66033 1.06657 0.06693
v -0.63782 1.08482 0.06511
v -0.63840 1.08626 0.07185
v -0.62887 1.09430 0.07233
v -0.62815 1.09181 0.06251
v -0.65411 1.07313 0.07260
v -0.65396 1.07295 0.06736
v -0.65558 1.07157 0.07297
v -0.65549 1.07148 0.06690
v -0.66251 1.06484 0.06712
v -0.66243 1.06531 0.07364
v -0.66708 1.06164 0.06807
v -0.66681 1.06172 0.07279
v -0.62392 1.09657 0.04758
v -0.62438 1.09662 0.05838
v -0.62209 1.09705 0.03171
v -0.62399 1.09710 0.04346
v -0.61645 1.09647 0.01818
v -0.61888 1.09769 0.02742
v -0.64384 1.07027 0.07383
v -0.62915 1.08046 0.07345
v -0.61407 1.08955 0.07203
v -0.67100 1.05444 0.06733
v -0.67142 1.05512 0.07327
v -0.64310 1.06915 0.06628
v -0.62845 1.07810 0.06490
v -0.61409 1.08644 0.06155
v -0.66703 1.05464 0.07341
v -0.65832 1.06006 0.07347
v -0.61202 1.08769 0.02925
v -0.63446 1.07704 0.07377
v -0.63808 1.07425 0.07376
v -0.65404 1.06358 0.07343
v -0.62094 1.08528 0.07283
v -0.63261 1.07868 0.07366
v -0.64926 1.06703 0.07371
v -0.65176 1.06548 0.07349
v -0.66337 1.05642 0.06702
v -0.67046 1.05440 0.07341
v -0.66253 1.05695 0.07340
v -0.65148 1.06460 0.06729
v -0.63184 1.07644 0.06541
v -0.62030 1.08261 0.06338
v -0.64895 1.06588 0.06697
v -0.61142 1.08773 0.02765
v -0.67172 1.05512 0.06747
v -0.66814 1.05443 0.06721
v -0.65368 1.06286 0.06718
v -0.65819 1.05965 0.06701
v -0.63724 1.07260 0.06575
v -0.63369 1.07510 0.06568
v -0.67256 1.05532 0.07294
v -0.67257 1.05520 0.06769
v -0.61539 1.08558 0.05840
v -0.61627 1.08509 0.04812
v -0.61656 1.08571 0.04360
v -0.61595 1.08664 0.03167
v -0.61515 1.08793 0.02815
v -0.61518 1.09821 0.07524
v -0.61153 1.09483 0.07527
v -0.62216 1.10178 0.06615
v -0.62293 1.10226 0.05300
v -0.62030 1.10188 0.03745
v -0.60985 1.09604 0.01484
v -0.60869 1.09195 0.01526
v -0.61482 1.10080 0.02201
v -0.61851 1.10122 0.07201
v -0.61186 1.10006 0.01756
v -0.60953 1.09160 0.07163
v -0.60867 1.10079 0.07526
v -0.61194 1.08685 0.03187
v -0.60412 1.09428 0.07070
v -0.61228 1.08592 0.04314
v -0.61198 1.08584 0.04807
v -0.61095 1.08652 0.05746
v -0.60995 1.08769 0.06151
v -0.61071 1.08712 0.05969
v -0.61266 1.08594 0.04567
v -0.60465 1.09906 0.01397
v -0.60348 1.09491 0.01479
v -0.60297 1.09159 0.01801
v -0.58486 1.10709 0.01177
v -0.55673 1.11819 0.08143
v -0.55503 1.11150 0.07782
v -0.59166 1.13133 0.05403
v -0.57962 1.11447 0.07971
v -0.56574 1.11259 0.04329
v -0.59690 1.09320 0.02229
v -0.59763 1.09330 0.03551
v -0.59156 1.10269 0.01245
v -0.55871 1.10557 0.07420
v -0.56491 1.10140 0.07219
v -0.61936 1.10219 0.04272
v -0.56355 1.15176 0.05155
v -0.59292 1.10721 0.01175
v -0.60000 1.12428 0.04816
v -0.60008 1.12066 0.02565
v -0.60031 1.12274 0.04132
v -0.55035 1.12523 0.07207
v -0.54921 1.11713 0.06890
v -0.55457 1.10949 0.06611
v -0.56331 1.10416 0.06513
v -0.57278 1.10130 0.06691
v -0.59812 1.12193 0.06487
v -0.59446 1.11175 0.01258
v -0.59731 1.11861 0.01780
v -0.57300 1.10058 0.07362
v -0.57896 1.10217 0.07589
v -0.60024 1.12404 0.05608
v -0.62298 1.09598 0.06023
v -0.60014 1.12280 0.03374
v -0.55561 1.14150 0.06770
v -0.59278 1.12918 0.02876
v -0.59240 1.13106 0.03634
v -0.62275 1.09645 0.04509
v -0.59993 1.12332 0.04448
v -0.59066 1.13109 0.05844
v -0.55665 1.14711 0.05967
v -0.56139 1.12701 0.01255
v -0.56715 1.14206 0.01672
v -0.57253 1.12126 0.08339
v -0.62056 1.10199 0.04670
v -0.60008 1.12440 0.05212
v -0.59121 1.13252 0.05008
v -0.56041 1.12289 0.01433
v -0.58610 1.11212 0.01089
v -0.62072 1.10014 0.04480
v -0.62146 1.09135 0.04570
v -0.59290 1.13086 0.03945
v -0.61673 1.08798 0.05966
v -0.61509 1.08816 0.02930
v -0.62017 1.09129 0.05968
v -0.61714 1.10207 0.03117
v -0.58073 1.13705 0.06272
v -0.62167 1.10185 0.05874
v -0.62145 1.10173 0.06094
v -0.61467 1.10170 0.02633
v -0.61875 1.08770 0.04587
v -0.57623 1.09752 0.08562
v -0.56807 1.09783 0.08974
v -0.56727 1.10500 0.09551
v -0.56703 1.10055 0.09265
v -0.58119 1.10526 0.09091
v -0.57760 1.10773 0.09404
v -0.57231 1.10783 0.09593
v -0.58186 1.10219 0.08859
v -0.57117 1.09673 0.08677
v -0.58031 1.09955 0.08662
v -0.57414 1.09978 0.07922
v -0.56382 1.10144 0.08141
v -0.56273 1.11109 0.08839
v -0.56192 1.10581 0.08481
v -0.57976 1.10889 0.08453
v -0.57551 1.11331 0.08834
v -0.56845 1.11461 0.08986
v -0.58052 1.10556 0.08262
v -0.56808 1.09958 0.07921
v -0.57878 1.10223 0.08033
v -0.57504 1.10515 0.05025
v -0.55346 1.11992 0.04729
v -0.54846 1.12735 0.03946
v -0.55288 1.15344 0.01790
v -0.55457 1.12331 0.02031
v -0.57016 1.12221 0.01140
v -0.59951 1.12356 0.06006
v -0.57918 1.13231 0.06991
v -0.54947 1.15234 0.05729
v -0.59675 1.11835 0.06967
v -0.56355 1.12281 0.08402
v -0.56894 1.11769 0.01277
v -0.59198 1.13232 0.04241
v -0.60563 1.09729 0.07477
v -0.58084 1.10707 0.07817
v -0.58558 1.11114 0.07628
v -0.58456 1.10479 0.07540
v -0.58163 1.10112 0.07029
v -0.58779 1.12513 0.06961
v -0.59229 1.10751 0.07561
v -0.56923 1.13838 0.06868
v -0.56263 1.11587 0.03124
v -0.54906 1.12691 0.02584
v -0.56780 1.11385 0.01602
v -0.55687 1.11353 0.05052
v -0.56519 1.10901 0.04936
v -0.57144 1.12737 0.01117
v -0.56904 1.14644 0.02252
v -0.58755 1.11699 0.01143
v 0.00000 1.58183 0.12767
v 0.00000 1.57299 0.12482
v 0.00000 1.56772 0.12488
v 0.00000 1.59063 0.13147
v 0.00000 1.60582 0.13533
v 0.00000 1.63633 0.13504
v 0.00000 1.55100 0.13537
v 0.00000 1.54048 0.14429
v 0.00000 1.51974 0.13303
v 0.00000 1.51917 0.13312
v 0.00000 1.51793 0.13154
v 0.00000 1.51599 0.12825
v 0.00000 1.51034 0.12698
v 0.00000 1.51563 0.12659
v 0.00000 1.51282 0.12754
v 0.00000 1.51670 0.13011
v 0.00000 1.51427 0.12740
v 0.00000 1.51561 0.12601
v 0.00000 1.51589 0.12513
v 0.00000 1.51749 0.12433
v 0.00000 1.51404 0.12289
v 0.00000 1.52055 0.12420
v 0.00000 1.51174 0.12284
v 0.00450 1.46680 0.05325
v 0.00000 1.70872 -0.01956
v 0.00000 1.71874 0.01000
v 0.00000 1.71024 0.08160
v 0.00000 1.55548 -0.04604
v 0.00000 1.56556 -0.05336
v 0.00000 1.57820 -0.05922
v 0.00000 1.61038 -0.07045
v 0.00000 1.65739 -0.06380
v 0.00000 1.69771 0.10135
v 0.00000 1.54383 0.14599
v 0.00000 1.56017 0.12869
v 0.00000 1.54588 0.14213
v 0.00000 1.49268 0.11514
v 0.00000 1.48916 0.10915
v 0.00000 1.65252 0.13321
v 0.00000 1.49273 0.08416
v 0.00000 1.67302 0.12348
v 0.00000 1.54012 -0.02939
v 0.00000 1.53303 -0.02305
v 0.00000 1.49529 0.07398
v 0.00000 1.50981 0.12648
v 0.00000 1.68484 -0.04839
v 0.00000 1.63295 -0.07025
v 0.00000 1.59345 -0.06458
v 0.00000 1.54724 -0.03733
v -0.07946 1.34146 0.13066
v -0.07736 1.34167 0.13168
v -0.07553 1.34171 0.13289
v -0.07377 1.34103 0.13430
v -0.07273 1.33962 0.13572
v -0.07268 1.33770 0.13676
v -0.07358 1.33528 0.13719
v -0.07569 1.33309 0.13694
v -0.07844 1.33142 0.13565
v -0.08096 1.33112 0.13403
v -0.08302 1.33193 0.13254
v -0.08416 1.33353 0.13124
v -0.08454 1.33561 0.13029
v -0.08409 1.33764 0.12964
v -0.08312 1.33938 0.12956
v -0.08148 1.34067 0.12997
v -0.07996 1.33997 0.13258
v -0.07947 1.33990 0.13334
v -0.07888 1.33964 0.13427
v -0.07827 1.33909 0.13533
v -0.07790 1.33817 0.13626
v -0.07770 1.33700 0.13688
v -0.07773 1.33566 0.13699
v -0.07796 1.33458 0.13697
v -0.07922 1.33394 0.13654
v -0.08018 1.33436 0.13626
v -0.08105 1.33511 0.13556
v -0.08142 1.33608 0.13472
v -0.08167 1.33722 0.13384
v -0.08171 1.33815 0.13306
v -0.08134 1.33892 0.13250
v -0.08101 1.33948 0.13220
v -0.07791 1.34537 0.12579
v -0.07318 1.34665 0.12733
v -0.06884 1.34646 0.12942
v -0.06515 1.34504 0.13208
v -0.06293 1.34241 0.13486
v -0.06230 1.33808 0.13703
v -0.06355 1.33253 0.13786
v -0.06790 1.32635 0.13722
v -0.07497 1.32202 0.13440
v -0.08200 1.32150 0.13059
v -0.08709 1.32410 0.12712
v -0.08975 1.32808 0.12496
v -0.09039 1.33274 0.12374
v -0.08927 1.33736 0.12322
v -0.08678 1.34059 0.12358
v -0.08256 1.34358 0.12471
v -0.07681 1.34856 0.12193
v -0.07031 1.34978 0.12384
v -0.06429 1.34969 0.12624
v -0.05886 1.34785 0.12946
v -0.05492 1.34424 0.13330
v -0.05282 1.33864 0.13727
v -0.05376 1.32961 0.13885
v -0.05839 1.31774 0.13806
v -0.07122 1.31048 0.13354
v -0.08269 1.31127 0.12762
v -0.09115 1.31770 0.12252
v -0.09513 1.32446 0.11968
v -0.09591 1.33147 0.11816
v -0.09365 1.33820 0.11758
v -0.08926 1.34296 0.11844
v -0.08329 1.34644 0.12023
v -0.07593 1.35999 0.10926
v -0.06467 1.36115 0.11185
v -0.05361 1.36025 0.11473
v -0.04311 1.35747 0.11938
v -0.03488 1.35120 0.12478
v -0.02804 1.33984 0.12988
v -0.02690 1.32262 0.13317
v -0.03364 1.30066 0.13092
v -0.05619 1.28425 0.12147
v -0.08339 1.28852 0.10673
v -0.09819 1.30141 0.09660
v -0.10569 1.31869 0.09276
v -0.10504 1.33375 0.09269
v -0.10154 1.34496 0.09824
v -0.09459 1.35261 0.10233
v -0.08617 1.35763 0.10608
v -0.07205 1.37335 0.09526
v -0.05875 1.37406 0.09834
v -0.04507 1.37269 0.10170
v -0.03266 1.36887 0.10597
v -0.02283 1.36123 0.11068
v -0.01393 1.34664 0.11526
v -0.01421 1.31988 0.11823
v -0.02175 1.29443 0.11167
v -0.04496 1.28040 0.10011
v -0.06743 1.28324 0.08723
v -0.08395 1.29678 0.07723
v -0.09471 1.31569 0.07286
v -0.09750 1.33584 0.07465
v -0.09530 1.35212 0.07746
v -0.09120 1.36396 0.08619
v -0.08331 1.37064 0.09164
v -0.08515 1.35176 0.11324
v -0.09295 1.34733 0.11033
v -0.08412 1.30086 0.11888
v -0.06458 1.29747 0.12906
v -0.07642 1.35415 0.11574
v -0.09645 1.30951 0.11270
v -0.06734 1.35531 0.11806
v -0.10283 1.32112 0.10899
v -0.04066 1.33969 0.13512
v -0.04496 1.34729 0.13027
v -0.05892 1.35469 0.12088
v -0.10279 1.33194 0.10670
v -0.04078 1.32595 0.13700
v -0.05097 1.35219 0.12522
v -0.09879 1.34114 0.10771
v -0.04699 1.30949 0.13540
v 0.00000 1.40940 0.06287
v 0.00000 1.42251 0.05418
v 0.00385 1.41574 0.05891
v 0.00000 1.44469 0.05205
v 0.00000 1.49756 0.11857
v 0.00000 1.52604 -0.01876
v 0.00000 1.51940 -0.01604
v 0.00000 1.50719 -0.01433
v 0.00000 1.50107 -0.01437
v 0.00000 1.49475 -0.01465
v 0.00000 1.48820 -0.01521
v 0.00000 1.48137 -0.01575
v 0.00000 1.47422 -0.01662
v 0.00000 1.45875 -0.01994
v 0.00000 1.44961 -0.02261
v -0.10900 1.36387 0.02517
v 0.00000 1.43773 -0.02582
v 0.00000 1.40648 -0.03506
v 0.00000 1.42419 -0.03009
v -0.10824 1.36105 0.01738
v -0.03965 1.36263 -0.04255
v -0.07536 1.37854 -0.03702
v -0.05747 1.36997 -0.03998
v 0.00000 1.36128 -0.03696
v -0.01831 1.36327 -0.03873
v -0.10759 1.35749 0.00032
v -0.03416 1.36293 -0.03872
v -0.05158 1.34063 -0.03761
v -0.08440 1.36843 -0.03332
v -0.06908 1.35392 -0.03525
v 0.00000 1.33404 -0.03729
v -0.02247 1.33716 -0.03728
v -0.10985 1.36736 0.03264
v -0.04729 1.33562 -0.03694
v -0.08014 1.33473 -0.02836
v -0.09663 1.36307 -0.02668
v -0.08592 1.34943 -0.02737
v -0.02205 1.31411 -0.03565
v -0.07131 1.31381 -0.02485
v -0.10757 1.35856 0.00912
v -0.07650 1.32773 -0.02811
v -0.09352 1.33659 -0.01715
v -0.10445 1.35985 -0.01835
v -0.09680 1.34878 -0.01794
v 0.00000 1.31469 -0.03358
v -0.08602 1.31497 -0.01563
v -0.11142 1.37100 0.04048
v -0.08996 1.32692 -0.01662
v -0.11366 1.38275 0.05413
v 0.00000 1.40500 0.06833
v 0.00000 1.43400 0.05309
v 0.00000 1.45594 0.05190
v 0.00000 1.46668 -0.01812
v -0.08791 1.38417 -0.03442
v -0.09719 1.37942 -0.03124
v -0.11165 1.37355 -0.02497
v -0.11613 1.36446 -0.01781
v -0.14247 1.36454 0.04333
v -0.12596 1.37154 0.04515
v -0.13131 1.37165 -0.02089
v -0.14881 1.36955 -0.01917
v -0.11304 1.37573 0.04842
v 0.00000 1.39982 0.07476
v -0.09836 1.39449 0.06211
v -0.11324 1.39108 0.05609
v -0.12892 1.38531 0.05204
v -0.14538 1.37875 0.04883
v -0.00683 1.38576 0.08936
v -0.03125 1.39360 0.08223
v -0.05369 1.39620 0.07703
v -0.06695 1.39627 0.07524
v -0.08370 1.39397 0.07082
v -0.04400 1.29844 -0.03102
v 0.00000 1.38492 0.08992
v -0.01402 1.38797 0.08770
v -0.02203 1.39082 0.08531
v -0.04184 1.39531 0.07933
v -0.16254 1.37291 0.04578
v -0.18118 1.36861 0.04164
v -0.20363 1.36543 0.03228
v -0.21132 1.36834 0.01319
v -0.20270 1.36857 -0.00485
v -0.18631 1.36847 -0.01481
v -0.16680 1.36846 -0.01833
v -0.12763 1.37786 0.05005
v -0.14412 1.37136 0.04731
v -0.14055 1.35889 0.03674
v -0.12398 1.36696 0.03778
v -0.13454 1.34913 0.00394
v -0.11664 1.35777 0.00627
v -0.13313 1.36145 -0.01642
v -0.16165 1.35658 0.04259
v -0.16034 1.34905 0.03645
v -0.15716 1.33673 0.00160
v -0.15158 1.35780 -0.01657
v -0.16257 1.36479 0.04544
v -0.18208 1.34832 0.04334
v -0.18112 1.33792 0.03719
v -0.18254 1.35869 0.04403
v -0.20332 1.34007 0.04471
v -0.20274 1.32625 0.03791
v -0.20476 1.35307 0.04134
v -0.22937 1.32580 0.04343
v -0.22845 1.30854 0.03756
v -0.23129 1.34170 0.03974
v -0.25608 1.30977 0.04175
v -0.25380 1.29379 0.03708
v -0.25751 1.32640 0.03665
v -0.27965 1.29492 0.03988
v -0.27510 1.28000 0.03641
v -0.28080 1.31102 0.03480
v -0.29728 1.28271 0.03787
v -0.29142 1.27044 0.03537
v -0.29913 1.29730 0.03397
v -0.31015 1.27360 0.03600
v -0.30375 1.26432 0.03428
v -0.31317 1.28503 0.03401
v -0.18081 1.32218 -0.00092
v -0.17126 1.35465 -0.01812
v -0.23238 1.35125 0.02787
v -0.23140 1.35287 0.00873
v -0.25648 1.33648 0.02427
v -0.25242 1.33899 0.00652
v -0.27754 1.32258 0.02306
v -0.27155 1.32683 0.00651
v -0.29635 1.30916 0.02407
v -0.29072 1.31532 0.00885
v -0.31248 1.29654 0.02688
v -0.30902 1.30464 0.01338
v 0.00000 1.71934 0.03789
v 0.00000 1.71605 0.06066
v -0.21993 1.34763 -0.01017
v -0.19308 1.35266 -0.01675
v -0.24457 1.33278 -0.00992
v -0.22164 1.32529 -0.01677
v -0.13457 1.35421 -0.01043
v -0.11723 1.35960 -0.00990
v -0.15462 1.34736 -0.01219
v -0.17595 1.33973 -0.01522
v -0.12174 1.36386 0.02990
v -0.13840 1.35465 0.02871
v -0.15906 1.34312 0.02823
v -0.18086 1.32994 0.02828
v -0.20406 1.31606 0.02808
v -0.22974 1.29763 0.02767
v -0.25201 1.28423 0.02769
v -0.26945 1.27192 0.02815
v -0.28392 1.26348 0.02863
v -0.29600 1.25791 0.02885
v -0.32717 1.28420 0.03075
v -0.32625 1.29422 0.01956
v -0.34472 1.27032 0.03541
v -0.34552 1.28215 0.02671
v -0.36373 1.25577 0.03814
v -0.36680 1.26696 0.03203
v -0.38338 1.24138 0.04031
v -0.38768 1.25179 0.03596
v -0.40153 1.22782 0.04172
v -0.40667 1.23750 0.03918
v -0.41780 1.21605 0.04260
v -0.42322 1.22490 0.04157
v -0.43155 1.20596 0.04295
v -0.43662 1.21437 0.04313
v -0.44263 1.19724 0.04341
v -0.44701 1.20519 0.04440
v -0.20496 1.30817 -0.00246
v -0.22709 1.29545 -0.00351
v -0.15639 1.34023 -0.00601
v -0.13474 1.35038 -0.00350
v -0.17923 1.32789 -0.00925
v -0.11671 1.35774 -0.00166
v -0.20321 1.31670 -0.01165
v -0.22435 1.30610 -0.01320
v -0.26439 1.32176 -0.00883
v -0.24211 1.29829 -0.01436
v -0.24458 1.28577 -0.00446
v -0.28388 1.31241 -0.00604
v -0.25771 1.29131 -0.01492
v -0.25832 1.27823 -0.00527
v -0.30337 1.30447 -0.00134
v -0.27129 1.28550 -0.01482
v -0.27004 1.27151 -0.00561
v -0.28341 1.27957 -0.01471
v -0.28177 1.26393 -0.00592
v -0.32536 1.26586 -0.01931
v -0.24153 1.31610 -0.01712
v -0.25959 1.30792 -0.01659
v -0.27726 1.30086 -0.01490
v -0.29569 1.29414 -0.01256
v -0.19910 1.33309 -0.01687
v -0.31492 1.27065 -0.01950
v -0.31868 1.29407 -0.00566
v -0.32343 1.29773 0.00586
v -0.34398 1.28889 0.01386
v -0.30674 1.25762 -0.01785
v -0.36739 1.27459 0.02090
v -0.34302 1.26598 -0.01517
v -0.33853 1.25337 -0.01820
v -0.31677 1.25337 -0.01866
v -0.33962 1.28891 0.00105
v -0.36425 1.27661 0.00778
v -0.40842 1.23856 -0.00392
v -0.37823 1.25185 -0.00922
v -0.39031 1.25933 0.02648
v -0.39006 1.26196 0.01393
v -0.41133 1.24507 0.03137
v -0.41391 1.24770 0.01969
v -0.42932 1.23235 0.03538
v -0.43404 1.23516 0.02463
v -0.44291 1.22184 0.03836
v -0.44865 1.22510 0.02894
v -0.43296 1.22707 0.00136
v -0.45061 1.21873 0.00650
v -0.40191 1.22922 -0.01067
v -0.42736 1.21884 -0.00600
v -0.44594 1.21111 -0.00129
v -0.11782 1.35933 0.01406
v -0.18093 1.32198 0.00866
v -0.13497 1.34981 0.01184
v -0.15742 1.33665 0.01014
v -0.20599 1.30678 0.00789
v -0.22903 1.29237 0.00740
v -0.24723 1.28088 0.00706
v -0.26077 1.27148 0.00694
v -0.37887 1.23178 0.03998
v -0.33798 1.25233 0.03581
v -0.35501 1.23819 0.03668
v -0.37466 1.22476 0.03727
v -0.39378 1.21304 0.03684
v -0.41127 1.20315 0.03643
v -0.42620 1.19451 0.03600
v -0.43851 1.18708 0.03580
v -0.29929 1.25617 -0.01357
v -0.29980 1.26927 -0.01889
v -0.31344 1.27945 -0.01639
v -0.29762 1.26174 -0.01619
v -0.30571 1.27605 -0.01861
v -0.32425 1.27552 -0.01572
v -0.30796 1.25167 -0.01443
v -0.32708 1.24533 -0.01647
v -0.29228 1.25088 -0.00119
v -0.30539 1.24124 0.00040
v -0.13639 1.35170 0.02023
v -0.15806 1.33904 0.01921
v -0.11973 1.36123 0.02204
v -0.18100 1.32511 0.01856
v -0.20527 1.31002 0.01820
v -0.23013 1.29374 0.01785
v -0.24967 1.28078 0.01791
v -0.27720 1.26134 0.01948
v -0.26463 1.26986 0.01849
v -0.32573 1.22926 -0.00044
v -0.39406 1.21959 -0.01216
v -0.36269 1.23152 -0.01462
v -0.35482 1.21607 -0.00080
v -0.38282 1.20553 -0.00061
v -0.41980 1.21023 -0.00854
v -0.40713 1.19712 0.00062
v -0.43919 1.20297 -0.00460
v -0.42650 1.19044 0.00212
v -0.37112 1.24144 -0.01462
v -0.32122 1.25908 -0.02018
v -0.30977 1.26417 -0.01989
v -0.38586 1.25926 0.00120
v -0.29154 1.27444 -0.01709
v -0.31558 1.28669 -0.01257
v -0.35685 1.27316 -0.00437
v -0.33309 1.28356 -0.00884
v -0.41290 1.24532 0.00695
v -0.43554 1.23312 0.01235
v -0.45152 1.22379 0.01723
v -0.28974 1.26344 -0.01265
v -0.30055 1.28391 -0.01643
v -0.29525 1.25389 -0.00922
v -0.30625 1.24595 -0.00868
v -0.32578 1.23569 -0.01014
v -0.38702 1.21123 -0.00848
v -0.35741 1.22238 -0.00967
v -0.41246 1.20254 -0.00603
v -0.43206 1.19578 -0.00326
v 0.00000 1.29896 -0.03076
v -0.01469 1.38510 -0.03645
v -0.02557 1.38621 -0.03803
v 0.00000 1.38302 -0.03631
v -0.05140 1.38933 -0.04122
v -0.03055 1.38653 -0.04235
v -0.07217 1.39196 -0.03761
v -0.08927 1.39316 -0.03376
v -0.11678 1.38603 -0.02595
v -0.13219 1.38263 -0.02265
v -0.14722 1.38049 -0.02042
v -0.01375 1.39585 0.07998
v -0.06357 1.40523 0.06835
v -0.07846 1.40596 0.06558
v -0.11353 1.39992 0.05400
v -0.13065 1.39297 0.05076
v -0.02149 1.39816 0.07770
v -0.03026 1.40072 0.07494
v -0.04004 1.40275 0.07235
v -0.05109 1.40420 0.07028
v -0.14659 1.38586 0.04800
v -0.06836 1.30026 -0.02373
v 0.00000 1.39339 0.08214
v -0.00669 1.39411 0.08154
v -0.09562 1.40504 0.05875
v -0.16110 1.38046 0.04493
v -0.17529 1.37799 0.04021
v -0.18951 1.37775 0.03130
v -0.19779 1.37958 0.01509
v -0.19168 1.38072 -0.00201
v -0.17868 1.38045 -0.01330
v -0.16255 1.38007 -0.01812
v -0.10281 1.39032 -0.03014
v -0.45303 1.21280 0.04096
v -0.45889 1.21718 0.03278
v -0.46242 1.21260 0.01102
v -0.45868 1.20563 0.00283
v -0.46255 1.21692 0.02188
v -0.45256 1.19785 -0.00121
v -0.44102 1.18548 0.00336
v -0.44617 1.19070 -0.00082
v -0.04505 1.31356 -0.03197
v -0.08303 1.30353 -0.01509
v -0.09270 1.31898 -0.00334
v -0.02157 1.29861 -0.03396
v -0.09004 1.30811 -0.00232
v -0.09827 1.33994 -0.00592
v -0.10737 1.35804 -0.00905
v -0.10167 1.35009 -0.00759
v -0.09635 1.32932 -0.00411
v -0.10226 1.38485 0.06017
v -0.10354 1.37654 0.05385
v -0.07824 1.34467 0.12678
v -0.07012 1.34561 0.13020
v -0.07397 1.34579 0.12824
v -0.06951 1.32776 0.13709
v -0.07565 1.32414 0.13462
v -0.08606 1.32565 0.12816
v -0.08164 1.32363 0.13128
v -0.06546 1.33306 0.13769
v -0.06408 1.33800 0.13694
v -0.06682 1.34413 0.13258
v -0.06464 1.34177 0.13506
v -0.08828 1.33734 0.12428
v -0.08854 1.32906 0.12604
v -0.08919 1.33318 0.12482
v -0.08249 1.34295 0.12546
v -0.08607 1.34042 0.12461
v -0.10132 1.36104 0.02925
v -0.10221 1.35709 0.02105
v -0.10304 1.35153 0.00263
v -0.10096 1.36580 0.03688
v -0.10282 1.35367 0.01222
v -0.10218 1.37064 0.04526
v -0.00704 1.33976 0.11195
v 0.00000 1.33698 0.11127
v -0.00790 1.31765 0.11406
v 0.00000 1.31554 0.11337
v -0.00913 1.29409 0.11183
v 0.00000 1.29020 0.11255
v -0.07396 1.28494 0.09530
v -0.04917 1.28206 0.10930
v -0.01936 1.32055 0.12450
v -0.02733 1.29729 0.12034
v -0.04866 1.36628 0.10820
v -0.03681 1.36269 0.11287
v -0.02060 1.34166 0.12287
v -0.02762 1.35516 0.11813
v -0.06157 1.36753 0.10497
v -0.07430 1.36646 0.10205
v -0.09143 1.29861 0.08537
v -0.10240 1.31724 0.08133
v -0.09922 1.34858 0.08835
v -0.10323 1.33509 0.08334
v -0.08532 1.36394 0.09861
v -0.09348 1.35818 0.09415
v -0.09707 1.37444 0.06035
v -0.09384 1.38370 0.06769
v -0.09654 1.35619 0.03318
v -0.09866 1.35110 0.02456
v -0.09993 1.34307 0.00509
v -0.09476 1.36206 0.04149
v -0.09985 1.34675 0.01522
v -0.09550 1.36786 0.05087
v -0.09360 1.35008 0.03692
v -0.09642 1.34416 0.02786
v -0.09776 1.33393 0.00742
v -0.09078 1.35663 0.04608
v -0.09779 1.33918 0.01829
v -0.09139 1.36284 0.05630
v -0.09243 1.34208 0.04038
v -0.09485 1.33605 0.03079
v -0.09553 1.32438 0.00872
v -0.08906 1.34846 0.05023
v -0.09568 1.33011 0.02031
v -0.08978 1.35540 0.06144
v -0.09174 1.33214 0.04331
v -0.09320 1.32595 0.03320
v -0.09304 1.31383 0.00996
v -0.08957 1.33830 0.05360
v -0.09388 1.31977 0.02207
v -0.09062 1.34475 0.06507
v -0.00682 1.37427 0.09729
v -0.00687 1.35909 0.10519
v 0.00000 1.37286 0.09773
v 0.00000 1.35666 0.10538
v -0.01381 1.36445 0.10494
v -0.01393 1.37762 0.09615
v -0.02217 1.37121 0.10204
v -0.02219 1.38137 0.09346
v -0.03201 1.37630 0.09829
v -0.03194 1.38472 0.09026
v -0.04383 1.37947 0.09474
v -0.04308 1.38704 0.08718
v -0.05684 1.38101 0.09185
v -0.05537 1.38835 0.08472
v -0.06991 1.38068 0.08907
v -0.06836 1.38809 0.08235
v -0.08158 1.37794 0.08541
v -0.08127 1.38518 0.07876
v -0.09335 1.36281 0.07183
v -0.09370 1.36977 0.06644
v -0.08980 1.37156 0.07997
v -0.09032 1.37824 0.07403
v -0.02242 1.27680 0.10756
v -0.04140 1.27062 0.09763
v -0.06349 1.28125 0.08180
v -0.00979 1.27849 0.11090
v 0.00000 1.27769 0.11178
v -0.01631 1.24239 0.11258
v -0.00777 1.24527 0.11363
v -0.06536 1.27120 0.07513
v 0.00000 1.26304 0.11267
v -0.08007 1.29098 -0.01371
v -0.08755 1.29568 -0.00198
v -0.08929 1.31915 0.04577
v -0.09030 1.31311 0.03524
v -0.08980 1.30118 0.01141
v -0.08920 1.32498 0.05572
v -0.09053 1.30707 0.02380
v -0.09143 1.33050 0.06572
v -0.07788 1.27736 -0.01170
v -0.08560 1.28188 0.00002
v -0.08504 1.30261 0.04855
v -0.08660 1.29695 0.03748
v -0.08771 1.28661 0.01341
v -0.08456 1.30840 0.05869
v -0.08765 1.29156 0.02582
v -0.08777 1.31252 0.06695
v -0.07677 1.26327 -0.00941
v -0.08461 1.26748 0.00293
v -0.08041 1.28442 0.05208
v -0.08407 1.27881 0.04027
v -0.08758 1.27133 0.01618
v -0.07626 1.29175 0.06387
v -0.08652 1.27489 0.02853
v -0.07848 1.29490 0.07130
v -0.07564 1.24908 -0.00592
v -0.08324 1.25285 0.00619
v -0.07548 1.26276 0.05761
v -0.08105 1.25985 0.04429
v -0.08542 1.25572 0.01923
v -0.08441 1.25793 0.03183
v -0.04435 1.28508 -0.02785
v 0.00000 1.28428 -0.02954
v -0.06597 1.28731 -0.02135
v -0.02218 1.28455 -0.03248
v -0.04466 1.27077 -0.02605
v 0.00000 1.27023 -0.02845
v -0.06469 1.27348 -0.02063
v -0.02459 1.26970 -0.02955
v -0.04500 1.25572 -0.02434
v 0.00000 1.25364 -0.02609
v -0.06417 1.25928 -0.01873
v -0.02459 1.25352 -0.02737
v -0.04430 1.24046 -0.02141
v 0.00000 1.23708 -0.02204
v -0.06336 1.24491 -0.01542
v -0.01297 1.22481 -0.02125
v -0.45425 1.18135 0.00448
v -0.45888 1.18674 0.00114
v -0.47338 1.20744 0.01535
v -0.47022 1.20112 0.00669
v -0.47301 1.21084 0.02629
v -0.46482 1.19374 0.00182
v -0.45387 1.18941 0.04385
v -0.45752 1.19701 0.04574
v -0.46313 1.20467 0.04367
v -0.46901 1.20985 0.03659
v -0.45109 1.18050 0.03555
v -0.33164 1.24711 0.03319
v -0.45041 1.17832 0.03069
v -0.52628 1.14355 0.03807
v -0.51283 1.15189 0.03838
v -0.49714 1.16025 0.03887
v -0.48145 1.16858 0.03944
v -0.46572 1.17640 0.03990
v -0.45206 1.18397 0.03995
v -0.41394 1.20847 0.04025
v -0.35969 1.24559 0.03895
v -0.34223 1.25986 0.03746
v -0.27215 1.26375 0.00737
v -0.28874 1.25491 0.02044
v -0.28292 1.25646 0.00837
v -0.30782 1.25223 0.02903
v -0.32366 1.24294 0.02890
v -0.31535 1.23960 0.02177
v -0.30893 1.23885 0.01151
v -0.34273 1.22927 0.02815
v -0.33595 1.22678 0.02069
v -0.33023 1.22654 0.01067
v -0.36510 1.21586 0.02753
v -0.35987 1.21350 0.01967
v -0.35605 1.21312 0.00973
v -0.38693 1.20546 0.02660
v -0.38374 1.20327 0.01877
v -0.38187 1.20288 0.00925
v -0.40681 1.19675 0.02605
v -0.40507 1.19488 0.01848
v -0.40479 1.19481 0.00951
v -0.42342 1.18891 0.02563
v -0.42276 1.18748 0.01843
v -0.42344 1.18772 0.01002
v -0.43686 1.18273 0.02538
v -0.43675 1.18184 0.01827
v -0.43800 1.18255 0.01038
v -0.43999 1.19110 0.03999
v -0.42829 1.19927 0.03996
v -0.39722 1.21934 0.04025
v -0.45140 1.17783 0.01050
v -0.45018 1.17662 0.01795
v -0.45002 1.17689 0.02493
v -0.61223 1.08753 0.01874
v -0.61345 1.08673 0.02317
v -0.61543 1.08491 0.03765
v -0.61517 1.08423 0.05318
v -0.61098 1.08566 0.05267
v -0.60939 1.08911 0.06642
v -0.61005 1.08740 0.02308
v -0.60853 1.08897 0.01829
v -0.58924 1.12905 0.06420
v -0.56971 1.15063 0.02928
v -0.56976 1.15305 0.03629
v -0.56755 1.15424 0.04361
v -0.57586 1.14762 0.04428
v -0.61166 1.10420 0.07344
v -0.60655 1.10331 0.01545
v -0.61552 1.10613 0.04359
v -0.61758 1.10616 0.05970
v -0.61213 1.10617 0.02790
v -0.62085 1.10528 0.05230
v -0.61946 1.10502 0.04821
v -0.62025 1.10480 0.05648
v -0.61592 1.10819 0.04696
v -0.61699 1.10826 0.05628
v -0.61783 1.10531 0.03726
v -0.61743 1.10519 0.04068
v -0.61648 1.10525 0.03355
v -0.61453 1.10893 0.04080
v -0.61289 1.10899 0.03241
v -0.61267 1.10412 0.02154
v -0.61147 1.10351 0.01884
v -0.61292 1.10422 0.02432
v -0.60827 1.10665 0.01795
v -0.61082 1.10823 0.02481
v -0.61980 1.10459 0.06603
v -0.61794 1.10395 0.06989
v -0.61933 1.10487 0.06301
v -0.61382 1.10720 0.07019
v -0.61648 1.10861 0.06193
v -0.59999 1.12270 0.03762
v -0.60042 1.12193 0.02949
v -0.57290 1.10300 0.05858
v -0.59888 1.12017 0.02166
v -0.59592 1.11532 0.01470
v -0.61734 1.10908 0.05156
v -0.61440 1.10962 0.03681
v -0.60976 1.10842 0.02148
v -0.61598 1.10897 0.06555
v -0.59317 1.12749 0.02501
v -0.59228 1.13046 0.03256
v -0.57864 1.14035 0.02336
v -0.59125 1.13285 0.04609
v -0.57049 1.14389 0.06073
v -0.57565 1.13739 0.01691
v -0.54411 1.14083 0.06044
v -0.57513 1.14597 0.05222
v -0.57836 1.14555 0.03740
v -0.57754 1.14444 0.03043
v -0.59064 1.10264 0.07511
v -0.58924 1.10010 0.07036
v -0.56328 1.10641 0.05722
v -0.55409 1.11237 0.05805
v -0.54653 1.12257 0.05910
v -0.54187 1.13282 0.05506
v -0.59422 1.11333 0.07310
v -0.58630 1.11882 0.07399
v -0.56955 1.13169 0.07718
v -0.57882 1.12463 0.07615
v -0.55879 1.13273 0.07600
v -0.58176 1.10118 0.06134
v -0.58929 1.09852 0.06307
v -0.59728 1.09512 0.06463
v -0.59071 1.09879 0.01576
v -0.56506 1.11346 0.02630
v -0.56029 1.11939 0.01725
v -0.54345 1.15698 0.05463
v -0.60379 1.11289 0.01955
v -0.60187 1.11029 0.01617
v -0.60525 1.11357 0.02323
v -0.58992 1.09907 0.05475
v -0.59846 1.09976 0.07553
v -0.59715 1.09725 0.07118
v -0.60113 1.10379 0.07562
v -0.59654 1.09498 0.01698
v -0.59997 1.10708 0.01397
v -0.59859 1.10293 0.01265
v -0.59711 1.09858 0.01329
v -0.59914 1.09204 0.04283
v -0.57639 1.10707 0.04459
v -0.60792 1.11476 0.06523
v -0.60600 1.11222 0.06971
v -0.60391 1.10846 0.07337
v -0.59875 1.09245 0.02833
v -0.60895 1.11521 0.06114
v -0.60970 1.11511 0.05783
v -0.60956 1.11588 0.05425
v -0.60950 1.11624 0.05008
v -0.60924 1.11552 0.04595
v -0.60924 1.11438 0.04280
v -0.60855 1.11507 0.03958
v -0.60800 1.11494 0.03568
v -0.60738 1.11456 0.03125
v -0.60659 1.11336 0.02715
v -0.57987 1.12232 0.01089
v -0.57699 1.11207 0.01192
v -0.57826 1.11724 0.01081
v -0.59044 1.12476 0.01700
v -0.58353 1.13145 0.01645
v -0.56458 1.13736 0.01254
v -0.57331 1.13317 0.01270
v -0.59761 1.09395 0.04970
v -0.58339 1.10249 0.05284
v -0.59883 1.09364 0.05748
v -0.59043 1.09715 0.02156
v -0.58911 1.12142 0.01326
v -0.58181 1.12778 0.01248
v -0.59187 1.12680 0.02095
v -0.58624 1.13717 0.05266
v -0.58613 1.13598 0.02709
v -0.58561 1.13864 0.03569
v -0.58334 1.13914 0.05628
v -0.58377 1.13993 0.04936
v -0.58765 1.13641 0.03846
v -0.58504 1.13930 0.04042
v -0.58850 1.13281 0.02466
v -0.58530 1.13813 0.03117
v -0.58367 1.14091 0.04461
v -0.58575 1.13374 0.02103
v -0.60679 1.08892 0.05898
v -0.60803 1.08736 0.04485
v -0.60481 1.08934 0.05153
v -0.60394 1.09194 0.06527
v -0.60379 1.08990 0.02311
v -0.59030 1.09768 0.02814
v -0.58952 1.09878 0.03468
v -0.58938 1.09942 0.04051
v -0.58798 1.10076 0.04656
v -0.58360 1.10381 0.04741
v -0.55790 1.11925 0.02369
v -0.55263 1.12709 0.01737
v -0.56682 1.11211 0.02088
v -0.56969 1.11168 0.03686
v -0.56035 1.11831 0.03557
v -0.56085 1.11685 0.02038
v -0.54652 1.13312 0.06396
v -0.56780 1.11318 0.04015
v -0.57820 1.10681 0.04193
v -0.57335 1.10756 0.02740
v -0.55051 1.14809 0.01318
v -0.57561 1.10809 0.01527
v -0.57475 1.10653 0.02099
v -0.57962 1.10549 0.03822
v -0.54939 1.16169 0.04868
v -0.55450 1.15839 0.02431
v -0.58398 1.10304 0.01525
v -0.58315 1.10147 0.02149
v -0.58243 1.10240 0.02805
v -0.58104 1.10396 0.03394
v -0.55513 1.16224 0.03202
v -0.55354 1.16353 0.04050
v -0.53750 1.15033 0.05598
v -0.53440 1.14385 0.05177
v -0.54753 1.14254 0.01114
v -0.55476 1.13450 0.01153
v -0.55440 1.12217 0.02842
v -0.55119 1.12484 0.03389
v -0.54258 1.13243 0.02335
v -0.57172 1.10959 0.03281
v -0.64123 1.08360 0.07321
v -0.63776 1.08577 0.07403
v -0.63360 1.08710 0.06354
v -0.63668 1.08303 0.06299
v -0.63433 1.08906 0.07280
v -0.64036 1.08175 0.06417
v -0.64091 1.08457 0.06851
v -0.63444 1.09032 0.06791
v -0.67216 1.05495 0.07320
v -0.66655 1.06202 0.07287
v -0.66696 1.06180 0.06784
v -0.67224 1.05485 0.06745
v -0.67009 1.05680 0.07393
v -0.67034 1.05668 0.06695
v -0.66643 1.06295 0.07025
v -0.67354 1.05464 0.07032
v -0.66798 1.05929 0.07397
v -0.66819 1.05921 0.06707
v -0.65208 1.07323 0.06585
v -0.65463 1.07010 0.06537
v -0.65274 1.07431 0.07369
v -0.65517 1.07120 0.07466
v -0.65755 1.06863 0.06661
v -0.65793 1.06923 0.07379
v -0.65283 1.07557 0.06945
v -0.65769 1.07080 0.07001
v -0.53520 1.14620 0.01064
v -0.51933 1.15329 0.01072
v -0.50136 1.15959 0.01076
v -0.48348 1.16639 0.01066
v -0.46623 1.17256 0.01060
v -0.46512 1.17349 0.03499
v -0.48115 1.16599 0.03421
v -0.49733 1.15823 0.03337
v -0.51335 1.15004 0.03233
v -0.52721 1.14150 0.03172
v -0.53215 1.14232 0.01386
v -0.51656 1.15026 0.01507
v -0.49932 1.15726 0.01592
v -0.48176 1.16435 0.01673
v -0.46504 1.17079 0.01734
v -0.46477 1.17071 0.02408
v -0.48119 1.16396 0.02305
v -0.49822 1.15665 0.02189
v -0.51484 1.14902 0.02074
v -0.52982 1.14073 0.01915
v -0.46704 1.18122 0.04428
v -0.48241 1.17268 0.04444
v -0.49766 1.16365 0.04457
v -0.51281 1.15487 0.04458
v -0.52569 1.14618 0.04460
v -0.53888 1.15166 0.01105
v -0.52301 1.15810 0.00934
v -0.50472 1.16401 0.00811
v -0.48663 1.17052 0.00661
v -0.46906 1.17636 0.00545
v -0.47347 1.18220 0.00334
v -0.49078 1.17637 0.00591
v -0.50858 1.16959 0.00904
v -0.52673 1.16331 0.01215
v -0.54205 1.15713 0.01500
v -0.47871 1.18889 0.00507
v -0.49513 1.18283 0.00886
v -0.51243 1.17539 0.01317
v -0.53006 1.16826 0.01709
v -0.54433 1.16204 0.02103
v -0.48330 1.19568 0.01079
v -0.49870 1.18892 0.01537
v -0.51529 1.18071 0.02012
v -0.53210 1.17257 0.02444
v -0.54541 1.16606 0.02859
v -0.48581 1.20125 0.01991
v -0.50042 1.19343 0.02463
v -0.51618 1.18427 0.02927
v -0.53213 1.17525 0.03352
v -0.54444 1.16819 0.03718
v -0.48495 1.20367 0.03068
v -0.49882 1.19487 0.03505
v -0.51392 1.18474 0.03916
v -0.52908 1.17525 0.04286
v -0.54106 1.16727 0.04590
v -0.48060 1.20172 0.04046
v -0.49424 1.19222 0.04396
v -0.50897 1.18175 0.04713
v -0.52401 1.17231 0.05018
v -0.53551 1.16325 0.05250
v -0.47481 1.19576 0.04635
v -0.48876 1.18604 0.04869
v -0.50347 1.17568 0.05066
v -0.51825 1.16633 0.05268
v -0.52998 1.15674 0.05432
v -0.46982 1.18812 0.04720
v -0.48453 1.17875 0.04833
v -0.49941 1.16905 0.04916
v -0.51421 1.15989 0.05018
v -0.52649 1.15048 0.05091
v -0.65072 1.07276 0.06066
v -0.64922 1.07013 0.04865
v -0.63312 1.08190 0.04726
v -0.63398 1.08537 0.06043
v -0.63250 1.08212 0.06084
v -0.64937 1.07035 0.06091
v -0.63138 1.07864 0.04787
v -0.64785 1.06758 0.04916
v -0.67613 1.05402 0.06061
v -0.67830 1.05080 0.06060
v -0.67614 1.05321 0.05180
v -0.67764 1.05022 0.05193
v -0.67994 1.04693 0.05648
v -0.67340 1.05840 0.05594
v -0.68131 1.04807 0.05644
v -0.67411 1.05754 0.05597
v -0.67913 1.05024 0.06019
v -0.67854 1.05012 0.05260
v -0.67671 1.05291 0.05249
v -0.67687 1.05335 0.06022
v -0.65206 1.07524 0.05417
v -0.63813 1.08688 0.05360
v -0.64657 1.06565 0.05492
v -0.62984 1.07662 0.05426
v -0.67307 1.05548 0.06081
v -0.67356 1.05453 0.05134
v -0.67502 1.05074 0.05153
v -0.67491 1.05176 0.06078
v -0.67180 1.05940 0.05592
v -0.67658 1.04632 0.05618
v -0.66601 1.05336 0.05579
v -0.66743 1.06273 0.05568
v -0.66559 1.05776 0.06069
v -0.66507 1.05687 0.05070
v -0.66560 1.05928 0.05041
v -0.66624 1.06030 0.06083
v -0.64052 1.08470 0.05367
v -0.63499 1.07619 0.04834
v -0.63687 1.07872 0.04750
v -0.63514 1.07348 0.05440
v -0.64466 1.08147 0.05372
v -0.63929 1.07810 0.06100
v -0.63753 1.07457 0.04834
v -0.66271 1.06315 0.06081
v -0.66164 1.06169 0.05007
v -0.66022 1.05997 0.05042
v -0.66113 1.06129 0.06047
v -0.66483 1.06503 0.05546
v -0.65928 1.05832 0.05551
v -0.63938 1.07034 0.05456
v -0.64314 1.07496 0.06100
v -0.64511 1.07725 0.06066
v -0.64000 1.07666 0.04784
v -0.64157 1.08020 0.06062
v -0.64345 1.07423 0.04815
v -0.64721 1.07920 0.05400
v -0.64137 1.07179 0.04858
v -0.62426 1.08566 0.05991
v -0.62700 1.08923 0.05994
v -0.63043 1.09399 0.05340
v -0.62156 1.08083 0.05380
v -0.63323 1.07507 0.05428
v -0.63658 1.08005 0.06089
v -0.63826 1.08266 0.06061
v -0.62623 1.08718 0.04686
v -0.62415 1.08326 0.04695
v -0.65503 1.06621 0.04925
v -0.65430 1.06368 0.04985
v -0.65883 1.06982 0.05500
v -0.65361 1.06182 0.05534
v -0.65589 1.06864 0.06065
v -0.65489 1.06615 0.06059
v -0.65853 1.06370 0.04956
v -0.65740 1.06162 0.05042
v -0.66114 1.06799 0.05505
v -0.65669 1.06041 0.05551
v -0.65935 1.06555 0.06080
v -0.65820 1.06376 0.06052
v -0.67108 1.04916 0.05600
v -0.66964 1.05489 0.06075
v -0.66953 1.05390 0.05093
v -0.67000 1.05639 0.05090
v -0.66983 1.06100 0.05584
v -0.67000 1.05753 0.06083
v -0.67496 1.05649 0.05610
v -0.68292 1.04856 0.05628
v -0.67984 1.05066 0.05939
v -0.67933 1.05044 0.05350
v -0.67688 1.05308 0.05355
v -0.67728 1.05328 0.05926
v -0.67758 1.05399 0.05614
v -0.68012 1.05139 0.05623
v -0.65165 1.07465 0.05844
v -0.65079 1.07342 0.05051
v -0.63765 1.08554 0.05092
v -0.63785 1.08651 0.05659
v -0.67390 1.05718 0.05926
v -0.67390 1.05685 0.05299
v -0.67473 1.05639 0.05894
v -0.67465 1.05621 0.05324
v -0.67202 1.05790 0.05295
v -0.67184 1.05841 0.05911
v -0.64185 1.08175 0.05118
v -0.64196 1.08288 0.05680
v -0.66685 1.06212 0.05906
v -0.66212 1.06570 0.05285
v -0.66258 1.06620 0.05792
v -0.64577 1.07720 0.05006
v -0.64665 1.07885 0.05823
v -0.66665 1.06167 0.05242
v -0.63972 1.08326 0.05078
v -0.64005 1.08459 0.05684
v -0.62956 1.09259 0.05819
v -0.62878 1.09136 0.04845
v -0.65863 1.06936 0.05770
v -0.65833 1.06881 0.05245
v -0.66069 1.06756 0.05813
v -0.66026 1.06705 0.05241
v -0.66950 1.05967 0.05264
v -0.66965 1.06012 0.05906
v -0.67508 1.05579 0.05400
v -0.67524 1.05584 0.05862
v -0.64751 1.06735 0.05874
v -0.63080 1.07870 0.05851
v -0.67900 1.04807 0.05327
v -0.68027 1.04812 0.05935
v -0.64702 1.06614 0.05132
v -0.63018 1.07693 0.05021
v -0.67638 1.04727 0.05920
v -0.66573 1.05491 0.05879
v -0.63666 1.07542 0.05871
v -0.64071 1.07221 0.05872
v -0.65969 1.05953 0.05864
v -0.62263 1.08262 0.05833
v -0.63453 1.07706 0.05861
v -0.65408 1.06333 0.05877
v -0.65695 1.06152 0.05861
v -0.67031 1.05084 0.05269
v -0.67907 1.04751 0.05935
v -0.67057 1.05108 0.05907
v -0.65690 1.06061 0.05230
v -0.63376 1.07514 0.05062
v -0.62246 1.08149 0.04926
v -0.65381 1.06226 0.05204
v -0.68012 1.04846 0.05354
v -0.67601 1.04784 0.05300
v -0.65943 1.05872 0.05249
v -0.66537 1.05452 0.05244
v -0.63993 1.07065 0.05093
v -0.63575 1.07356 0.05082
v -0.68179 1.04835 0.05915
v -0.68155 1.04839 0.05370
v -0.64307 1.08154 0.05822
v -0.63965 1.08428 0.05860
v -0.63496 1.08632 0.04924
v -0.63862 1.08166 0.04858
v -0.63567 1.08816 0.05810
v -0.64250 1.07981 0.04968
v -0.64275 1.08286 0.05366
v -0.63552 1.08946 0.05353
v -0.68127 1.04800 0.05930
v -0.67504 1.05597 0.05868
v -0.67482 1.05598 0.05365
v -0.68120 1.04814 0.05355
v -0.67943 1.05020 0.05987
v -0.67871 1.05004 0.05298
v -0.67435 1.05706 0.05604
v -0.68268 1.04787 0.05646
v -0.67702 1.05294 0.05981
v -0.67666 1.05273 0.05300
v -0.65623 1.06946 0.05100
v -0.65965 1.06599 0.05059
v -0.65675 1.07044 0.05874
v -0.66027 1.06707 0.05979
v -0.66335 1.06406 0.05175
v -0.66371 1.06484 0.05903
v -0.65665 1.07182 0.05458
v -0.66319 1.06634 0.05533
v -0.64902 1.07495 0.04521
v -0.64790 1.07213 0.03293
v -0.63233 1.08338 0.03146
v -0.63338 1.08662 0.04518
v -0.63171 1.08357 0.04562
v -0.64746 1.07272 0.04527
v -0.63032 1.08025 0.03198
v -0.64641 1.06957 0.03349
v -0.67217 1.05841 0.04576
v -0.67396 1.05578 0.04572
v -0.67283 1.05731 0.03679
v -0.67452 1.05500 0.03698
v -0.67584 1.05224 0.04159
v -0.67066 1.06167 0.04073
v -0.67727 1.05292 0.04156
v -0.67131 1.06097 0.04076
v -0.67504 1.05510 0.04522
v -0.67534 1.05469 0.03764
v -0.67350 1.05690 0.03757
v -0.67324 1.05742 0.04518
v -0.65077 1.07721 0.03858
v -0.63774 1.08827 0.03799
v -0.64468 1.06782 0.03942
v -0.62841 1.07820 0.03863
v -0.66952 1.05965 0.04584
v -0.67045 1.05832 0.03631
v -0.67146 1.05558 0.03645
v -0.67052 1.05688 0.04585
v -0.66927 1.06255 0.04070
v -0.67233 1.05266 0.04125
v -0.66204 1.05768 0.04060
v -0.66523 1.06564 0.04049
v -0.66269 1.06135 0.04554
v -0.66266 1.06001 0.03549
v -0.66352 1.06209 0.03518
v -0.66352 1.06350 0.04586
v -0.64003 1.08631 0.03807
v -0.63402 1.07785 0.03247
v -0.63618 1.08022 0.03151
v -0.63373 1.07520 0.03909
v -0.64395 1.08319 0.03798
v -0.63829 1.07982 0.04562
v -0.63629 1.07624 0.03248
v -0.66013 1.06608 0.04560
v -0.65986 1.06429 0.03469
v -0.65812 1.06254 0.03505
v -0.65861 1.06424 0.04516
v -0.66300 1.06773 0.04008
v -0.65683 1.06116 0.04023
v -0.63778 1.07217 0.03919
v -0.64184 1.07702 0.04553
v -0.64378 1.07927 0.04528
v -0.63891 1.07848 0.03175
v -0.64062 1.08198 0.04532
v -0.64239 1.07597 0.03227
v -0.64631 1.08095 0.03816
v -0.64003 1.07370 0.03289
v -0.62386 1.08658 0.04562
v -0.62611 1.08992 0.04525
v -0.62936 1.09484 0.03776
v -0.62029 1.08235 0.03792
v -0.63186 1.07662 0.03897
v -0.63570 1.08167 0.04556
v -0.63759 1.08407 0.04548
v -0.62517 1.08852 0.03071
v -0.62274 1.08518 0.03080
v -0.65353 1.06845 0.03369
v -0.65254 1.06595 0.03432
v -0.65726 1.07220 0.03929
v -0.65146 1.06441 0.03982
v -0.65380 1.07124 0.04517
v -0.65269 1.06884 0.04523
v -0.65678 1.06593 0.03419
v -0.65549 1.06405 0.03485
v -0.65936 1.07050 0.03950
v -0.65445 1.06311 0.04015
v -0.65707 1.06837 0.04550
v -0.65575 1.06653 0.04512
v -0.66751 1.05460 0.04100
v -0.66655 1.05881 0.04578
v -0.66720 1.05749 0.03601
v -0.66707 1.05999 0.03584
v -0.66725 1.06389 0.04060
v -0.66657 1.06138 0.04584
v -0.67206 1.05993 0.04099
v -0.67876 1.05305 0.04155
v -0.67577 1.05521 0.04432
v -0.67586 1.05476 0.03853
v -0.67382 1.05691 0.03851
v -0.67383 1.05722 0.04422
v -0.67437 1.05782 0.04119
v -0.67656 1.05547 0.04126
v -0.65012 1.07681 0.04278
v -0.64965 1.07515 0.03468
v -0.63704 1.08672 0.03476
v -0.63749 1.08798 0.04144
v -0.67071 1.06095 0.04418
v -0.67111 1.06022 0.03782
v -0.67158 1.06011 0.04376
v -0.67198 1.05976 0.03817
v -0.66947 1.06122 0.03776
v -0.66899 1.06191 0.04402
v -0.64115 1.08347 0.03500
v -0.64152 1.08449 0.04124
v -0.66446 1.06525 0.04388
v -0.66056 1.06826 0.03744
v -0.66048 1.06900 0.04257
v -0.64470 1.07898 0.03409
v -0.64540 1.08060 0.04281
v -0.66469 1.06447 0.03715
v -0.63918 1.08479 0.03464
v -0.63952 1.08627 0.04153
v -0.62833 1.09359 0.04289
v -0.62763 1.09238 0.03313
v -0.65685 1.07194 0.04213
v -0.65672 1.07113 0.03661
v -0.65883 1.07031 0.04251
v -0.65870 1.06967 0.03686
v -0.66725 1.06258 0.03764
v -0.66687 1.06335 0.04394
v -0.67224 1.05919 0.03882
v -0.67198 1.05949 0.04344
v -0.64554 1.06957 0.04322
v -0.62972 1.08037 0.04316
v -0.67558 1.05294 0.03836
v -0.67622 1.05344 0.04433
v -0.64531 1.06827 0.03579
v -0.62906 1.07860 0.03444
v -0.67144 1.05395 0.04423
v -0.66192 1.05901 0.04367
v -0.63527 1.07711 0.04334
v -0.63911 1.07405 0.04328
v -0.65721 1.06237 0.04324
v -0.62163 1.08392 0.04314
v -0.63330 1.07868 0.04328
v -0.65174 1.06597 0.04324
v -0.65470 1.06439 0.04324
v -0.66740 1.05538 0.03770
v -0.67498 1.05327 0.04442
v -0.66690 1.05609 0.04404
v -0.65481 1.06320 0.03705
v -0.63253 1.07664 0.03493
v -0.62112 1.08321 0.03318
v -0.65185 1.06481 0.03663
v -0.67645 1.05320 0.03864
v -0.67223 1.05346 0.03807
v -0.65723 1.06145 0.03711
v -0.66212 1.05825 0.03734
v -0.63840 1.07242 0.03527
v -0.63446 1.07515 0.03505
v -0.67762 1.05320 0.04429
v -0.67785 1.05285 0.03883
v -0.64254 1.08341 0.04274
v -0.63888 1.08578 0.04366
v -0.63446 1.08747 0.03351
v -0.63813 1.08320 0.03261
v -0.63503 1.08908 0.04286
v -0.64172 1.08158 0.03371
v -0.64214 1.08431 0.03792
v -0.63486 1.09044 0.03784
v -0.67720 1.05285 0.04433
v -0.67188 1.05982 0.04359
v -0.67200 1.05936 0.03858
v -0.67741 1.05250 0.03869
v -0.67542 1.05488 0.04490
v -0.67548 1.05434 0.03802
v -0.67161 1.06053 0.04092
v -0.67859 1.05248 0.04163
v -0.67351 1.05702 0.04486
v -0.67353 1.05664 0.03797
v -0.65480 1.07154 0.03543
v -0.65795 1.06837 0.03501
v -0.65493 1.07299 0.04325
v -0.65820 1.06980 0.04449
v -0.66147 1.06675 0.03646
v -0.66141 1.06773 0.04374
v -0.65508 1.07392 0.03897
v -0.66111 1.06901 0.03959
v -0.63867 1.08028 0.02815
v -0.63694 1.07860 0.01821
v -0.62562 1.08626 0.01725
v -0.62689 1.08873 0.02924
v -0.62588 1.08610 0.02921
v -0.63732 1.07830 0.02843
v -0.62438 1.08349 0.01786
v -0.63582 1.07640 0.01875
v -0.65368 1.06929 0.02801
v -0.65476 1.06727 0.02785
v -0.65354 1.06896 0.02079
v -0.65475 1.06707 0.02089
v -0.65577 1.06470 0.02443
v -0.65235 1.07199 0.02427
v -0.65685 1.06524 0.02438
v -0.65297 1.07135 0.02411
v -0.65567 1.06700 0.02741
v -0.65547 1.06694 0.02139
v -0.65415 1.06860 0.02142
v -0.65440 1.06874 0.02741
v -0.63956 1.08247 0.02283
v -0.62962 1.09024 0.02279
v -0.63499 1.07476 0.02372
v -0.62380 1.08170 0.02385
v -0.65185 1.07019 0.02815
v -0.65197 1.06941 0.02028
v -0.65245 1.06734 0.02048
v -0.65234 1.06793 0.02819
v -0.65159 1.07257 0.02413
v -0.65316 1.06489 0.02436
v -0.64626 1.06826 0.02403
v -0.64900 1.07461 0.02385
v -0.64708 1.07083 0.02828
v -0.64655 1.07015 0.01943
v -0.64722 1.07194 0.01936
v -0.64799 1.07271 0.02829
v -0.63152 1.08886 0.02274
v -0.62702 1.08193 0.01817
v -0.62854 1.08410 0.01733
v -0.62736 1.07966 0.02396
v -0.63467 1.08637 0.02263
v -0.63099 1.08319 0.02903
v -0.62868 1.08075 0.01839
v -0.64576 1.07441 0.02832
v -0.64487 1.07330 0.01905
v -0.64362 1.07173 0.01933
v -0.64437 1.07291 0.02817
v -0.64741 1.07595 0.02359
v -0.64278 1.07057 0.02373
v -0.63033 1.07771 0.02375
v -0.63364 1.08136 0.02857
v -0.63522 1.08304 0.02830
v -0.63073 1.08274 0.01765
v -0.63271 1.08508 0.02861
v -0.63309 1.08122 0.01783
v -0.63642 1.08501 0.02273
v -0.63151 1.07918 0.01847
v -0.62044 1.08910 0.02908
v -0.62197 1.09163 0.02919
v -0.62280 1.09477 0.02291
v -0.61790 1.08458 0.02342
v -0.62618 1.08078 0.02395
v -0.62879 1.08476 0.02875
v -0.63008 1.08672 0.02876
v -0.61988 1.08973 0.01670
v -0.61837 1.08675 0.01701
v -0.64062 1.07619 0.01850
v -0.63983 1.07407 0.01907
v -0.64382 1.07904 0.02315
v -0.63943 1.07269 0.02379
v -0.64174 1.07784 0.02832
v -0.64072 1.07594 0.02829
v -0.64286 1.07449 0.01865
v -0.64186 1.07284 0.01925
v -0.64526 1.07794 0.02335
v -0.64129 1.07174 0.02383
v -0.64379 1.07599 0.02848
v -0.64264 1.07438 0.02817
v -0.64977 1.06611 0.02429
v -0.64974 1.06915 0.02816
v -0.64956 1.06856 0.02000
v -0.64969 1.07058 0.01976
v -0.65026 1.07353 0.02401
v -0.64989 1.07121 0.02820
v -0.65349 1.07063 0.02431
v -0.65811 1.06567 0.02430
v -0.65623 1.06708 0.02672
v -0.65578 1.06707 0.02217
v -0.65433 1.06859 0.02235
v -0.65476 1.06864 0.02671
v -0.65496 1.06919 0.02437
v -0.65650 1.06753 0.02435
v -0.63938 1.08186 0.02631
v -0.63850 1.08095 0.01971
v -0.62900 1.08928 0.02007
v -0.62957 1.08997 0.02560
v -0.65268 1.07116 0.02681
v -0.65257 1.07091 0.02170
v -0.65336 1.07061 0.02645
v -0.65323 1.07041 0.02219
v -0.65154 1.07156 0.02162
v -0.65148 1.07198 0.02669
v -0.63251 1.08668 0.02007
v -0.63322 1.08762 0.02532
v -0.64856 1.07409 0.02663
v -0.64575 1.07633 0.02148
v -0.64600 1.07667 0.02571
v -0.63491 1.08354 0.01944
v -0.63616 1.08447 0.02628
v -0.64837 1.07377 0.02096
v -0.63071 1.08768 0.01973
v -0.63137 1.08867 0.02577
v -0.62270 1.09406 0.02728
v -0.62149 1.09285 0.01884
v -0.64376 1.07868 0.02566
v -0.64329 1.07835 0.02110
v -0.64490 1.07758 0.02594
v -0.64463 1.07721 0.02092
v -0.65002 1.07260 0.02129
v -0.65011 1.07291 0.02664
v -0.65342 1.07018 0.02253
v -0.65359 1.07020 0.02631
v -0.63592 1.07604 0.02675
v -0.62474 1.08347 0.02751
v -0.65551 1.06542 0.02205
v -0.65626 1.06558 0.02665
v -0.63510 1.07528 0.02063
v -0.62376 1.08199 0.02033
v -0.65278 1.06585 0.02673
v -0.64642 1.06903 0.02649
v -0.62880 1.08117 0.02732
v -0.63148 1.07904 0.02700
v -0.64320 1.07132 0.02649
v -0.61911 1.08604 0.02754
v -0.62714 1.08224 0.02755
v -0.63973 1.07364 0.02656
v -0.64163 1.07272 0.02648
v -0.64969 1.06678 0.02151
v -0.65549 1.06540 0.02674
v -0.64969 1.06715 0.02677
v -0.64133 1.07190 0.02111
v -0.62618 1.08092 0.02067
v -0.61761 1.08504 0.01933
v -0.63947 1.07292 0.02093
v -0.65609 1.06544 0.02217
v -0.65301 1.06558 0.02178
v -0.64295 1.07079 0.02111
v -0.64625 1.06867 0.02122
v -0.63048 1.07792 0.02061
v -0.62760 1.07982 0.02054
v -0.65747 1.06555 0.02636
v -0.65735 1.06560 0.02225
v -0.63398 1.08641 0.02645
v -0.63102 1.08804 0.02758
v -0.62684 1.08935 0.01908
v -0.62977 1.08646 0.01831
v -0.62773 1.09066 0.02699
v -0.63273 1.08514 0.01925
v -0.63345 1.08754 0.02283
v -0.62714 1.09166 0.02298
v -0.65708 1.06517 0.02658
v -0.65347 1.07035 0.02624
v -0.65333 1.07029 0.02243
v -0.65690 1.06512 0.02215
v -0.65585 1.06688 0.02724
v -0.65559 1.06686 0.02159
v -0.65320 1.07105 0.02427
v -0.65772 1.06496 0.02435
v -0.65457 1.06857 0.02708
v -0.65418 1.06850 0.02184
v -0.64191 1.07857 0.01995
v -0.64391 1.07636 0.01939
v -0.64254 1.07929 0.02651
v -0.64458 1.07715 0.02748
v -0.64627 1.07524 0.02057
v -0.64679 1.07575 0.02680
v -0.64241 1.08020 0.02312
v -0.64648 1.07691 0.02346
v -0.58452 1.07829 0.12030
v -0.59026 1.08422 0.11299
v -0.58533 1.07816 0.12459
v -0.58220 1.08050 0.11330
v -0.59316 1.08118 0.12544
v -0.59240 1.08154 0.11967
v -0.58637 1.07900 0.12880
v -0.59353 1.08180 0.12755
v -0.58621 1.07812 0.12791
v -0.58307 1.08581 0.12328
v -0.58903 1.08782 0.12247
v -0.59381 1.08087 0.12676
v -0.58388 1.07995 0.12639
v -0.59362 1.08315 0.12467
v -0.58588 1.08798 0.12263
v -0.59034 1.07929 0.12853
v -0.58316 1.08267 0.12484
v -0.59143 1.08558 0.12335
v -0.57932 1.09688 0.11082
v -0.58360 1.09833 0.10750
v -0.58314 1.10078 0.10296
v -0.57972 1.10401 0.10011
v -0.57265 1.09558 0.10604
v -0.57077 1.09963 0.10208
v -0.57554 1.09398 0.10983
v -0.57427 1.10394 0.10166
v -0.17007 0.01139 0.16329
v -0.18957 0.00977 0.16758
v -0.18992 0.01091 0.16275
v -0.16992 0.01207 0.15456
v -0.16956 0.00582 0.16304
v -0.18877 0.00509 0.16374
v -0.18861 0.00462 0.16816
v -0.16864 0.00619 0.15396
v -0.17288 0.01418 0.19776
v -0.17335 0.01263 0.20192
v -0.19226 0.01373 0.19844
v -0.19217 0.01228 0.20216
v -0.18270 0.01080 0.20813
v -0.18226 0.01687 0.19379
v -0.18302 0.01418 0.20866
v -0.18231 0.01696 0.19534
v -0.17469 0.01378 0.20392
v -0.19076 0.01408 0.20392
v -0.19076 0.01458 0.20030
v -0.17427 0.01448 0.20023
v -0.18058 0.01917 0.16407
v -0.18050 0.02051 0.15722
v -0.17855 -0.00242 0.16367
v -0.17756 -0.00257 0.15591
v -0.17144 0.01272 0.19446
v -0.19341 0.01186 0.19535
v -0.19311 0.00892 0.19860
v -0.17159 0.00961 0.19781
v -0.18210 0.01644 0.19194
v -0.18218 0.00557 0.20517
v -0.18097 -0.00415 0.18719
v -0.18195 0.01656 0.18791
v -0.17005 0.00548 0.18738
v -0.19220 0.00251 0.18644
v -0.19372 0.00827 0.18661
v -0.17014 0.01114 0.18754
v -0.18511 -0.00326 0.14897
v -0.19188 -0.00110 0.15265
v -0.20389 -0.00056 0.15170
v -0.20919 -0.00034 0.15128
v -0.22083 -0.00033 0.14831
v -0.16974 0.01110 0.18273
v -0.19312 0.00742 0.18193
v -0.19097 0.00142 0.18044
v -0.16996 0.00516 0.18088
v -0.18188 0.01711 0.18523
v -0.17991 -0.00471 0.17829
v -0.19094 0.00809 0.17269
v -0.18973 0.00216 0.17292
v -0.18117 0.01814 0.17393
v -0.17923 -0.00388 0.17154
v -0.16999 0.01108 0.17246
v -0.16992 0.00550 0.17248
v -0.19230 0.00720 0.17699
v -0.19001 0.00145 0.17644
v -0.18140 0.01817 0.17832
v -0.17937 -0.00402 0.17477
v -0.16961 0.01086 0.17775
v -0.16995 0.00526 0.17673
v -0.18156 -0.00004 0.19780
v -0.17044 0.00733 0.19299
v -0.19281 0.00538 0.19307
v -0.19374 0.00988 0.19105
v -0.18194 0.01634 0.19006
v -0.17061 0.01166 0.19124
v -0.21613 0.00151 0.15408
v -0.18228 0.01678 0.19788
v -0.18348 0.01612 0.20830
v -0.17664 0.01505 0.20492
v -0.18886 0.01538 0.20492
v -0.18852 0.01557 0.20144
v -0.17649 0.01535 0.20127
v -0.18269 0.01689 0.20157
v -0.18319 0.01680 0.20546
v -0.20951 0.01312 0.15984
v -0.19332 0.01224 0.16273
v -0.20881 0.00932 0.16075
v -0.19267 0.00784 0.16423
v -0.20254 0.02299 0.15763
v -0.22528 0.01220 0.15638
v -0.21150 0.01281 0.15958
v -0.22449 0.00833 0.15717
v -0.21141 0.00912 0.16020
v -0.21955 0.02321 0.15569
v -0.20938 0.00655 0.15886
v -0.22664 0.01187 0.15475
v -0.22741 0.01833 0.15292
v -0.22597 0.00737 0.15539
v -0.22750 0.02170 0.14894
v -0.19008 0.00380 0.16172
v -0.19199 0.02090 0.15422
v -0.17347 0.01648 0.16368
v -0.18740 0.01633 0.16503
v -0.18762 0.01758 0.15833
v -0.17395 0.01749 0.15574
v -0.17593 0.01609 0.19471
v -0.18896 0.01601 0.19483
v -0.17677 0.01617 0.19662
v -0.18815 0.01641 0.19658
v -0.18941 0.01537 0.19272
v -0.17517 0.01565 0.19257
v -0.22386 -0.00014 0.14833
v -0.21454 -0.00059 0.14945
v -0.17439 0.01537 0.18765
v -0.18784 0.01694 0.18118
v -0.17575 0.01693 0.18204
v -0.18998 0.01453 0.18701
v -0.17525 0.01732 0.17464
v -0.18696 0.01691 0.17377
v -0.17470 0.01660 0.17833
v -0.18793 0.01646 0.17735
v -0.18974 0.01465 0.19002
v -0.17470 0.01532 0.19034
v -0.18704 0.01651 0.19841
v -0.17756 0.01623 0.19821
v -0.20826 0.02006 0.15733
v -0.19618 0.01944 0.15882
v -0.22449 0.02035 0.15490
v -0.21397 0.02053 0.15662
v -0.17209 0.00016 0.16293
v -0.17141 0.00068 0.15367
v -0.18930 0.01141 0.20569
v -0.17688 0.01335 0.20691
v -0.18544 0.00026 0.16638
v -0.18565 -0.00006 0.16025
v -0.17482 0.00616 0.20264
v -0.17368 -0.00110 0.18716
v -0.22514 0.00189 0.15154
v -0.17330 -0.00120 0.17920
v -0.17285 -0.00085 0.17228
v -0.17323 -0.00073 0.17577
v -0.18885 0.00151 0.19575
v -0.17611 0.01084 0.20595
v -0.17375 0.00218 0.19584
v -0.18628 -0.00250 0.17558
v -0.18628 -0.00268 0.17213
v -0.18901 0.01386 0.20628
v -0.18948 0.00658 0.20267
v -0.18697 -0.00303 0.17922
v -0.18823 -0.00226 0.18663
v -0.17748 0.01486 0.20771
v -0.18869 0.01516 0.20713
v -0.19422 0.00435 0.16269
v -0.20619 0.00612 0.16005
v -0.21253 0.00635 0.15888
v -0.22252 0.00519 0.15658
v -0.16868 0.01331 0.14882
v -0.16721 0.00715 0.14865
v -0.18018 0.02303 0.15187
v -0.20200 0.02571 0.15170
v -0.21940 0.02565 0.14985
v -0.17321 0.01929 0.14921
v -0.17003 0.00082 0.14886
v -0.16793 0.01578 0.14095
v -0.22166 0.00184 0.15284
v -0.16843 0.00068 0.14168
v -0.21099 0.00208 0.15564
v -0.20512 0.00131 0.15653
v -0.19276 0.00054 0.15836
v -0.18502 -0.00166 0.15546
v -0.18932 0.00128 0.15847
v -0.20866 0.00359 0.15680
v -0.19327 0.05204 0.11433
v -0.17821 0.03838 0.10056
v -0.21303 -0.00126 0.14243
v -0.21402 0.02544 0.14955
v -0.20001 0.04458 0.12312
v -0.22478 0.04179 0.12066
v -0.20788 0.04285 0.12346
v -0.18312 0.04089 0.12267
v -0.19228 0.04390 0.12376
v -0.19208 0.01664 0.15848
v -0.21622 0.04270 0.12196
v -0.22037 0.04833 0.11226
v -0.21134 0.04920 0.11370
v -0.21086 0.01819 0.15634
v -0.20395 0.04385 0.12334
v -0.19020 0.05163 0.11280
v -0.18090 0.04876 0.08689
v -0.20729 0.02559 0.15008
v -0.19598 0.04481 0.12353
v -0.19636 0.05296 0.11374
v -0.21086 0.02245 0.15235
v -0.21040 0.01268 0.15862
v -0.20741 0.04869 0.11481
v -0.19080 0.00707 0.16327
v -0.22577 0.00397 0.15381
v -0.19152 0.01148 0.16177
v -0.22431 0.02467 0.14769
v -0.18884 0.05885 0.09950
v -0.19592 0.02477 0.15131
v -0.18710 0.02301 0.15108
v -0.20992 0.00900 0.15952
v -0.18802 0.04319 0.12322
v -0.18441 0.05397 0.09952
v -0.17776 0.03661 0.12227
v -0.20384 0.05096 0.11380
v -0.16629 0.00882 0.14138
v -0.17493 0.03010 0.11197
v -0.18117 0.04437 0.11122
v -0.17099 0.02376 0.12283
v -0.18718 0.06451 0.08794
v -0.21703 0.00377 0.15754
v -0.19959 0.00304 0.16092
v -0.19862 0.00019 0.15672
v -0.17672 -0.00336 0.15080
v -0.18590 0.04930 0.11151
v -0.20257 0.07001 0.09225
v -0.17105 0.02080 0.14041
v -0.20986 0.03054 0.14280
v -0.19123 0.02877 0.14377
v -0.22679 0.02925 0.13959
v -0.20157 0.02921 0.14672
v -0.20482 0.02898 0.14625
v -0.19794 0.02867 0.14677
v -0.20505 0.03238 0.14089
v -0.19616 0.03197 0.14131
v -0.21903 0.02836 0.14469
v -0.21600 0.02848 0.14500
v -0.22198 0.02799 0.14391
v -0.21419 0.03205 0.13965
v -0.22220 0.03138 0.13834
v -0.17984 0.02579 0.14761
v -0.17525 0.02329 0.14654
v -0.18432 0.02621 0.14699
v -0.17431 0.02541 0.14001
v -0.18551 0.02987 0.14123
v -0.21187 0.04308 0.12273
v -0.22058 0.04225 0.12141
v -0.20071 0.03282 0.14071
v -0.21812 0.03213 0.13853
v -0.17993 0.02891 0.14093
v -0.22448 0.04707 0.11176
v -0.21568 0.04931 0.11289
v -0.22483 0.06126 0.09211
v -0.20001 0.05268 0.11336
v -0.19143 0.06891 0.08927
v -0.19630 0.06965 0.09291
v -0.20931 0.06516 0.09402
v -0.21707 0.06551 0.09170
v -0.16942 0.01571 0.12336
v -0.17081 0.00664 0.12373
v -0.17393 0.03049 0.12239
v -0.17741 0.03775 0.11163
v -0.18343 0.05768 0.08741
v -0.18055 0.04707 0.10006
v -0.17807 -0.00107 0.12551
v -0.17690 -0.00330 0.13522
v -0.19004 -0.00147 0.13009
v -0.16679 0.01150 0.13270
v -0.16861 0.00245 0.13304
v -0.16855 0.01902 0.13196
v -0.20525 -0.00038 0.14506
v -0.18116 0.03411 0.13245
v -0.17517 0.03032 0.13179
v -0.17143 0.02511 0.13172
v -0.22198 -0.00203 0.14100
v -0.18662 0.03560 0.13279
v -0.19147 0.03635 0.13343
v -0.19585 0.03761 0.13284
v -0.20002 0.03804 0.13246
v -0.20435 0.03742 0.13243
v -0.20868 0.03689 0.13271
v -0.21270 0.03716 0.13149
v -0.21698 0.03709 0.13061
v -0.22118 0.03649 0.13006
v -0.22554 0.03608 0.12967
v -0.19710 -0.00058 0.14390
v -0.18888 -0.00234 0.14406
v -0.19445 0.05884 0.10617
v -0.22138 0.05512 0.10189
v -0.21074 0.05649 0.10373
v -0.19274 0.06031 0.10192
v -0.19692 0.06111 0.10296
v -0.20752 0.05434 0.10713
v -0.20524 0.05832 0.10358
v -0.22458 0.05196 0.10411
v -0.21596 0.05674 0.10207
v -0.20091 0.06138 0.10227
v -0.18867 -0.00086 0.15431
v -0.20705 0.00013 0.15325
v -0.19763 -0.00078 0.15113
v -0.17604 -0.00419 0.14307
v -0.22048 -0.00231 0.13082
v -0.21191 -0.00063 0.13283
v -0.20508 0.00092 0.13423
v -0.19842 0.00002 0.13301
v -0.17713 0.01394 0.20777
v -0.17710 0.01627 0.19752
v -0.18760 0.01644 0.19773
v -0.18903 0.01442 0.20705
v -0.17538 0.01412 0.20458
v -0.19018 0.01444 0.20459
v -0.18224 0.01691 0.19676
v -0.18324 0.01503 0.20898
v -0.17511 0.01456 0.20106
v -0.18978 0.01481 0.20126
v -0.18820 0.01517 0.17132
v -0.19091 0.01314 0.17715
v -0.17299 0.01590 0.17198
v -0.17153 0.01430 0.17812
v -0.19001 0.01452 0.18292
v -0.17369 0.01538 0.18354
v -0.18070 0.01809 0.17033
v -0.18179 0.01809 0.18278
v -0.22598 -0.00105 0.14567
v -0.23619 -0.00257 0.14116
v -0.24067 -0.00176 0.14123
v -0.23205 -0.00122 0.14628
v -0.23962 0.01108 0.15129
v -0.22789 0.01148 0.15533
v -0.23882 0.00587 0.15026
v -0.22756 0.00664 0.15566
v -0.23498 0.02072 0.15173
v -0.25217 0.00596 0.14040
v -0.24126 0.01296 0.14942
v -0.25102 0.00142 0.14247
v -0.24093 0.00800 0.14883
v -0.24759 0.01752 0.14275
v -0.24024 0.01206 0.15008
v -0.24107 0.01698 0.14828
v -0.24000 0.00729 0.14883
v -0.24157 0.01971 0.14445
v -0.23883 -0.00192 0.14228
v -0.23092 -0.00257 0.14227
v -0.23910 0.01774 0.14984
v -0.23043 0.01866 0.15242
v -0.25112 0.01400 0.14110
v -0.24321 0.01746 0.14584
v -0.23912 -0.00019 0.14499
v -0.24143 0.00068 0.14565
v -0.22853 0.00334 0.15320
v -0.23690 0.00086 0.14897
v -0.24150 0.00340 0.14728
v -0.23493 0.02353 0.14590
v -0.25243 0.00702 0.13553
v -0.25117 0.00175 0.13818
v -0.24833 0.01846 0.13925
v -0.25232 0.01536 0.13565
v -0.23646 -0.00136 0.14496
v -0.22778 0.00064 0.14986
v -0.25314 0.00854 0.12735
v -0.25157 0.00267 0.13008
v -0.24863 -0.00035 0.13546
v -0.24359 -0.00213 0.13197
v -0.22980 -0.00336 0.13674
v -0.25175 0.00414 0.11363
v -0.23038 0.02382 0.14577
v -0.25385 0.01093 0.11189
v -0.24187 0.03560 0.11656
v -0.25385 0.01722 0.11166
v -0.24873 0.02672 0.11352
v -0.23390 0.04031 0.11782
v -0.23826 0.04208 0.10775
v -0.22877 0.04665 0.10964
v -0.25345 0.01254 0.10347
v -0.23962 0.00287 0.14772
v -0.23916 0.02247 0.14321
v -0.24411 0.02026 0.14087
v -0.25209 0.01820 0.07932
v -0.25167 0.02598 0.07865
v -0.25307 0.01870 0.10309
v -0.24852 0.00055 0.14411
v -0.24457 0.00149 0.14570
v -0.23234 0.00022 0.14986
v -0.24470 0.00028 0.14478
v -0.24851 -0.00002 0.14223
v -0.25325 0.01594 0.12696
v -0.24189 0.02580 0.13507
v -0.23493 0.02722 0.14049
v -0.23208 0.02751 0.14093
v -0.23737 0.02647 0.13943
v -0.23093 0.03122 0.13589
v -0.23811 0.02956 0.13404
v -0.24883 0.01998 0.13492
v -0.25171 0.01842 0.13325
v -0.24637 0.02155 0.13609
v -0.25147 0.02011 0.12714
v -0.24569 0.02438 0.13115
v -0.22919 0.04139 0.11896
v -0.23810 0.03835 0.11719
v -0.24535 0.03147 0.11511
v -0.25165 0.02235 0.11240
v -0.23463 0.03132 0.13446
v -0.24870 0.02253 0.12885
v -0.24155 0.03952 0.10792
v -0.23409 0.04495 0.10803
v -0.23878 0.04923 0.08807
v -0.24409 0.04303 0.08266
v -0.23236 0.05677 0.08908
v -0.24812 0.00066 0.11645
v -0.24879 0.02461 0.12164
v -0.25157 0.02134 0.11991
v -0.24556 0.02792 0.12338
v -0.24849 -0.00039 0.12722
v -0.25366 0.01684 0.11889
v -0.25371 0.00975 0.11926
v -0.25207 0.00362 0.12209
v -0.23754 -0.00311 0.13565
v -0.22991 0.03640 0.12786
v -0.23409 0.03579 0.12676
v -0.23822 0.03396 0.12602
v -0.24204 0.03121 0.12558
v -0.25245 0.02061 0.09147
v -0.25262 0.01468 0.09213
v -0.24851 0.02951 0.10440
v -0.24719 0.03466 0.09365
v -0.24855 0.03482 0.07967
v -0.24291 -0.00100 0.11982
v -0.25144 0.02401 0.10338
v -0.25057 0.02738 0.09180
v -0.24480 0.03564 0.10635
v -0.23801 0.04613 0.09803
v -0.22788 0.05273 0.09983
v -0.24093 0.04247 0.10060
v -0.23360 0.04993 0.09753
v -0.24299 0.04075 0.09679
v -0.24449 -0.00156 0.13942
v -0.23655 -0.00232 0.12348
v -0.22872 -0.00266 0.12739
v -0.19770 0.01214 0.17819
v -0.20982 0.00996 0.17671
v -0.19674 0.00875 0.17700
v -0.20866 0.00618 0.17570
v -0.20192 0.00623 0.19664
v -0.20216 0.00407 0.19846
v -0.21353 0.00484 0.19380
v -0.21385 0.00287 0.19548
v -0.20822 0.00080 0.19985
v -0.20719 0.00855 0.19444
v -0.20889 0.00305 0.20090
v -0.20740 0.00805 0.19533
v -0.20350 0.00439 0.19945
v -0.21308 0.00346 0.19688
v -0.21279 0.00485 0.19531
v -0.20295 0.00584 0.19780
v -0.20432 0.01678 0.17832
v -0.20174 0.00196 0.17438
v -0.20040 0.00627 0.19440
v -0.21351 0.00478 0.19142
v -0.21380 0.00172 0.19245
v -0.20031 0.00348 0.19540
v -0.20693 0.00902 0.19338
v -0.20651 -0.00273 0.19616
v -0.20329 -0.00252 0.18217
v -0.20639 0.01025 0.19096
v -0.19822 0.00470 0.18784
v -0.21091 0.00257 0.18364
v -0.21219 0.00576 0.18567
v -0.19901 0.00772 0.19007
v -0.19825 0.00988 0.18623
v -0.21111 0.00735 0.18210
v -0.20965 0.00461 0.17970
v -0.19763 0.00741 0.18345
v -0.20571 0.01197 0.18805
v -0.20261 0.00127 0.17747
v -0.21007 0.00935 0.17902
v -0.20895 0.00619 0.17761
v -0.20477 0.01566 0.18315
v -0.20229 0.00267 0.17593
v -0.19813 0.01218 0.18176
v -0.19745 0.00921 0.18021
v -0.21051 0.00848 0.18014
v -0.20904 0.00585 0.17832
v -0.20509 0.01462 0.18490
v -0.20242 0.00264 0.17646
v -0.19796 0.01142 0.18381
v -0.19756 0.00876 0.18157
v -0.20470 -0.00355 0.18973
v -0.19902 0.00379 0.19171
v -0.21238 0.00179 0.18819
v -0.21296 0.00515 0.18860
v -0.20656 0.00956 0.19229
v -0.19953 0.00674 0.19236
v -0.20773 0.00725 0.19658
v -0.20944 0.00406 0.20128
v -0.20494 0.00456 0.20006
v -0.21204 0.00399 0.19822
v -0.21132 0.00504 0.19662
v -0.20460 0.00582 0.19830
v -0.20850 0.00630 0.19828
v -0.20901 0.00512 0.20023
v -0.20020 0.01564 0.17869
v -0.20803 0.01442 0.17765
v -0.20350 0.00790 0.19529
v -0.21095 0.00718 0.19345
v -0.20429 0.00741 0.19630
v -0.21082 0.00695 0.19453
v -0.21085 0.00755 0.19204
v -0.20287 0.00834 0.19410
v -0.20199 0.00979 0.19117
v -0.20801 0.01278 0.18523
v -0.20258 0.01298 0.18655
v -0.21027 0.00912 0.18856
v -0.20197 0.01525 0.18357
v -0.20724 0.01469 0.18247
v -0.20188 0.01413 0.18523
v -0.20802 0.01368 0.18362
v -0.21071 0.00811 0.19041
v -0.20239 0.00890 0.19285
v -0.21019 0.00654 0.19568
v -0.20499 0.00702 0.19689
v -0.19782 0.00500 0.17555
v -0.21208 0.00136 0.19764
v -0.20498 0.00330 0.20060
v -0.20617 0.00377 0.17483
v -0.20193 -0.00076 0.19690
v -0.19932 0.00021 0.18459
v -0.19890 0.00408 0.17999
v -0.19861 0.00543 0.17794
v -0.19887 0.00534 0.17868
v -0.20948 -0.00223 0.18891
v -0.20401 0.00180 0.19984
v -0.20021 -0.00098 0.19154
v -0.20633 0.00384 0.17701
v -0.20632 0.00410 0.17660
v -0.21213 0.00284 0.19844
v -0.21104 -0.00165 0.19453
v -0.20667 0.00229 0.17810
v -0.20805 -0.00102 0.18225
v -0.20572 0.00379 0.20135
v -0.21209 0.00329 0.19923
v -0.20545 0.00327 0.20104
v -0.20475 0.00704 0.19675
v -0.21043 0.00661 0.19532
v -0.21219 0.00287 0.19885
v -0.20399 0.00430 0.19973
v -0.21261 0.00350 0.19748
v -0.20761 0.00778 0.19591
v -0.20915 0.00343 0.20128
v -0.20350 0.00553 0.19827
v -0.21215 0.00466 0.19590
v -0.20826 0.01357 0.18054
v -0.20955 0.01175 0.18243
v -0.20066 0.01501 0.18226
v -0.19979 0.01307 0.18490
v -0.20936 0.01087 0.18549
v -0.20145 0.01184 0.18765
v -0.20452 0.01598 0.18127
v -0.20542 0.01320 0.18647
v -0.20018 0.01864 0.16960
v -0.20371 0.01993 0.16927
v -0.20711 0.01838 0.16911
v -0.20993 0.01176 0.16920
v -0.20891 0.00905 0.16918
v -0.20584 0.00716 0.16879
v -0.20133 0.00492 0.16850
v -0.19764 0.00699 0.16934
v -0.19550 0.00963 0.17024
v -0.19568 0.01251 0.17001
v -0.20099 0.01864 0.17196
v -0.20399 0.01850 0.17446
v -0.20671 0.01815 0.17147
v -0.20979 0.01091 0.17212
v -0.20879 0.00767 0.17118
v -0.20600 0.00539 0.17048
v -0.20135 0.00291 0.17000
v -0.19750 0.00590 0.17102
v -0.19591 0.00922 0.17232
v -0.19663 0.01261 0.17306
v -0.20355 0.02042 0.16694
v -0.20663 0.01891 0.16685
v -0.20965 0.01217 0.16578
v -0.20872 0.00896 0.16654
v -0.20598 0.00651 0.16645
v -0.20086 0.00388 0.16658
v -0.19654 0.00589 0.16758
v -0.19447 0.00882 0.16810
v -0.19488 0.01253 0.16721
v -0.20043 0.01926 0.16755
v -0.19812 0.01807 0.16567
v -0.19766 0.01625 0.16981
v -0.20815 0.01610 0.17299
v -0.20893 0.01586 0.16897
v -0.19941 0.01687 0.17397
v -0.20391 0.01947 0.17186
v -0.20813 0.01784 0.16476
v -0.20333 0.02071 0.16408
v -0.21338 0.01250 0.17419
v -0.22687 0.00947 0.17074
v -0.21277 0.00926 0.17215
v -0.22542 0.00595 0.16872
v -0.21699 0.00378 0.18961
v -0.21716 0.00144 0.19044
v -0.22844 0.00260 0.18717
v -0.22835 0.00031 0.18787
v -0.22225 -0.00249 0.18971
v -0.22256 0.00604 0.18852
v -0.22297 -0.00103 0.19146
v -0.22265 0.00544 0.18917
v -0.21836 0.00124 0.19097
v -0.22747 0.00055 0.18903
v -0.22748 0.00217 0.18809
v -0.21821 0.00294 0.19023
v -0.22042 0.01619 0.17567
v -0.21779 0.00382 0.16734
v -0.21572 0.00460 0.18795
v -0.22888 0.00329 0.18539
v -0.22868 0.00053 0.18494
v -0.21564 0.00186 0.18751
v -0.22236 0.00676 0.18791
v -0.22092 -0.00398 0.18480
v -0.21912 -0.00135 0.17503
v -0.22205 0.00869 0.18644
v -0.21393 0.00458 0.18199
v -0.22718 0.00320 0.17784
v -0.22839 0.00550 0.18073
v -0.21439 0.00676 0.18505
v -0.21405 0.00926 0.18245
v -0.22765 0.00756 0.17807
v -0.22589 0.00504 0.17479
v -0.21369 0.00729 0.17878
v -0.22167 0.01111 0.18468
v -0.21843 0.00101 0.17185
v -0.22704 0.00951 0.17407
v -0.22554 0.00675 0.17193
v -0.22090 0.01452 0.18083
v -0.21823 0.00428 0.17030
v -0.21399 0.01171 0.17829
v -0.21337 0.00917 0.17567
v -0.22727 0.00872 0.17598
v -0.22543 0.00610 0.17327
v -0.22119 0.01380 0.18243
v -0.21833 0.00379 0.17131
v -0.21393 0.01067 0.18036
v -0.21361 0.00861 0.17705
v -0.21979 -0.00301 0.17977
v -0.21448 0.00326 0.18482
v -0.22810 0.00172 0.18136
v -0.22877 0.00438 0.18308
v -0.22220 0.00755 0.18723
v -0.21478 0.00532 0.18653
v -0.22267 0.00437 0.18972
v -0.22349 -0.00011 0.19217
v -0.21973 0.00124 0.19145
v -0.22638 0.00076 0.19007
v -0.22602 0.00207 0.18929
v -0.21960 0.00266 0.19058
v -0.22305 0.00293 0.19076
v -0.22341 0.00128 0.19164
v -0.21621 0.01507 0.17551
v -0.22459 0.01441 0.17374
v -0.21885 0.00531 0.18927
v -0.22636 0.00488 0.18757
v -0.21960 0.00463 0.18962
v -0.22582 0.00437 0.18825
v -0.22652 0.00563 0.18656
v -0.21822 0.00600 0.18834
v -0.21747 0.00804 0.18654
v -0.22421 0.01264 0.18271
v -0.21840 0.01217 0.18383
v -0.22635 0.00797 0.18431
v -0.21803 0.01384 0.18128
v -0.22364 0.01399 0.18011
v -0.21773 0.01307 0.18263
v -0.22431 0.01344 0.18132
v -0.22654 0.00658 0.18554
v -0.21765 0.00677 0.18754
v -0.22522 0.00376 0.18912
v -0.22020 0.00412 0.19009
v -0.21399 0.00611 0.16955
v -0.22658 -0.00206 0.18860
v -0.21957 -0.00017 0.19141
v -0.22233 0.00417 0.16756
v -0.21687 -0.00229 0.18646
v -0.21537 0.00122 0.17767
v -0.21507 0.00417 0.17447
v -0.21473 0.00608 0.17221
v -0.21501 0.00570 0.17328
v -0.22495 -0.00179 0.17992
v -0.21838 -0.00142 0.19051
v -0.21581 -0.00098 0.18229
v -0.22232 0.00466 0.17210
v -0.22259 0.00507 0.17092
v -0.22640 -0.00072 0.18987
v -0.22588 -0.00305 0.18449
v -0.22278 0.00280 0.17276
v -0.22394 0.00013 0.17543
v -0.22023 -0.00004 0.19199
v -0.22610 -0.00037 0.19050
v -0.21980 -0.00020 0.19156
v -0.21981 0.00434 0.18996
v -0.22552 0.00407 0.18873
v -0.22633 -0.00064 0.19018
v -0.21882 0.00117 0.19109
v -0.22700 0.00052 0.18939
v -0.22264 0.00482 0.18947
v -0.22328 -0.00073 0.19178
v -0.21860 0.00258 0.19032
v -0.22684 0.00194 0.18857
v -0.22490 0.01332 0.17770
v -0.22593 0.01178 0.17946
v -0.21654 0.01373 0.17971
v -0.21577 0.01210 0.18203
v -0.22559 0.01070 0.18243
v -0.21725 0.01079 0.18433
v -0.22057 0.01484 0.17907
v -0.22140 0.01252 0.18360
v -0.21657 0.01993 0.16640
v -0.21966 0.02086 0.16586
v -0.22248 0.01956 0.16557
v -0.22598 0.01185 0.16412
v -0.22477 0.00914 0.16359
v -0.22192 0.00770 0.16341
v -0.21779 0.00686 0.16382
v -0.21407 0.00857 0.16521
v -0.21258 0.01080 0.16630
v -0.21219 0.01368 0.16696
v -0.21697 0.01890 0.16858
v -0.21994 0.01806 0.17139
v -0.22222 0.01887 0.16786
v -0.22615 0.01072 0.16627
v -0.22489 0.00685 0.16469
v -0.22173 0.00522 0.16405
v -0.21768 0.00506 0.16433
v -0.21393 0.00750 0.16638
v -0.21255 0.01033 0.16788
v -0.21281 0.01316 0.16932
v -0.21953 0.02143 0.16261
v -0.22204 0.02010 0.16251
v -0.22541 0.01203 0.16119
v -0.22464 0.00882 0.16165
v -0.22209 0.00702 0.16191
v -0.21771 0.00612 0.16258
v -0.21383 0.00781 0.16348
v -0.21222 0.01024 0.16404
v -0.21189 0.01379 0.16389
v -0.21667 0.02058 0.16344
v -0.21490 0.01956 0.16195
v -0.21453 0.01809 0.16672
v -0.22389 0.01644 0.16894
v -0.22442 0.01714 0.16496
v -0.21570 0.01690 0.17038
v -0.21979 0.01976 0.16861
v -0.22367 0.01908 0.16055
v -0.21958 0.02174 0.16004
v -0.22868 0.01059 0.16539
v -0.24017 0.00702 0.16340
v -0.22799 0.00706 0.16460
v -0.23908 0.00402 0.16258
v -0.23285 0.00277 0.18054
v -0.23316 0.00075 0.18175
v -0.24167 0.00178 0.17774
v -0.24186 -0.00033 0.17890
v -0.23775 -0.00235 0.18179
v -0.23724 0.00528 0.17892
v -0.23833 -0.00093 0.18247
v -0.23740 0.00494 0.17932
v -0.23431 0.00065 0.18208
v -0.24121 0.00007 0.17964
v -0.24100 0.00148 0.17855
v -0.23388 0.00210 0.18107
v -0.23449 0.01608 0.16496
v -0.23242 0.00234 0.16276
v -0.23158 0.00332 0.17948
v -0.24192 0.00211 0.17619
v -0.24185 -0.00070 0.17678
v -0.23162 0.00058 0.17969
v -0.23696 0.00586 0.17841
v -0.23652 -0.00413 0.17920
v -0.23370 -0.00275 0.16962
v -0.23640 0.00778 0.17698
v -0.22904 0.00249 0.17490
v -0.24079 0.00037 0.17075
v -0.24180 0.00345 0.17254
v -0.23002 0.00537 0.17688
v -0.22940 0.00804 0.17421
v -0.24095 0.00491 0.17020
v -0.23982 0.00201 0.16825
v -0.22870 0.00526 0.17206
v -0.23556 0.01038 0.17469
v -0.23330 -0.00019 0.16776
v -0.24036 0.00470 0.16554
v -0.23932 0.00208 0.16504
v -0.23466 0.01498 0.16847
v -0.23264 0.00126 0.16605
v -0.22890 0.01060 0.16844
v -0.22836 0.00671 0.16801
v -0.24074 0.00441 0.16782
v -0.23938 0.00214 0.16700
v -0.23492 0.01399 0.17085
v -0.23273 0.00080 0.16723
v -0.22894 0.00986 0.17099
v -0.22852 0.00632 0.16986
v -0.23510 -0.00415 0.17499
v -0.23017 0.00143 0.17759
v -0.24139 -0.00041 0.17395
v -0.24201 0.00268 0.17449
v -0.23672 0.00661 0.17787
v -0.23067 0.00424 0.17837
v -0.23756 0.00393 0.17981
v -0.23872 0.00016 0.18272
v -0.23544 0.00088 0.18230
v -0.24067 0.00044 0.18043
v -0.24019 0.00160 0.17950
v -0.23513 0.00203 0.18128
v -0.23804 0.00266 0.18083
v -0.23858 0.00131 0.18202
v -0.23115 0.01455 0.16551
v -0.23812 0.01274 0.16432
v -0.23438 0.00474 0.17975
v -0.24004 0.00424 0.17782
v -0.23490 0.00408 0.18019
v -0.23991 0.00376 0.17843
v -0.24016 0.00467 0.17691
v -0.23358 0.00528 0.17927
v -0.23272 0.00725 0.17762
v -0.23758 0.01174 0.17167
v -0.23276 0.01247 0.17292
v -0.23989 0.00657 0.17501
v -0.23251 0.01447 0.16916
v -0.23692 0.01341 0.16824
v -0.23226 0.01348 0.17114
v -0.23762 0.01250 0.16989
v -0.24008 0.00538 0.17598
v -0.23320 0.00600 0.17863
v -0.23953 0.00316 0.17915
v -0.23558 0.00358 0.18047
v -0.22902 0.00398 0.16371
v -0.24110 -0.00211 0.18065
v -0.23536 -0.00053 0.18271
v -0.23639 0.00289 0.16222
v -0.23280 -0.00304 0.18011
v -0.22964 -0.00200 0.17207
v -0.22964 0.00042 0.16976
v -0.22940 0.00188 0.16720
v -0.22962 0.00103 0.16871
v -0.23946 -0.00325 0.17408
v -0.23441 -0.00169 0.18244
v -0.23124 -0.00281 0.17672
v -0.23682 0.00119 0.16680
v -0.23671 0.00164 0.16540
v -0.24075 -0.00080 0.18077
v -0.24056 -0.00334 0.17836
v -0.23742 0.00020 0.16728
v -0.23837 -0.00205 0.16919
v -0.23601 0.00000 0.18298
v -0.24072 -0.00041 0.18114
v -0.23571 -0.00044 0.18286
v -0.23520 0.00375 0.18038
v -0.23972 0.00333 0.17887
v -0.24066 -0.00074 0.18082
v -0.23481 0.00065 0.18215
v -0.24094 0.00008 0.17981
v -0.23746 0.00442 0.17964
v -0.23843 -0.00065 0.18269
v -0.23435 0.00192 0.18123
v -0.24064 0.00142 0.17891
v -0.23831 0.01144 0.16690
v -0.23940 0.00972 0.16925
v -0.23113 0.01375 0.16827
v -0.23075 0.01218 0.17125
v -0.23880 0.00934 0.17236
v -0.23216 0.01039 0.17461
v -0.23455 0.01514 0.16710
v -0.23524 0.01241 0.17292
v -0.23197 0.01736 0.15995
v -0.23440 0.01847 0.15974
v -0.23680 0.01644 0.15951
v -0.23972 0.00824 0.15803
v -0.23889 0.00608 0.15784
v -0.23625 0.00454 0.15770
v -0.23274 0.00403 0.15798
v -0.22965 0.00602 0.15936
v -0.22763 0.00840 0.16014
v -0.22798 0.01094 0.16029
v -0.23207 0.01699 0.16140
v -0.23437 0.01703 0.16308
v -0.23643 0.01656 0.16086
v -0.23976 0.00744 0.15992
v -0.23886 0.00519 0.15936
v -0.23600 0.00412 0.15940
v -0.23270 0.00346 0.15961
v -0.22928 0.00542 0.16080
v -0.22778 0.00810 0.16168
v -0.22828 0.01062 0.16221
v -0.23457 0.01906 0.15783
v -0.23669 0.01748 0.15764
v -0.23947 0.00932 0.15561
v -0.23866 0.00592 0.15552
v -0.23638 0.00360 0.15534
v -0.23266 0.00258 0.15558
v -0.22929 0.00481 0.15703
v -0.22777 0.00710 0.15812
v -0.22781 0.01112 0.15789
v -0.23202 0.01800 0.15821
v -0.23082 0.01698 0.15692
v -0.23009 0.01510 0.16012
v -0.23772 0.01402 0.16152
v -0.23846 0.01382 0.15880
v -0.23098 0.01522 0.16261
v -0.23436 0.01808 0.16153
v -0.23795 0.01565 0.15562
v -0.23472 0.01912 0.15563
v -0.24173 0.01033 0.15352
v -0.25253 0.00552 0.15071
v -0.24132 0.00718 0.15326
v -0.25090 0.00227 0.15019
v -0.24272 0.00299 0.16679
v -0.24287 0.00151 0.16738
v -0.25079 0.00129 0.16670
v -0.25043 0.00029 0.16733
v -0.24620 -0.00080 0.16847
v -0.24687 0.00423 0.16662
v -0.24629 0.00031 0.16934
v -0.24675 0.00377 0.16699
v -0.24330 0.00155 0.16797
v -0.24975 0.00051 0.16795
v -0.24993 0.00130 0.16716
v -0.24320 0.00243 0.16734
v -0.24758 0.01428 0.15314
v -0.24535 0.00159 0.15124
v -0.24202 0.00329 0.16534
v -0.25167 0.00129 0.16525
v -0.25129 -0.00035 0.16541
v -0.24202 0.00135 0.16534
v -0.24698 0.00470 0.16580
v -0.24615 -0.00311 0.16568
v -0.24509 -0.00165 0.15499
v -0.24743 0.00824 0.16319
v -0.24126 0.00377 0.16010
v -0.25191 0.00059 0.15815
v -0.25270 0.00283 0.16022
v -0.24167 0.00597 0.16198
v -0.24174 0.00776 0.16023
v -0.25277 0.00418 0.15782
v -0.25152 0.00222 0.15544
v -0.24146 0.00574 0.15802
v -0.24755 0.01010 0.16182
v -0.24505 0.00047 0.15273
v -0.25269 0.00563 0.15296
v -0.25091 0.00257 0.15199
v -0.24755 0.01344 0.15714
v -0.24541 0.00178 0.15254
v -0.24183 0.01038 0.15590
v -0.24153 0.00753 0.15536
v -0.25282 0.00553 0.15561
v -0.25097 0.00311 0.15384
v -0.24761 0.01265 0.15914
v -0.24533 0.00169 0.15306
v -0.24181 0.00959 0.15862
v -0.24162 0.00701 0.15682
v -0.24563 -0.00305 0.16032
v -0.24143 0.00240 0.16282
v -0.25185 -0.00019 0.16169
v -0.25232 0.00184 0.16287
v -0.24706 0.00602 0.16469
v -0.24168 0.00434 0.16386
v -0.24641 0.00326 0.16757
v -0.24636 0.00077 0.16984
v -0.24397 0.00155 0.16853
v -0.24874 0.00070 0.16849
v -0.24879 0.00155 0.16772
v -0.24404 0.00232 0.16775
v -0.24640 0.00246 0.16843
v -0.24637 0.00169 0.16922
v -0.24397 0.01358 0.15359
v -0.25102 0.01121 0.15230
v -0.24397 0.00406 0.16667
v -0.24967 0.00283 0.16654
v -0.24429 0.00372 0.16698
v -0.24905 0.00274 0.16699
v -0.25005 0.00325 0.16551
v -0.24378 0.00458 0.16580
v -0.24397 0.00802 0.16299
v -0.24988 0.01058 0.16002
v -0.24534 0.01186 0.16056
v -0.25069 0.00644 0.16238
v -0.24505 0.01321 0.15754
v -0.24993 0.01180 0.15670
v -0.24497 0.01268 0.15947
v -0.25004 0.01125 0.15837
v -0.25066 0.00426 0.16424
v -0.24372 0.00588 0.16457
v -0.24833 0.00239 0.16746
v -0.24468 0.00325 0.16741
v -0.24256 0.00429 0.15250
v -0.24907 -0.00073 0.16812
v -0.24399 0.00069 0.16867
v -0.24849 0.00121 0.15026
v -0.24299 -0.00139 0.16580
v -0.24166 0.00084 0.15718
v -0.24230 0.00314 0.15498
v -0.24261 0.00442 0.15365
v -0.24256 0.00426 0.15440
v -0.24997 -0.00261 0.16073
v -0.24377 -0.00005 0.16800
v -0.24204 -0.00086 0.16152
v -0.24850 0.00186 0.15277
v -0.24851 0.00148 0.15177
v -0.24881 0.00019 0.16859
v -0.24972 -0.00271 0.16588
v -0.24895 0.00075 0.15317
v -0.24980 -0.00148 0.15574
v -0.24420 0.00084 0.16926
v -0.24843 0.00034 0.16899
v -0.24405 0.00076 0.16905
v -0.24453 0.00338 0.16729
v -0.24864 0.00247 0.16720
v -0.24869 0.00018 0.16877
v -0.24359 0.00136 0.16829
v -0.24929 0.00051 0.16813
v -0.24659 0.00358 0.16738
v -0.24629 0.00053 0.16960
v -0.24358 0.00232 0.16757
v -0.24939 0.00123 0.16753
v -0.25106 0.01063 0.15502
v -0.25157 0.00963 0.15763
v -0.24392 0.01289 0.15646
v -0.24347 0.01172 0.15936
v -0.25072 0.00859 0.16052
v -0.24437 0.01055 0.16125
v -0.24753 0.01361 0.15553
v -0.24764 0.01151 0.16078
v -0.24488 0.01581 0.14962
v -0.24706 0.01602 0.14892
v -0.24946 0.01450 0.14838
v -0.25227 0.00563 0.14660
v -0.25100 0.00219 0.14681
v -0.24876 0.00148 0.14771
v -0.24534 0.00194 0.14872
v -0.24267 0.00446 0.15014
v -0.24158 0.00754 0.15107
v -0.24162 0.01106 0.15143
v -0.24505 0.01540 0.15055
v -0.24743 0.01486 0.15162
v -0.24939 0.01418 0.14961
v -0.25215 0.00557 0.14860
v -0.25084 0.00207 0.14838
v -0.24858 0.00130 0.14872
v -0.24552 0.00181 0.14967
v -0.24270 0.00428 0.15100
v -0.24159 0.00734 0.15194
v -0.24174 0.01072 0.15218
v -0.24702 0.01659 0.14737
v -0.24916 0.01506 0.14681
v -0.25227 0.00566 0.14394
v -0.25134 0.00175 0.14492
v -0.24871 0.00084 0.14601
v -0.24474 0.00157 0.14715
v -0.24209 0.00389 0.14866
v -0.24105 0.00707 0.14990
v -0.24143 0.01146 0.15026
v -0.24482 0.01632 0.14852
v -0.24365 0.01610 0.14806
v -0.24332 0.01467 0.15030
v -0.25076 0.01197 0.15015
v -0.25113 0.01212 0.14775
v -0.24395 0.01417 0.15187
v -0.24728 0.01557 0.15019
v -0.25071 0.01348 0.14477
v -0.24717 0.01686 0.14520
v -0.17368 0.02153 0.11236
v -0.17444 0.01260 0.11217
v -0.18021 0.00350 0.11295
v -0.19125 0.00247 0.11566
v -0.21959 -0.00034 0.11792
v -0.21219 0.00112 0.12124
v -0.20715 0.00284 0.12220
v -0.20162 0.00267 0.12031
v -0.25145 0.00614 0.10470
v -0.24743 0.00235 0.10652
v -0.24234 0.00075 0.10856
v -0.23584 -0.00028 0.11114
v -0.22759 -0.00090 0.11446
v -0.17716 0.02827 0.10143
v -0.17774 0.01894 0.10243
v -0.18253 0.01113 0.10356
v -0.19216 0.00815 0.10567
v -0.22073 0.00212 0.10425
v -0.21359 0.00276 0.10777
v -0.20914 0.00468 0.10899
v -0.20318 0.00634 0.10812
v -0.25064 0.00922 0.09339
v -0.24661 0.00583 0.09469
v -0.24175 0.00358 0.09557
v -0.23622 0.00229 0.09703
v -0.22822 0.00165 0.10017
v -0.17984 0.03825 0.08615
v -0.18080 0.02830 0.08597
v -0.18466 0.02114 0.08729
v -0.19319 0.01567 0.09061
v -0.22338 0.00392 0.09009
v -0.21629 0.00469 0.09293
v -0.21094 0.00704 0.09360
v -0.20398 0.01026 0.09309
v -0.25019 0.01276 0.08030
v -0.24679 0.00877 0.08146
v -0.24254 0.00571 0.08239
v -0.23748 0.00352 0.08359
v -0.23077 0.00304 0.08573
v -0.19346 0.02056 0.07098
v -0.22522 0.00458 0.07162
v -0.21819 0.00439 0.07219
v -0.21233 0.00664 0.07217
v -0.20391 0.01242 0.07200
v -0.24678 0.01184 0.06722
v -0.24242 0.00756 0.06873
v -0.23742 0.00463 0.06978
v -0.23163 0.00383 0.07042
v -0.19182 0.02420 0.05365
v -0.22211 0.00412 0.05364
v -0.21445 0.00430 0.05351
v -0.20856 0.00837 0.05360
v -0.20070 0.01473 0.05377
v -0.24549 0.01466 0.05103
v -0.24061 0.00876 0.05183
v -0.23515 0.00479 0.05209
v -0.22879 0.00392 0.05307
v -0.19012 0.02532 0.03590
v -0.21529 0.00016 0.03153
v -0.20646 0.00438 0.03288
v -0.20109 0.00882 0.03412
v -0.19582 0.01561 0.03518
v -0.24400 0.01719 0.03220
v -0.23922 0.00944 0.03229
v -0.23290 0.00350 0.03151
v -0.22439 0.00132 0.03110
v -0.22498 0.07236 0.07816
v -0.21785 0.07652 0.07932
v -0.24940 0.03487 0.06549
v -0.23643 0.06018 0.07473
v -0.24076 0.05266 0.07084
v -0.23142 0.06702 0.07681
v -0.24501 0.04452 0.06732
v -0.22450 0.08454 0.06608
v -0.21788 0.08807 0.06798
v -0.24491 0.04459 0.05218
v -0.23456 0.07294 0.06142
v -0.23797 0.06398 0.05812
v -0.23015 0.07904 0.06416
v -0.24124 0.05395 0.05458
v -0.22384 0.09856 0.05636
v -0.21762 0.10117 0.05911
v -0.24129 0.05315 0.03692
v -0.23324 0.09015 0.04824
v -0.23671 0.08403 0.04026
v -0.22904 0.09468 0.05295
v -0.23908 0.06416 0.03884
v -0.25119 0.02426 0.06482
v -0.25031 0.01790 0.06552
v -0.24817 0.03295 0.05079
v -0.24854 0.02266 0.05041
v -0.24422 0.04157 0.03452
v -0.24585 0.02799 0.03280
v -0.24183 0.01834 0.01251
v -0.23770 0.00974 0.01319
v -0.23627 0.01721 -0.00608
v -0.23356 0.00798 -0.00324
v -0.22676 0.01533 -0.01542
v -0.22563 0.00608 -0.01110
v -0.21435 0.01450 -0.01756
v -0.21524 0.00477 -0.01208
v -0.20302 0.01632 -0.01112
v -0.20524 0.00595 -0.00718
v -0.19564 0.02104 0.00104
v -0.19860 0.01015 0.00263
v -0.19148 0.02514 0.01800
v -0.19548 0.01444 0.01795
v -0.21458 -0.00162 0.00957
v -0.20574 0.00250 0.01203
v -0.20011 0.00760 0.01669
v -0.23245 0.00358 0.01310
v -0.22422 -0.00021 0.00957
v -0.21644 -0.00109 -0.00357
v -0.20807 0.00079 -0.00133
v -0.20245 0.00414 0.00391
v -0.23026 0.00183 0.00038
v -0.22439 0.00036 -0.00322
v -0.18904 0.07766 0.07565
v -0.20417 0.08136 0.08147
v -0.19295 0.08265 0.07895
v -0.19818 0.08330 0.08112
v -0.21082 0.07788 0.08094
v -0.18578 0.07127 0.07312
v -0.18943 0.09265 0.06436
v -0.19343 0.09531 0.06944
v -0.19878 0.09514 0.07144
v -0.18631 0.08691 0.05805
v -0.18835 0.10737 0.05414
v -0.19316 0.10894 0.06067
v -0.19869 0.10777 0.06308
v -0.18367 0.10329 0.04251
v -0.18376 0.06120 0.07108
v -0.18266 0.04987 0.06977
v -0.18327 0.03747 0.06945
v -0.18638 0.02778 0.06969
v -0.18485 0.07394 0.05496
v -0.18472 0.06064 0.05365
v -0.18536 0.04672 0.05327
v -0.18729 0.03371 0.05317
v -0.18316 0.08334 0.03850
v -0.18462 0.06800 0.03745
v -0.18658 0.05318 0.03725
v -0.18808 0.03795 0.03678
v -0.21445 0.03077 -0.01971
v -0.20434 0.03187 -0.01324
v -0.19704 0.03728 0.00061
v -0.19118 0.03963 0.01889
v -0.21353 0.04833 -0.01912
v -0.20387 0.04928 -0.01254
v -0.19635 0.05319 0.00045
v -0.18965 0.05538 0.01865
v -0.21328 0.06422 -0.01696
v -0.20315 0.06649 -0.01116
v -0.19398 0.06962 -0.00008
v -0.18641 0.07064 0.01746
v -0.21335 0.07920 -0.01475
v -0.20223 0.08197 -0.01060
v -0.18324 0.09100 0.00091
v -0.21362 0.09397 -0.01475
v -0.20180 0.09777 -0.01106
v -0.18388 0.10504 0.00170
v -0.22574 0.03118 -0.01749
v -0.22359 0.04867 -0.01648
v -0.22244 0.06439 -0.01365
v -0.22252 0.07853 -0.01097
v -0.22315 0.09249 -0.01013
v -0.23520 0.03186 -0.00661
v -0.23251 0.04888 -0.00510
v -0.23088 0.06208 -0.00188
v -0.23539 0.07873 0.00420
v -0.23563 0.08969 0.00432
v -0.24264 0.03100 0.01409
v -0.24019 0.04621 0.01623
v -0.23837 0.05831 0.01893
v -0.22340 0.11374 0.04933
v -0.21741 0.11546 0.05241
v -0.23217 0.10823 0.04022
v -0.23480 0.10525 0.03157
v -0.22830 0.11105 0.04538
v -0.18764 0.12191 0.04810
v -0.19268 0.12204 0.05497
v -0.19832 0.12049 0.05734
v -0.18369 0.12290 0.03587
v -0.21283 0.10799 -0.01405
v -0.20142 0.11227 -0.01052
v -0.18480 0.11519 0.00390
v -0.18207 0.11753 0.01039
v -0.22264 0.10647 -0.00948
v -0.23457 0.09770 0.00552
v -0.23685 0.09819 0.01092
v -0.22307 0.12693 0.04514
v -0.21710 0.12808 0.04865
v -0.23173 0.12376 0.03509
v -0.23378 0.12326 0.02636
v -0.22798 0.12544 0.04089
v -0.18717 0.13552 0.04402
v -0.19228 0.13446 0.05017
v -0.19797 0.13278 0.05270
v -0.18349 0.13666 0.03286
v -0.21207 0.11941 -0.01442
v -0.19995 0.12602 -0.01084
v -0.18931 0.13201 0.00058
v -0.18311 0.13641 0.01639
v -0.22220 0.11890 -0.01000
v -0.22927 0.11868 0.00034
v -0.23328 0.12091 0.01359
v -0.22244 0.14198 0.04357
v -0.21636 0.14240 0.04685
v -0.23181 0.14121 0.03240
v -0.23406 0.13962 0.02313
v -0.22784 0.14119 0.03870
v -0.18626 0.15037 0.04038
v -0.19170 0.14891 0.04633
v -0.19731 0.14725 0.04909
v -0.18266 0.15025 0.02953
v -0.21088 0.13490 -0.01520
v -0.19856 0.13957 -0.01136
v -0.18831 0.14544 -0.00090
v -0.18232 0.15005 0.01437
v -0.22151 0.13185 -0.01100
v -0.22904 0.13353 -0.00147
v -0.23310 0.13646 0.01097
v -0.23934 0.08953 0.01193
v -0.23908 0.07891 0.01325
v -0.17987 0.09258 0.00936
v -0.18083 0.10665 0.02085
v -0.12513 0.58384 0.06766
v -0.11764 0.58323 0.05925
v -0.11536 0.60010 0.06321
v -0.12044 0.61984 0.07541
v -0.11260 0.61794 0.06701
v -0.12308 0.60138 0.07177
v -0.13073 0.60268 0.07762
v -0.12847 0.62184 0.08086
v -0.16220 0.62828 0.08050
v -0.12595 0.54031 0.04970
v -0.17393 0.55637 0.07173
v -0.16288 0.60859 0.07926
v -0.19132 0.57250 0.04040
v -0.11628 0.53512 0.01952
v -0.16535 0.67268 0.08095
v -0.16731 0.70176 0.08046
v -0.16844 0.73465 0.07944
v -0.16757 0.76968 0.07835
v -0.11409 0.66053 0.08148
v -0.10545 0.65728 0.07374
v -0.10971 0.68651 0.08395
v -0.10064 0.68284 0.07640
v -0.10466 0.71694 0.08628
v -0.09521 0.71324 0.07883
v -0.09954 0.75062 0.08867
v -0.12625 0.64169 0.08380
v -0.15336 0.64761 0.08578
v -0.15285 0.62667 0.08430
v -0.15378 0.60656 0.08253
v -0.18652 0.70612 0.02865
v -0.18780 0.65041 0.03700
v -0.18765 0.62894 0.04094
v -0.18688 0.60919 0.04599
v -0.18404 0.74055 0.02436
v -0.18049 0.77647 0.02249
v -0.10754 0.58067 0.02475
v -0.10999 0.56554 0.02459
v -0.11025 0.56695 0.03488
v -0.10788 0.58148 0.03653
v -0.10483 0.59787 0.03902
v -0.10124 0.61546 0.04219
v -0.09216 0.65463 0.04978
v -0.08625 0.68069 0.05331
v -0.16331 0.64909 0.08086
v -0.11562 0.72122 0.09180
v -0.11137 0.75463 0.09434
v -0.12351 0.66397 0.08666
v -0.11989 0.69058 0.08921
v -0.11760 0.63914 0.07852
v -0.10943 0.63664 0.07039
v -0.15542 0.76640 0.08963
v -0.15646 0.73198 0.08894
v -0.15598 0.69973 0.08808
v -0.15462 0.67126 0.08716
v -0.09708 0.63390 0.04583
v -0.12847 0.72518 0.09473
v -0.12551 0.75860 0.09738
v -0.13335 0.66695 0.08947
v -0.13128 0.69424 0.09212
v -0.14085 0.76258 0.09614
v -0.14258 0.72881 0.09408
v -0.14358 0.69726 0.09186
v -0.14381 0.66937 0.08982
v -0.10413 0.59742 0.02605
v -0.09988 0.61541 0.02827
v -0.09490 0.63434 0.03101
v -0.08878 0.65591 0.03406
v -0.08183 0.68297 0.03740
v -0.07417 0.71469 0.04063
v -0.05862 0.78499 0.04634
v -0.09471 0.78723 0.09117
v -0.16593 0.80678 0.07718
v -0.10768 0.79103 0.09692
v -0.15402 0.80330 0.08985
v -0.12283 0.79497 0.09976
v -0.13905 0.79910 0.09778
v -0.11766 0.61750 -0.00410
v -0.13328 0.55243 0.06321
v -0.15654 0.58734 0.08039
v -0.13282 0.58431 0.07404
v -0.12008 0.55635 0.05072
v -0.11929 0.56846 0.05508
v -0.11350 0.56803 0.04548
v -0.18658 0.57201 0.05352
v -0.18491 0.59018 0.05318
v -0.06663 0.74922 0.04373
v -0.06592 0.78317 0.06272
v -0.18772 0.67546 0.03323
v -0.17686 0.81345 0.02030
v -0.18688 0.58853 0.01581
v -0.18425 0.60624 0.01330
v -0.18950 0.58900 0.02589
v -0.18188 0.62561 0.01082
v -0.18761 0.60717 0.02271
v -0.18600 0.62696 0.01959
v -0.18445 0.64859 0.01659
v -0.17976 0.64713 0.00841
v -0.16606 0.55507 0.07680
v -0.13348 0.53964 0.05789
v -0.20456 0.52710 0.02226
v -0.21040 0.50965 0.02263
v -0.22381 0.46753 0.02270
v -0.23075 0.44244 0.02135
v -0.23598 0.41485 0.01919
v -0.23891 0.38553 0.01785
v -0.23918 0.35201 0.01527
v -0.23698 0.31381 0.01230
v -0.17218 0.53094 0.07195
v -0.19228 0.57274 0.02836
v -0.13715 0.50929 0.04956
v -0.13868 0.51778 0.05450
v -0.13576 0.52730 0.05515
v -0.13058 0.52462 0.04809
v -0.19914 0.54287 0.02161
v -0.17744 0.54309 0.06919
v -0.19204 0.54351 0.05219
v -0.19954 0.54344 0.03104
v -0.17017 0.54267 0.07429
v -0.17286 0.52151 0.07019
v -0.17918 0.52938 0.06713
v -0.17842 0.51403 0.06584
v -0.12545 0.50393 0.03171
v -0.12043 0.52064 0.03041
v -0.19019 0.57253 0.01825
v -0.14171 0.49227 0.04902
v -0.18062 0.49736 0.06283
v -0.14566 0.47846 0.04974
v -0.18152 0.48347 0.06130
v -0.14893 0.46930 0.05054
v -0.18169 0.47379 0.06077
v -0.19471 0.52851 0.05162
v -0.19688 0.51234 0.05129
v -0.19864 0.49484 0.05139
v -0.19961 0.47605 0.05223
v -0.19846 0.45378 0.05409
v -0.13070 0.48664 0.03369
v -0.13630 0.46841 0.03653
v -0.14431 0.44774 0.03963
v -0.11230 0.55492 0.03446
v -0.12032 0.51775 0.01271
v -0.11920 0.53382 0.01088
v -0.12224 0.50060 0.01398
v -0.11902 0.51889 0.02134
v -0.12259 0.50202 0.02292
v -0.11594 0.53784 0.02991
v -0.11432 0.54614 0.03494
v -0.12063 0.54753 0.04715
v -0.17499 0.67392 0.07127
v -0.17665 0.70316 0.06904
v -0.17732 0.73655 0.06643
v -0.17606 0.77208 0.06429
v -0.17283 0.65026 0.07257
v -0.17116 0.62997 0.07371
v -0.17061 0.61208 0.07428
v -0.17136 0.59902 0.07359
v -0.18232 0.59921 0.05965
v -0.18347 0.61223 0.05635
v -0.18627 0.70539 0.04129
v -0.18568 0.65093 0.04896
v -0.18464 0.63025 0.05255
v -0.18479 0.73937 0.03731
v -0.18184 0.77528 0.03522
v -0.18660 0.67536 0.04554
v -0.17400 0.80927 0.06199
v -0.17868 0.81238 0.03273
v -0.18282 0.67400 0.01342
v -0.17754 0.67254 0.00555
v -0.18031 0.70548 0.00918
v -0.17452 0.70424 0.00161
v -0.17666 0.74056 0.00462
v -0.17067 0.73954 -0.00290
v -0.17252 0.77672 0.00240
v -0.16664 0.77577 -0.00547
v -0.16907 0.81348 0.00029
v -0.16339 0.81247 -0.00777
v -0.13915 0.55880 0.07151
v -0.15652 0.56061 0.07972
v -0.13913 0.55005 0.06825
v -0.15983 0.55221 0.07853
v -0.14185 0.52758 0.06189
v -0.16517 0.53001 0.07391
v -0.16696 0.51940 0.07125
v -0.14402 0.51693 0.05981
v -0.14004 0.53898 0.06459
v -0.16297 0.54133 0.07637
v -0.14568 0.50582 0.05706
v -0.17004 0.50871 0.06779
v -0.14876 0.49208 0.05545
v -0.17241 0.49527 0.06461
v -0.15185 0.47921 0.05474
v -0.17407 0.48238 0.06247
v -0.15416 0.46809 0.05397
v -0.17614 0.47125 0.06110
v -0.13481 0.56651 0.06994
v -0.15945 0.56877 0.07896
v -0.15514 0.44267 0.04838
v -0.18628 0.44632 0.05785
v -0.20382 0.52779 0.03164
v -0.20828 0.51068 0.03222
v -0.21306 0.49147 0.03279
v -0.21842 0.47016 0.03357
v -0.21685 0.48984 0.02264
v -0.12515 0.48172 0.01511
v -0.12680 0.48384 0.02485
v -0.12877 0.46098 0.01616
v -0.13148 0.46418 0.02683
v -0.13320 0.43816 0.01520
v -0.13682 0.44232 0.02727
v -0.13850 0.41323 0.01298
v -0.14170 0.41757 0.02530
v -0.20384 0.42617 0.05250
v -0.14861 0.42125 0.03664
v -0.15806 0.42181 0.04588
v -0.19085 0.42506 0.05652
v -0.22398 0.44596 0.03351
v -0.22863 0.41916 0.03236
v -0.20731 0.39813 0.05115
v -0.16177 0.39696 0.04396
v -0.19444 0.39937 0.05500
v -0.23174 0.39045 0.03125
v -0.14452 0.38581 0.01102
v -0.14702 0.39059 0.02353
v -0.15308 0.39459 0.03469
v -0.18930 0.58924 0.03823
v -0.18865 0.60783 0.03388
v -0.18804 0.62794 0.02975
v -0.18728 0.64960 0.02617
v -0.19733 0.54363 0.04155
v -0.18628 0.67493 0.02253
v -0.18436 0.70616 0.01809
v -0.18124 0.74095 0.01363
v -0.17723 0.77697 0.01156
v -0.17349 0.81380 0.00952
v -0.20065 0.52828 0.04168
v -0.20383 0.51161 0.04211
v -0.20681 0.49321 0.04260
v -0.21012 0.47292 0.04362
v -0.21332 0.44976 0.04465
v -0.21745 0.42333 0.04391
v -0.22047 0.39486 0.04282
v -0.12636 0.55407 0.05683
v -0.12648 0.56793 0.06296
v -0.16699 0.58943 0.07581
v -0.16953 0.57068 0.07411
v -0.11143 0.58236 0.04851
v -0.10580 0.61637 0.05564
v -0.09805 0.65513 0.06317
v -0.08690 0.71132 0.06925
v -0.10880 0.59885 0.05193
v -0.09282 0.68067 0.06638
v -0.10222 0.63467 0.05939
v -0.07962 0.71186 0.05666
v -0.11521 0.55611 0.04299
v -0.18496 0.54320 0.06167
v -0.12482 0.52195 0.03941
v -0.13035 0.50627 0.04034
v -0.18972 0.48095 0.05799
v -0.18961 0.49670 0.05818
v -0.18845 0.51316 0.05916
v -0.18717 0.52876 0.06017
v -0.18761 0.46743 0.05868
v -0.14084 0.47458 0.04399
v -0.14702 0.46215 0.04686
v -0.13566 0.48993 0.04165
v -0.11697 0.54633 0.04112
v -0.17717 0.59829 0.06739
v -0.17778 0.61277 0.06625
v -0.17901 0.63064 0.06397
v -0.18058 0.65094 0.06147
v -0.18232 0.67477 0.05882
v -0.18310 0.70442 0.05537
v -0.18278 0.73808 0.05179
v -0.18067 0.77381 0.04940
v -0.17804 0.81106 0.04682
v -0.15468 0.45721 0.05178
v -0.18038 0.46069 0.05962
v -0.12026 0.53642 0.03980
v -0.11243 0.55183 0.02599
v -0.18922 0.55743 0.05306
v -0.19429 0.55771 0.02037
v -0.19556 0.55806 0.03004
v -0.19410 0.55802 0.04131
v -0.17699 0.58605 0.06645
v -0.17880 0.57061 0.06536
v -0.18190 0.55681 0.06357
v -0.21040 0.36659 0.04880
v -0.16633 0.36697 0.04204
v -0.19790 0.36883 0.05261
v -0.23315 0.35748 0.02906
v -0.22287 0.36265 0.04071
v -0.21335 0.32880 0.04538
v -0.17247 0.32995 0.03978
v -0.20203 0.33119 0.04909
v -0.23301 0.31966 0.02634
v -0.22439 0.32485 0.03769
v -0.15062 0.35402 0.00895
v -0.15259 0.35950 0.02172
v -0.15822 0.36402 0.03291
v -0.15869 0.31592 0.00713
v -0.15978 0.32218 0.02028
v -0.16488 0.32688 0.03118
v -0.12107 0.59773 -0.00236
v -0.12345 0.58001 -0.00106
v -0.12441 0.51727 0.00408
v -0.12489 0.49964 0.00432
v -0.12478 0.53344 0.00300
v -0.12671 0.48006 0.00410
v -0.12979 0.45839 0.00388
v -0.13409 0.43448 0.00183
v -0.13980 0.40882 -0.00086
v -0.14621 0.38097 -0.00283
v -0.12517 0.54872 0.00141
v -0.12476 0.56387 0.00002
v -0.15303 0.34891 -0.00502
v -0.16372 0.32395 -0.01814
v -0.22630 0.46508 0.01059
v -0.23384 0.43920 0.00812
v -0.23920 0.41109 0.00546
v -0.24152 0.38155 0.00413
v -0.24024 0.34797 0.00107
v -0.23444 0.32379 -0.01304
v -0.21830 0.48813 0.01160
v -0.17341 0.64545 0.00129
v -0.16729 0.70257 -0.00508
v -0.16329 0.73806 -0.00928
v -0.15938 0.77433 -0.01209
v -0.15627 0.81102 -0.01470
v -0.17078 0.67094 -0.00124
v -0.21083 0.50848 0.01267
v -0.18664 0.57168 0.01003
v -0.20383 0.52623 0.01313
v -0.17607 0.62360 0.00350
v -0.19737 0.54202 0.01265
v -0.17938 0.60453 0.00576
v -0.19156 0.55692 0.01174
v -0.18276 0.58740 0.00800
v -0.09643 0.63582 0.01630
v -0.10210 0.63779 0.00358
v -0.08925 0.65859 0.01778
v -0.09450 0.66205 0.00296
v -0.10690 0.59759 0.01442
v -0.11260 0.59781 0.00488
v -0.08123 0.68702 0.01975
v -0.08602 0.69177 0.00294
v -0.10220 0.61608 0.01513
v -0.10818 0.61694 0.00411
v -0.07272 0.71934 0.02176
v -0.07726 0.72505 0.00308
v -0.05591 0.78851 0.02567
v -0.06092 0.79359 0.00378
v -0.11033 0.58029 0.01431
v -0.11576 0.58016 0.00558
v -0.06452 0.75367 0.02399
v -0.06918 0.75936 0.00362
v -0.11429 0.54992 0.01685
v -0.11853 0.54906 0.00864
v -0.11257 0.56454 0.01497
v -0.11757 0.56411 0.00669
v -0.11176 0.63965 -0.00600
v -0.10432 0.66505 -0.00815
v -0.09609 0.69610 -0.01002
v -0.08789 0.73023 -0.01189
v -0.08064 0.76480 -0.01300
v -0.07354 0.79894 -0.01424
v -0.21504 0.16100 0.04505
v -0.21325 0.18534 0.04369
v -0.21145 0.21451 0.04389
v -0.20976 0.24960 0.04499
v -0.20657 0.28961 0.04663
v -0.19635 0.16585 0.04506
v -0.19395 0.18911 0.04167
v -0.19095 0.21687 0.03984
v -0.18704 0.25023 0.03895
v -0.18046 0.28905 0.03877
v -0.20286 0.24909 -0.02579
v -0.20384 0.22241 -0.02315
v -0.20540 0.19784 -0.02039
v -0.20756 0.17458 -0.01721
v -0.20943 0.15267 -0.01560
v -0.19088 0.25103 -0.02333
v -0.19252 0.22416 -0.02049
v -0.19424 0.19994 -0.01758
v -0.19640 0.17748 -0.01422
v -0.19778 0.15665 -0.01232
v -0.21463 0.25133 -0.02240
v -0.21499 0.22362 -0.02003
v -0.21629 0.19809 -0.01729
v -0.21816 0.17392 -0.01411
v -0.22009 0.15079 -0.01202
v -0.17975 0.25785 -0.01582
v -0.18275 0.22903 -0.01253
v -0.18489 0.20396 -0.00943
v -0.18699 0.18171 -0.00569
v -0.18790 0.16195 -0.00278
v -0.22495 0.25783 -0.01423
v -0.22445 0.22781 -0.01193
v -0.22515 0.20084 -0.00926
v -0.22644 0.17597 -0.00603
v -0.22798 0.15261 -0.00325
v -0.22147 0.16090 0.04211
v -0.22003 0.18478 0.04088
v -0.21881 0.21323 0.04097
v -0.21804 0.24773 0.04184
v -0.21632 0.28731 0.04313
v -0.22725 0.16070 0.03726
v -0.22631 0.18392 0.03550
v -0.22579 0.21164 0.03516
v -0.22584 0.24515 0.03534
v -0.22559 0.28397 0.03610
v -0.23163 0.15974 0.03004
v -0.23100 0.18275 0.02740
v -0.23090 0.21003 0.02604
v -0.23159 0.24236 0.02541
v -0.23253 0.27971 0.02546
v -0.23370 0.15820 0.02019
v -0.23304 0.18130 0.01676
v -0.23288 0.20800 0.01448
v -0.23356 0.23879 0.01293
v -0.23513 0.27453 0.01227
v -0.23268 0.15553 0.00839
v -0.23162 0.17888 0.00492
v -0.23095 0.20469 0.00189
v -0.23102 0.23369 -0.00032
v -0.23250 0.26764 -0.00204
v -0.19064 0.16718 0.04172
v -0.18834 0.18962 0.03714
v -0.18510 0.21632 0.03430
v -0.18076 0.24847 0.03233
v -0.17353 0.28640 0.03110
v -0.18542 0.16766 0.03522
v -0.18346 0.18929 0.02980
v -0.18035 0.21487 0.02610
v -0.17610 0.24560 0.02324
v -0.16872 0.28224 0.02112
v -0.18201 0.16735 0.02464
v -0.18071 0.18804 0.01925
v -0.17793 0.21236 0.01502
v -0.17413 0.24144 0.01175
v -0.16749 0.27648 0.00899
v -0.18216 0.16606 0.01084
v -0.18145 0.18564 0.00644
v -0.17918 0.20852 0.00238
v -0.17616 0.23567 -0.00102
v -0.17110 0.26866 -0.00456
v -0.07464 0.78293 0.07469
v -0.14341 0.84508 -0.02347
v -0.11934 0.84022 -0.03238
v -0.08380 0.83678 -0.02823
v -0.13269 0.84235 -0.02876
v -0.10273 0.83881 -0.03290
v -0.04910 0.82025 0.05000
v -0.08890 0.82517 0.09426
v -0.16409 0.84551 0.07717
v -0.10295 0.82931 0.10002
v -0.15190 0.84208 0.09120
v -0.11923 0.83361 0.10270
v -0.13634 0.83795 0.10012
v -0.17339 0.85072 0.01825
v -0.17189 0.84770 0.06064
v -0.17565 0.84998 0.03047
v -0.16530 0.85025 -0.00184
v -0.15948 0.84899 -0.01019
v -0.16988 0.85086 0.00769
v -0.17557 0.84907 0.04451
v -0.15224 0.84728 -0.01738
v -0.04547 0.82275 0.02799
v -0.05099 0.82695 0.00400
v -0.06522 0.83227 -0.01612
v -0.06716 0.81982 0.07827
v -0.13845 0.87926 -0.02672
v -0.11301 0.87514 -0.03603
v -0.07574 0.87062 -0.03163
v -0.12719 0.87706 -0.03243
v -0.09547 0.87361 -0.03650
v -0.04135 0.85367 0.05079
v -0.08374 0.86341 0.09634
v -0.16057 0.88433 0.07682
v -0.09824 0.86921 0.10178
v -0.14850 0.88202 0.09121
v -0.11501 0.87444 0.10378
v -0.13257 0.87876 0.10057
v -0.16976 0.88581 0.01616
v -0.16817 0.88557 0.05987
v -0.17163 0.88587 0.02854
v -0.16170 0.88440 -0.00374
v -0.15550 0.88287 -0.01228
v -0.16654 0.88534 0.00554
v -0.17147 0.88584 0.04325
v -0.14783 0.88123 -0.01995
v -0.03745 0.85615 0.02786
v -0.04305 0.85964 0.00260
v -0.05714 0.86513 -0.01865
v -0.06077 0.85493 0.08004
v -0.13586 0.90993 -0.02935
v -0.10804 0.90925 -0.04014
v -0.06749 0.90609 -0.03604
v -0.12363 0.90962 -0.03562
v -0.08868 0.90900 -0.04119
v -0.03509 0.88512 0.05164
v -0.08034 0.89866 0.09790
v -0.15653 0.91974 0.07651
v -0.09558 0.90632 0.10236
v -0.14524 0.91883 0.09035
v -0.11257 0.91255 0.10337
v -0.12999 0.91661 0.09958
v -0.16604 0.91614 0.01714
v -0.16341 0.91942 0.06014
v -0.16709 0.91726 0.02941
v -0.15947 0.91361 -0.00345
v -0.15338 0.91202 -0.01278
v -0.16351 0.91499 0.00638
v -0.16651 0.91838 0.04389
v -0.14561 0.91061 -0.02166
v -0.03079 0.88718 0.02791
v -0.03573 0.89090 0.00124
v -0.04896 0.89866 -0.02139
v -0.05583 0.88745 0.08155
v -0.13506 0.93499 -0.03257
v -0.10541 0.93702 -0.04556
v -0.05970 0.93548 -0.04253
v -0.12234 0.93595 -0.03984
v -0.08376 0.93778 -0.04773
v -0.03125 0.91040 0.05250
v -0.08056 0.92647 0.09844
v -0.15209 0.94901 0.07556
v -0.09616 0.93663 0.10164
v -0.14178 0.94980 0.08832
v -0.11260 0.94434 0.10157
v -0.12834 0.94857 0.09728
v -0.16275 0.94011 0.01786
v -0.15901 0.94670 0.05993
v -0.16349 0.94171 0.02987
v -0.15735 0.93697 -0.00366
v -0.15222 0.93548 -0.01410
v -0.16063 0.93861 0.00685
v -0.16257 0.94383 0.04389
v -0.14502 0.93479 -0.02395
v -0.02611 0.91108 0.02788
v -0.02999 0.91509 -0.00086
v -0.04187 0.92547 -0.02610
v -0.05534 0.91431 0.08376
v -0.13264 0.96075 -0.03586
v -0.10049 0.96362 -0.05206
v -0.04296 0.96127 -0.05091
v -0.11887 0.96229 -0.04466
v -0.07551 0.96357 -0.05523
v -0.01589 0.94157 0.04840
v -0.07855 0.94985 0.09810
v -0.14618 0.97749 0.07420
v -0.09440 0.96658 0.10022
v -0.13539 0.98067 0.08609
v -0.10882 0.97685 0.09920
v -0.12292 0.98122 0.09480
v -0.15857 0.96256 0.01858
v -0.15403 0.97264 0.05961
v -0.15891 0.96429 0.03019
v -0.15432 0.96016 -0.00383
v -0.14988 0.95945 -0.01526
v -0.15710 0.96135 0.00745
v -0.15831 0.96742 0.04321
v -0.14310 0.95970 -0.02613
v -0.00828 0.93969 0.02259
v -0.00747 0.94114 0.00061
v -0.01039 0.95434 -0.03503
v -0.05719 0.93859 0.08732
v -0.13035 0.98654 -0.03884
v -0.09784 0.99060 -0.05835
v -0.03812 0.99026 -0.06381
v -0.11733 0.98900 -0.04992
v -0.07191 0.99100 -0.06419
v -0.07923 1.01113 0.09484
v -0.13980 0.99965 0.07084
v -0.15220 0.98352 0.01972
v -0.14806 0.99291 0.05703
v -0.15304 0.98416 0.03023
v -0.14888 0.98283 -0.00282
v -0.14482 0.98334 -0.01485
v -0.15112 0.98369 0.00846
v -0.15194 0.98716 0.04206
v -0.13939 0.98445 -0.02692
v 0.00000 0.99499 -0.05758
v -0.09856 1.02692 0.09354
v -0.21103 0.11610 0.05529
v -0.20462 0.11789 0.05701
v -0.20465 0.09257 0.07127
v -0.21119 0.08945 0.07006
v -0.21072 0.12845 0.05143
v -0.20428 0.13044 0.05287
v -0.20991 0.14248 0.04877
v -0.20362 0.14506 0.04969
v -0.21112 0.10263 0.06142
v -0.20472 0.10548 0.06313
v -0.14008 0.58606 0.07853
v -0.14766 0.58698 0.08088
v -0.13631 0.62364 0.08409
v -0.14426 0.62515 0.08534
v -0.13494 0.64410 0.08677
v -0.14382 0.64604 0.08745
v -0.13803 0.60409 0.08135
v -0.14554 0.60537 0.08300
v -0.14416 0.55997 0.07547
v -0.15060 0.56070 0.07866
v -0.14558 0.54996 0.07343
v -0.15278 0.55087 0.07727
v -0.14917 0.52788 0.06836
v -0.15723 0.52873 0.07277
v -0.15935 0.51762 0.07003
v -0.15132 0.51671 0.06587
v -0.14717 0.53911 0.07081
v -0.15508 0.53999 0.07517
v -0.15360 0.50514 0.06310
v -0.16184 0.50617 0.06685
v -0.15634 0.49231 0.06068
v -0.16423 0.49342 0.06393
v -0.15893 0.47961 0.05902
v -0.16645 0.48071 0.06165
v -0.16124 0.46790 0.05764
v -0.16883 0.46898 0.06004
v -0.14210 0.57068 0.07624
v -0.14972 0.57147 0.07926
v -0.16519 0.44168 0.05423
v -0.17544 0.44293 0.05746
v -0.16825 0.42254 0.05243
v -0.17907 0.42368 0.05612
v -0.17180 0.39846 0.05075
v -0.18263 0.39930 0.05461
v -0.16308 0.45610 0.05600
v -0.17179 0.45726 0.05870
v -0.17598 0.36879 0.04858
v -0.18642 0.36939 0.05230
v -0.18151 0.33167 0.04580
v -0.19137 0.33215 0.04911
v -0.20873 0.16186 0.04634
v -0.20237 0.16397 0.04640
v -0.20659 0.18640 0.04462
v -0.20007 0.18790 0.04396
v -0.20425 0.21565 0.04449
v -0.19742 0.21661 0.04310
v -0.20176 0.25069 0.04533
v -0.19420 0.25095 0.04323
v -0.19722 0.29065 0.04679
v -0.18846 0.29042 0.04412
v -0.18286 0.08543 0.01576
v -0.19110 0.08416 -0.00148
v -0.18033 0.10714 0.01113
v -0.19234 0.10097 -0.00432
v -0.18256 0.12397 0.01666
v -0.18951 0.11922 0.00030
v -0.23063 0.09068 -0.00180
v -0.23102 0.07412 -0.00003
v -0.23836 0.08837 0.02177
v -0.23804 0.07107 0.02023
v -0.23067 0.10446 0.00177
v -0.23520 0.10559 0.01604
v -0.05758 0.81943 0.06667
v -0.05032 0.85338 0.06809
v -0.04477 0.88564 0.06919
v -0.04247 0.91300 0.07096
v -0.02496 0.94876 0.06791
v -0.02580 0.96591 0.08057
v -0.08389 0.78431 0.08375
v -0.07724 0.82178 0.08690
v -0.07163 0.85818 0.08897
v -0.06731 0.89149 0.09078
v -0.06744 0.91736 0.09238
v -0.06796 0.93561 0.09309
v -0.08968 0.74738 0.08121
v -0.08097 0.74586 0.07191
v -0.07301 0.74651 0.05981
v -0.22719 0.31629 -0.02150
v -0.17563 0.28910 -0.02015
v -0.12789 1.04271 0.07180
v -0.12894 1.01204 -0.03821
v -0.09838 1.01930 -0.06076
v -0.03948 1.02200 -0.06792
v -0.11709 1.01597 -0.05069
v -0.07209 1.02146 -0.06661
v -0.14732 1.00108 0.02127
v -0.14830 0.99993 0.03021
v -0.14440 1.00381 0.00074
v -0.14104 1.00601 -0.01148
v -0.14642 1.00194 0.01195
v -0.14764 1.00229 0.03968
v -0.13601 1.00863 -0.02478
v 0.00000 1.01876 -0.06188
v -0.12714 1.03628 -0.03312
v -0.10024 1.04779 -0.05606
v -0.04761 1.05838 -0.06342
v -0.11683 1.04195 -0.04574
v -0.07652 1.05301 -0.06214
v -0.14496 1.01471 0.02621
v -0.14610 1.01006 0.03105
v -0.14139 1.02242 0.00826
v -0.13837 1.02683 -0.00507
v -0.14336 1.01819 0.01875
v -0.14530 1.01335 0.03756
v -0.13424 1.03141 -0.01936
v 0.00000 1.04340 -0.06164
v -0.14298 1.02346 0.03602
v -0.12889 1.06833 0.05426
v -0.14360 1.01630 0.04684
v -0.14070 1.03321 0.03011
v -0.13676 1.04387 0.04661
v -0.13522 1.05455 0.03750
v 0.00000 1.11015 -0.04721
v -0.11807 1.08447 0.06574
v -0.13901 1.02932 0.05280
v -0.03818 1.10629 -0.05200
v -0.10055 1.11497 -0.01693
v -0.09027 1.11374 -0.03029
v -0.10859 1.11242 -0.00186
v -0.07817 1.10526 -0.04301
v -0.05056 1.09868 -0.05246
v -0.12835 1.05693 0.06475
v -0.01021 1.11072 -0.04694
v -0.06500 1.08699 -0.05405
v -0.13779 1.03923 0.02066
v -0.14489 1.00741 0.05215
v -0.13776 1.01650 0.06419
v -0.08131 1.18775 0.02787
v -0.11338 1.10773 0.01494
v -0.07858 1.19016 0.01410
v -0.07330 1.18892 0.00134
v -0.07997 1.17015 0.06749
v 0.00000 1.06319 -0.05969
v -0.02703 1.09231 -0.05756
v 0.00000 1.10095 -0.05428
v -0.04702 1.17104 -0.01950
v -0.06395 1.18330 -0.00982
v -0.06697 0.96311 0.09370
v -0.08627 0.98999 0.09704
v -0.10135 1.00425 0.09588
v -0.12793 1.00552 0.08302
v -0.11449 1.00840 0.09166
v -0.12647 1.02598 0.07848
v -0.11215 1.03059 0.08882
v -0.11309 1.05048 0.08515
v -0.11523 1.06880 0.07816
v -0.01343 1.14599 -0.02820
v -0.07485 1.15091 -0.01321
v -0.09554 1.12306 0.07425
v -0.04614 1.12113 -0.04263
v -0.00962 1.10198 -0.05340
v -0.09017 1.15018 0.01370
v -0.05194 1.15045 -0.02599
v -0.10785 1.09767 0.07160
v -0.10378 1.07441 0.08496
v 0.00000 1.14405 -0.02633
v -0.02280 1.23531 -0.02315
v 0.00000 1.22474 -0.01939
v -0.01134 1.12080 -0.03992
v 0.00000 1.12010 -0.03964
v 0.00000 1.07924 -0.06071
v -0.03521 1.07990 -0.05988
v -0.10797 1.12132 0.02285
v -0.06436 1.11794 -0.03975
v -0.08220 1.12472 -0.02494
v -0.09423 1.12638 -0.00976
v -0.10238 1.12476 0.00606
v -0.09528 1.14607 0.02871
v -0.08327 1.15145 -0.00053
v -0.06294 1.14939 -0.02204
v -0.34934 1.23307 0.03321
v -0.37005 1.21965 0.03313
v -0.39041 1.20883 0.03244
v -0.40893 1.19936 0.03179
v -0.42461 1.19122 0.03137
v -0.43748 1.18447 0.03102
v -0.46490 1.17156 0.02989
v -0.48117 1.16456 0.02883
v -0.49778 1.15715 0.02766
v -0.51395 1.14911 0.02647
v -0.52871 1.14036 0.02519
v -0.56272 1.13165 0.01152
v -0.54463 1.13775 0.01284
v -0.54166 1.14507 0.05834
v -0.56111 1.15030 0.02083
v -0.56235 1.15480 0.02725
v -0.56042 1.15887 0.04246
v -0.55587 1.15662 0.05037
v -0.55952 1.14528 0.01501
v -0.53897 1.13849 0.05313
v -0.56249 1.15813 0.03439
v -0.55710 1.13972 0.01185
v -0.55309 1.13039 0.01391
v -0.54281 1.13484 0.01711
v -0.54532 1.12956 0.03235
v -0.53835 1.13469 0.03147
v -0.54280 1.13171 0.03888
v -0.53618 1.13697 0.03830
v -0.53482 1.13984 0.04503
v -0.54044 1.13446 0.04563
v -0.54486 1.12911 0.04642
v -0.55741 1.12063 0.04022
v -0.12794 1.07814 0.04008
v -0.12300 1.08598 0.02091
v -0.11911 1.09323 0.00341
v -0.11341 1.09919 -0.01254
v -0.10515 1.10360 -0.02557
v -0.09666 1.10589 -0.03389
v -0.09149 1.09674 -0.04298
v -0.10440 1.09038 -0.03611
v -0.11544 1.08393 -0.02501
v -0.12276 1.07710 -0.01040
v -0.12771 1.06977 0.00593
v -0.13124 1.06225 0.02279
v -0.13488 1.04547 0.00721
v -0.13113 1.05185 -0.00831
v -0.12573 1.05843 -0.02365
v -0.11645 1.06529 -0.03668
v -0.10258 1.07216 -0.04733
v -0.08431 1.07915 -0.05290
v -0.32283 1.26456 0.03515
v -0.31625 1.25785 0.03334
v -0.32630 1.27335 0.03514
v -0.30050 1.24845 0.02139
v -0.29459 1.24786 0.01050
v 0.00000 0.97685 -0.04652
v -0.08213 1.17680 0.05454
v -0.08180 1.18283 0.04125
v -0.11904 1.09491 0.05100
v -0.11694 1.10178 0.03251
v -0.10046 1.13176 0.05978
v -0.10140 1.13916 0.04462
v -0.11177 1.11761 0.04165
v -0.11068 1.10965 0.05630
v -0.09514 1.07442 0.08893
v -0.02875 1.20944 -0.01859
v -0.02951 1.19641 -0.01839
v -0.04524 1.21493 -0.01600
v -0.04610 1.20218 -0.01530
v -0.06204 1.21956 -0.01028
v -0.06244 1.20750 -0.00892
v -0.07355 1.22312 -0.00071
v -0.07357 1.21123 0.00068
v -0.01470 1.20461 -0.01902
v -0.01471 1.19179 -0.01928
v 0.00000 1.20267 -0.01696
v 0.00000 1.18977 -0.01736
v -0.08099 1.22580 0.01143
v -0.08006 1.21309 0.01285
v -0.08360 1.22664 0.02432
v -0.08226 1.21298 0.02590
v -0.08320 1.22639 0.03712
v -0.08278 1.21114 0.03899
v -0.08034 1.22499 0.04986
v -0.08042 1.20755 0.05211
v -0.07485 1.22245 0.06319
v -0.07604 1.20287 0.06540
v -0.08014 1.17833 0.01464
v -0.05766 1.16439 -0.01880
v -0.06784 1.17344 -0.00984
v -0.08274 1.15696 0.06916
v -0.07511 1.17788 0.00146
v -0.08266 1.17531 0.02849
v -0.08520 1.16355 0.05600
v -0.08469 1.16989 0.04237
v -0.04920 1.13596 -0.03368
v 0.00000 1.13040 -0.03162
v -0.09683 1.13697 0.01103
v -0.09982 1.10539 0.07687
v -0.07763 1.13780 -0.01818
v -0.01245 1.13224 -0.03354
v -0.10232 1.13326 0.02697
v -0.08865 1.13846 -0.00422
v -0.06310 1.13564 -0.02920
v -0.10523 1.11888 0.05979
v -0.10677 1.12786 0.04432
v 0.00000 0.99168 0.09310
v -0.01857 0.97840 0.08787
v -0.02465 1.23760 0.11051
v -0.03644 1.24260 0.10355
v -0.04648 1.20643 0.10090
v -0.05748 1.14560 0.09754
v -0.04191 1.09989 0.10662
v -0.06455 1.10238 0.09533
v -0.05564 1.07912 0.10093
v -0.06729 1.08644 0.09558
v -0.06182 1.06267 0.09919
v -0.06907 1.07263 0.09668
v -0.02822 1.11800 0.11163
v -0.05976 1.13136 0.09666
v -0.05069 1.18689 0.09973
v -0.09036 1.04708 0.09414
v -0.08531 1.07112 0.09299
v -0.08708 1.09657 0.08784
v -0.08509 1.11471 0.08507
v -0.07543 1.16217 0.07977
v -0.07743 1.14873 0.08133
v -0.07024 1.19730 0.07843
v -0.06700 1.21897 0.07736
v -0.08141 1.04742 0.09594
v -0.06667 1.01802 0.09774
v -0.10066 1.05090 0.09131
v -0.07667 1.07076 0.09504
v -0.07724 1.09135 0.09216
v -0.07557 1.10882 0.09028
v -0.06701 1.15405 0.08937
v -0.06911 1.14050 0.08957
v -0.06140 1.19098 0.09003
v -0.05705 1.21325 0.09069
v -0.04853 1.25622 0.09255
v 0.00000 1.20528 0.11537
v 0.00000 1.18081 0.11620
v 0.00000 1.12693 0.11414
v 0.00000 1.11597 0.11341
v 0.00000 1.06638 0.11119
v 0.00000 1.05708 0.10970
v 0.00000 1.03260 0.10563
v -0.00988 1.20557 0.11537
v -0.01448 1.12738 0.11405
v -0.02666 1.12861 0.11249
v -0.00635 1.07838 0.11070
v -0.02249 1.06108 0.10921
v -0.02515 1.03737 0.10580
v -0.02849 1.20301 0.11184
v -0.03715 1.13153 0.10927
v -0.02153 1.18100 0.11474
v -0.03688 1.08244 0.10843
v -0.04061 1.06860 0.10551
v -0.04650 1.04785 0.10339
v -0.02301 0.93100 -0.00429
v -0.03052 0.94404 -0.03321
v -0.02640 0.93040 0.05272
v -0.02095 0.92812 0.02762
v -0.04000 0.94010 0.07387
v -0.04520 0.97209 0.08762
v 0.00000 0.93993 0.02193
v 0.00000 0.94696 -0.01687
v 0.00000 0.96595 0.07730
v 0.00000 0.95288 0.06633
v 0.00000 0.94401 0.05286
v 0.00000 0.97862 0.08652
v 0.00000 0.95865 -0.03396
v -0.03147 0.99185 0.09439
v -0.00738 0.94082 0.03814
v 0.00000 0.94208 -0.00311
v -0.01308 0.94244 -0.00765
v -0.01433 0.93867 0.02542
v -0.01826 1.25956 0.11027
v -0.03061 1.23369 0.10841
v -0.00836 1.26270 0.11217
v -0.03728 1.20220 0.10760
v 0.00000 1.24581 0.11376
v -0.04012 1.18407 0.10717
v -0.04654 1.13963 0.10468
v -0.04944 1.12489 0.10281
v -0.05050 1.09531 0.10242
v 0.00000 1.09461 0.11213
v -0.01945 1.20483 0.11431
v -0.01115 1.18119 0.11610
v -0.03122 1.18149 0.11179
v -0.01541 1.11653 0.11334
v -0.03927 1.12044 0.10785
v -0.00705 1.08529 0.11128
v -0.03227 1.09544 0.11039
v -0.02735 1.22184 -0.02015
v -0.04502 1.22729 -0.01816
v -0.06275 1.23174 -0.01260
v -0.07425 1.23568 -0.00288
v -0.01383 1.21583 -0.01990
v 0.00000 1.21421 -0.01780
v -0.08176 1.23878 0.00921
v -0.08412 1.24071 0.02201
v -0.08307 1.24181 0.03478
v -0.07964 1.24222 0.04756
v -0.07385 1.24210 0.06084
v -0.03334 1.22081 0.10831
v -0.04154 1.22626 0.10227
v -0.05283 1.23513 0.09148
v -0.06534 1.24170 0.07628
v -0.02569 1.22123 0.11166
v -0.01728 1.22392 0.11375
v -0.00854 1.22560 0.11457
v 0.00000 1.22585 0.11451
v -0.02965 1.18200 -0.01981
v -0.04625 1.18817 -0.01630
v -0.06278 1.19547 -0.00898
v -0.07299 1.19986 0.00123
v -0.01443 1.17737 -0.02076
v 0.00000 1.17521 -0.01902
v -0.07910 1.20141 0.01368
v -0.08100 1.19995 0.02695
v -0.08183 1.19641 0.04016
v -0.08006 1.19100 0.05326
v -0.07788 1.18507 0.06616
v -0.04343 1.15745 0.10480
v -0.05520 1.16343 0.09806
v -0.07277 1.17832 0.07839
v -0.06469 1.17091 0.08926
v 0.00000 1.15323 0.11597
v -0.01242 1.15362 0.11583
v -0.03477 1.15477 0.11127
v -0.02332 1.15416 0.11445
v -0.08362 1.16451 0.01467
v -0.06393 1.15961 -0.01752
v -0.07177 1.16327 -0.01014
v -0.08802 1.14186 0.07109
v -0.07908 1.16535 0.00128
v -0.08752 1.16114 0.02896
v 0.00000 1.09019 -0.05724
v -0.09194 1.14883 0.05773
v -0.09097 1.15541 0.04342
v -0.05109 1.11146 0.10143
v -0.06203 1.11789 0.09564
v -0.08078 1.13349 0.08310
v -0.07165 1.12675 0.08982
v -0.04118 1.10939 0.10698
v -0.03020 1.10701 0.11133
v -0.01699 1.10483 0.11329
v 0.00000 1.10423 0.11256
v 0.00000 1.00647 0.09864
v -0.07182 1.05088 0.09752
v -0.05753 1.02666 0.10082
v -0.02927 1.00987 0.10021
v -0.02816 1.11031 -0.05015
v -0.02085 1.10012 -0.05512
v -0.03317 1.12253 -0.04257
v -0.04016 1.15152 -0.02758
v -0.03649 1.13601 -0.03482
v -0.01439 1.16164 -0.02390
v 0.00000 1.15940 -0.02206
v -0.00821 0.96950 -0.05205
v -0.02227 1.12222 -0.04122
v -0.01953 1.11181 -0.04796
v -0.01673 1.10435 -0.05254
v -0.02658 1.14903 -0.02835
v -0.02437 1.13439 -0.03436
v -0.02905 1.16578 -0.02300
v -0.02923 1.25296 0.10631
v 0.00000 0.94077 0.04008
v -0.00828 1.01882 -0.06880
v -0.00561 0.99140 -0.06462
v -0.01703 1.04697 -0.06699
v -0.01393 1.08310 -0.06181
v -0.01733 1.06803 -0.06417
v -0.01127 1.09369 -0.05825
v -0.01938 1.07342 0.11107
v 0.00000 1.07088 0.11152
v -0.01717 1.09159 0.11266
v 0.00000 1.08833 0.11206
v 0.00000 1.07755 0.11073
v 0.00000 1.08661 0.11087
v -0.00924 1.07460 0.11168
v -0.00773 1.08513 0.11236
v 0.04572 1.52268 0.04726
v 0.02918 1.50708 0.04586
v 0.00852 1.46675 0.05256
v 0.01814 1.46788 0.04721
v 0.00000 1.46691 0.05336
v 0.00471 1.47688 0.05604
v 0.00919 1.47689 0.05510
v 0.01849 1.47757 0.04820
v 0.00000 1.47698 0.05584
v 0.00440 1.48435 0.05867
v 0.00916 1.48462 0.05783
v 0.01893 1.48631 0.04956
v 0.00000 1.48464 0.05868
v 0.00490 1.49067 0.06169
v 0.00925 1.49107 0.06002
v 0.01959 1.49348 0.05079
v 0.00000 1.49172 0.06238
v 0.00527 1.49371 0.06581
v 0.01016 1.49471 0.06334
v 0.02127 1.49904 0.05234
v 0.00000 1.49435 0.06713
v 0.05328 1.53484 0.08906
v 0.04914 1.52991 0.09406
v 0.04716 1.52306 0.08250
v 0.05103 1.52819 0.07719
v 0.04325 1.51823 0.06777
v 0.04803 1.52437 0.06236
v 0.01389 1.49290 0.08959
v 0.00736 1.48979 0.09483
v 0.00000 1.48859 0.09885
v 0.01319 1.51269 -0.01165
v 0.01157 1.43737 0.05141
v 0.01255 1.44702 0.04997
v 0.01378 1.47718 0.05260
v 0.01418 1.48587 0.05474
v 0.01431 1.49237 0.05644
v 0.01546 1.49689 0.05864
v 0.02175 1.49926 0.07069
v 0.01489 1.43094 0.05233
v 0.01066 1.42800 0.05436
v 0.01379 1.42582 0.05616
v 0.01040 1.42095 0.05953
v -0.04399 1.58836 0.11288
v -0.03851 1.58747 0.11475
v -0.04365 1.59288 0.11594
v -0.03777 1.59174 0.11796
v -0.04877 1.58845 0.11076
v -0.04889 1.59336 0.11355
v -0.05223 1.58781 0.10870
v -0.05642 1.59272 0.10848
v -0.05483 1.58609 0.10623
v -0.05879 1.59162 0.10593
v -0.05637 1.58350 0.10390
v -0.05244 1.55515 0.00669
v -0.05723 1.57985 0.10169
v -0.05760 1.57491 0.10000
v -0.05391 1.56372 0.10311
v -0.05552 1.56166 0.10383
v -0.05053 1.55998 0.10631
v -0.05146 1.55790 0.10747
v -0.04533 1.55849 0.10922
v -0.04588 1.55616 0.11038
v -0.03974 1.55584 0.11214
v -0.03976 1.55810 0.11064
v -0.03385 1.55690 0.11289
v -0.03443 1.55876 0.11034
v -0.02869 1.55891 0.11328
v -0.02975 1.56015 0.10992
v -0.03303 1.58565 0.11587
v -0.03180 1.58961 0.11920
v -0.02509 1.57969 0.11478
v -0.02312 1.58286 0.11868
v -0.02183 1.57302 0.11253
v -0.01920 1.57553 0.11649
v -0.02172 1.56819 0.11129
v -0.01918 1.56888 0.11491
v -0.02297 1.56585 0.11080
v -0.02093 1.56541 0.11439
v -0.05195 1.55524 0.10685
v -0.04625 1.55310 0.11019
v -0.03941 1.55253 0.11283
v -0.03267 1.55439 0.11472
v -0.02676 1.55710 0.11597
v -0.06147 1.59749 0.10545
v -0.07440 1.59819 -0.00557
v -0.05629 1.55917 0.10284
v -0.04401 1.59897 0.11911
v -0.03712 1.59760 0.12173
v -0.05000 1.59945 0.11588
v -0.05865 1.59868 0.10878
v -0.02966 1.59476 0.12330
v -0.02011 1.58537 0.12178
v -0.01616 1.57735 0.11944
v -0.01600 1.56942 0.11790
v -0.01777 1.56482 0.11764
v -0.01179 1.57920 0.12277
v -0.01122 1.57006 0.12116
v -0.01219 1.56330 0.12195
v -0.00653 1.58112 0.12614
v -0.00549 1.57222 0.12342
v -0.00538 1.56681 0.12364
v -0.08191 1.63112 0.02603
v -0.06108 1.57251 0.09744
v -0.07990 1.63288 0.05408
v -0.01525 1.58795 0.12579
v -0.00869 1.58948 0.12979
v -0.06419 1.57386 -0.00211
v -0.04465 1.60858 0.12250
v -0.03598 1.60730 0.12624
v -0.05191 1.60875 0.11807
v -0.06222 1.60703 0.10830
v -0.02457 1.60384 0.12938
v -0.05822 1.56367 0.00195
v -0.06543 1.60512 0.10384
v -0.04667 1.54814 0.10888
v -0.06408 1.56954 0.09140
v -0.05719 1.55561 0.10029
v -0.01167 1.60509 0.13445
v -0.02443 1.63625 0.13084
v -0.01211 1.63635 0.13378
v -0.06360 1.59573 0.10221
v -0.08142 1.62252 0.00843
v -0.00726 1.54315 0.13668
v -0.00911 1.54161 0.13396
v -0.01354 1.53893 0.12881
v -0.00580 1.54939 0.13214
v -0.00536 1.52079 0.13201
v -0.00194 1.52001 0.13301
v -0.01777 1.51669 0.11902
v -0.01560 1.51920 0.12343
v -0.01263 1.51258 0.12215
v -0.01308 1.45708 0.04960
v -0.01488 1.51385 0.12004
v -0.01340 1.46711 0.05049
v -0.01704 1.51672 0.11959
v -0.01440 1.51483 0.12059
v -0.00761 1.41811 0.06017
v -0.01224 1.51364 0.12258
v -0.01466 1.51846 0.12392
v -0.01196 1.51924 0.12788
v -0.01668 1.51678 0.11988
v -0.01420 1.51766 0.12349
v -0.01613 1.51696 0.11955
v -0.01371 1.51662 0.12192
v -0.01557 1.51741 0.11755
v -0.01311 1.51698 0.12028
v -0.01418 1.51557 0.12074
v -0.01365 1.51742 0.11964
v -0.01372 1.51734 0.11829
v -0.01129 1.51802 0.12699
v -0.00520 1.51995 0.13223
v -0.00185 1.51943 0.13311
v -0.00538 1.51806 0.13046
v -0.00209 1.51790 0.13135
v -0.01049 1.51652 0.12510
v -0.00485 1.51643 0.12738
v -0.00188 1.51612 0.12816
v -0.01120 1.51704 0.12158
v -0.01203 1.51459 0.12276
v -0.00928 1.51208 0.12473
v -0.00767 1.51634 0.12440
v -0.00875 1.51371 0.12530
v -0.00488 1.51068 0.12632
v -0.00392 1.51605 0.12587
v -0.00451 1.51317 0.12682
v -0.01395 1.51708 0.12285
v -0.01635 1.51687 0.11980
v -0.03433 1.51500 0.03588
v -0.01405 1.51619 0.12055
v -0.01093 1.51720 0.12601
v -0.00523 1.51705 0.12902
v -0.00209 1.51675 0.12986
v -0.01171 1.51571 0.12254
v -0.00828 1.51504 0.12509
v -0.00423 1.51463 0.12665
v -0.00965 1.51629 0.12302
v -0.00374 1.51617 0.12456
v -0.00715 1.51648 0.12320
v -0.01088 1.51708 0.12056
v -0.00165 1.51582 0.12578
v -0.00433 1.51613 0.12509
v -0.01605 1.51813 0.11533
v -0.01287 1.51858 0.11873
v -0.01483 1.51598 0.11589
v -0.03283 1.51480 0.02719
v -0.00944 1.51792 0.12149
v -0.00360 1.51418 0.12245
v -0.00688 1.51441 0.12140
v -0.01110 1.51524 0.11887
v -0.00153 1.51755 0.12401
v -0.00409 1.51777 0.12320
v -0.01764 1.51909 0.11438
v -0.01401 1.52092 0.11826
v -0.01590 1.51491 0.11482
v -0.02928 1.51361 0.01227
v -0.01027 1.52068 0.12166
v -0.00377 1.51191 0.12243
v -0.00729 1.51223 0.12131
v -0.01207 1.51346 0.11843
v -0.00134 1.52058 0.12375
v -0.00421 1.52081 0.12319
v -0.03589 1.63554 0.12600
v -0.04638 1.63410 0.12049
v -0.05584 1.63223 0.11426
v -0.06955 1.62607 0.10177
v -0.07289 1.62182 0.09590
v -0.03089 1.51424 0.01925
v -0.07039 1.66172 -0.02790
v -0.05843 1.67216 -0.03729
v -0.08191 1.62922 0.00311
v -0.08250 1.63654 -0.00320
v -0.07843 1.60193 0.02288
v -0.05403 1.53324 0.05857
v -0.02910 1.50770 0.01326
v -0.03025 1.50825 0.02042
v -0.07760 1.60380 0.02790
v -0.07857 1.59865 0.01799
v -0.07620 1.58689 0.01290
v -0.06441 1.56282 0.01590
v -0.06830 1.57007 0.01316
v -0.07918 1.66297 -0.00000
v -0.05929 1.68629 -0.01175
v -0.07191 1.67391 -0.00571
v -0.05042 1.69309 0.07527
v -0.00497 1.54458 0.13893
v -0.05268 1.55118 0.10488
v -0.07425 1.61652 0.09051
v -0.05057 1.55462 0.00064
v -0.04829 1.55401 -0.00626
v -0.04025 1.55360 -0.02145
v -0.03320 1.55369 -0.02932
v -0.02474 1.55399 -0.03633
v -0.06758 1.60232 0.09967
v -0.05698 1.56336 -0.00453
v -0.05505 1.56314 -0.01186
v -0.04637 1.56289 -0.02798
v -0.03824 1.56308 -0.03604
v -0.02846 1.56357 -0.04312
v -0.07744 1.62621 0.07429
v -0.06332 1.57432 -0.00914
v -0.06158 1.57447 -0.01705
v -0.05294 1.57498 -0.03400
v -0.04428 1.57539 -0.04208
v -0.03318 1.57613 -0.04912
v -0.07573 1.62121 0.08314
v -0.07360 1.60023 -0.01288
v -0.07241 1.60250 -0.02099
v -0.06487 1.60763 -0.03915
v -0.05591 1.60987 -0.04869
v -0.04330 1.61106 -0.05673
v -0.07996 1.62133 -0.00518
v -0.07978 1.62707 -0.01287
v -0.07541 1.63995 -0.03111
v -0.06717 1.64660 -0.04187
v -0.05465 1.65276 -0.05123
v -0.06004 1.69535 0.01364
v -0.07244 1.68258 0.01658
v -0.06362 1.68354 0.07187
v -0.07945 1.67069 0.01886
v -0.08331 1.64989 0.02238
v -0.08342 1.64394 0.00938
v -0.08278 1.63550 0.01328
v -0.03123 1.50858 0.02852
v -0.08017 1.65373 0.05962
v -0.07257 1.67345 0.06778
v -0.08281 1.64026 0.02410
v -0.08040 1.64347 0.05660
v -0.02571 1.50097 0.04495
v -0.06895 1.66757 0.08262
v -0.07851 1.64992 0.07188
v -0.07904 1.64027 0.06781
v -0.05943 1.67645 0.08820
v -0.04654 1.68451 0.09318
v -0.01555 1.69509 0.10046
v -0.01996 1.65828 -0.06353
v -0.01456 1.61171 -0.06742
v -0.02246 1.71577 0.01052
v -0.02127 1.70745 -0.01871
v -0.01040 1.57798 -0.05797
v -0.00886 1.56530 -0.05214
v -0.00770 1.55526 -0.04502
v -0.01715 1.70825 0.08089
v -0.03403 1.70176 0.07846
v -0.01594 1.55469 -0.04152
v -0.02897 1.61164 -0.06296
v -0.02146 1.57731 -0.05428
v -0.01844 1.56465 -0.04852
v -0.03817 1.65671 -0.05845
v -0.04237 1.70125 -0.01729
v -0.04295 1.70949 0.01128
v -0.03135 1.69162 0.09769
v -0.04449 1.58821 0.10414
v -0.03898 1.58750 0.10571
v -0.04927 1.58790 0.10208
v -0.05191 1.58694 0.10020
v -0.05371 1.58429 0.09757
v -0.05472 1.58147 0.09586
v -0.05551 1.57806 0.09447
v -0.05581 1.57398 0.09423
v -0.05360 1.56352 0.09747
v -0.05109 1.55900 0.10092
v -0.04564 1.55825 0.10371
v -0.03957 1.55779 0.10496
v -0.03467 1.55871 0.10451
v -0.02968 1.56039 0.10375
v -0.03293 1.58558 0.10670
v -0.02497 1.57863 0.10604
v -0.02258 1.57143 0.10529
v -0.02261 1.56757 0.10453
v -0.02306 1.56620 0.10421
v -0.04466 1.58833 0.09928
v -0.03908 1.58782 0.10073
v -0.04927 1.58786 0.09752
v -0.05170 1.58666 0.09584
v -0.05343 1.58385 0.09343
v -0.05448 1.58121 0.09226
v -0.05538 1.57770 0.09174
v -0.05546 1.57369 0.09212
v -0.05320 1.56367 0.09436
v -0.05067 1.55924 0.09701
v -0.04549 1.55819 0.09939
v -0.03937 1.55767 0.10044
v -0.03438 1.55862 0.10000
v -0.02969 1.56058 0.09925
v -0.03302 1.58567 0.10148
v -0.02491 1.57824 0.10077
v -0.02283 1.57081 0.10024
v -0.02289 1.56725 0.09969
v -0.02339 1.56590 0.09942
v -0.01609 1.51564 0.11929
v -0.01586 1.51620 0.11942
v -0.01575 1.51666 0.11936
v -0.01552 1.51709 0.11890
v -0.01541 1.51722 0.11691
v -0.01663 1.51694 0.11416
v -0.01795 1.51682 0.11306
v -0.01649 1.52064 0.11604
v -0.01500 1.51880 0.11695
v -0.01501 1.51746 0.11849
v -0.01578 1.51693 0.12021
v -0.01600 1.51707 0.12074
v -0.01634 1.51731 0.12086
v -0.01684 1.51765 0.12069
v -0.04314 1.54051 0.01461
v -0.03822 1.58871 0.11630
v -0.04379 1.58970 0.11443
v -0.04874 1.59003 0.11233
v -0.05259 1.58975 0.11022
v -0.05933 1.57361 0.09895
v -0.05475 1.56319 0.10400
v -0.05104 1.55946 0.10738
v -0.04558 1.55775 0.11009
v -0.03971 1.55735 0.11142
v -0.03419 1.55810 0.11140
v -0.02946 1.55971 0.11124
v -0.03271 1.58686 0.11746
v -0.02459 1.58090 0.11681
v -0.02095 1.57394 0.11426
v -0.02084 1.56839 0.11269
v -0.02237 1.56561 0.11215
v -0.03993 1.53394 0.01841
v -0.00666 1.54053 0.13977
v -0.01600 1.53235 0.12623
v -0.00474 1.54220 0.14245
v -0.01049 1.53652 0.13172
v -0.00825 1.53906 0.13690
v -0.03810 1.54623 0.11312
v -0.02999 1.55036 0.11683
v -0.00405 1.55927 0.12812
v -0.00890 1.55641 0.12675
v -0.05601 1.56852 0.10092
v -0.02608 1.56247 0.11011
v -0.02440 1.56176 0.11374
v -0.02179 1.56052 0.11690
v -0.02345 1.55398 0.11919
v -0.01782 1.55790 0.12078
v -0.05473 1.56826 0.09576
v -0.02633 1.56254 0.10366
v -0.05459 1.56831 0.09323
v -0.02651 1.56271 0.09896
v -0.05732 1.56806 0.10095
v -0.02562 1.56221 0.11150
v -0.03209 1.52599 0.11159
v -0.04912 1.53574 0.10122
v -0.03312 1.52074 0.10763
v -0.00642 1.49389 0.11290
v -0.01187 1.49619 0.10960
v -0.01805 1.49989 0.10598
v -0.00689 1.51300 -0.01389
v -0.02456 1.50475 0.10291
v -0.03001 1.51046 0.10232
v -0.03271 1.51567 0.10420
v -0.02330 1.51267 -0.00418
v -0.02011 1.49768 0.09491
v -0.01315 1.49358 0.10103
v -0.00730 1.49094 0.10583
v -0.03841 1.51721 0.09694
v -0.03388 1.51016 0.09220
v -0.02789 1.50402 0.09144
v -0.03929 1.52256 0.10268
v -0.05410 1.54065 0.09641
v -0.05823 1.54710 0.09014
v -0.06553 1.56631 0.08016
v -0.04935 1.64707 0.11559
v -0.07295 1.63445 0.09529
v -0.01309 1.65285 0.13074
v -0.02600 1.65207 0.12728
v -0.03813 1.65000 0.12167
v -0.05932 1.64353 0.10860
v -0.07499 1.62839 0.08861
v -0.06625 1.56509 0.07368
v -0.05778 1.54261 0.08252
v -0.02602 1.51285 0.00071
v -0.00681 1.49268 0.08211
v -0.01381 1.49535 0.07753
v -0.02972 1.50633 0.06014
v -0.02218 1.49786 0.08293
v -0.06429 1.65549 0.09842
v -0.07613 1.64255 0.08560
v -0.05439 1.66152 0.10514
v -0.04222 1.66682 0.11128
v -0.07726 1.63485 0.07923
v -0.06645 1.56372 0.06634
v -0.05626 1.53759 0.07117
v -0.01458 1.67292 0.12039
v -0.02883 1.67104 0.11699
v -0.03144 1.54131 0.11657
v -0.02503 1.54630 0.11999
v -0.01900 1.54996 0.12314
v -0.01380 1.55322 0.12519
v -0.04691 1.54757 0.01089
v -0.00701 1.54005 -0.02845
v -0.01403 1.53982 -0.02540
v -0.02091 1.53955 -0.02054
v -0.02632 1.53920 -0.01525
v -0.03026 1.53882 -0.00976
v -0.03589 1.53880 0.00143
v -0.03900 1.53950 0.00814
v -0.07881 1.63033 0.06409
v -0.03240 1.53211 0.00518
v -0.02733 1.53177 -0.00550
v -0.02392 1.53202 -0.00995
v -0.01939 1.53236 -0.01452
v -0.01354 1.53275 -0.01873
v -0.00697 1.53297 -0.02183
v -0.03584 1.53283 0.01177
v -0.03774 1.52829 0.10825
v -0.00602 1.49457 0.07241
v -0.01211 1.49595 0.06876
v -0.02460 1.50366 0.05498
v -0.01872 1.49923 0.06356
v -0.03294 1.50699 0.06708
v -0.03804 1.51251 0.07798
v -0.04297 1.51907 0.08840
v -0.04452 1.52573 0.09823
v -0.04353 1.53162 0.10493
v -0.00932 1.51125 0.12428
v -0.00496 1.51017 0.12584
v -0.01671 1.51494 0.11866
v -0.01759 1.51809 0.12030
v -0.01257 1.52040 0.12729
v -0.00726 1.52070 0.12247
v -0.00854 1.51812 0.12884
v -0.00881 1.51970 0.13042
v -0.00675 1.51783 0.12236
v -0.00702 1.51631 0.12410
v -0.00817 1.51714 0.12758
v -0.00773 1.51653 0.12639
v -0.00904 1.52076 0.13013
v -0.07804 1.65256 -0.01830
v -0.02135 1.68563 -0.04882
v -0.04082 1.68341 -0.04308
v -0.07799 1.59372 0.01466
v -0.04932 1.63186 -0.05725
v -0.06289 1.62938 -0.04855
v -0.07755 1.61222 -0.01143
v -0.06056 1.59005 0.10343
v -0.07136 1.62491 -0.03776
v -0.07693 1.61599 -0.01912
v -0.01741 1.63328 -0.06932
v -0.03340 1.63286 -0.06397
v -0.07250 1.57873 0.01227
v -0.06877 1.58706 -0.01216
v -0.07800 1.60851 -0.00416
v -0.05018 1.59123 -0.04665
v -0.05915 1.59034 -0.03802
v -0.06747 1.58813 -0.02039
v -0.03818 1.59210 -0.05393
v -0.01243 1.59340 -0.06323
v -0.02500 1.59300 -0.05940
v -0.06962 1.58586 -0.00450
v -0.07698 1.60492 0.03302
v -0.07653 1.60236 0.03844
v -0.07456 1.59112 0.04477
v -0.07156 1.58518 0.05750
v -0.05800 1.54423 0.04125
v -0.06048 1.55666 0.02051
v -0.05618 1.54858 0.03081
v -0.05642 1.54596 0.03551
v -0.06589 1.56203 0.05848
v -0.00705 1.54722 -0.03646
v -0.01485 1.54693 -0.03311
v -0.02257 1.54649 -0.02886
v -0.02966 1.54623 -0.02245
v -0.03475 1.54606 -0.01583
v -0.04141 1.54627 -0.00213
v -0.05862 1.56689 0.10015
v -0.04426 1.54681 0.00472
v -0.06551 1.56117 0.05198
v -0.05758 1.55174 0.02604
v -0.03849 1.58754 0.11083
v -0.04417 1.58831 0.10881
v -0.05617 1.57868 0.09929
v -0.05540 1.58247 0.10054
v -0.05426 1.58519 0.10228
v -0.05196 1.58742 0.10487
v -0.04906 1.58817 0.10664
v -0.03274 1.58571 0.11225
v -0.02192 1.56807 0.10953
v -0.02253 1.56633 0.10909
v -0.02200 1.57238 0.11040
v -0.05405 1.56317 0.10065
v -0.02946 1.55994 0.10822
v -0.03441 1.55871 0.10900
v -0.02475 1.57935 0.11148
v -0.03973 1.55789 0.10977
v -0.04533 1.55813 0.10797
v -0.05095 1.55842 0.10418
v -0.05639 1.57400 0.09901
v -0.02604 1.56210 0.10826
v -0.05536 1.56814 0.09976
v -0.00471 1.41025 0.06372
v -0.02352 1.42495 0.05570
v -0.02433 1.42051 0.06245
v -0.03908 1.42893 0.04706
v -0.04096 1.42577 0.05448
v -0.04804 1.43057 0.04383
v -0.04886 1.42753 0.05253
v -0.05860 1.43198 0.04060
v -0.05997 1.42896 0.04948
v -0.07252 1.43760 0.03591
v -0.07494 1.43360 0.04267
v -0.08171 1.44419 0.02940
v -0.08578 1.44059 0.03396
v -0.08678 1.44953 0.01989
v -0.09298 1.44685 0.02243
v -0.03146 1.52018 0.01750
v -0.02855 1.50187 0.03727
v -0.02965 1.50201 0.02128
v -0.02623 1.46982 0.03756
v -0.03127 1.47191 0.02505
v -0.02685 1.45077 0.04091
v -0.03533 1.45463 0.02971
v -0.02514 1.43293 0.04794
v -0.03985 1.43698 0.03931
v -0.02961 1.51950 0.01073
v -0.02905 1.50162 0.01401
v -0.03271 1.47301 0.01779
v -0.03885 1.45718 0.02200
v -0.04988 1.44026 0.03216
v -0.00957 1.41275 0.06470
v -0.00408 1.42335 0.05488
v -0.00748 1.42522 0.05559
v -0.00403 1.44523 0.05183
v -0.00809 1.44582 0.05132
v -0.01721 1.44819 0.04792
v -0.03322 1.52630 0.01507
v -0.03055 1.52570 0.00839
v -0.01539 1.41689 0.06400
v -0.01707 1.42408 0.05678
v -0.01951 1.43181 0.05071
v -0.02223 1.44940 0.04492
v -0.02259 1.46883 0.04276
v -0.05526 1.44834 0.01895
v -0.06528 1.44648 0.02085
v -0.06069 1.43829 0.03169
v -0.08198 1.62755 0.01693
v -0.07996 1.61601 0.00136
v -0.03213 1.42300 0.05942
v -0.03009 1.42628 0.05183
v -0.03455 1.52119 0.02497
v -0.02973 1.50211 0.02922
v -0.02909 1.47084 0.03167
v -0.03125 1.45245 0.03590
v -0.03173 1.43465 0.04413
v -0.03636 1.52728 0.02228
v -0.06076 1.54754 0.05811
v -0.06198 1.55060 0.06773
v -0.06295 1.57820 0.09654
v -0.05990 1.56496 0.09851
v -0.06244 1.55356 0.07710
v -0.06226 1.55633 0.08425
v -0.06108 1.56225 0.09523
v -0.06469 1.58928 -0.02903
v -0.07895 1.63318 -0.02141
v -0.07523 1.65867 0.07691
v -0.07562 1.62031 -0.02787
v -0.05856 1.57463 -0.02538
v -0.07000 1.60504 -0.02972
v -0.05180 1.56291 -0.01981
v -0.05312 1.59331 0.11106
v -0.04514 1.55360 -0.01371
v -0.05487 1.59932 0.11234
v -0.02987 1.53173 -0.00063
v -0.03324 1.53848 -0.00460
v -0.06741 1.63932 0.10179
v -0.07169 1.64913 0.09183
v -0.05778 1.60821 0.11320
v -0.06378 1.62955 0.10790
v -0.08268 1.65309 0.00501
v -0.08171 1.64418 -0.01026
v -0.03855 1.54594 -0.00894
v -0.08269 1.65992 0.02074
v -0.07789 1.66347 0.06347
v -0.02760 1.51529 0.10946
v -0.05878 1.58427 0.10298
v -0.05751 1.58681 0.10537
v -0.05557 1.58865 0.10782
v -0.06516 1.59319 0.09879
v -0.06869 1.59815 0.09539
v -0.07631 1.61496 0.07024
v -0.07377 1.60830 0.08486
v -0.01665 1.50298 0.11246
v -0.06200 1.58808 0.10082
v -0.05978 1.58144 0.10072
v -0.06599 1.58937 0.09590
v -0.06332 1.58581 0.09838
v -0.06131 1.57981 0.09873
v -0.08043 1.61568 0.01354
v -0.07844 1.61999 0.05248
v -0.08034 1.62164 0.02830
v -0.07747 1.61781 0.06122
v -0.07779 1.60415 0.00327
v -0.08060 1.61946 0.02065
v -0.07947 1.61041 0.00764
v -0.06415 1.58276 0.09638
v -0.06586 1.58332 0.09397
v -0.07825 1.58746 0.03796
v -0.07825 1.58746 0.03796
v -0.07582 1.57992 0.04011
v -0.07653 1.58082 0.03863
v -0.07566 1.57805 0.03870
v -0.07614 1.57950 0.03822
v -0.07432 1.57621 0.03555
v -0.07560 1.57888 0.03524
v -0.07288 1.57629 0.03330
v -0.07516 1.57907 0.03297
v -0.08268 1.59353 0.03569
v -0.08182 1.59276 0.03523
v -0.06275 1.57122 0.09524
v -0.06469 1.57736 0.09387
v -0.06612 1.57660 0.08982
v -0.06759 1.58393 0.09002
v -0.00586 1.49823 0.11739
v -0.02739 1.52453 0.11475
v -0.02811 1.51976 0.11142
v -0.01125 1.49994 0.11520
v -0.06862 1.59234 0.09209
v -0.07198 1.59808 0.08131
v -0.02162 1.50679 0.11003
v -0.06967 1.58539 0.07905
v -0.02790 1.51315 0.00614
v -0.06770 1.57538 0.07870
v -0.07495 1.61153 0.07831
v -0.07298 1.59953 0.07489
v -0.07048 1.58583 0.07266
v -0.06842 1.57487 0.07244
v -0.07401 1.60123 0.06743
v -0.07107 1.58570 0.06560
v -0.06879 1.57396 0.06558
v -0.06872 1.57276 0.05852
v -0.07356 1.59148 0.05158
v -0.07499 1.60287 0.05933
v -0.00798 1.53509 0.13337
v -0.02549 1.51100 0.10886
v -0.01895 1.51259 -0.00842
v -0.01340 1.54567 0.12753
v -0.02550 1.53761 0.12003
v -0.01868 1.54244 0.12466
v -0.00950 1.54753 0.13002
v -0.00600 1.53860 0.13949
v -0.00237 1.54350 0.14491
v -0.00226 1.54566 0.14052
v -0.00251 1.55061 0.13478
v -0.00217 1.54041 0.14357
v -0.00420 1.53963 0.14177
v -0.07598 1.60456 0.05178
v -0.07861 1.61255 0.03073
v -0.07907 1.61140 0.02436
v -0.07932 1.60867 0.01843
v -0.07888 1.60451 0.01338
v -0.07773 1.59940 0.00992
v -0.07493 1.59527 0.00204
v -0.07537 1.59129 0.00838
v -0.07029 1.58401 0.00239
v -0.07135 1.58161 0.00801
v -0.06652 1.57186 0.00927
v -0.06517 1.57313 0.00411
v -0.06191 1.56342 0.01214
v -0.05987 1.56369 0.00738
v -0.05485 1.55571 0.01189
v -0.05765 1.55623 0.01646
v -0.05068 1.54874 0.01637
v -0.05428 1.55013 0.02140
v -0.04759 1.54219 0.02055
v -0.05184 1.54444 0.02632
v -0.05033 1.53922 0.03060
v -0.04506 1.53578 0.02453
v -0.04952 1.53196 0.03743
v -0.04185 1.52914 0.02937
v -0.02126 1.71741 0.03859
v -0.04208 1.52422 0.03833
v -0.06856 1.57130 0.05335
v -0.03107 1.50837 0.03712
v -0.03816 1.52288 0.03234
v -0.07049 1.57839 0.05262
v -0.05943 1.54390 0.04968
v -0.05214 1.53176 0.04686
v -0.07234 1.58305 0.04746
v -0.07158 1.58197 0.04985
v -0.02393 1.49450 0.04419
v -0.02317 1.48686 0.04359
v -0.02279 1.47822 0.04292
v -0.02866 1.49521 0.02966
v -0.02819 1.48760 0.03025
v -0.02840 1.47948 0.03080
v -0.02698 1.49501 0.03713
v -0.02624 1.48724 0.03715
v -0.02607 1.47883 0.03713
v -0.02996 1.48014 0.02388
v -0.02929 1.48797 0.02297
v -0.02927 1.49530 0.02207
v -0.03082 1.48071 0.01666
v -0.02968 1.48815 0.01569
v -0.02919 1.49515 0.01479
v -0.03943 1.51515 0.05384
v -0.03510 1.51413 0.04604
v -0.08488 1.59518 0.03232
v -0.08409 1.59405 0.03227
v -0.08702 1.59541 0.02803
v -0.08605 1.59430 0.02811
v -0.08829 1.59306 0.02363
v -0.08700 1.59206 0.02400
v -0.08132 1.59131 0.03324
v -0.08245 1.59228 0.03223
v -0.08188 1.59054 0.03118
v -0.08316 1.59194 0.03003
v -0.08248 1.58914 0.02890
v -0.08394 1.59001 0.02719
v -0.08274 1.58635 0.02711
v -0.08421 1.58540 0.02443
v -0.08168 1.58386 0.02774
v -0.08201 1.58159 0.02600
v -0.07885 1.58611 0.03042
v -0.07888 1.58121 0.02987
v -0.07752 1.58622 0.03343
v -0.07676 1.58129 0.03313
v -0.07749 1.58664 0.03520
v -0.07629 1.58112 0.03553
v -0.08407 1.58058 0.02135
v -0.08221 1.57866 0.02311
v -0.08272 1.57553 0.01934
v -0.08135 1.57507 0.02130
v -0.08101 1.57093 0.01838
v -0.07970 1.57134 0.02035
v -0.07896 1.56685 0.01867
v -0.07716 1.56772 0.02055
v -0.07626 1.56336 0.02041
v -0.07393 1.56441 0.02231
v -0.07307 1.56018 0.02445
v -0.07077 1.56169 0.02647
v -0.07053 1.55830 0.03008
v -0.06889 1.56045 0.03119
v -0.06910 1.55732 0.03372
v -0.06785 1.55975 0.03419
v -0.06814 1.55700 0.03649
v -0.06702 1.55902 0.03625
v -0.06747 1.55722 0.03933
v -0.06652 1.55907 0.03860
v -0.06653 1.55806 0.04184
v -0.06597 1.55974 0.04075
v -0.08822 1.58895 0.02052
v -0.08694 1.58821 0.02063
v -0.08745 1.58316 0.01812
v -0.08611 1.58270 0.01821
v -0.08560 1.57638 0.01563
v -0.08344 1.57588 0.01601
v -0.08292 1.57014 0.01411
v -0.08144 1.56985 0.01556
v -0.07980 1.56475 0.01463
v -0.07929 1.56518 0.01615
v -0.07732 1.56071 0.01641
v -0.07711 1.56154 0.01778
v -0.07419 1.55619 0.02019
v -0.07414 1.55732 0.02127
v -0.06578 1.56251 0.04359
v -0.06546 1.56216 0.04288
v -0.06659 1.56471 0.04229
v -0.06487 1.55181 0.02741
v -0.06826 1.56890 0.05121
v -0.07256 1.57808 0.04397
v -0.06903 1.57207 0.05082
v -0.07049 1.56726 0.04132
v -0.07024 1.57575 0.04979
v -0.07103 1.56946 0.04036
v -0.07108 1.57859 0.04831
v -0.07189 1.57284 0.04088
v -0.07185 1.58030 0.04715
v -0.07323 1.57615 0.04119
v -0.07032 1.55160 0.02710
v -0.07079 1.55328 0.02796
v -0.06741 1.54946 0.03284
v -0.06842 1.55166 0.03348
v -0.06588 1.54785 0.03704
v -0.06696 1.55102 0.03739
v -0.06534 1.54732 0.04053
v -0.06630 1.55120 0.04056
v -0.06485 1.55061 0.04409
v -0.06570 1.55303 0.04375
v -0.06599 1.56039 0.04723
v -0.06616 1.56081 0.04644
v -0.07147 1.57490 0.04421
v -0.06883 1.56591 0.04403
v -0.06846 1.56546 0.04262
v -0.07078 1.57176 0.04444
v -0.07594 1.57900 0.03719
v -0.07543 1.57707 0.03736
v -0.06763 1.56519 0.04228
v -0.07775 1.58705 0.03675
v -0.08114 1.59189 0.03452
v -0.06618 1.56133 0.04551
v -0.06643 1.55580 0.04290
v -0.06709 1.55465 0.04001
v -0.06796 1.55421 0.03692
v -0.06890 1.55418 0.03340
v -0.07406 1.55845 0.02223
v -0.07690 1.56229 0.01879
v -0.07919 1.56594 0.01732
v -0.08070 1.57009 0.01685
v -0.08219 1.57559 0.01743
v -0.08442 1.58191 0.01943
v -0.08500 1.58716 0.02215
v -0.08512 1.59126 0.02551
v -0.08452 1.59318 0.02899
v -0.08318 1.59309 0.03231
v -0.07630 1.58079 0.03736
v -0.07084 1.55538 0.02864
v -0.06989 1.56913 0.04536
v -0.06260 1.54934 0.03270
v -0.06848 1.56677 0.04692
v -0.07692 1.58994 0.04194
v -0.07948 1.59724 0.03830
v -0.08137 1.59925 0.03379
v -0.08298 1.59934 0.02867
v -0.08413 1.59732 0.02274
v -0.08434 1.59324 0.01808
v -0.08417 1.58762 0.01528
v -0.08266 1.58117 0.01378
v -0.07987 1.57406 0.01259
v -0.07620 1.56659 0.01337
v -0.07241 1.56077 0.01601
v -0.06853 1.55584 0.02071
v -0.06255 1.54850 0.04504
v -0.06205 1.54530 0.04125
v -0.06198 1.54666 0.03687
v -0.07410 1.58167 0.04351
v -0.06539 1.55999 0.04859
v -0.07795 1.58910 0.04071
v -0.06785 1.55130 0.02710
v -0.06509 1.54899 0.03265
v -0.06891 1.56636 0.04550
v -0.07286 1.57725 0.04294
v -0.08178 1.59601 0.03739
v -0.08425 1.59848 0.03309
v -0.08622 1.59895 0.02834
v -0.08755 1.59652 0.02241
v -0.08750 1.59164 0.01825
v -0.08665 1.58576 0.01557
v -0.08488 1.57905 0.01389
v -0.08202 1.57224 0.01255
v -0.07879 1.56562 0.01333
v -0.07564 1.56059 0.01577
v -0.07177 1.55562 0.02023
v -0.06370 1.54914 0.04461
v -0.06359 1.54536 0.04080
v -0.06395 1.54642 0.03685
v -0.06569 1.56015 0.04795
v -0.07117 1.57070 0.04233
v -0.07170 1.57405 0.04280
v -0.07054 1.56812 0.04325
v -0.07477 1.58072 0.04236
v -0.05963 1.55137 0.03369
v -0.06919 1.57092 0.04880
v -0.06073 1.55343 0.02900
v -0.07011 1.57404 0.04784
v -0.07109 1.57695 0.04685
v -0.07191 1.57955 0.04606
v -0.07590 1.59053 0.04279
v -0.07295 1.58271 0.04558
v -0.06511 1.55999 0.04930
v -0.06809 1.56790 0.04965
v -0.07587 1.59750 0.03871
v -0.07582 1.59771 0.03474
v -0.07640 1.59679 0.03047
v -0.07824 1.59539 0.02539
v -0.07936 1.59279 0.02015
v -0.07927 1.58861 0.01698
v -0.07790 1.58310 0.01545
v -0.07447 1.57635 0.01477
v -0.07046 1.56865 0.01568
v -0.06708 1.56248 0.01827
v -0.06357 1.55719 0.02307
v -0.06142 1.54938 0.04596
v -0.06065 1.54821 0.04206
v -0.05975 1.54933 0.03762
v -0.06947 1.56662 0.03998
v -0.06999 1.56845 0.03908
v -0.07145 1.57155 0.03920
v -0.07314 1.57482 0.03945
v -0.06771 1.56658 0.04047
v -0.06829 1.56827 0.03927
v -0.07002 1.57079 0.03855
v -0.07224 1.57378 0.03828
v -0.06558 1.56624 0.04080
v -0.06662 1.56817 0.03943
v -0.06829 1.57037 0.03851
v -0.07098 1.57298 0.03744
v -0.07418 1.57559 0.02893
v -0.07325 1.57607 0.03112
v -0.07454 1.57435 0.02702
v -0.07390 1.57256 0.02576
v -0.07191 1.57038 0.02531
v -0.06855 1.56813 0.02602
v -0.06528 1.56595 0.02791
v -0.06325 1.56404 0.03045
v -0.06220 1.56262 0.03255
v -0.06125 1.56184 0.03451
v -0.06072 1.56166 0.03647
v -0.06055 1.56172 0.03819
v -0.06092 1.56212 0.03955
v -0.06304 1.56375 0.04117
v -0.07780 1.57878 0.02718
v -0.07825 1.57728 0.02436
v -0.06942 1.56536 0.02375
v -0.06667 1.56250 0.02758
v -0.06327 1.55999 0.03814
v -0.06370 1.56077 0.03996
v -0.06463 1.56285 0.04175
v -0.07600 1.57170 0.02183
v -0.07302 1.56863 0.02201
v -0.06417 1.56007 0.03356
v -0.06341 1.55976 0.03582
v -0.07765 1.57466 0.02267
v -0.06512 1.56093 0.03102
v -0.07632 1.57902 0.03021
v -0.06046 1.56913 0.03744
v -0.06051 1.56957 0.03676
v -0.05863 1.56689 0.03959
v -0.05928 1.56744 0.03917
v -0.05979 1.56807 0.03867
v -0.06026 1.56858 0.03809
v -0.06049 1.57004 0.03558
v -0.06058 1.56987 0.03611
v -0.06045 1.57012 0.03522
v -0.06040 1.56987 0.03498
v -0.06027 1.56955 0.03514
v -0.06018 1.56910 0.03550
v -0.05995 1.56857 0.03605
v -0.05964 1.56802 0.03672
v -0.05937 1.56756 0.03741
v -0.05903 1.56706 0.03808
v -0.05855 1.56663 0.03872
v -0.05821 1.56631 0.03926
v -0.05783 1.56611 0.03968
v -0.05815 1.56647 0.03988
v -0.05944 1.56326 0.03738
v -0.05838 1.56456 0.03816
v -0.05816 1.56566 0.03848
v -0.05781 1.56547 0.03925
v -0.05803 1.56447 0.03920
v -0.05927 1.56322 0.03869
v -0.06440 1.56831 0.04000
v -0.06187 1.56841 0.04031
v -0.06016 1.56805 0.03984
v -0.06111 1.56898 0.03931
v -0.06319 1.56957 0.03954
v -0.06615 1.56997 0.03899
v -0.06965 1.57101 0.02854
v -0.06429 1.57061 0.03215
v -0.06129 1.57017 0.03424
v -0.06076 1.56950 0.03416
v -0.06310 1.56959 0.03211
v -0.06769 1.56963 0.02858
v -0.07038 1.57310 0.03570
v -0.06567 1.57167 0.03718
v -0.06221 1.57040 0.03785
v -0.06177 1.56973 0.03865
v -0.06475 1.57073 0.03850
v -0.06826 1.57157 0.03759
v -0.05762 1.56546 0.03984
v -0.05811 1.56456 0.03998
v -0.05949 1.56342 0.03968
v -0.06073 1.56471 0.04084
v -0.05880 1.56550 0.04084
v -0.05781 1.56605 0.04015
v -0.05928 1.56719 0.04023
v -0.06051 1.56723 0.04084
v -0.06300 1.56695 0.04084
v -0.06039 1.56870 0.03444
v -0.06194 1.56851 0.03260
v -0.06506 1.56819 0.02954
v -0.07038 1.57354 0.03401
v -0.06583 1.57208 0.03595
v -0.06220 1.57083 0.03698
v -0.05993 1.56788 0.03504
v -0.06094 1.56731 0.03350
v -0.06291 1.56665 0.03107
v -0.07053 1.57356 0.03232
v -0.06576 1.57217 0.03476
v -0.06212 1.57099 0.03611
v -0.05952 1.56709 0.03584
v -0.06007 1.56625 0.03463
v -0.06158 1.56527 0.03279
v -0.05898 1.56651 0.03672
v -0.05952 1.56537 0.03578
v -0.06075 1.56416 0.03433
v -0.06201 1.57093 0.03532
v -0.06553 1.57193 0.03363
v -0.07081 1.57308 0.03068
v -0.05845 1.56599 0.03760
v -0.05895 1.56487 0.03696
v -0.05991 1.56357 0.03585
v -0.06169 1.57066 0.03467
v -0.06504 1.57140 0.03271
v -0.07059 1.57225 0.02934
v -0.06127 1.55069 0.03344
v -0.06306 1.55289 0.02848
v -0.06812 1.56718 0.04820
v -0.07737 1.59679 0.03852
v -0.07845 1.59777 0.03432
v -0.07958 1.59716 0.02995
v -0.08122 1.59532 0.02466
v -0.08205 1.59225 0.01969
v -0.08180 1.58770 0.01677
v -0.08034 1.58193 0.01519
v -0.07741 1.57517 0.01413
v -0.07374 1.56757 0.01488
v -0.06995 1.56177 0.01737
v -0.06628 1.55672 0.02211
v -0.06195 1.54850 0.04547
v -0.06137 1.54666 0.04158
v -0.06103 1.54838 0.03745
v -0.06539 1.55999 0.04859
v -0.06934 1.56999 0.04711
v -0.07031 1.57290 0.04618
v -0.07128 1.57579 0.04552
v -0.07235 1.57885 0.04496
v -0.07590 1.59053 0.04279
v -0.07342 1.58224 0.04438
v -0.08819 1.45016 0.00856
v -0.09572 1.44863 0.00992
v -0.07242 1.44183 0.02901
v -0.07886 1.44563 0.02591
v -0.08143 1.45022 0.01861
v -0.08190 1.45028 0.00822
v -0.02631 1.52525 -0.00251
v -0.02331 1.52529 -0.00695
v -0.01899 1.52542 -0.01121
v -0.01332 1.52568 -0.01493
v -0.00700 1.52593 -0.01771
v -0.02850 1.52537 0.00250
v -0.02612 1.51892 -0.00042
v -0.02317 1.51887 -0.00508
v -0.01890 1.51885 -0.00925
v -0.01317 1.51899 -0.01264
v -0.00692 1.51924 -0.01514
v -0.02816 1.51913 0.00476
v -0.02615 1.50680 0.00133
v -0.02351 1.50659 -0.00378
v -0.01916 1.50658 -0.00818
v -0.01342 1.50671 -0.01147
v -0.00704 1.50702 -0.01361
v -0.02792 1.50718 0.00696
v -0.02632 1.50073 0.00164
v -0.02364 1.50050 -0.00368
v -0.01944 1.50054 -0.00818
v -0.01374 1.50072 -0.01155
v -0.00714 1.50097 -0.01366
v -0.02805 1.50112 0.00749
v -0.02679 1.49454 0.00193
v -0.02419 1.49442 -0.00368
v -0.02007 1.49448 -0.00835
v -0.01431 1.49460 -0.01186
v -0.00742 1.49472 -0.01396
v -0.02842 1.49482 0.00805
v -0.02785 1.48813 0.00231
v -0.02533 1.48817 -0.00360
v -0.02120 1.48826 -0.00852
v -0.01531 1.48827 -0.01222
v -0.00810 1.48824 -0.01446
v -0.02925 1.48815 0.00874
v -0.02968 1.48158 0.00268
v -0.02730 1.48186 -0.00355
v -0.02304 1.48192 -0.00868
v -0.01695 1.48177 -0.01257
v -0.00913 1.48151 -0.01494
v -0.03080 1.48119 0.00948
v -0.03242 1.47504 0.00286
v -0.03028 1.47561 -0.00393
v -0.02584 1.47551 -0.00930
v -0.01932 1.47507 -0.01333
v -0.01056 1.47451 -0.01576
v -0.03319 1.47412 0.01021
v -0.04128 1.46271 0.00315
v -0.03902 1.46359 -0.00498
v -0.03405 1.46310 -0.01158
v -0.02614 1.46158 -0.01618
v -0.01468 1.45972 -0.01884
v -0.04103 1.46022 0.01267
v -0.04808 1.45730 0.00442
v -0.04585 1.45864 -0.00552
v -0.04017 1.45762 -0.01317
v -0.03134 1.45488 -0.01817
v -0.01799 1.45147 -0.02095
v -0.04733 1.45356 0.01559
v -0.07558 1.44811 0.01975
v -0.05682 1.45355 0.00624
v -0.06791 1.45254 0.00825
v -0.07619 1.45053 0.00824
v -0.08700 1.44842 -0.00470
v -0.09517 1.44664 -0.00346
v -0.08124 1.44965 -0.00570
v -0.05490 1.45538 -0.00648
v -0.06485 1.45312 -0.00620
v -0.07475 1.45093 -0.00640
v -0.08180 1.44207 -0.01697
v -0.09127 1.43986 -0.01549
v -0.07426 1.44430 -0.01845
v -0.04842 1.45339 -0.01544
v -0.05767 1.45030 -0.01759
v -0.06677 1.44698 -0.01878
v -0.07437 1.43331 -0.02685
v -0.08570 1.43083 -0.02483
v -0.06484 1.43608 -0.02851
v -0.03879 1.44888 -0.02137
v -0.04641 1.44290 -0.02491
v -0.05615 1.43937 -0.02837
v -0.06301 1.42208 -0.03474
v -0.07803 1.41962 -0.03198
v -0.04985 1.42471 -0.03636
v -0.02339 1.44253 -0.02410
v -0.02639 1.43031 -0.02907
v -0.03944 1.42720 -0.03428
v -0.03252 1.40995 -0.04179
v -0.07321 1.40605 -0.03601
v -0.05232 1.40755 -0.03988
v -0.01318 1.40986 -0.03478
v -0.02270 1.40969 -0.03753
v -0.00563 1.40575 0.06834
v -0.02666 1.41378 0.06492
v -0.04459 1.41880 0.05852
v -0.05482 1.42097 0.05529
v -0.06742 1.42295 0.05139
v -0.08172 1.42691 0.04482
v -0.09329 1.43451 0.03798
v -0.10188 1.44143 0.02559
v -0.01169 1.40769 0.06811
v -0.01848 1.41068 0.06707
v -0.03521 1.41642 0.06203
v -0.03196 1.44326 0.03946
v -0.02630 1.44151 0.04387
v -0.03791 1.44571 0.03378
v -0.04373 1.44893 0.02611
v -0.00365 1.43457 0.05295
v -0.00743 1.43575 0.05251
v -0.01624 1.43899 0.04972
v -0.02108 1.44014 0.04735
v -0.10607 1.44456 0.01212
v -0.10629 1.44300 -0.00180
v -0.10331 1.43645 -0.01381
v -0.09925 1.42759 -0.02301
v -0.09526 1.41655 -0.02884
v -0.03009 1.46179 0.03330
v -0.02654 1.46038 0.03880
v -0.03308 1.46341 0.02686
v -0.03536 1.46521 0.01940
v -0.00437 1.45615 0.05175
v -0.00866 1.45629 0.05121
v -0.01787 1.45795 0.04712
v -0.02245 1.45912 0.04342
v -0.02250 1.46835 -0.01466
v -0.01254 1.46726 -0.01720
v -0.03652 1.46710 0.01117
v -0.03615 1.46864 0.00302
v -0.02954 1.46922 -0.01037
v -0.03407 1.46945 -0.00451
v -0.09140 1.40456 -0.03218
v -0.09360 1.41717 0.05144
v -0.10507 1.42625 0.04003
v -0.11328 1.43353 0.02797
v -0.11780 1.43816 0.01440
v -0.11837 1.43767 -0.00023
v -0.11570 1.40878 0.04836
v -0.12210 1.41691 0.04005
v -0.12855 1.42377 0.02946
v -0.13287 1.42881 0.01641
v -0.13347 1.42931 0.00092
v -0.13380 1.40020 0.04660
v -0.13957 1.40662 0.04012
v -0.14561 1.41221 0.03063
v -0.15036 1.41691 0.01836
v -0.15052 1.41854 0.00100
v -0.14893 1.39192 0.04488
v -0.15516 1.39606 0.03934
v -0.16208 1.39982 0.03001
v -0.16839 1.40284 0.01720
v -0.16657 1.40428 0.00052
v -0.11612 1.43149 -0.01235
v -0.11256 1.42304 -0.02087
v -0.10923 1.41274 -0.02605
v -0.10615 1.40130 -0.02871
v -0.13059 1.42452 -0.01183
v -0.12634 1.41641 -0.01951
v -0.12267 1.40716 -0.02371
v -0.11987 1.39685 -0.02545
v -0.14565 1.41458 -0.01181
v -0.14002 1.40847 -0.01884
v -0.13523 1.40128 -0.02219
v -0.13330 1.39249 -0.02299
v -0.15914 1.40279 -0.01148
v -0.15098 1.39954 -0.01822
v -0.14456 1.39676 -0.02131
v -0.14604 1.38979 -0.02108
v -0.00632 1.40050 0.07437
v -0.02864 1.40746 0.06913
v -0.04797 1.41212 0.06423
v -0.05949 1.41444 0.06240
v -0.07393 1.41613 0.05936
v -0.01302 1.40227 0.07322
v -0.02034 1.40474 0.07143
v -0.03771 1.40994 0.06658
v -0.15949 1.38611 0.04352
v -0.16761 1.38669 0.03910
v -0.17663 1.38846 0.02969
v -0.18493 1.38986 0.01625
v -0.18061 1.39156 -0.00045
v -0.16954 1.39101 -0.01194
v -0.15762 1.39012 -0.01817
v -0.04092 1.71075 0.03800
v -0.05852 1.69889 0.03696
v -0.08145 1.63314 0.03529
v -0.07828 1.67510 0.03648
v -0.08269 1.65357 0.03514
v -0.07119 1.68694 0.03699
v -0.08233 1.64328 0.03498
v -0.08165 1.66401 0.03576
v -0.07984 1.62205 0.03618
v -0.01801 1.71434 0.06053
v -0.07804 1.61122 0.03739
v -0.05495 1.69817 0.05717
v -0.07617 1.67616 0.05257
v -0.08169 1.65508 0.04750
v -0.06845 1.68734 0.05512
v -0.08152 1.64445 0.04577
v -0.08038 1.66545 0.04991
v -0.08077 1.63372 0.04459
v -0.03658 1.70845 0.05965
v -0.07919 1.62115 0.04420
v -0.07709 1.60739 0.04444
v -0.00772 1.53685 0.13657
v -0.00450 1.46680 0.05325
v -0.00385 1.41574 0.05891
v -0.04572 1.52268 0.04726
v -0.02918 1.50708 0.04586
v -0.00852 1.46675 0.05256
v -0.01814 1.46788 0.04721
v -0.00471 1.47688 0.05604
v -0.00919 1.47689 0.05510
v -0.01849 1.47757 0.04820
v -0.00440 1.48435 0.05867
v -0.00916 1.48462 0.05783
v -0.01893 1.48631 0.04956
v -0.00490 1.49067 0.06169
v -0.00925 1.49107 0.06002
v -0.01959 1.49348 0.05079
v -0.00527 1.49371 0.06581
v -0.01016 1.49471 0.06334
v -0.02127 1.49904 0.05234
v -0.05328 1.53484 0.08906
v -0.04914 1.52991 0.09406
v 0.02040 1.53452 0.12336
v -0.04716 1.52306 0.08250
v -0.05103 1.52819 0.07719
v -0.02040 1.53452 0.12336
v -0.04325 1.51823 0.06777
v -0.04803 1.52437 0.06236
v -0.01389 1.49290 0.08959
v -0.00736 1.48979 0.09483
v -0.01319 1.51269 -0.01165
v -0.01157 1.43737 0.05141
v -0.01255 1.44702 0.04997
v -0.01378 1.47718 0.05260
v -0.01418 1.48587 0.05474
v -0.01431 1.49237 0.05644
v -0.01546 1.49689 0.05864
v -0.02175 1.49926 0.07069
v -0.01489 1.43094 0.05233
v -0.01066 1.42800 0.05436
v -0.01379 1.42582 0.05616
v -0.01040 1.42095 0.05953
v 0.02980 1.57201 0.11138
v 0.02949 1.57647 0.11165
v 0.03142 1.56850 0.11102
v 0.03072 1.58084 0.11203
v 0.03282 1.58393 0.11202
v 0.04674 1.57905 0.10631
v 0.04712 1.57457 0.10571
v 0.04602 1.57012 0.10575
v 0.04248 1.58508 0.10918
v 0.04520 1.58265 0.10741
v 0.03572 1.58545 0.11153
v 0.03916 1.58597 0.11059
v 0.04115 1.56558 0.10795
v 0.03756 1.56507 0.10943
v 0.03406 1.56628 0.11049
v 0.04388 1.56705 0.10655
v -0.03406 1.56628 0.11049
v -0.03142 1.56850 0.11102
v -0.03756 1.56507 0.10943
v -0.04388 1.56705 0.10655
v -0.04712 1.57457 0.10571
v -0.04602 1.57012 0.10575
v -0.04115 1.56558 0.10795
v -0.04674 1.57905 0.10631
v -0.03572 1.58545 0.11153
v -0.03916 1.58597 0.11059
v -0.03072 1.58084 0.11203
v -0.03282 1.58393 0.11202
v -0.04520 1.58265 0.10741
v -0.04248 1.58508 0.10918
v -0.02949 1.57647 0.11165
v -0.02980 1.57201 0.11138
v 0.02771 1.58387 0.11461
v 0.02402 1.57871 0.11428
v -0.04496 1.59036 0.11195
v -0.03907 1.58963 0.11338
v -0.04956 1.59049 0.10993
v -0.05351 1.58974 0.10751
v -0.05834 1.58895 0.10491
v -0.06108 1.58701 0.10256
v -0.06755 1.58521 0.10123
v -0.03326 1.58777 0.11493
v -0.02771 1.58387 0.11461
v -0.02402 1.57871 0.11428
v 0.03326 1.58777 0.11493
v 0.06755 1.58521 0.10123
v 0.06108 1.58701 0.10256
v 0.05834 1.58895 0.10491
v 0.05351 1.58974 0.10751
v 0.04956 1.59049 0.10993
v 0.03907 1.58963 0.11338
v 0.04496 1.59036 0.11195
v 0.05572 1.55966 0.10282
v 0.05288 1.55708 0.10509
v 0.04893 1.55589 0.10772
v 0.04397 1.55523 0.10865
v 0.03881 1.55532 0.10845
v 0.03320 1.55694 0.10731
v 0.02880 1.55886 0.10662
v 0.02299 1.56451 0.10862
v 0.05844 1.56234 0.10051
v 0.02541 1.56104 0.10653
v -0.05572 1.55966 0.10282
v -0.05288 1.55708 0.10509
v -0.04893 1.55589 0.10772
v -0.04397 1.55523 0.10865
v -0.03881 1.55532 0.10845
v -0.03320 1.55694 0.10731
v -0.02880 1.55886 0.10662
v -0.02299 1.56451 0.10862
v -0.05844 1.56234 0.10051
v -0.02541 1.56104 0.10653
v 0.02015 1.52578 0.08698
v 0.01669 1.51886 0.11121
v -0.01669 1.51886 0.11121
v 0.01303 1.51852 0.11549
v -0.02028 1.52135 0.09749
v 0.00734 1.51718 0.11919
v -0.00158 1.51657 0.12082
v 0.00158 1.51657 0.12082
v 0.01994 1.51933 0.10429
v -0.01513 1.51793 0.11344
v 0.02048 1.52266 0.09498
v 0.01513 1.51793 0.11344
v -0.00734 1.51718 0.11919
v 0.00000 1.51681 0.12097
v -0.02015 1.52578 0.08698
v 0.02028 1.52135 0.09749
v -0.01091 1.51794 0.11762
v -0.02022 1.52969 0.08628
v -0.02028 1.52370 0.09165
v 0.00392 1.51662 0.12057
v -0.01995 1.52478 0.08825
v -0.02048 1.52266 0.09498
v -0.02000 1.52963 0.08411
v 0.02028 1.52370 0.09165
v 0.02006 1.51985 0.10215
v -0.02053 1.52022 0.10007
v 0.01798 1.51895 0.10857
v 0.01883 1.51921 0.10663
v -0.01303 1.51852 0.11549
v -0.02004 1.52861 0.08642
v -0.02025 1.52786 0.08607
v -0.01991 1.52637 0.08571
v -0.02023 1.52710 0.08581
v -0.01990 1.52943 0.08665
v -0.01883 1.51921 0.10663
v 0.02000 1.52963 0.08411
v 0.01091 1.51794 0.11762
v 0.02053 1.52022 0.10007
v -0.01798 1.51895 0.10857
v 0.02022 1.52969 0.08628
v 0.01995 1.52478 0.08825
v -0.02006 1.51985 0.10215
v -0.01994 1.51933 0.10429
v 0.01991 1.52637 0.08571
v 0.02023 1.52710 0.08581
v 0.02004 1.52861 0.08642
v -0.00392 1.51662 0.12057
v 0.01990 1.52943 0.08665
v 0.02025 1.52786 0.08607
v 0.00233 1.53404 0.13820
v 0.00000 1.53402 0.13887
v -0.00233 1.53404 0.13820
v 0.00456 1.53423 0.13678
v -0.00456 1.53423 0.13678
v 0.00660 1.53459 0.13481
v -0.00660 1.53459 0.13481
v 0.01985 1.52191 0.12046
v 0.02092 1.51609 0.11603
v 0.00992 1.50719 0.12119
v 0.00523 1.50610 0.12270
v 0.01401 1.50905 0.11897
v 0.01725 1.51120 0.11694
v 0.00000 1.50574 0.12344
v 0.01963 1.51347 0.11580
v 0.02115 1.51879 0.11751
v -0.01985 1.52191 0.12046
v -0.02092 1.51609 0.11603
v 0.01518 1.52540 0.12571
v -0.00992 1.50719 0.12119
v -0.00523 1.50610 0.12270
v -0.01401 1.50905 0.11897
v -0.01725 1.51120 0.11694
v -0.01963 1.51347 0.11580
v -0.02115 1.51879 0.11751
v -0.01518 1.52540 0.12571
v -0.00808 1.52964 0.13137
v 0.00236 1.52876 0.13383
v 0.00000 1.52859 0.13405
v -0.00236 1.52876 0.13383
v 0.00507 1.52913 0.13304
v -0.00507 1.52913 0.13304
v 0.00808 1.52964 0.13137
v -0.01127 1.53024 0.12938
v 0.01127 1.53024 0.12938
v 0.02215 1.51220 0.11301
v 0.02386 1.51560 0.11323
v 0.01925 1.50915 0.11421
v 0.00545 1.50258 0.12043
v 0.01055 1.50384 0.11881
v 0.02438 1.51935 0.11493
v 0.01526 1.50619 0.11637
v 0.02342 1.52345 0.11791
v 0.00000 1.50223 0.12122
v -0.01013 1.52538 0.12953
v 0.00279 1.52506 0.13285
v 0.00000 1.52488 0.13313
v -0.00279 1.52506 0.13285
v 0.00599 1.52530 0.13191
v -0.00599 1.52530 0.13191
v 0.01013 1.52538 0.12953
v -0.02342 1.52345 0.11791
v -0.01526 1.50619 0.11637
v -0.02438 1.51935 0.11493
v -0.01055 1.50384 0.11881
v -0.00545 1.50258 0.12043
v -0.01925 1.50915 0.11421
v -0.02386 1.51560 0.11323
v -0.02215 1.51220 0.11301
v 0.06079 1.61921 0.11165
v 0.05802 1.55150 0.09605
v 0.06489 1.56785 0.08612
v 0.04843 1.54200 0.10601
v 0.06187 1.55931 0.09034
v 0.07144 1.61005 0.09582
v 0.05394 1.54613 0.10170
v 0.07193 1.60349 0.09054
v 0.07057 1.59530 0.08710
v 0.03549 1.53487 0.11275
v 0.00000 1.62045 0.13602
v 0.06877 1.58467 0.08486
v 0.04497 1.62133 0.12298
v 0.02424 1.62039 0.13193
v 0.06701 1.57595 0.08453
v 0.01186 1.62039 0.13470
v 0.06615 1.61707 0.10601
v 0.05359 1.62063 0.11744
v 0.03539 1.62128 0.12778
v 0.06970 1.61396 0.10073
v 0.04184 1.53852 0.10962
v 0.02492 1.52968 0.11878
v 0.02992 1.53194 0.11577
v -0.06079 1.61921 0.11165
v -0.05802 1.55150 0.09605
v -0.06489 1.56785 0.08612
v -0.04843 1.54200 0.10601
v -0.06187 1.55931 0.09034
v -0.07144 1.61005 0.09582
v -0.05394 1.54613 0.10170
v -0.07193 1.60349 0.09054
v -0.07057 1.59530 0.08710
v -0.03549 1.53487 0.11275
v -0.06877 1.58467 0.08486
v -0.04497 1.62133 0.12298
v -0.02424 1.62039 0.13193
v -0.06701 1.57595 0.08453
v -0.01186 1.62039 0.13470
v -0.06615 1.61707 0.10601
v -0.05359 1.62063 0.11744
v -0.03539 1.62128 0.12778
v -0.06970 1.61396 0.10073
v -0.04184 1.53852 0.10962
v -0.02492 1.52968 0.11878
v -0.02992 1.53194 0.11577
v -0.02068 1.52789 0.12172
v 0.02068 1.52789 0.12172
f 14 13 12 11
f 15 14 11 10
f 41 15 10 4
f 37 8 9 16
f 48 76 77 49
f 50 78 80 52
f 47 75 76 48
f 46 74 75 47
f 40 5 6 39
f 38 7 8 37
f 43 44 1 2
f 51 52 80 79
f 42 41 4 3
f 21 48 49 20
f 42 3 5 40
f 49 77 78 50
f 53 54 41 42
f 18 17 52 51
f 61 62 13 14
f 26 25 44 43
f 55 40 39 56
f 56 39 38 57
f 53 42 40 55
f 58 37 16 59
f 25 24 45 44
f 23 46 47 22
f 19 50 52 17
f 60 61 14 15
f 22 47 48 21
f 57 38 37 58
f 54 60 15 41
f 20 49 50 19
f 24 18 51 45
f 39 6 7 38
f 45 51 79 73
f 44 45 73 1
f 67 95 96 68
f 33 87 86 32
f 28 82 81 27
f 65 93 94 66
f 31 85 84 30
f 68 96 97 69
f 63 91 92 64
f 29 83 82 28
f 36 90 87 33
f 63 71 99 91
f 34 88 90 36
f 30 84 83 29
f 72 100 98 70
f 64 92 93 65
f 69 97 100 72
f 66 94 95 67
f 32 86 85 31
f 35 27 81 89
f 91 111 112 92
f 87 107 106 86
f 92 112 113 93
f 85 105 104 84
f 93 113 114 94
f 86 106 105 85
f 89 81 101 109
f 88 108 110 90
f 100 120 118 98
f 90 110 107 87
f 96 116 117 97
f 82 102 101 81
f 97 117 120 100
f 94 114 115 95
f 84 104 103 83
f 91 99 119 111
f 95 115 116 96
f 83 103 102 82
f 121 122 123 124
f 617 476 489 616
f 124 123 127 128
f 126 125 129 130
f 128 127 131 132
f 130 129 133 134
f 132 131 135 136
f 134 133 137 138
f 136 135 139 140
f 138 137 141 142
f 140 139 143 144
f 142 141 145 146
f 146 145 122 121
f 131 147 148 135
f 133 149 150 137
f 135 148 151 139
f 137 150 152 141
f 139 151 153 143
f 141 152 154 145
f 13777 367 368 13780
f 145 154 157 122
f 122 157 158 123
f 354 369 125 126
f 123 158 160 127
f 125 159 161 129
f 127 160 147 131
f 129 161 149 133
f 149 162 163 150
f 148 164 165 151
f 150 163 166 152
f 151 165 167 153
f 152 166 168 154
f 13791 13787 527 513
f 154 168 170 157
f 157 170 171 158
f 369 368 159 125
f 158 171 173 160
f 159 172 174 161
f 160 173 175 147
f 161 174 162 149
f 147 175 164 148
f 164 176 177 165
f 163 178 179 166
f 165 177 180 167
f 166 179 181 168
f 13773 354 355 13772
f 168 181 183 170
f 170 183 184 171
f 355 354 126 341
f 171 184 186 173
f 172 185 187 174
f 173 186 188 175
f 174 187 189 162
f 175 188 176 164
f 162 189 178 163
f 178 190 191 179
f 177 192 193 180
f 179 191 194 181
f 13776 363 364 13775
f 181 194 196 183
f 183 196 197 184
f 364 363 222 211
f 184 197 199 186
f 185 198 200 187
f 186 199 201 188
f 187 200 202 189
f 188 201 203 176
f 189 202 190 178
f 176 203 192 177
f 192 204 205 193
f 191 206 207 194
f 13773 13779 369 354
f 194 207 209 196
f 196 209 210 197
f 368 367 172 159
f 197 210 212 199
f 198 211 213 200
f 199 212 214 201
f 200 213 215 202
f 201 214 216 203
f 202 215 217 190
f 203 216 204 192
f 190 217 206 191
f 13775 364 365 13774
f 207 219 220 209
f 209 220 221 210
f 365 364 211 198
f 210 221 223 212
f 211 222 224 213
f 212 223 225 214
f 213 224 226 215
f 214 225 227 216
f 215 226 228 217
f 216 227 229 204
f 217 228 230 206
f 204 229 231 205
f 206 230 219 207
f 219 232 233 220
f 220 233 234 221
f 356 355 341 328
f 221 234 236 223
f 222 235 237 224
f 223 236 238 225
f 224 237 239 226
f 225 238 240 227
f 226 239 241 228
f 227 240 242 229
f 228 241 243 230
f 229 242 244 231
f 230 243 232 219
f 13774 365 366 13778
f 233 246 247 234
f 357 356 328 315
f 234 247 249 236
f 235 248 250 237
f 236 249 251 238
f 237 250 252 239
f 238 251 253 240
f 239 252 254 241
f 240 253 255 242
f 241 254 256 243
f 242 255 257 244
f 243 256 258 232
f 13770 13769 312 325
f 232 258 246 233
f 246 260 261 247
f 358 357 315 288
f 247 261 263 249
f 248 262 264 250
f 249 263 265 251
f 250 264 266 252
f 251 265 267 253
f 252 266 268 254
f 253 267 269 255
f 254 268 270 256
f 255 269 271 257
f 256 270 272 258
f 13772 355 356 13770
f 258 272 260 246
f 261 274 275 263
f 262 276 277 264
f 263 275 278 265
f 264 277 279 266
f 265 278 280 267
f 266 279 281 268
f 267 280 282 269
f 268 281 283 270
f 269 282 284 271
f 270 283 285 272
f 13771 358 359 13783
f 272 285 287 260
f 260 287 274 261
f 359 358 288 276
f 276 288 289 277
f 275 290 291 278
f 277 289 292 279
f 278 291 293 280
f 279 292 294 281
f 280 293 295 282
f 281 294 296 283
f 282 295 297 284
f 283 296 298 285
f 13769 13771 299 312
f 285 298 300 287
f 287 300 301 274
f 361 360 262 248
f 274 301 290 275
f 290 302 303 291
f 289 304 305 292
f 291 303 306 293
f 292 305 307 294
f 293 306 308 295
f 294 307 309 296
f 295 308 310 297
f 296 309 311 298
f 13782 360 361 13781
f 298 311 313 300
f 300 313 314 301
f 363 362 235 222
f 301 314 302 290
f 288 315 304 289
f 304 316 317 305
f 303 318 319 306
f 305 317 320 307
f 306 319 321 308
f 307 320 322 309
f 308 321 323 310
f 309 322 324 311
f 13778 366 367 13777
f 311 324 326 313
f 313 326 327 314
f 367 366 185 172
f 314 327 329 302
f 315 328 316 304
f 302 329 318 303
f 318 330 331 319
f 317 332 333 320
f 319 331 334 321
f 320 333 335 322
f 321 334 336 323
f 322 335 337 324
f 13781 361 362 13784
f 324 337 339 326
f 326 339 340 327
f 362 361 248 235
f 327 340 342 329
f 328 341 343 316
f 329 342 330 318
f 316 343 332 317
f 331 136 140 334
f 333 138 142 335
f 334 140 144 336
f 335 142 146 337
f 337 146 121 339
f 339 121 124 340
f 366 365 198 185
f 340 124 128 342
f 341 126 130 343
f 342 128 132 330
f 343 130 134 332
f 330 132 136 331
f 332 134 138 333
f 13784 362 363 13776
f 156 155 345 346
f 345 338 325 347
f 348 347 325 312
f 259 349 350 273
f 273 350 348 286
f 218 208 351 349
f 349 351 352 350
f 350 352 347 348
f 195 353 351 208
f 353 346 352 351
f 346 345 347 352
f 286 348 312 299
f 169 156 346 353
f 245 218 349 259
f 155 344 338 345
f 182 169 353 195
f 13780 13779 155 156
f 370 336 144 371
f 370 372 323 336
f 372 373 310 323
f 374 297 310 373
f 244 374 373 231
f 205 231 373 372
f 193 205 372 370
f 193 370 371 180
f 153 167 180 371
f 144 143 153 371
f 244 257 271 374
f 284 297 374 271
f 375 378 377 376
f 615 502 516 614
f 378 382 381 377
f 380 384 383 379
f 382 386 385 381
f 384 388 387 383
f 386 390 389 385
f 388 392 391 387
f 390 394 393 389
f 392 396 395 391
f 394 398 397 393
f 396 400 399 395
f 400 375 376 399
f 385 389 402 401
f 387 391 404 403
f 389 393 405 402
f 391 395 406 404
f 393 397 407 405
f 395 399 408 406
f 13794 13798 423 410
f 399 376 411 408
f 376 377 412 411
f 622 413 426 621
f 377 381 414 412
f 379 383 415 413
f 381 385 401 414
f 383 387 403 415
f 403 404 417 416
f 402 405 419 418
f 404 406 420 417
f 405 407 421 419
f 406 408 422 420
f 13800 611 610 13799
f 408 411 424 422
f 411 412 425 424
f 609 595 380 608
f 412 414 427 425
f 413 415 428 426
f 414 401 429 427
f 415 403 416 428
f 401 402 418 429
f 418 419 431 430
f 417 420 433 432
f 419 421 434 431
f 420 422 435 433
f 13788 616 615 13791
f 422 424 437 435
f 424 425 438 437
f 616 489 502 615
f 425 427 440 438
f 426 428 441 439
f 427 429 442 440
f 428 416 443 441
f 429 418 430 442
f 416 417 432 443
f 432 433 445 444
f 431 434 447 446
f 433 435 448 445
f 13799 13795 592 579
f 435 437 450 448
f 437 438 451 450
f 611 569 582 610
f 438 440 453 451
f 439 441 454 452
f 440 442 455 453
f 441 443 456 454
f 442 430 457 455
f 443 432 444 456
f 430 431 446 457
f 446 447 459 458
f 445 448 461 460
f 13786 13800 566 553
f 448 450 463 461
f 450 451 464 463
f 613 530 542 612
f 451 453 466 464
f 452 454 467 465
f 453 455 468 466
f 454 456 469 467
f 455 457 470 468
f 456 444 471 469
f 457 446 458 470
f 444 445 460 471
f 13785 13786 553 540
f 461 463 474 473
f 463 464 475 474
f 608 380 379 623
f 464 466 477 475
f 465 467 478 476
f 466 468 479 477
f 467 469 480 478
f 468 470 481 479
f 469 471 482 480
f 470 458 483 481
f 471 460 484 482
f 458 459 485 483
f 460 461 473 484
f 473 474 487 486
f 474 475 488 487
f 614 516 530 613
f 475 477 490 488
f 476 478 491 489
f 477 479 492 490
f 478 480 493 491
f 479 481 494 492
f 480 482 495 493
f 481 483 496 494
f 482 484 497 495
f 483 485 498 496
f 484 473 486 497
f 13789 618 617 13790
f 487 488 501 500
f 488 490 503 501
f 489 491 504 502
f 490 492 505 503
f 491 493 506 504
f 492 494 507 505
f 493 495 508 506
f 494 496 509 507
f 495 497 510 508
f 496 498 511 509
f 497 486 512 510
f 486 487 500 512
f 500 501 515 514
f 623 379 413 622
f 501 503 517 515
f 502 504 518 516
f 503 505 519 517
f 504 506 520 518
f 505 507 521 519
f 506 508 522 520
f 507 509 523 521
f 508 510 524 522
f 509 511 525 523
f 510 512 526 524
f 13787 614 613 13785
f 512 500 514 526
f 515 517 529 528
f 516 518 531 530
f 517 519 532 529
f 518 520 533 531
f 519 521 534 532
f 520 522 535 533
f 521 523 536 534
f 522 524 537 535
f 523 525 538 536
f 524 526 539 537
f 13792 619 618 13789
f 526 514 541 539
f 514 515 528 541
f 612 542 569 611
f 530 531 543 542
f 529 532 545 544
f 531 533 546 543
f 532 534 547 545
f 533 535 548 546
f 534 536 549 547
f 535 537 550 548
f 536 538 551 549
f 537 539 552 550
f 13796 608 623 13793
f 539 541 554 552
f 541 528 555 554
f 618 465 476 617
f 528 529 544 555
f 544 545 557 556
f 543 546 559 558
f 545 547 560 557
f 546 548 561 559
f 547 549 562 560
f 548 550 563 561
f 549 551 564 562
f 550 552 565 563
f 13790 617 616 13788
f 552 554 567 565
f 554 555 568 567
f 619 452 465 618
f 555 544 556 568
f 542 543 558 569
f 558 559 571 570
f 557 560 573 572
f 559 561 574 571
f 560 562 575 573
f 561 563 576 574
f 562 564 577 575
f 563 565 578 576
f 13797 13792 449 436
f 565 567 580 578
f 567 568 581 580
f 610 582 595 609
f 568 556 583 581
f 569 558 570 582
f 556 557 572 583
f 572 573 585 584
f 571 574 587 586
f 573 575 588 585
f 574 576 589 587
f 575 577 590 588
f 576 578 591 589
f 13798 13797 436 423
f 578 580 593 591
f 580 581 594 593
f 621 426 439 620
f 581 583 596 594
f 582 570 597 595
f 583 572 584 596
f 570 571 586 597
f 585 588 394 390
f 587 589 396 392
f 588 590 398 394
f 589 591 400 396
f 591 593 375 400
f 593 594 378 375
f 620 439 452 619
f 594 596 382 378
f 595 597 384 380
f 596 584 386 382
f 597 586 388 384
f 584 585 390 386
f 586 587 392 388
f 13793 13794 410 409
f 410 600 599 409
f 599 601 579 592
f 602 566 579 601
f 513 527 604 603
f 527 540 602 604
f 472 603 605 462
f 603 604 606 605
f 604 602 601 606
f 449 462 605 607
f 607 605 606 600
f 600 606 601 599
f 540 553 566 602
f 423 607 600 410
f 499 513 603 472
f 409 599 592 598
f 436 449 607 423
f 13795 609 608 13796
f 624 625 398 590
f 624 590 577 626
f 626 577 564 627
f 628 627 564 551
f 498 485 627 628
f 459 626 627 485
f 447 624 626 459
f 447 434 625 624
f 407 625 434 421
f 398 625 407 397
f 498 628 525 511
f 538 525 628 551
f 915 898 2294 2295
f 641 640 647 649
f 2435 1453 648 646
f 13887 13853 1484 1458
f 666 638 639 665
f 668 636 637 667
f 667 637 638 666
f 669 635 636 668
f 640 2435 646 647
f 652 2293 2297 657
f 656 642 1455 655
f 2293 652 653 643
f 1711 1728 2295 2294
f 1369 1368 2302 1892
f 652 657 644 639
f 1454 643 653 654
f 671 645 635 669
f 13850 13843 1539 1526
f 635 645 658 656
f 655 1455 1454 654
f 635 656 655 636
f 637 654 653 638
f 636 655 654 637
f 638 653 652 639
f 633 634 651 650
f 633 650 649 632
f 632 649 647 631
f 630 646 648 629
f 631 647 646 630
f 630 629 660 659
f 639 644 670 665
f 633 661 664 634
f 633 632 662 661
f 632 631 663 662
f 631 630 659 663
f 705 706 690 687
f 13881 850 837 13841
f 692 681 682 691
f 694 679 680 693
f 693 680 681 692
f 695 678 679 694
f 681 666 665 682
f 13888 13880 869 871
f 665 670 683 682
f 712 696 893 895
f 697 684 678 695
f 678 684 671 669
f 678 669 668 679
f 680 667 666 681
f 679 668 667 680
f 676 677 664 661
f 676 661 662 675
f 675 662 663 674
f 673 659 660 672
f 674 663 659 673
f 673 672 686 685
f 682 683 696 691
f 706 884 700 690
f 676 687 690 677
f 676 675 688 687
f 675 674 689 688
f 674 673 685 689
f 683 670 699 894
f 892 808 831 818
f 13886 865 864 13888
f 13867 13842 726 740
f 721 710 711 720
f 723 708 709 722
f 722 709 710 721
f 724 707 708 723
f 710 692 691 711
f 705 687 688 704
f 13852 13844 697 713
f 726 713 707 724
f 13880 851 1382 13876
f 707 713 697 695
f 707 695 694 708
f 709 693 692 710
f 708 694 693 709
f 704 688 689 703
f 702 685 686 701
f 703 689 685 702
f 702 701 715 714
f 711 712 725 720
f 705 716 719 706
f 705 704 717 716
f 704 703 718 717
f 703 702 714 718
f 788 891 810 801
f 13877 684 697 13844
f 748 737 738 747
f 750 735 736 749
f 749 736 737 748
f 751 734 735 750
f 734 740 726 724
f 735 723 722 736
f 734 724 723 735
f 729 714 715 728
f 13841 13884 875 848
f 739 725 887 896
f 753 740 734 751
f 13867 740 753 13868
f 737 721 720 738
f 731 717 718 730
f 730 718 714 729
f 729 728 742 741
f 738 739 752 747
f 732 743 746 733
f 732 731 744 743
f 731 730 745 744
f 730 729 741 745
f 775 762 809 882
f 13878 13865 755 794
f 776 775 746 743
f 777 744 745 778
f 773 750 749 772
f 774 751 750 773
f 776 743 744 777
f 755 768 774 757
f 830 783 784 829
f 760 771 770 761
f 779 741 742 780
f 747 752 769 770
f 772 749 748 771
f 777 778 763 764
f 778 779 767 763
f 759 772 771 760
f 774 768 753 751
f 757 774 773 758
f 758 773 772 759
f 779 780 766 767
f 770 769 756 761
f 776 765 762 775
f 776 777 764 765
f 778 745 741 779
f 754 807 870 844
f 832 831 788 791
f 13878 794 781 13856
f 802 801 762 765
f 803 764 763 804
f 799 758 759 798
f 800 757 758 799
f 802 765 764 803
f 781 794 800 783
f 13849 13868 753 768
f 761 756 795 796
f 786 797 796 787
f 13851 824 811 13864
f 805 767 766 806
f 797 760 761 796
f 798 759 760 797
f 803 804 789 790
f 804 805 793 789
f 785 798 797 786
f 800 794 755 757
f 783 800 799 784
f 784 799 798 785
f 805 806 792 793
f 796 795 782 787
f 802 791 788 801
f 802 803 790 791
f 804 763 767 805
f 835 793 792 836
f 833 790 789 834
f 901 852 812 902
f 903 825 782 890
f 13851 13856 781 824
f 811 824 830 813
f 732 716 717 731
f 13849 768 755 13865
f 787 782 825 826
f 816 827 826 817
f 733 883 727 719
f 829 784 785 828
f 827 786 787 826
f 828 785 786 827
f 833 834 819 820
f 834 835 823 819
f 815 828 827 816
f 830 824 781 783
f 813 830 829 814
f 814 829 828 815
f 835 836 822 823
f 826 825 812 817
f 832 821 818 831
f 832 833 820 821
f 834 789 793 835
f 1384 13876 1393 1395
f 864 859 853 851
f 876 870 818 821
f 877 820 819 878
f 857 814 815 856
f 858 813 814 857
f 876 821 820 877
f 849 848 875 874
f 837 850 858 839
f 13885 867 866 13889
f 817 812 852 854
f 865 860 859 864
f 842 855 854 843
f 866 861 860 865
f 13889 13886 872 873
f 847 846 872 871
f 847 871 869 844
f 879 823 822 880
f 855 816 817 854
f 856 815 816 855
f 877 878 845 846
f 878 879 849 845
f 841 856 855 842
f 845 849 874 873
f 858 850 811 813
f 846 845 873 872
f 839 858 857 840
f 868 863 862 867
f 840 857 856 841
f 867 862 861 866
f 879 880 848 849
f 860 842 843 859
f 854 852 838 843
f 876 847 844 870
f 861 841 842 860
f 876 877 846 847
f 878 819 823 879
f 868 837 839 863
f 863 839 840 862
f 862 840 841 861
f 843 838 853 859
f 677 690 700 885
f 832 791 790 833
f 746 881 883 733
f 886 634 664 698
f 13877 13846 671 684
f 732 733 719 716
f 736 722 721 737
f 720 725 739 738
f 771 748 747 770
f 706 719 727 884
f 657 898 899 644
f 644 899 699 670
f 812 825 903 902
f 901 900 838 852
f 691 696 712 711
f 712 895 887 725
f 808 891 788 831
f 769 897 889 756
f 683 894 893 696
f 807 892 818 870
f 795 904 890 782
f 739 896 888 752
f 897 914 908 889
f 699 905 911 894
f 893 910 912 895
f 888 907 914 897
f 904 921 909 890
f 887 906 913 896
f 903 920 919 902
f 896 913 907 888
f 902 919 918 901
f 898 915 916 899
f 889 908 921 904
f 895 912 906 887
f 899 916 905 699
f 901 918 917 900
f 894 911 910 893
f 890 909 920 903
f 920 937 936 919
f 913 930 924 907
f 919 936 935 918
f 912 929 923 906
f 915 932 933 916
f 916 933 922 905
f 914 931 925 908
f 918 935 934 917
f 921 938 926 909
f 911 928 927 910
f 908 925 938 921
f 905 922 928 911
f 909 926 937 920
f 910 927 929 912
f 907 924 931 914
f 906 923 930 913
f 928 945 944 927
f 925 942 955 938
f 922 939 945 928
f 926 943 954 937
f 927 944 946 929
f 924 941 948 931
f 923 940 947 930
f 937 954 953 936
f 930 947 941 924
f 936 953 952 935
f 929 946 940 923
f 932 949 950 933
f 933 950 939 922
f 931 948 942 925
f 935 952 951 934
f 938 955 943 926
f 807 960 971 892
f 700 957 968 885
f 754 959 960 807
f 882 965 964 881
f 881 964 966 883
f 891 970 963 810
f 883 966 958 727
f 727 958 967 884
f 809 962 965 882
f 698 956 969 886
f 808 961 970 891
f 884 967 957 700
f 885 968 956 698
f 810 963 962 809
f 892 971 961 808
f 960 976 987 971
f 957 973 984 968
f 961 977 986 970
f 956 972 985 969
f 963 979 978 962
f 968 984 972 956
f 964 980 982 966
f 965 981 980 964
f 966 982 974 958
f 970 986 979 963
f 962 978 981 965
f 959 975 976 960
f 958 974 983 967
f 971 987 977 961
f 967 983 973 957
f 988 651 634 886
f 985 990 989 969
f 969 989 988 886
f 954 2273 2272 953
f 947 2268 2262 941
f 953 2272 2271 952
f 946 2267 2261 940
f 948 2269 2263 942
f 952 2271 2270 951
f 955 2274 2264 943
f 945 2266 2265 944
f 942 2263 2274 955
f 943 2264 2273 954
f 944 2265 2267 946
f 941 2262 2269 948
f 940 2261 2268 947
f 992 991 996 997
f 993 992 997 998
f 995 1000 1002 1001
f 994 993 998 999
f 1818 1817 2187 1823
f 1026 1025 1007 1006
f 1028 1027 1005 1004
f 1027 1026 1006 1005
f 1029 1028 1004 1003
f 1327 2309 2303 1371
f 1006 1007 1012 1011
f 1002 1000 2298 2301
f 1000 999 2434 2298
f 999 998 2433 2434
f 998 997 2431 2433
f 997 996 2299 2431
f 1826 1809 2299 1832
f 2432 1009 1830 1832
f 1015 1016 1279 1374
f 1011 1827 1828 1010
f 995 994 999 1000
f 1005 1006 1011 1010
f 1018 1017 1009 2432
f 1031 1029 1003 1017
f 1032 1031 1017 1018
f 992 1019 1020 991
f 1007 1025 1030 1016
f 991 1020 1032 1018
f 995 1001 1024 1021
f 995 1021 1022 994
f 994 1022 1023 993
f 993 1023 1019 992
f 1054 1053 1043 1042
f 1056 1055 1041 1040
f 1055 1054 1042 1041
f 1057 1056 1040 1039
f 1025 1043 1044 1030
f 1059 1057 1039 1045
f 1060 1059 1045 1046
f 1046 1045 1031 1032
f 1039 1029 1031 1045
f 1039 1040 1028 1029
f 1041 1042 1026 1027
f 1040 1041 1027 1028
f 1042 1043 1025 1026
f 1037 1021 1024 1038
f 1033 1046 1032 1020
f 1037 1036 1022 1021
f 1036 1035 1023 1022
f 1034 1033 1020 1019
f 1035 1034 1019 1023
f 1034 1047 1048 1033
f 1043 1053 1058 1044
f 1033 1048 1060 1046
f 1037 1038 1052 1049
f 1037 1049 1050 1036
f 1036 1050 1051 1035
f 1035 1051 1047 1034
f 1166 1284 1270 1124
f 1273 1190 1204 1179
f 1085 1084 1074 1073
f 1087 1086 1072 1071
f 1086 1085 1073 1072
f 1088 1087 1071 1070
f 1053 1074 1075 1058
f 1090 1088 1070 1076
f 1091 1090 1076 1077
f 1077 1076 1059 1060
f 1070 1057 1059 1076
f 1070 1071 1056 1057
f 1072 1073 1054 1055
f 1071 1072 1055 1056
f 1073 1074 1053 1054
f 1068 1049 1052 1069
f 1064 1077 1060 1048
f 1068 1067 1050 1049
f 1067 1066 1051 1050
f 1065 1064 1048 1047
f 1066 1065 1047 1051
f 1065 1078 1079 1064
f 1074 1084 1089 1075
f 1064 1079 1091 1077
f 1068 1069 1083 1080
f 1068 1080 1081 1067
f 1067 1081 1082 1066
f 1066 1082 1078 1065
f 1158 1172 1181 1272
f 1114 1113 1103 1102
f 1116 1115 1101 1100
f 1115 1114 1102 1101
f 1117 1116 1100 1099
f 1084 1103 1104 1089
f 1119 1117 1099 1105
f 1120 1119 1105 1106
f 1106 1105 1090 1091
f 1099 1088 1090 1105
f 1099 1100 1087 1088
f 1101 1102 1085 1086
f 1100 1101 1086 1087
f 1102 1103 1084 1085
f 1097 1080 1083 1098
f 1093 1106 1091 1079
f 1097 1096 1081 1080
f 1096 1095 1082 1081
f 1094 1093 1079 1078
f 1095 1094 1078 1082
f 1094 1107 1108 1093
f 1103 1113 1118 1104
f 1093 1108 1120 1106
f 1097 1098 1112 1109
f 1097 1109 1110 1096
f 1096 1110 1111 1095
f 1095 1111 1107 1094
f 1144 1263 1180 1130
f 1145 1109 1112 1144
f 1146 1147 1111 1110
f 1142 1141 1115 1116
f 1143 1142 1116 1117
f 1145 1146 1110 1109
f 1123 1125 1143 1137
f 1136 1137 1119 1120
f 1122 1123 1137 1136
f 1113 1139 1138 1118
f 1128 1129 1139 1140
f 1148 1149 1108 1107
f 1149 1136 1120 1108
f 1140 1139 1113 1114
f 1141 1140 1114 1115
f 1146 1132 1131 1147
f 1147 1131 1135 1148
f 1127 1128 1140 1141
f 1143 1117 1119 1137
f 1125 1126 1142 1143
f 1126 1127 1141 1142
f 1148 1135 1134 1149
f 1139 1129 1124 1138
f 1145 1144 1130 1133
f 1145 1133 1132 1146
f 1149 1134 1122 1136
f 1147 1148 1107 1111
f 1121 1218 1251 1178
f 1283 1271 1152 1198
f 1173 1133 1130 1172
f 1174 1175 1131 1132
f 1170 1169 1127 1126
f 1171 1170 1126 1125
f 1173 1174 1132 1133
f 1151 1153 1171 1165
f 1164 1165 1123 1122
f 1075 1276 1274 1058
f 1150 1151 1165 1164
f 1129 1167 1166 1124
f 1156 1157 1167 1168
f 1176 1177 1134 1135
f 1177 1164 1122 1134
f 1168 1167 1129 1128
f 1169 1168 1128 1127
f 1174 1160 1159 1175
f 1175 1159 1163 1176
f 1155 1156 1168 1169
f 1171 1125 1123 1165
f 1153 1154 1170 1171
f 1154 1155 1169 1170
f 1176 1163 1162 1177
f 1167 1157 1152 1166
f 1173 1172 1158 1161
f 1173 1161 1160 1174
f 1177 1162 1150 1164
f 1175 1176 1135 1131
f 1205 1161 1158 1204
f 1206 1207 1159 1160
f 1202 1201 1155 1154
f 1203 1202 1154 1153
f 1205 1206 1160 1161
f 1183 1185 1203 1197
f 1196 1197 1151 1150
f 1182 1183 1197 1196
f 1157 1199 1198 1152
f 1188 1189 1199 1200
f 1208 1209 1162 1163
f 1209 1196 1150 1162
f 1200 1199 1157 1156
f 1201 1200 1156 1155
f 1206 1192 1191 1207
f 1207 1191 1195 1208
f 1187 1188 1200 1201
f 1203 1153 1151 1197
f 1185 1186 1202 1203
f 1186 1187 1201 1202
f 1208 1195 1194 1209
f 1199 1189 1184 1198
f 1205 1204 1190 1193
f 1205 1193 1192 1206
f 1209 1194 1182 1196
f 1207 1208 1163 1159
f 1250 1227 1245 1252
f 1240 1226 1229 1235
f 1257 1193 1190 1251
f 1258 1259 1191 1192
f 1233 1232 1187 1186
f 1234 1233 1186 1185
f 1257 1258 1192 1193
f 1223 1255 1256 1222
f 1211 1213 1234 1225
f 1224 1225 1183 1182
f 1210 1211 1225 1224
f 1189 1230 1228 1184
f 1241 1240 1235 1236
f 1216 1217 1230 1231
f 1242 1241 1236 1237
f 1256 1255 1248 1249
f 1222 1256 1249 1210
f 1246 1245 1240 1241
f 1253 1252 1245 1246
f 1254 1253 1246 1247
f 1248 1247 1242 1243
f 1221 1252 1253 1220
f 1221 1218 1250 1252
f 1178 1251 1190 1273
f 1261 1224 1182 1194
f 1231 1230 1189 1188
f 1232 1231 1188 1187
f 1258 1220 1219 1259
f 1247 1246 1241 1242
f 1240 1245 1227 1226
f 1259 1219 1223 1260
f 1255 1254 1247 1248
f 1215 1216 1231 1232
f 1219 1254 1255 1223
f 1234 1185 1183 1225
f 1220 1253 1254 1219
f 1213 1214 1233 1234
f 1244 1243 1238 1239
f 1214 1215 1232 1233
f 1243 1242 1237 1238
f 1260 1223 1222 1261
f 1236 1235 1217 1216
f 1249 1244 1211 1210
f 1230 1217 1212 1228
f 1257 1251 1218 1221
f 1237 1236 1216 1215
f 1257 1221 1220 1258
f 1249 1248 1243 1244
f 1281 1282 1184 1228
f 1259 1260 1195 1191
f 1261 1222 1210 1224
f 1179 1204 1158 1272
f 1244 1239 1213 1211
f 1239 1238 1214 1213
f 1238 1237 1215 1214
f 1217 1235 1229 1212
f 1038 1266 1063 1052
f 1144 1112 1262 1263
f 1112 1098 1264 1262
f 1267 1061 1024 1001
f 1893 1875 2092 2094
f 1069 1052 1063 1265
f 1138 1278 1269 1118
f 1069 1265 1092 1083
f 1016 1030 1062 1279
f 1184 1282 1283 1198
f 1104 1277 1268 1089
f 1038 1024 1061 1266
f 1281 1228 1212 1280
f 1044 1275 1062 1030
f 1260 1261 1194 1195
f 1075 1089 1268 1276
f 1180 1181 1172 1130
f 1098 1083 1092 1264
f 1138 1124 1270 1278
f 1044 1058 1274 1275
f 1166 1152 1271 1284
f 1104 1118 1269 1277
f 1278 1270 1288 1294
f 1062 1275 1291 1285
f 1274 1276 1292 1290
f 1269 1278 1294 1287
f 1284 1271 1289 1300
f 1268 1277 1293 1286
f 1283 1282 1298 1299
f 1277 1269 1287 1293
f 1282 1281 1297 1298
f 1270 1284 1300 1288
f 1276 1268 1286 1292
f 1279 1062 1285 1295
f 1281 1280 1296 1297
f 1275 1274 1290 1291
f 1271 1283 1299 1289
f 1299 1298 1314 1315
f 1293 1287 1303 1309
f 1298 1297 1313 1314
f 1292 1286 1302 1308
f 1815 1814 2085 2188
f 1295 1285 1301 1311
f 1294 1288 1304 1310
f 1297 1296 1312 1313
f 1300 1289 1305 1316
f 1291 1290 1306 1307
f 1288 1300 1316 1304
f 1285 1291 1307 1301
f 1289 1299 1315 1305
f 1290 1292 1308 1306
f 1287 1294 1310 1303
f 1286 1293 1309 1302
f 1307 1306 1322 1323
f 1304 1316 1332 1320
f 1301 1307 1323 1317
f 1305 1315 1331 1321
f 1306 1308 1324 1322
f 1303 1310 1326 1319
f 1302 1309 1325 1318
f 1315 1314 1330 1331
f 1309 1303 1319 1325
f 1314 1313 1329 1330
f 1308 1302 1318 1324
f 1311 1301 1317 1327
f 1310 1304 1320 1326
f 1313 1312 1328 1329
f 1316 1305 1321 1332
f 1178 1273 1348 1337
f 1063 1266 1345 1334
f 1121 1178 1337 1336
f 1263 1262 1341 1342
f 1262 1264 1343 1341
f 1272 1181 1340 1347
f 1264 1092 1335 1343
f 1092 1265 1344 1335
f 1180 1263 1342 1339
f 1061 1267 1346 1333
f 1179 1272 1347 1338
f 1265 1063 1334 1344
f 1266 1061 1333 1345
f 1181 1180 1339 1340
f 1273 1179 1338 1348
f 1337 1348 1364 1353
f 1334 1345 1361 1350
f 1338 1347 1363 1354
f 1333 1346 1362 1349
f 1340 1339 1355 1356
f 1345 1333 1349 1361
f 1341 1343 1359 1357
f 1342 1341 1357 1358
f 1343 1335 1351 1359
f 1347 1340 1356 1363
f 1339 1342 1358 1355
f 1336 1337 1353 1352
f 1335 1344 1360 1351
f 1348 1338 1354 1364
f 1344 1334 1350 1360
f 2308 2187 1821 1829
f 1805 1810 1809 1804
f 1002 1368 1267 1001
f 1331 1330 2286 2287
f 1325 1319 2276 2282
f 1330 1329 2285 2286
f 1324 1318 2275 2281
f 1326 1320 2277 2283
f 1329 1328 2284 2285
f 1332 1321 2278 2288
f 1323 1322 2279 2280
f 1320 1332 2288 2277
f 1321 1331 2287 2278
f 1322 1324 2281 2279
f 1319 1326 2283 2276
f 1318 1325 2282 2275
f 1336 1352 1367 1366
f 1121 1336 1366 1365
f 1121 1365 1250 1218
f 2297 2294 898 657
f 988 989 2290 2291
f 989 990 2289 2290
f 1456 658 13848 13854
f 651 988 2291 2292
f 1456 642 656 658
f 2293 1465 1470 2297
f 1373 1295 1311 1372
f 1327 1371 1372 1311
f 1010 1828 2308 2186
f 2193 2113 2097 2194
f 1892 2302 2188 2189
f 1373 1372 2304 2305
f 1370 1369 1892 2300
f 1374 1373 2305 2306
f 2301 2298 1813 1815
f 1015 1014 1013 1012
f 1372 1371 2303 2304
f 945 939 2310 2266
f 949 2312 2311 950
f 950 2311 2310 939
f 1003 1008 1009 1017
f 1327 1317 2307 2309
f 1818 1823 1824 1819
f 1323 2280 2307 1317
f 975 959 1376 1377
f 959 754 1375 1376
f 754 844 869 1375
f 900 917 1379 1378
f 934 951 1381 1380
f 917 934 1380 1379
f 951 2270 2313 1381
f 838 900 1378 853
f 1380 1381 1391 1390
f 853 1378 1388 1383
f 1376 1375 1385 1386
f 1375 869 1384 1385
f 13852 713 726 13842
f 1381 2313 2314 1391
f 1377 1376 1386 1387
f 1378 1379 1389 1388
f 1379 1380 1390 1389
f 851 853 1383 1382
f 1387 1386 1397 1398
f 1383 1388 1399 1394
f 1389 1390 1401 1400
f 1385 1384 1395 1396
f 1386 1385 1396 1397
f 1382 1383 1394 1392
f 1388 1389 1400 1399
f 1396 1395 1405 1406
f 1397 1396 1406 1407
f 1392 1394 1404 1402
f 1399 1400 1410 1409
f 1398 1397 1407 1408
f 1395 1393 1403 1405
f 1400 1401 1411 1410
f 1393 1392 1402 1403
f 1394 1399 1409 1404
f 1403 1402 1412 1413
f 1404 1409 1419 1414
f 1406 1405 1415 1416
f 1407 1406 1416 1417
f 1402 1404 1414 1412
f 1409 1410 1420 1419
f 1408 1407 1417 1418
f 1405 1403 1413 1415
f 1410 1411 1421 1420
f 1413 1412 1422 1423
f 1414 1419 1429 1424
f 1416 1415 1425 1426
f 1417 1416 1426 1427
f 1412 1414 1424 1422
f 1419 1420 1430 1429
f 1418 1417 1427 1428
f 1415 1413 1423 1425
f 1420 1421 1431 1430
f 1366 1367 1428 1427
f 1365 1366 1427 1426
f 1365 1426 1425 1250
f 1227 1250 1425 1423
f 1226 1227 1423 1422
f 1226 1422 1424 1229
f 1212 1229 1424 1429
f 1280 1212 1429 1430
f 1296 1280 1430 1431
f 1312 1296 1432 1433
f 1390 1391 1436 1435
f 1431 1421 1439 1440
f 1391 2314 2316 1436
f 2284 1328 1434 2315
f 1296 1431 1440 1432
f 1401 1390 1435 1437
f 1411 1401 1437 1438
f 1328 1312 1433 1434
f 1421 1411 1438 1439
f 1461 1453 2435 1459
f 13847 1471 1456 13854
f 2435 640 1460 1459
f 13854 13848 648 1453
f 13879 13875 1566 1553
f 1479 1478 1451 1450
f 1481 1480 1449 1448
f 1480 1479 1450 1449
f 1482 1481 1448 1447
f 1462 1460 640 641
f 643 1454 1467 1466
f 1455 642 1469 1468
f 1465 1451 1457 1470
f 677 885 698 664
f 1452 1463 1462 641
f 1484 1482 1447 1458
f 1447 1469 1471 1458
f 1454 1455 1468 1467
f 1447 1448 1468 1469
f 1449 1450 1466 1467
f 1448 1449 1467 1468
f 1450 1451 1465 1466
f 1445 1463 1464 1446
f 1445 1444 1462 1463
f 1444 1443 1460 1462
f 1442 1441 1461 1459
f 1443 1442 1459 1460
f 1442 1472 1473 1441
f 1451 1478 1483 1457
f 1445 1446 1477 1474
f 1445 1474 1475 1444
f 1444 1475 1476 1443
f 1443 1476 1472 1442
f 13857 13869 1510 1497
f 13857 1497 1484 13853
f 1505 1504 1495 1494
f 1507 1506 1493 1492
f 1506 1505 1494 1493
f 1508 1507 1492 1491
f 1469 642 1456 1471
f 13850 1526 1510 13869
f 1496 1707 1512 1483
f 1643 1642 1597 1596
f 1510 1508 1491 1497
f 1491 1482 1484 1497
f 1491 1492 1481 1482
f 1493 1494 1479 1480
f 1492 1493 1480 1481
f 1494 1495 1478 1479
f 1489 1474 1477 1490
f 1489 1488 1475 1474
f 1488 1487 1476 1475
f 1486 1485 1473 1472
f 1487 1486 1472 1476
f 1486 1498 1499 1485
f 1495 1504 1509 1496
f 1489 1490 1503 1500
f 1489 1500 1501 1488
f 1488 1501 1502 1487
f 1487 1502 1498 1486
f 13862 1637 1594 13845
f 1705 1631 1644 1621
f 13863 13858 1682 2204
f 13862 13859 1624 1637
f 2204 2215 2213 13863
f 1534 1533 1524 1523
f 1536 1535 1522 1521
f 1535 1534 1523 1522
f 1537 1536 1521 1520
f 1504 1524 1525 1509
f 1539 1537 1520 1526
f 13860 645 671 13846
f 1520 1508 1510 1526
f 1520 1521 1507 1508
f 1522 1523 1505 1506
f 1521 1522 1506 1507
f 1523 1524 1504 1505
f 1518 1500 1503 1519
f 1518 1517 1501 1500
f 1517 1516 1502 1501
f 1515 1514 1499 1498
f 1516 1515 1498 1502
f 1515 1527 1528 1514
f 1524 1533 1538 1525
f 1518 1519 1532 1529
f 1518 1529 1530 1517
f 1517 1530 1531 1516
f 1516 1531 1527 1515
f 1601 1614 1623 1704
f 13879 1553 1539 13843
f 13884 868 867 13885
f 1561 1560 1551 1550
f 1563 1562 1549 1548
f 1562 1561 1550 1549
f 1564 1563 1548 1547
f 13866 13845 1594 1607
f 13883 13882 1568 1581
f 13860 13848 658 645
f 1552 1709 1700 1538
f 13866 1607 1568 13882
f 1566 1564 1547 1553
f 1547 1537 1539 1553
f 1547 1548 1536 1537
f 1549 1550 1534 1535
f 1548 1549 1535 1536
f 1550 1551 1533 1534
f 1545 1529 1532 1546
f 1545 1544 1530 1529
f 1544 1543 1531 1530
f 1542 1541 1528 1527
f 1543 1542 1527 1531
f 1542 1554 1555 1541
f 1551 1560 1565 1552
f 1545 1546 1559 1556
f 1545 1556 1557 1544
f 1544 1557 1558 1543
f 1543 1558 1554 1542
f 1588 1695 1622 1575
f 1452 641 649 650
f 1590 1591 1558 1557
f 1586 1585 1562 1563
f 1587 1586 1563 1564
f 1589 1590 1557 1556
f 1568 1570 1587 1581
f 1560 1583 1582 1565
f 1573 1574 1583 1584
f 13887 1458 1471 13847
f 1592 1593 1555 1554
f 1584 1583 1560 1561
f 1585 1584 1561 1562
f 1590 1577 1576 1591
f 1591 1576 1580 1592
f 1572 1573 1584 1585
f 1587 1564 1566 1581
f 1570 1571 1586 1587
f 1571 1572 1585 1586
f 1592 1580 1579 1593
f 1583 1574 1569 1582
f 1589 1588 1575 1578
f 1589 1578 1577 1590
f 1591 1592 1554 1558
f 1567 1657 1683 1620
f 1648 1649 1605 1606
f 1615 1578 1575 1614
f 1616 1617 1576 1577
f 1612 1611 1572 1571
f 1613 1612 1571 1570
f 1615 1616 1577 1578
f 1594 1596 1613 1607
f 1546 1532 1540 1696
f 1574 1609 1608 1569
f 1599 1600 1609 1610
f 13870 1678 1679 13871
f 13873 1680 1681 13872
f 13883 1581 1566 13875
f 13870 13874 1677 1678
f 1618 1619 1579 1580
f 1610 1609 1574 1573
f 1611 1610 1573 1572
f 1616 1603 1602 1617
f 1617 1602 1606 1618
f 1598 1599 1610 1611
f 1613 1570 1568 1607
f 1596 1597 1612 1613
f 1597 1598 1611 1612
f 1618 1606 1605 1619
f 1609 1600 1595 1608
f 1615 1614 1601 1604
f 1615 1604 1603 1616
f 1617 1618 1580 1576
f 13861 1663 1624 13859
f 1645 1604 1601 1644
f 1646 1647 1602 1603
f 1608 1717 1702 1569
f 1716 1703 1595 1638
f 1645 1646 1603 1604
f 1624 1626 1643 1637
f 13874 1684 1682 13858
f 1600 1639 1638 1595
f 1629 1630 1639 1640
f 13861 13855 1650 1663
f 1642 1641 1598 1597
f 1640 1639 1600 1599
f 1641 1640 1599 1598
f 1646 1633 1632 1647
f 1647 1632 1636 1648
f 1628 1629 1640 1641
f 1643 1596 1594 1637
f 1626 1627 1642 1643
f 1627 1628 1641 1642
f 1648 1636 1635 1649
f 1639 1630 1625 1638
f 1645 1644 1631 1634
f 1645 1634 1633 1646
f 1647 1648 1606 1602
f 1677 1664 1666 1672
f 1689 1634 1631 1683
f 1690 1691 1632 1633
f 1670 1669 1628 1627
f 1671 1670 1627 1626
f 1689 1690 1633 1634
f 1662 1687 1688 1661
f 1650 1652 1671 1663
f 1630 1667 1665 1625
f 1678 1677 1672 1673
f 1655 1656 1667 1668
f 1679 1678 1673 1674
f 13873 13871 1679 1680
f 1660 1684 1685 1659
f 1660 1657 1682 1684
f 1692 1693 1635 1636
f 1668 1667 1630 1629
f 1669 1668 1629 1628
f 1690 1659 1658 1691
f 1691 1658 1662 1692
f 1654 1655 1668 1669
f 1658 1686 1687 1662
f 1671 1626 1624 1663
f 1659 1685 1686 1658
f 1652 1653 1670 1671
f 1681 1680 1675 1676
f 1653 1654 1669 1670
f 1680 1679 1674 1675
f 1692 1662 1661 1693
f 1673 1672 1656 1655
f 1667 1656 1651 1665
f 1689 1683 1657 1660
f 1674 1673 1655 1654
f 1689 1660 1659 1690
f 1714 1715 1625 1665
f 1620 1683 1631 1705
f 1691 1692 1636 1632
f 1681 1676 1652 1650
f 1676 1675 1653 1652
f 1675 1674 1654 1653
f 1656 1672 1666 1651
f 1490 1698 1513 1503
f 1588 1559 1694 1695
f 1559 1546 1696 1694
f 1699 1511 1477 1446
f 1525 1708 1706 1509
f 1582 1710 1701 1565
f 1519 1697 1540 1532
f 1470 1457 1712 1711
f 1457 1483 1512 1712
f 1625 1715 1716 1638
f 1589 1556 1559 1588
f 1519 1503 1513 1697
f 1714 1665 1651 1713
f 1533 1551 1552 1538
f 1621 1644 1601 1704
f 1525 1538 1700 1708
f 775 882 881 746
f 795 756 889 904
f 1582 1569 1702 1710
f 1496 1509 1706 1707
f 1622 1623 1614 1575
f 1608 1595 1703 1717
f 1552 1565 1701 1709
f 1710 1702 1721 1727
f 1512 1707 1724 1718
f 1706 1708 1725 1723
f 1701 1710 1727 1720
f 1717 1703 1722 1734
f 1700 1709 1726 1719
f 1716 1715 1732 1733
f 1709 1701 1720 1726
f 1715 1714 1731 1732
f 1711 1712 1729 1728
f 1702 1717 1734 1721
f 1708 1700 1719 1725
f 1712 1512 1718 1729
f 1714 1713 1730 1731
f 1707 1706 1723 1724
f 1703 1716 1733 1722
f 1733 1732 1749 1750
f 1726 1720 1737 1743
f 1732 1731 1748 1749
f 1725 1719 1736 1742
f 1728 1729 1746 1745
f 1729 1718 1735 1746
f 1727 1721 1738 1744
f 1731 1730 1747 1748
f 1734 1722 1739 1751
f 1724 1723 1740 1741
f 1721 1734 1751 1738
f 1718 1724 1741 1735
f 1722 1733 1750 1739
f 1723 1725 1742 1740
f 1720 1727 1744 1737
f 1719 1726 1743 1736
f 1741 1740 1757 1758
f 1738 1751 1768 1755
f 1735 1741 1758 1752
f 1739 1750 1767 1756
f 1740 1742 1759 1757
f 1737 1744 1761 1754
f 1736 1743 1760 1753
f 1750 1749 1766 1767
f 1743 1737 1754 1760
f 1749 1748 1765 1766
f 1742 1736 1753 1759
f 1745 1746 1763 1762
f 1746 1735 1752 1763
f 1744 1738 1755 1761
f 1748 1747 1764 1765
f 1751 1739 1756 1768
f 1620 1705 1784 1773
f 1513 1698 1781 1770
f 1567 1620 1773 1772
f 1695 1694 1777 1778
f 1694 1696 1779 1777
f 1704 1623 1776 1783
f 1696 1540 1771 1779
f 1540 1697 1780 1771
f 1622 1695 1778 1775
f 1511 1699 1782 1769
f 1621 1704 1783 1774
f 1697 1513 1770 1780
f 1698 1511 1769 1781
f 1623 1622 1775 1776
f 1705 1621 1774 1784
f 1773 1784 1800 1789
f 1770 1781 1797 1786
f 1774 1783 1799 1790
f 1769 1782 1798 1785
f 1776 1775 1791 1792
f 1781 1769 1785 1797
f 1777 1779 1795 1793
f 1778 1777 1793 1794
f 1779 1771 1787 1795
f 1783 1776 1792 1799
f 1775 1778 1794 1791
f 1772 1773 1789 1788
f 1771 1780 1796 1787
f 1784 1774 1790 1800
f 1780 1770 1786 1796
f 1801 1699 1446 1464
f 1798 1782 1802 1803
f 1782 1699 1801 1802
f 1767 1766 2272 2273
f 1760 1754 2262 2268
f 1766 1765 2271 2272
f 1759 1753 2261 2267
f 1761 1755 2263 2269
f 1765 1764 2270 2271
f 1768 1756 2264 2274
f 1758 1757 2265 2266
f 1755 1768 2274 2263
f 1756 1767 2273 2264
f 1757 1759 2267 2265
f 1754 1761 2269 2262
f 1753 1760 2268 2261
f 1368 1369 1346 1267
f 1806 1811 1810 1805
f 1369 1370 1362 1346
f 1808 1814 1815 1813
f 1807 1812 1811 1806
f 2186 1008 1003 1004
f 1843 1819 1820 1842
f 1845 1817 1818 1844
f 1844 1818 1819 1843
f 1846 1816 1817 1845
f 1816 1834 1822 1821
f 1831 1833 1820 1825
f 1819 1824 1825 1820
f 1829 1821 1822 1830
f 1012 1013 1827 1011
f 2298 2434 1812 1813
f 2434 2433 1811 1812
f 2433 2431 1810 1811
f 2431 2299 1809 1810
f 1832 2299 996 2432
f 1832 1830 1822 1826
f 2186 2308 1829 1008
f 1008 1829 1830 1009
f 1827 1824 1823 1828
f 1808 1813 1812 1807
f 1295 1373 1374 1279
f 1835 1826 1822 1834
f 1848 1834 1816 1846
f 2187 1817 1816 1821
f 1849 1835 1834 1848
f 1805 1804 1837 1836
f 1820 1833 1847 1842
f 1804 1835 1849 1837
f 1808 1838 1841 1814
f 1808 1807 1839 1838
f 1807 1806 1840 1839
f 1806 1805 1836 1840
f 1871 1859 1860 1870
f 1873 1857 1858 1872
f 1872 1858 1859 1871
f 1874 1856 1857 1873
f 1842 1847 1861 1860
f 1876 1862 1856 1874
f 1877 1863 1862 1876
f 1863 1849 1848 1862
f 1856 1862 1848 1846
f 1858 1844 1843 1859
f 1857 1845 1844 1858
f 1859 1843 1842 1860
f 1854 1855 1841 1838
f 1850 1837 1849 1863
f 1854 1838 1839 1853
f 1853 1839 1840 1852
f 1851 1836 1837 1850
f 1852 1840 1836 1851
f 1851 1850 1865 1864
f 1860 1861 1875 1870
f 1850 1863 1877 1865
f 1854 1866 1869 1855
f 1854 1853 1867 1866
f 1853 1852 1868 1867
f 1852 1851 1864 1868
f 2091 1997 2022 2008
f 1903 1890 1891 1902
f 1905 1888 1889 1904
f 1904 1889 1890 1903
f 1906 1887 1888 1905
f 1831 1014 2306 2194
f 1886 2083 1880 1869
f 1908 1894 1887 1906
f 1909 1895 1894 1908
f 1895 1877 1876 1894
f 1887 1894 1876 1874
f 1887 1874 1873 1888
f 1889 1872 1871 1890
f 1888 1873 1872 1889
f 1890 1871 1870 1891
f 1885 1886 1869 1866
f 1881 1865 1877 1895
f 1885 1866 1867 1884
f 1884 1867 1868 1883
f 1882 1864 1865 1881
f 1883 1868 1864 1882
f 1882 1881 1897 1896
f 1891 1893 1907 1902
f 1881 1895 1909 1897
f 1885 1898 1901 1886
f 1885 1884 1899 1898
f 1884 1883 1900 1899
f 1883 1882 1896 1900
f 1976 2090 1999 1990
f 1932 1920 1921 1931
f 1934 1918 1919 1933
f 1933 1919 1920 1932
f 1935 1917 1918 1934
f 1956 1936 2087 2096
f 1937 1923 1917 1935
f 1938 1924 1923 1937
f 1924 1909 1908 1923
f 1917 1923 1908 1906
f 1917 1906 1905 1918
f 1919 1904 1903 1920
f 1918 1905 1904 1919
f 1920 1903 1902 1921
f 1915 1916 1901 1898
f 1911 1897 1909 1924
f 1915 1898 1899 1914
f 1914 1899 1900 1913
f 1960 1934 1933 1959
f 1912 1911 1926 1925
f 1921 1922 1936 1931
f 1911 1924 1938 1926
f 1915 1927 1930 1916
f 1915 1914 1928 1927
f 1914 1913 1929 1928
f 1913 1912 1925 1929
f 1962 1948 1998 2081
f 1963 1962 1930 1927
f 1964 1928 1929 1965
f 1984 1942 2088 2102
f 1916 2082 1910 1901
f 1963 1927 1928 1964
f 1941 1955 1961 1943
f 1954 1938 1937 1955
f 1940 1954 1955 1941
f 1961 1935 1934 1960
f 1946 1958 1957 1947
f 1912 1896 1897 1911
f 1988 1944 1945 1987
f 1958 1932 1931 1957
f 1959 1933 1932 1958
f 1964 1965 1949 1950
f 1965 1966 1953 1949
f 1945 1959 1958 1946
f 1961 1955 1937 1935
f 1943 1961 1960 1944
f 1944 1960 1959 1945
f 1966 1967 1952 1953
f 1957 1956 1942 1947
f 1963 1951 1948 1962
f 1963 1964 1950 1951
f 1967 1954 1940 1952
f 1965 1929 1925 1966
f 1939 1996 2069 2036
f 2075 2069 2008 2011
f 1015 1374 2306 1014
f 1998 1948 1990 1999
f 1992 1950 1949 1993
f 1993 1949 1953 1994
f 2101 2016 1970 2089
f 1991 1951 1950 1992
f 1969 1983 1989 1971
f 1982 1940 1941 1983
f 1010 2186 1004 1005
f 1968 1982 1983 1969
f 1989 1943 1944 1988
f 1974 1986 1985 1975
f 2020 1972 1973 2019
f 1995 1952 1940 1982
f 1986 1946 1947 1985
f 1987 1945 1946 1986
f 1992 1993 1977 1978
f 1993 1994 1981 1977
f 1973 1987 1986 1974
f 1989 1983 1941 1943
f 1971 1989 1988 1972
f 1972 1988 1987 1973
f 1994 1995 1980 1981
f 1985 1984 1970 1975
f 1991 1979 1976 1990
f 1991 1992 1978 1979
f 1995 1982 1968 1980
f 2026 1981 1980 2027
f 2023 2022 1976 1979
f 2024 1978 1977 2025
f 2078 2013 2012 2079
f 2099 2046 2002 2100
f 2023 1979 1978 2024
f 2001 2015 2021 2003
f 2014 1968 1969 2015
f 2000 2014 2015 2001
f 2021 1971 1972 2020
f 2006 2018 2017 2007
f 2051 2004 2005 2050
f 2027 1980 1968 2014
f 2018 1974 1975 2017
f 2019 1973 1974 2018
f 2024 2025 2009 2010
f 2025 2026 2013 2009
f 2005 2019 2018 2006
f 2021 2015 1969 1971
f 2003 2021 2020 2004
f 2004 2020 2019 2005
f 2026 2027 2012 2013
f 2017 2016 2002 2007
f 2023 2011 2008 2022
f 2023 2024 2010 2011
f 2027 2014 2000 2012
f 2025 1977 1981 2026
f 2068 2070 2063 2045
f 2058 2053 2047 2044
f 1996 2091 2008 2069
f 2076 2010 2009 2077
f 360 359 276 262
f 1991 1990 1948 1951
f 2075 2011 2010 2076
f 2041 2040 2074 2073
f 2029 2043 2052 2031
f 2042 2000 2001 2043
f 2028 2042 2043 2029
f 2052 2003 2004 2051
f 2059 2054 2053 2058
f 2034 2049 2048 2035
f 2060 2055 2054 2059
f 2074 2067 2066 2073
f 2040 2028 2067 2074
f 2064 2059 2058 2063
f 2071 2064 2063 2070
f 2072 2065 2064 2071
f 2066 2061 2060 2065
f 2039 2038 2071 2070
f 2039 2070 2068 2036
f 1967 1926 1938 1954
f 2079 2012 2000 2042
f 2049 2006 2007 2048
f 2050 2005 2006 2049
f 2076 2077 2037 2038
f 2065 2060 2059 2064
f 2058 2044 2045 2063
f 2077 2078 2041 2037
f 2073 2066 2065 2072
f 2033 2050 2049 2034
f 2037 2041 2073 2072
f 2052 2043 2001 2003
f 2038 2037 2072 2071
f 2031 2052 2051 2032
f 2062 2057 2056 2061
f 2032 2051 2050 2033
f 2061 2056 2055 2060
f 2078 2079 2040 2041
f 2054 2034 2035 2053
f 2067 2028 2029 2062
f 2048 2046 2030 2035
f 2075 2039 2036 2069
f 2055 2033 2034 2054
f 2075 2076 2038 2039
f 2067 2062 2061 2066
f 2079 2042 2028 2040
f 2077 2009 2013 2078
f 2062 2029 2031 2057
f 2057 2031 2032 2056
f 2056 2032 2033 2055
f 2035 2030 2047 2053
f 1855 1869 1880 2084
f 1997 2090 1976 2022
f 1930 2080 2082 1916
f 2085 1814 1841 1878
f 1962 2081 2080 1930
f 1994 1953 1952 1995
f 1886 1901 1910 2083
f 2189 2188 2085 2164
f 1833 2097 1879 1847
f 2002 2016 2101 2100
f 1931 1936 1956 1957
f 2099 2098 2030 2046
f 1870 1875 1893 1891
f 2007 2002 2046 2048
f 1893 2094 2086 1907
f 1947 1942 1984 1985
f 1902 1907 1922 1921
f 1956 2096 2088 1942
f 1861 2093 2092 1875
f 1975 1970 2016 2017
f 1984 2102 2089 1970
f 1922 2095 2087 1936
f 2096 2112 2106 2088
f 1879 2103 2109 2093
f 2092 2108 2110 2094
f 2087 2105 2112 2096
f 2102 2118 2107 2089
f 2086 2104 2111 2095
f 2101 2117 2116 2100
f 2095 2111 2105 2087
f 2100 2116 2115 2099
f 1804 1809 1826 1835
f 2088 2106 2118 2102
f 2094 2110 2104 2086
f 2097 2113 2103 1879
f 2099 2115 2114 2098
f 2093 2109 2108 2092
f 2089 2107 2117 2101
f 2117 2133 2132 2116
f 2111 2127 2121 2105
f 2116 2132 2131 2115
f 2110 2126 2120 2104
f 1922 1907 2086 2095
f 2113 2129 2119 2103
f 2112 2128 2122 2106
f 2115 2131 2130 2114
f 2118 2134 2123 2107
f 2109 2125 2124 2108
f 2106 2122 2134 2118
f 2103 2119 2125 2109
f 2107 2123 2133 2117
f 2108 2124 2126 2110
f 2105 2121 2128 2112
f 2104 2120 2127 2111
f 2125 2141 2140 2124
f 2122 2138 2150 2134
f 2119 2135 2141 2125
f 2123 2139 2149 2133
f 2124 2140 2142 2126
f 2121 2137 2144 2128
f 2120 2136 2143 2127
f 2133 2149 2148 2132
f 2127 2143 2137 2121
f 2132 2148 2147 2131
f 2126 2142 2136 2120
f 991 1018 2432 996
f 2129 2145 2135 2119
f 2128 2144 2138 2122
f 2131 2147 2146 2130
f 2134 2150 2139 2123
f 1996 2155 2166 2091
f 1880 2152 2163 2084
f 1939 2154 2155 1996
f 2081 2160 2159 2080
f 2080 2159 2161 2082
f 2090 2165 2158 1999
f 2082 2161 2153 1910
f 1910 2153 2162 2083
f 1998 2157 2160 2081
f 1878 2151 2164 2085
f 1997 2156 2165 2090
f 2083 2162 2152 1880
f 2084 2163 2151 1878
f 1999 2158 2157 1998
f 2091 2166 2156 1997
f 2155 2171 2182 2166
f 2152 2168 2179 2163
f 2156 2172 2181 2165
f 2151 2167 2180 2164
f 2158 2174 2173 2157
f 2163 2179 2167 2151
f 2159 2175 2177 2161
f 2160 2176 2175 2159
f 2161 2177 2169 2153
f 2165 2181 2174 2158
f 2157 2173 2176 2160
f 2154 2170 2171 2155
f 2153 2169 2178 2162
f 2166 2182 2172 2156
f 2162 2178 2168 2152
f 1828 1823 2187 2308
f 2149 2287 2286 2148
f 2143 2282 2276 2137
f 2148 2286 2285 2147
f 2142 2281 2275 2136
f 2144 2283 2277 2138
f 2147 2285 2284 2146
f 2150 2288 2278 2139
f 2141 2280 2279 2140
f 2138 2277 2288 2150
f 2139 2278 2287 2149
f 2140 2279 2281 2142
f 2137 2276 2283 2144
f 2136 2275 2282 2143
f 2154 2184 2185 2170
f 1939 2183 2184 2154
f 1939 2036 2068 2183
f 2292 1464 1463 1452
f 1801 2291 2290 1802
f 932 2296 2312 949
f 1802 2290 2289 1803
f 1461 13847 13854 1453
f 1464 2292 2291 1801
f 2297 1470 1711 2294
f 2113 2193 2192 2129
f 2129 2192 2191 2145
f 2194 2097 1833 1831
f 2309 2145 2191 2303
f 2300 1892 2189 2190
f 2193 2305 2304 2192
f 1013 1825 1824 1827
f 2194 2306 2305 2193
f 2302 2301 1815 2188
f 1368 1002 2301 2302
f 2192 2304 2303 2191
f 1758 2266 2310 1752
f 1762 1763 2311 2312
f 1763 1752 2310 2311
f 2296 2295 1728 1745
f 2180 2190 2189 2164
f 2145 2309 2307 2135
f 1012 1007 1016 1015
f 2141 2135 2307 2280
f 1788 2197 2196 1772
f 1772 2196 2195 1567
f 1567 2195 1682 1657
f 1713 2198 2199 1730
f 1747 2200 2201 1764
f 1730 2199 2200 1747
f 1764 2201 2313 2270
f 1651 1666 2198 1713
f 2200 2210 2211 2201
f 1666 2203 2208 2198
f 2196 2206 2205 2195
f 2195 2205 2204 1682
f 2201 2211 2314 2313
f 2197 2207 2206 2196
f 2198 2208 2209 2199
f 2199 2209 2210 2200
f 1664 2202 2203 1666
f 2207 2218 2217 2206
f 2203 2214 2219 2208
f 13872 1681 1650 13855
f 2209 2220 2221 2210
f 2205 2216 2215 2204
f 2206 2217 2216 2205
f 2202 2212 2214 2203
f 2208 2219 2220 2209
f 2216 2226 2225 2215
f 2217 2227 2226 2216
f 2212 2222 2224 2214
f 2219 2229 2230 2220
f 2218 2228 2227 2217
f 2215 2225 2223 2213
f 2220 2230 2231 2221
f 2213 2223 2222 2212
f 2214 2224 2229 2219
f 2223 2233 2232 2222
f 2224 2234 2239 2229
f 2226 2236 2235 2225
f 2227 2237 2236 2226
f 2222 2232 2234 2224
f 2229 2239 2240 2230
f 2228 2238 2237 2227
f 2225 2235 2233 2223
f 2230 2240 2241 2231
f 2233 2243 2242 2232
f 2234 2244 2249 2239
f 2236 2246 2245 2235
f 2237 2247 2246 2236
f 2232 2242 2244 2234
f 2239 2249 2250 2240
f 2238 2248 2247 2237
f 2235 2245 2243 2233
f 2240 2250 2251 2241
f 2184 2247 2248 2185
f 2183 2246 2247 2184
f 2183 2068 2245 2246
f 2045 2243 2245 2068
f 2044 2242 2243 2045
f 2044 2047 2244 2242
f 2030 2249 2244 2047
f 2098 2250 2249 2030
f 2114 2251 2250 2098
f 2130 2253 2252 2114
f 2210 2255 2256 2211
f 2251 2260 2259 2241
f 2211 2256 2316 2314
f 2284 2315 2254 2146
f 2114 2252 2260 2251
f 2221 2257 2255 2210
f 2231 2258 2257 2221
f 2146 2254 2253 2130
f 2241 2259 2258 2231
f 2317 2370 2410 2366
f 2317 2366 2402 2348
f 2317 2348 2403 2347
f 2317 2347 2408 2370
f 2318 2367 2426 2369
f 2318 2369 2409 2351
f 2318 2351 2405 2352
f 2318 2352 2418 2367
f 2319 2355 2403 2348
f 2319 2348 2402 2354
f 2319 2354 2418 2352
f 2319 2352 2405 2355
f 2320 2353 2413 2346
f 2320 2346 2401 2356
f 2320 2356 2404 2350
f 2320 2350 2416 2353
f 2321 2368 2408 2347
f 2321 2347 2403 2355
f 2321 2355 2405 2351
f 2321 2351 2409 2368
f 2322 2377 2411 2358
f 2322 2358 2406 2361
f 2322 2361 2407 2360
f 2322 2360 2412 2377
f 2323 2372 2428 2376
f 2323 2376 2412 2360
f 2323 2360 2407 2362
f 2323 2362 2422 2372
f 2324 2375 2427 2371
f 2324 2371 2420 2363
f 2324 2363 2406 2358
f 2324 2358 2411 2375
f 2325 2361 2406 2364
f 2325 2364 2408 2368
f 2325 2368 2409 2365
f 2325 2365 2407 2361
f 2326 2359 2422 2362
f 2326 2362 2407 2365
f 2326 2365 2409 2369
f 2326 2369 2426 2359
f 2327 2363 2420 2357
f 2327 2357 2410 2370
f 2327 2370 2408 2364
f 2327 2364 2406 2363
f 2328 2346 2413 2345
f 2328 2345 2427 2375
f 2328 2375 2411 2373
f 2328 2373 2401 2346
f 2329 2349 2416 2350
f 2329 2350 2404 2374
f 2329 2374 2412 2376
f 2329 2376 2428 2349
f 2330 2356 2401 2373
f 2330 2373 2411 2377
f 2330 2377 2412 2374
f 2330 2374 2404 2356
f 2331 2366 2410 2400
f 2331 2400 2424 2379
f 2331 2379 2415 2394
f 2331 2394 2402 2366
f 2332 2393 2426 2367
f 2332 2367 2418 2382
f 2332 2382 2419 2381
f 2332 2381 2425 2393
f 2333 2378 2413 2353
f 2333 2353 2416 2380
f 2333 2380 2417 2384
f 2333 2384 2414 2378
f 2334 2379 2424 2392
f 2334 2392 2425 2381
f 2334 2381 2419 2383
f 2334 2383 2415 2379
f 2335 2385 2429 2399
f 2335 2399 2430 2386
f 2335 2386 2423 2387
f 2335 2387 2421 2385
f 2336 2398 2428 2372
f 2336 2372 2422 2388
f 2336 2388 2423 2386
f 2336 2386 2430 2398
f 2337 2371 2427 2397
f 2337 2397 2429 2385
f 2337 2385 2421 2389
f 2337 2389 2420 2371
f 2338 2390 2421 2387
f 2338 2387 2423 2391
f 2338 2391 2425 2392
f 2338 2392 2424 2390
f 2339 2388 2422 2359
f 2339 2359 2426 2393
f 2339 2393 2425 2391
f 2339 2391 2423 2388
f 2340 2394 2415 2383
f 2340 2383 2419 2382
f 2340 2382 2418 2354
f 2340 2354 2402 2394
f 2341 2345 2413 2378
f 2341 2378 2414 2395
f 2341 2395 2429 2397
f 2341 2397 2427 2345
f 2342 2380 2416 2349
f 2342 2349 2428 2398
f 2342 2398 2430 2396
f 2342 2396 2417 2380
f 2343 2395 2414 2384
f 2343 2384 2417 2396
f 2343 2396 2430 2399
f 2343 2399 2429 2395
f 2344 2357 2420 2389
f 2344 2389 2421 2390
f 2344 2390 2424 2400
f 2344 2400 2410 2357
f 1014 1831 1825 1013
f 809 762 801 810
f 769 752 888 897
f 1478 1495 1496 1483
f 1490 1477 1511 1698
f 13881 13864 811 850
f 1855 2084 1878 1841
f 1861 1847 1879 2093
f 1856 1846 1845 1857
f 1966 1925 1926 1967
f 1913 1900 1896 1912
f 13783 13782 273 286
f 2449 2448 2439 2445
f 2444 2442 2436 2438
f 2437 2443 2446 2440
f 2441 2451 2445 2439
f 2442 2443 2437 2436
f 2449 2444 2438 2448
f 2441 2447 2450 2451
f 2465 2461 2455 2464
f 2460 2454 2452 2458
f 2453 2456 2462 2459
f 2457 2455 2461 2467
f 2458 2452 2453 2459
f 2465 2464 2454 2460
f 2457 2467 2466 2463
f 2469 2468 2484 2485
f 2484 2482 2481 2486
f 2487 2486 2481 2480
f 2476 2488 2489 2477
f 2477 2489 2487 2478
f 2474 2473 2490 2488
f 2488 2490 2491 2489
f 2489 2491 2486 2487
f 2472 2492 2490 2473
f 2492 2485 2491 2490
f 2485 2484 2486 2491
f 2478 2487 2480 2479
f 2470 2469 2485 2492
f 2475 2474 2488 2476
f 2468 2483 2482 2484
f 2471 2470 2492 2472
f 2494 2510 2509 2493
f 2509 2511 2506 2507
f 2512 2505 2506 2511
f 2501 2502 2514 2513
f 2502 2503 2512 2514
f 2499 2513 2515 2498
f 2513 2514 2516 2515
f 2514 2512 2511 2516
f 2497 2498 2515 2517
f 2517 2515 2516 2510
f 2510 2516 2511 2509
f 2503 2504 2505 2512
f 2495 2517 2510 2494
f 2500 2501 2513 2499
f 2493 2509 2507 2508
f 2496 2497 2517 2495
f 2519 2518 2534 2535
f 2534 2532 2531 2536
f 2537 2536 2531 2530
f 2526 2538 2539 2527
f 2527 2539 2537 2528
f 2524 2523 2540 2538
f 2538 2540 2541 2539
f 2539 2541 2536 2537
f 2522 2542 2540 2523
f 2542 2535 2541 2540
f 2535 2534 2536 2541
f 2528 2537 2530 2529
f 2520 2519 2535 2542
f 2525 2524 2538 2526
f 2518 2533 2532 2534
f 2521 2520 2542 2522
f 2544 2560 2559 2543
f 2559 2561 2556 2557
f 2562 2555 2556 2561
f 2551 2552 2564 2563
f 2552 2553 2562 2564
f 2549 2563 2565 2548
f 2563 2564 2566 2565
f 2564 2562 2561 2566
f 2547 2548 2565 2567
f 2567 2565 2566 2560
f 2560 2566 2561 2559
f 2553 2554 2555 2562
f 2545 2567 2560 2544
f 2550 2551 2563 2549
f 2543 2559 2557 2558
f 2546 2547 2567 2545
f 2570 2705 2612 2613
f 2615 2571 2580 2614
f 2616 2572 2661 2609
f 2633 2573 2682 2592
f 2591 2574 2573 2633
f 2573 2574 2578 2577
f 2682 2573 2577 2683
f 2571 2575 2581 2580
f 2661 2572 2576 2662
f 2581 2575 2582 2585
f 2685 2684 2586 2587
f 2662 2576 2583 2663
f 2663 2583 2584 2664
f 2578 2587 2586 2577
f 2683 2684 2583 2576
f 2685 2686 2589 2584
f 2664 2665 2588 2585
f 2615 2609 2661 2571
f 2613 2612 2593 2569
f 2569 2593 2594 2568
f 2635 2634 2596 2595
f 2595 2596 2598 2597
f 2597 2598 2600 2599
f 2599 2600 2602 2601
f 2601 2602 2604 2603
f 2679 2603 7727 2680
f 2687 2702 2653 2607
f 2707 2671 2636 2706
f 2570 2613 2671 2707
f 2708 2693 2611 2704
f 2703 2704 2611 2610
f 2706 2636 2693 2708
f 2686 2590 2620 2688
f 2665 2589 2619 2666
f 2666 2619 2622 2667
f 2688 2620 2623 2689
f 2689 2623 2626 2690
f 2667 2622 2625 2668
f 2690 2626 2629 2691
f 2668 2625 2628 2669
f 2691 2629 2632 2692
f 2669 2628 2631 2670
f 2568 2594 2634 2635
f 2693 2636 2638 2694
f 2694 2638 2640 2695
f 2695 2640 2642 2696
f 2696 2642 2644 2697
f 2697 2644 2646 2698
f 2698 2646 2648 2699
f 2699 2648 2650 2700
f 2700 2650 2652 2701
f 2672 2638 2636 2671
f 2673 2640 2638 2672
f 2674 2642 2640 2673
f 2675 2644 2642 2674
f 2676 2646 2644 2675
f 2677 2648 2646 2676
f 2678 2650 2648 2677
f 2679 2652 2650 2678
f 2608 7502 7497 7357
f 2681 2607 2653 2680
f 2610 2611 2637 2579
f 2579 2637 2639 2617
f 2645 2647 2658 2657
f 2641 2643 2656 2655
f 2647 2649 2659 2658
f 2643 2645 2657 2656
f 2649 2651 2660 2659
f 2641 2655 2617 2639
f 7502 2608 7728 7448
f 2701 2652 2653 2702
f 2604 7379 7727 2603
f 2653 2652 2679 2680
f 2603 2679 2678 2601
f 2601 2678 2677 2599
f 2599 2677 2676 2597
f 2597 2676 2675 2595
f 2595 2675 2674 2635
f 2635 2674 2673 2568
f 2568 2673 2672 2569
f 2569 2672 2671 2613
f 2627 2669 2670 2630
f 2624 2668 2669 2627
f 2621 2667 2668 2624
f 2618 2666 2667 2621
f 2588 2665 2666 2618
f 2584 2589 2665 2664
f 2582 2663 2664 2585
f 2575 2662 2663 2582
f 2571 2661 2662 2575
f 2616 2592 2682 2572
f 2651 2701 2702 2654
f 2649 2700 2701 2651
f 2647 2699 2700 2649
f 2645 2698 2699 2647
f 2643 2697 2698 2645
f 2641 2696 2697 2643
f 2639 2695 2696 2641
f 2637 2694 2695 2639
f 2611 2693 2694 2637
f 2628 2691 2692 2631
f 2625 2690 2691 2628
f 2622 2689 2690 2625
f 2619 2688 2689 2622
f 2589 2686 2688 2619
f 2608 7373 2654 7728
f 2587 2590 2686 2685
f 2577 2586 2684 2683
f 2584 2583 2684 2685
f 2572 2682 2683 2576
f 2616 2706 2708 2592
f 2591 2633 2704 2703
f 2592 2708 2704 2633
f 2615 2570 2707 2609
f 2609 2707 2706 2616
f 2615 2614 2705 2570
f 2920 2733 2776 2940
f 5128 2759 2711 5127
f 2950 2803 2743 2930
f 2748 2989 2988 2766
f 2765 5147 2941 2749
f 2924 2945 2785 2713
f 5129 5132 2780 2944
f 5143 2787 2710 2921
f 2921 2939 2776 2733
f 2972 2960 2716 2771
f 2924 3076 3001 2735
f 2974 2961 2715 2778
f 2786 2717 2713 2785
f 2788 2719 2710 2787
f 2925 2714 2779 2944
f 2758 2718 2711 2759
f 2771 2716 2709 2772
f 2786 2983 2967 2717
f 2757 2734 2923 2943
f 2945 5127 2711 2785
f 2968 2742 2800 2980
f 2936 2750 2804 2951
f 2931 2739 2721 2926
f 2729 2732 2721 2722
f 2741 2740 2723 2724
f 2964 2729 2722 2979
f 2757 2942 2922 2734
f 2987 2744 2799 2978
f 2951 2931 2743 2803
f 5132 5127 2945 2780
f 5088 5028 5069 2751
f 2982 2991 2760 2782
f 2979 2722 2742 2968
f 2724 2723 2731 2730
f 2722 2721 2739 2742
f 2926 2721 2732 2928
f 2991 2990 2770 2760
f 2800 2804 2750 2747
f 2927 2726 2728 2929
f 2980 2800 2747 2969
f 2801 2802 2740 2741
f 2726 2926 2928 2728
f 2951 2804 2739 2931
f 2779 2714 2720 2778
f 5086 2753 5044 2754
f 2780 2735 2925 2944
f 2754 5044 3029 2933
f 5069 2752 5085 2751
f 3001 3007 2925 2735
f 2978 2799 2745 2989
f 2936 2746 2768 5148
f 2939 2775 2773 5130
f 2745 2969 2973 2769
f 2798 2767 2764 2797
f 2975 2971 2762 2783
f 2965 2984 2790 2736
f 2921 2710 2775 2939
f 2743 2931 2926 2726
f 2777 2763 2773 2775
f 2990 2965 2736 2770
f 2783 2762 2774 2784
f 2746 2941 5147 2768
f 2776 2939 5130 2761
f 5139 5134 2953 2806
f 5135 5139 2806 2952
f 2719 2777 2775 2710
f 2977 2973 2767 2798
f 2766 2765 2749 2748
f 5130 2773 2759 5128
f 2762 2771 2772 2774
f 2971 2972 2771 2762
f 2718 2786 2785 2711
f 2933 3029 5049 2755
f 2743 2726 2927 2930
f 4964 5089 3021 4965
f 2715 2783 2784 2712
f 2756 2932 2755 5049
f 2712 2779 2778 2715
f 2983 2966 2737 2781
f 2961 2975 2783 2715
f 2940 2776 2761 5125
f 2763 2758 2759 2773
f 2937 2949 2795 5150
f 5144 2793 2787 5143
f 2794 2788 2787 2793
f 2716 2792 2791 2709
f 2966 2982 2782 2737
f 2960 2976 2792 2716
f 2792 2798 2797 2791
f 2981 2988 2769 2796
f 2976 2977 2798 2792
f 5131 2757 2943 2935
f 5147 2765 2793 5144
f 5131 2934 2942 2757
f 2766 2794 2793 2765
f 2748 2749 2802 2801
f 2963 2725 2744 2987
f 2742 2739 2804 2800
f 2989 2745 2769 2988
f 2782 2975 2961 2737
f 2977 2976 2790 2796
f 2727 2964 2979 2725
f 2980 2969 2745 2799
f 2770 2972 2971 2760
f 2725 2979 2968 2744
f 5140 5133 2964 2727
f 5040 3021 5089 3028
f 2760 2971 2975 2782
f 2976 2960 2736 2790
f 2744 2968 2980 2799
f 2736 2960 2972 2770
f 2737 2961 2974 2781
f 2769 2973 2977 2796
f 2986 2727 2725 2963
f 5137 5141 2732 2729
f 5138 5142 2810 2809
f 5136 5138 2809 2993
f 5134 5141 2811 2953
f 5133 5137 2729 2964
f 2808 2813 2812 2811
f 2813 2809 2810 2812
f 2949 2947 2789 2795
f 2781 2974 2962 2738
f 2945 2924 2735 2780
f 2994 2893 3017 3015
f 2938 5150 2795 2948
f 3075 2955 2818 3002
f 2954 3062 3002 2818
f 2967 2983 2781 2738
f 3033 2957 2823 3003
f 2956 3073 3003 2823
f 3008 3006 2828 2958
f 2954 3055 3067 3062
f 3077 2959 2828 3006
f 2879 5779 5777 2829
f 5774 2875 2830 5775
f 2877 2880 2831 2850
f 2895 2892 2833 2867
f 2876 2834 2830 2875
f 2867 2833 2829 2869
f 2839 2843 2898 2865
f 5756 2891 2885 2899
f 2835 2911 2918 5757
f 2898 2843 2848 2914
f 2861 5761 2862 2849
f 2860 2849 2862 5762
f 2858 2851 2863 2837
f 5770 5766 5762 2862
f 5764 5771 2858 2837
f 2884 2841 5774 5773
f 2849 2860 2859 2851
f 5772 5765 2838 2859
f 5763 5767 2911 2835
f 2861 2849 2851 2858
f 2842 2884 5773 5779
f 2905 2906 2852 2866
f 2917 2847 2845 2909
f 2889 5756 2899 2883
f 2903 5760 5756 2889
f 2874 2877 2850 2832
f 2859 2838 2863 2851
f 2883 2882 2888 2889
f 2889 2888 2904 2903
f 5758 2890 2887 2897
f 2959 2855 2854 2825
f 2886 2842 5779 2879
f 5765 5769 2863 2838
f 5775 2830 2870 5776
f 2916 2917 2909 2910
f 2829 5777 5778 2869
f 2850 2831 2871 2872
f 2834 2873 2870 2830
f 2839 2864 2907 2843
f 5769 5764 2837 2863
f 2884 2865 2840 2841
f 2884 2842 2839 2865
f 2883 2876 2875 2882
f 2832 2850 2872 2868
f 2833 2881 2879 2829
f 2906 2900 2878 2852
f 2892 2896 2881 2833
f 2881 2887 2886 2879
f 2900 2899 2885 2878
f 2896 2897 2887 2881
f 5757 2918 2901 5755
f 2914 2848 2846 2912
f 2848 2919 2908 2846
f 5760 2894 2891 5756
f 2890 2864 2886 2887
f 2821 2856 2854 2819
f 2956 2855 2857 3073
f 2898 2914 2847 2844
f 2955 3050 3072 2815
f 2866 2852 2892 2895
f 2904 2844 2847 2917
f 2836 2915 2894 5760
f 3087 3079 2866 2895
f 2852 2878 2896 2892
f 2847 2914 2912 2845
f 2910 5759 2836 2916
f 2834 2876 2900 2906
f 2918 2919 2907 2901
f 2873 2834 2906 2905
f 3033 4973 3062 3067
f 2888 2840 2844 2904
f 2876 2883 2899 2900
f 5766 5768 2860 5762
f 5767 5771 2908 2911
f 2878 2885 2897 2896
f 2913 2835 5757 2915
f 2894 5755 5758 2891
f 2915 5757 5755 2894
f 5758 2897 2885 2891
f 2901 2907 2864 2890
f 5770 5763 2835 2913
f 5768 5772 2859 2860
f 2841 2882 2875 5774
f 5759 2913 2915 2836
f 2843 2907 2919 2848
f 2840 2865 2898 2844
f 2911 2908 2919 2918
f 5755 2901 2890 5758
f 2903 2904 2917 2916
f 2784 5126 5129 2712
f 2791 5145 2920 2709
f 2779 2712 5129 2944
f 2749 2941 2950 2802
f 2740 2930 2927 2723
f 2723 2927 2929 2731
f 2802 2950 2930 2740
f 5148 2764 2750 2936
f 2772 2940 5125 2774
f 2756 5049 3028 5089
f 2709 2920 2940 2772
f 2774 5125 5126 2784
f 2797 5146 5145 2791
f 2764 5148 5146 2797
f 5142 5135 2952 2810
f 2970 3011 2755 2932
f 2805 3013 2754 2933
f 2794 2766 2988 2981
f 2724 2963 2987 2741
f 2718 2758 2982 2966
f 2719 2788 2984 2965
f 2801 2978 2989 2748
f 2777 2719 2965 2990
f 2786 2718 2966 2983
f 2763 2777 2990 2991
f 2741 2987 2978 2801
f 2730 2986 2963 2724
f 2788 2794 2981 2984
f 2969 2747 2767 2973
f 2758 2763 2991 2982
f 5145 5149 2733 2920
f 3007 2999 2714 2925
f 2962 2720 3000 3009
f 2999 3000 2720 2714
f 3005 3004 2824 2826
f 2958 2824 3004 3008
f 5140 5136 2993 2807
f 5149 5143 2921 2733
f 2816 3078 3068 2814
f 3037 4999 5073 5005
f 2957 3055 3068 2820
f 2924 3050 2902 3076
f 2717 3070 3072 2713
f 3099 4998 5017 3124
f 3075 4974 3076 2902
f 4975 3073 2857 3077
f 2948 2795 2789 2946
f 2984 2981 2796 2790
f 3050 2924 2713 3072
f 3050 2955 3075 2902
f 3055 2954 2814 3068
f 3055 2957 3033 3067
f 2996 2853 3018 3013
f 2855 2959 3077 2857
f 2855 2956 2819 2854
f 3081 3082 2869 5778
f 3083 3084 5776 2870
f 2867 3080 3087 2895
f 2873 2905 3088 3086
f 2869 3082 3080 2867
f 3085 3081 5778 5780
f 3086 3083 2870 2873
f 3084 3085 5780 5776
f 3098 3096 3086 3088
f 3094 3095 3085 3084
f 3089 3098 3088 3079
f 3096 3093 3083 3086
f 3090 3097 3087 3080
f 3048 3098 3089 3047
f 3092 3090 3080 3082
f 3091 3092 3082 3081
f 3093 3094 3084 3083
f 3095 3091 3081 3085
f 3097 3089 3079 3087
f 3031 3090 3092 3024
f 3026 3093 3096 3113
f 3061 3109 3095 3094
f 3047 3089 3097 3032
f 3032 3097 3090 3031
f 3061 3094 3093 3026
f 3098 3048 3113 3096
f 3024 3092 3091 3023
f 3114 5022 5024 3026
f 5033 5003 4989 5034
f 5033 3046 4999 5035
f 3070 2817 2815 3072
f 3078 2822 2820 3068
f 3071 2856 2821 2997
f 2998 3071 2970 2985
f 2856 2827 2825 2854
f 3071 2997 3011 2970
f 3095 3109 3023 3091
f 3126 4967 5014 5007
f 4996 3051 5006 3054
f 3053 5005 5081 5075
f 3057 3025 5074 5077
f 3104 3110 3065 3059
f 5061 5062 3066 3022
f 5037 5015 5016 5038
f 2746 2803 2950 2941
f 2746 2936 2951 2803
f 3007 4971 3010 2999
f 3005 3020 3019 3004
f 4972 3008 3004 3019
f 2999 3010 3112 3000
f 3114 3026 3113 3115
f 5023 5024 3106 3119
f 5118 7839 7840 7830
f 2998 2827 2856 3071
f 3122 5097 5100 5031
f 3122 5031 3065 3110
f 5094 5093 5036 5068
f 3100 3123 5018 5019
f 3030 3022 3066 3035
f 3012 3009 3000 3112
f 2916 2836 5760 2903
f 3118 3114 3115 5015
f 3035 3066 3127 3045
f 5062 5060 3127 3066
f 3048 3116 3115 3113
f 3116 3048 3047 3043
f 3042 3032 3031 3041
f 3041 3031 3024 3040
f 3040 3024 3023 3039
f 3043 3047 3032 3042
f 3545 3544 3129 3128
f 3686 3328 3797 3793
f 3555 3154 3129 3544
f 3555 3155 3157 3556
f 3159 3557 3556 3157
f 3556 3156 3154 3555
f 3559 3162 3160 3558
f 3173 3176 3155 3131
f 3706 3143 3171 3789
f 3184 3185 3182 3181
f 3182 3179 3178 3181
f 3206 3676 3823 3818
f 3165 3164 3145 3147
f 3615 3936 3935 3651
f 3137 3169 3175 3135
f 3174 3172 3130 3133
f 3168 3167 3150 3152
f 3179 3180 3163 3161
f 3172 3173 3131 3130
f 3802 3800 3135 3175
f 3169 3137 3676 3206
f 3415 3414 3395 3396
f 3157 3177 3178 3159
f 3567 3167 3168 3574
f 3190 3197 3203 3191
f 3413 3394 3395 3414
f 3567 3566 3166 3167
f 3573 3575 3574 3168
f 3557 3158 3156 3556
f 3176 3177 3157 3155
f 3557 3159 3161 3558
f 3575 3629 3628 3574
f 3184 3191 8623 8620
f 8621 8622 3186 3185
f 13116 13111 13095 13084
f 3193 3194 3173 3172
f 3836 3850 3851 3852
f 3199 3196 3175 3169
f 3195 3193 3172 3174
f 3819 3818 3825 3857
f 3200 3165 3166 3566
f 3792 3201 3849 3789
f 3183 3575 3573 3180
f 3182 3183 3180 3179
f 3185 3186 3183 3182
f 4404 4403 12497 3770
f 3313 3202 3171 3164
f 12691 12579 12542 12572
f 3194 3197 3176 3173
f 3196 3807 3802 3175
f 3558 3160 3158 3557
f 13953 3792 3202 13950
f 3197 13962 13964 3203
f 3194 13967 13962 3197
f 3599 3584 3591 3596
f 3622 3869 3866 3610
f 3603 3608 3617 3619
f 3202 3792 3789 3171
f 3141 3140 3712 3728
f 13931 13929 3856 3822
f 3696 3901 3898 3305
f 3607 3603 3619 3620
f 3698 3695 3908 3906
f 3309 3308 3343 3344
f 3208 3561 3565 3209
f 3257 3666 3662 3239
f 3208 3879 3211 3312
f 3882 3312 3211 3883
f 12824 13728 13139 12820
f 3882 8655 8653 3881
f 13901 13902 3218 3216
f 3618 3806 3805 3604
f 13728 12824 12823 13132
f 3746 3780 3271 3293
f 8629 3238 3213 8628
f 13899 13929 13931 13901
f 3822 3587 3589 3859
f 3913 3350 3271 3254
f 13963 13951 3602 3862
f 13968 13954 3314 3292
f 3252 3256 3241 3229
f 13962 3204 3205 13964
f 3611 12480 12483 3623
f 3253 3531 3530 3226
f 3623 3787 3790 3611
f 3537 3268 3230 3538
f 3233 3255 3259 3245
f 3259 3260 3248 3245
f 13970 3854 3582 13971
f 3252 3540 3541 3227
f 3275 3265 3235 3270
f 13910 13945 13933 13903
f 3241 3256 3666 3667
f 3668 3663 3225 3660
f 3250 8633 8636 3261
f 3531 3255 3233 3530
f 3666 3256 3236 3662
f 3258 3243 3242 3257
f 8635 3258 3240 8630
f 3663 3662 3236 3225
f 12926 12924 12639 12614
f 3663 3668 3212 3237
f 3239 3237 3238 3240
f 8629 8630 3240 3238
f 3820 3326 3332 3863
f 3228 3532 3531 3253
f 4275 4274 12489 3588
f 3246 3223 3245 3248
f 3250 3261 3260 3247
f 3259 3255 3234 3244
f 3246 3248 3251 3249
f 3251 3248 3260 3261
f 3247 3244 3265 3264
f 3264 3263 3250 3247
f 3667 3666 3257 3242
f 3264 3265 3275 3274
f 12465 12492 12493 12469
f 3243 8631 8637 3266
f 3242 3243 3266 3267
f 3228 3539 3538 3230
f 3263 8638 8633 3250
f 4274 4273 3875 12489
f 3274 3275 3285 3284
f 3267 3266 3276 3277
f 3274 3273 3263 3264
f 3879 3629 3569 3211
f 4271 4276 3861 3612
f 12919 13915 13906 12588
f 3629 3575 3183 3569
f 3277 3276 3286 3287
f 3284 3283 3273 3274
f 3665 3267 3277 3664
f 13926 3814 3855 13930
f 12608 12600 12624 12628
f 13936 13918 13919 13937
f 4272 4271 3612 3592
f 3869 3868 3865 3866
f 3283 8642 8640 3273
f 8635 8631 3243 3258
f 3261 8636 8634 3251
f 3854 13970 13995 13932
f 3621 3618 3604 3609
f 13899 13901 3216 3656
f 3233 3245 3223 3221
f 3540 3539 3228 3253
f 3221 3223 3216 3218
f 3709 3903 3901 3696
f 3342 3375 3671 3295
f 3395 3394 3724 3720
f 3340 3341 3294 3669
f 3777 3338 3296 3207
f 3341 3342 3295 3294
f 3338 3339 3297 3296
f 3347 3353 3349 3348
f 3315 3316 3322 3321
f 3307 3309 3344 3346
f 3809 3307 3346 3812
f 3799 3801 3317 3323
f 3362 8651 8665 3670
f 3794 3340 3669 3810
f 3335 3336 3674 3677
f 3375 3362 3670 3671
f 3702 3701 3371 3319
f 3799 3323 3329 3797
f 3367 8648 8649 3366
f 3321 3322 3328 3327
f 3324 3325 3331 3330
f 3198 3321 3327 3192
f 3323 3324 3330 3329
f 3690 3682 3333 3170
f 3685 3684 3336 3335
f 3793 3685 3335 3798
f 3688 8667 8650 3363
f 3682 3686 3334 3333
f 3684 3687 3337 3336
f 3674 3673 3342 3341
f 3683 3675 3338 3777
f 3677 3674 3341 3340
f 3796 3677 3340 3794
f 3679 8666 8651 3362
f 3675 3678 3339 3338
f 3910 3364 8645 8910
f 4555 3344 3343 4551
f 3681 3895 3893 3304
f 3377 3343 3308 3376
f 3323 3317 3318 3324
f 3324 3318 3319 3325
f 3610 3790 3787 3622
f 3701 3700 3368 3371
f 3319 3371 3374 3325
f 4556 3353 3347 4554
f 4557 3812 3346 4553
f 3654 3599 3596 3653
f 3922 3772 3749 3928
f 3609 3292 3314 3332
f 3813 3352 3356 3795
f 3351 3357 3358 3354
f 3368 8647 8648 3367
f 3352 3345 3359 3356
f 8645 3364 3365 8644
f 3370 3378 3360 3310
f 3369 4559 8911 8646
f 3371 3368 3367 3374
f 3310 3360 3359 3345
f 3374 3367 3366 3373
f 4553 3346 3344 4555
f 3361 3369 8646 8652
f 3680 3679 3362 3375
f 3689 3688 3363 3372
f 3691 3302 3888 3887
f 3170 3333 3675 3683
f 3706 3580 3549 3143
f 4550 3377 3364 3910
f 3364 3377 3376 3365
f 3325 3374 3373 3331
f 3673 3680 3375 3342
f 3687 3689 3372 3337
f 4551 3343 3377 4550
f 3886 3872 3694 3871
f 3369 3361 3378 3370
f 3711 3710 3380 3379
f 3713 3712 3140 3138
f 3714 3713 3138 3136
f 3715 3714 3136 3134
f 3716 3715 3134 3132
f 3717 3710 3129 3154
f 3719 3718 3160 3162
f 3395 3720 3718 3396
f 3393 3717 3724 3394
f 3723 3722 3153 3151
f 12534 12532 12816 12817
f 3725 3723 3151 3149
f 3158 3720 3724 3156
f 3727 3726 3146 3144
f 3730 3721 3142 3570
f 3711 3716 3132 3128
f 3409 3410 3391 3390
f 3407 3408 3389 3388
f 3404 3405 3386 3385
f 3398 3400 3381 3379
f 3178 3177 3190 3181
f 3410 3411 3392 3391
f 3400 3401 3382 3381
f 3178 3179 3161 3159
f 3572 3163 3180 3573
f 3401 3402 3383 3382
f 3413 3412 3393 3394
f 3578 3406 3387 3576
f 3402 3403 3384 3383
f 3412 3399 3380 3393
f 3403 3404 3385 3384
f 3379 3380 3399 3398
f 3416 3415 3396 3397
f 13965 3196 3199 13968
f 3727 3721 3387 3388
f 3388 3387 3406 3407
f 3440 3424 3425 3441
f 3447 3431 3432 3448
f 3441 3425 3426 3442
f 3433 3448 3432 3417
f 3442 3426 3427 3443
f 3433 3417 3418 3434
f 3443 3427 3428 3444
f 3437 3421 3422 3438
f 3434 3418 3419 3435
f 3444 3428 3429 3445
f 3438 3422 3423 3439
f 3436 3420 3421 3437
f 3445 3429 3430 3446
f 3439 3423 3424 3440
f 3435 3419 3420 3436
f 3446 3430 3431 3447
f 3447 3448 3433 3434
f 3446 3447 3434 3435
f 3445 3446 3435 3436
f 3444 3445 3436 3437
f 3437 3438 3443 3444
f 3438 3439 3442 3443
f 3439 3440 3441 3442
f 4772 3456 3457 4773
f 4784 3463 3464 4783
f 4773 3457 3458 4775
f 4769 4783 3464 3449
f 4775 3458 3459 4774
f 4769 3449 3450 4771
f 4774 3459 3460 4781
f 4779 3453 3454 4777
f 4771 3450 3451 4770
f 4781 3460 3461 4782
f 4777 3454 3455 4776
f 4778 3452 3453 4779
f 4782 3461 3462 4780
f 4776 3455 3456 4772
f 4770 3451 3452 4778
f 4780 3462 3463 4784
f 3449 3464 3480 3465
f 3458 3474 3475 3459
f 3449 3465 3466 3450
f 3459 3475 3476 3460
f 3453 3469 3470 3454
f 3450 3466 3467 3451
f 3460 3476 3477 3461
f 3454 3470 3471 3455
f 3452 3468 3469 3453
f 3461 3477 3478 3462
f 3455 3471 3472 3456
f 3451 3467 3468 3452
f 3462 3478 3479 3463
f 3456 3472 3473 3457
f 3463 3479 3480 3464
f 3457 3473 3474 3458
f 3514 3495 3496 3513
f 3516 3489 3490 3515
f 3517 3513 3496 3481
f 3515 3490 3491 3518
f 3517 3481 3482 3519
f 3518 3491 3492 3520
f 3522 3485 3486 3521
f 3519 3482 3483 3523
f 3520 3492 3493 3524
f 3521 3486 3487 3525
f 3526 3484 3485 3522
f 3524 3493 3494 3527
f 3525 3487 3488 3528
f 3523 3483 3484 3526
f 3527 3494 3495 3514
f 3528 3488 3489 3516
f 4803 4808 3512 3497
f 4794 3506 3507 4804
f 4803 3497 3498 4802
f 4804 3507 3508 4805
f 4801 3501 3502 4800
f 4802 3498 3499 4798
f 4805 3508 3509 4807
f 4800 3502 3503 4796
f 4799 3500 3501 4801
f 4807 3509 3510 4806
f 4796 3503 3504 4797
f 4798 3499 3500 4799
f 4806 3510 3511 4809
f 4797 3504 3505 4795
f 4809 3511 3512 4808
f 4795 3505 3506 4794
f 3479 3514 3513 3480
f 3473 3516 3515 3474
f 3465 3480 3513 3517
f 3474 3515 3518 3475
f 3465 3517 3519 3466
f 3475 3518 3520 3476
f 3469 3522 3521 3470
f 3466 3519 3523 3467
f 3476 3520 3524 3477
f 3470 3521 3525 3471
f 3468 3526 3522 3469
f 3477 3524 3527 3478
f 3471 3525 3528 3472
f 3467 3523 3526 3468
f 3478 3527 3514 3479
f 3472 3528 3516 3473
f 3530 3233 3221 3529
f 3240 3258 3257 3239
f 3533 3235 3234 3532
f 3534 3270 3235 3533
f 3534 3268 3278 3535
f 3537 3269 3279 3536
f 3539 3229 3231 3538
f 3914 3911 3936 3254
f 3255 3531 3532 3234
f 12469 12493 12494 12473
f 8627 3884 3881 8653
f 3855 3814 3591 3584
f 3882 3881 3563 3312
f 13899 13900 13928 13929
f 3226 3530 3529 3220
f 3244 3247 3260 3259
f 3230 3533 3532 3228
f 3268 3534 3533 3230
f 3270 3534 3535 3280
f 3269 3537 3538 3231
f 3540 3252 3229 3539
f 3227 3541 3542 3224
f 13930 13932 13897 13905
f 13902 13901 13931 13927
f 3353 3187 3776 3349
f 4565 3354 3189 4567
f 13994 13941 13906 13915
f 3227 3224 3225 3236
f 3808 13949 13965 3291
f 3791 13953 13950 3601
f 3548 3580 3706 3188
f 3132 3546 3545 3128
f 3134 3547 3546 3132
f 3816 3817 3136 3138
f 3570 3580 3548 3141
f 3146 3551 3550 3144
f 3151 3553 3552 3149
f 3153 3554 3553 3151
f 3571 3581 3554 3153
f 3142 3144 3550 3549
f 8622 8654 3568 3186
f 3577 3397 3719 3729
f 13978 12684 12575 13973
f 3599 3646 3582 3584
f 3597 3652 3653 3596
f 3878 3877 3626 3627
f 3288 3204 13962 13967
f 8059 3565 3561 3880
f 3573 3168 3152 3572
f 3860 13960 13963 3862
f 3722 3729 3571 3153
f 3728 3730 3570 3141
f 3411 3579 3577 3392
f 3405 3578 3576 3386
f 3269 3231 3262 3272
f 3142 3549 3580 3570
f 3572 3581 3559 3163
f 12905 12858 12843 12841
f 13926 13898 13904 13925
f 3936 12460 3913 3254
f 13143 13140 12822 13144
f 3209 3565 3564 3210
f 13900 13903 13933 13928
f 3662 3663 3237 3239
f 13898 13926 13930 13905
f 3282 3279 3269 3272
f 3290 13966 13949 3808
f 13951 13953 3791 3602
f 3593 3616 3651 3598
f 3590 3597 3596 3591
f 3186 3568 3569 3183
f 3587 3586 3594 3593
f 3203 13964 13959 8624
f 8658 3605 3624 8660
f 3593 3598 3589 3587
f 3765 12491 12490 4403
f 3590 3589 3598 3597
f 3586 3585 3595 3594
f 12486 3616 3593 3594
f 3616 12486 3614 12496
f 3624 3605 3606 3625
f 13898 13905 3659 3214
f 4415 3217 3219 12461
f 3300 4282 3861 3281
f 3195 13966 13961 3193
f 3232 8781 3731 8783
f 3537 3536 3278 3268
f 3293 3301 3300 3281
f 4416 3217 12491 3765
f 3390 3389 3408 3409
f 3854 3855 3584 3582
f 3655 13969 13958 3646
f 3595 3585 8656 8657
f 12563 12564 12576 12570
f 3285 3275 3270 3280
f 3876 3628 3629 3879
f 3876 3878 3627 3628
f 8787 4275 3588 3311
f 3856 3586 3587 3822
f 3700 3631 8661 8668
f 3642 3643 3632 3633
f 3703 3634 3633 3702
f 3704 3635 3634 3703
f 3811 3804 3635 3704
f 3707 3637 3636 3705
f 3630 3543 3637 3707
f 3301 3350 3781 3748
f 3634 3641 3642 3633
f 3631 3644 8662 8661
f 3637 3645 3639 3636
f 3543 3560 3645 3637
f 3635 3640 3641 3634
f 3804 3803 3640 3635
f 3601 13950 13955 3600
f 3599 3654 3655 3646
f 3651 3652 3597 3598
f 3654 12481 3583 3655
f 3747 3913 12460 3355
f 3614 3613 3647 3648
f 3193 13961 13967 3194
f 3552 3551 3146 3149
f 3320 3206 3818 3819
f 3651 3935 12484 3652
f 3791 3601 3611 3790
f 3222 8783 3731 3760
f 3149 3146 3726 3725
f 3552 3148 3147 3551
f 3292 3609 3604 3291
f 3805 3808 3291 3604
f 3603 3289 3290 3608
f 3607 3288 3289 3603
f 3288 3607 3606 3204
f 3643 3644 3631 3632
f 3150 3167 3166 3148
f 3164 3171 3143 3145
f 3162 3571 3729 3719
f 3237 3212 3213 3238
f 13903 13900 3657 8664
f 3208 3312 3563 3561
f 3249 3657 3656 3246
f 3223 3246 3656 3216
f 3529 3221 3218 3658
f 3220 3529 3658 3214
f 3224 3542 3659 3215
f 13900 13899 3656 3657
f 3600 13955 13952 3583
f 3241 3667 3665 3262
f 3262 3665 3664 3272
f 3272 3664 3661 3282
f 3822 3859 13927 13931
f 3204 3606 3605 3205
f 3336 3337 3673 3674
f 3798 3335 3677 3796
f 3363 8650 8666 3679
f 3333 3334 3678 3675
f 3337 3372 3680 3673
f 3293 3271 3350 3301
f 3139 3315 3321 3198
f 3638 3189 3354 3358
f 3669 3307 3809 3810
f 4399 4397 3784 3754
f 3929 3925 3782 3750
f 3766 3785 3780 3746
f 3734 3754 3784 3779
f 4412 4410 3783 3752
f 3645 3560 3785 3766
f 3732 3733 3778 3779
f 3372 3363 3679 3680
f 3633 3632 3701 3702
f 3697 3698 3906 3905
f 3298 3303 3890 3889
f 13957 13956 3819 3857
f 3681 3306 3896 3895
f 3296 3349 3776 3207
f 3368 3700 8668 8647
f 3318 3703 3702 3319
f 3317 3704 3703 3318
f 3801 3811 3704 3317
f 3315 3707 3705 3316
f 3139 3630 3707 3315
f 3858 13957 13960 3860
f 3690 3192 3327 3682
f 3682 3327 3328 3686
f 3815 3816 3138 3140
f 3297 3348 3349 3296
f 3810 3809 3348 3297
f 3294 3309 3307 3669
f 3295 3308 3309 3294
f 3671 3376 3308 3295
f 3632 3631 3700 3701
f 8665 8644 3365 3670
f 3793 3797 3329 3685
f 3685 3329 3330 3684
f 3684 3330 3331 3687
f 3373 3689 3687 3331
f 3670 3365 3376 3671
f 3688 3366 8649 8667
f 3128 3129 3710 3711
f 3384 3385 3712 3713
f 3383 3384 3713 3714
f 3382 3383 3714 3715
f 3381 3382 3715 3716
f 3393 3380 3710 3717
f 3397 3396 3718 3719
f 3720 3158 3160 3718
f 3391 3392 3722 3723
f 3390 3391 3723 3725
f 3724 3717 3154 3156
f 3388 3389 3726 3727
f 3576 3387 3721 3730
f 3379 3381 3716 3711
f 3385 3386 3728 3712
f 3144 3142 3721 3727
f 3392 3577 3729 3722
f 3386 3576 3730 3728
f 3770 12497 12499 3769
f 3273 8640 8638 3263
f 8632 3249 3251 8634
f 3249 8632 8664 3657
f 13941 13994 13992 13113
f 3647 3613 8659 8663
f 3205 3605 8658 8625
f 3276 8639 8641 3286
f 3266 8637 8639 3276
f 3769 12499 12500 3768
f 3769 3768 3733 3732
f 3779 3778 3735 3734
f 3734 3735 3737 3736
f 3740 4261 3775 3738
f 3740 3741 3743 3742
f 3742 3743 3745 3744
f 3925 3928 3749 3782
f 4410 4411 3751 3783
f 4397 4398 3753 3784
f 3779 3784 3753 3732
f 3929 3750 3757 3932
f 4412 3752 3758 4413
f 3301 3748 3756 3300
f 4399 3754 3759 4400
f 3736 3759 3754 3734
f 3766 3746 3755 3767
f 8782 3232 8783 3761
f 3313 3164 3165 3200
f 3649 3615 12496 3650
f 12477 12495 3650 3648
f 12473 12494 12495 12477
f 4402 4401 3761 3762
f 8831 8782 3761 4401
f 8832 8784 3763 4414
f 4415 4414 3763 3764
f 3217 4415 3764 12491
f 3765 4403 4404 3771
f 3195 3174 3802 3807
f 3291 13965 13968 3292
f 3645 3766 3767 3639
f 4411 3749 3772 4417
f 4398 3751 3771 4404
f 3732 3753 3770 3769
f 3765 3771 4417 4416
f 4395 4394 4475 4476
f 3649 12478 3355 12460
f 3775 4261 4325 3774
f 3774 4325 4328 4327
f 3602 3791 3790 3610
f 3542 3220 3214 3659
f 3802 3174 3133 3800
f 3299 3786 3787 3623
f 3786 3699 3622 3787
f 3316 3705 3811 3801
f 3306 3305 3898 3896
f 3334 3798 3796 3678
f 3608 3290 3808 3805
f 3636 3639 3803 3804
f 3705 3636 3804 3811
f 3608 3805 3806 3617
f 3351 3813 3795 3357
f 4554 3347 3812 4557
f 3678 3796 3794 3339
f 3686 3793 3798 3334
f 3322 3799 3797 3328
f 3339 3794 3810 3297
f 3322 3316 3801 3799
f 3348 3809 3812 3347
f 3302 3298 3889 3888
f 3136 3817 3547 3134
f 3201 3851 3850 3849
f 3818 3823 3826 3825
f 3646 13958 13971 3582
f 3141 3824 3815 3140
f 13955 3313 3200 13952
f 3548 3827 3824 3141
f 3207 3776 3833 3828
f 3777 3207 3828 3834
f 3189 3638 3831 3829
f 3776 3187 3830 3833
f 4567 3189 3829 4569
f 3683 3777 3834 3832
f 3908 3695 3916 3917
f 3689 3373 3366 3688
f 3550 3145 3143 3549
f 3837 3839 3840 3838
f 3839 3841 3842 3840
f 4026 3843 3844 4025
f 3843 3845 3846 3844
f 3838 3848 3847 3837
f 3789 3849 3188 3706
f 3265 3244 3234 3235
f 3788 3188 3849 3850
f 3320 3199 3169 3206
f 3768 12500 3222 3760
f 3627 3567 3574 3628
f 3621 3609 3332 3326
f 3591 3814 3874 3590
f 3590 3874 3859 3589
f 13964 3205 8625 13959
f 12461 3219 12492 12465
f 13961 3289 3288 13967
f 13956 13957 3858 3821
f 3586 3856 3853 3585
f 13970 13971 3877 13749
f 13966 3290 3289 13961
f 3583 13952 13969 3655
f 3821 3858 3864 3863
f 3868 3867 3864 3865
f 3541 3226 3220 3542
f 3610 3866 3862 3602
f 3314 3821 3863 3332
f 3625 3606 3607 3620
f 3203 8624 8623 3191
f 3572 3152 3554 3581
f 3553 3150 3148 3552
f 3303 3672 3891 3890
f 3699 3870 3869 3622
f 3559 3558 3161 3163
f 3697 3905 3903 3709
f 3187 4552 4558 3830
f 3304 3893 3891 3672
f 3585 3853 8785 8656
f 3564 3565 8059 3873
f 13954 13968 3199 3320
f 13951 13963 3851 3201
f 13953 13951 3201 3792
f 13965 13949 3807 3196
f 13960 13957 3857 3852
f 3883 3211 3569 3568
f 13952 3200 3566 13969
f 3746 3293 3281 3755
f 4273 4272 3592 3875
f 3579 3416 3397 3577
f 13916 13934 13939 13921
f 3551 3147 3145 3550
f 3287 3661 3664 3277
f 12582 12583 12823 12824
f 8655 3882 3883 8626
f 3559 3581 3571 3162
f 3888 3833 3830 3887
f 3889 3828 3833 3888
f 3889 3890 3834 3828
f 3890 3891 3832 3834
f 3894 3897 3192 3690
f 3897 3899 3198 3192
f 3904 3907 3560 3543
f 3909 3785 3560 3907
f 3254 3271 3780 3914
f 3870 3699 3708 3912
f 4558 4560 3887 3830
f 3829 3831 3872 3886
f 3190 3191 3184 3181
f 3190 3177 3176 3197
f 3908 3909 3907 3906
f 3905 3906 3907 3904
f 3630 3902 3904 3543
f 3902 3903 3905 3904
f 3630 3139 3900 3902
f 3902 3900 3901 3903
f 3139 3198 3899 3900
f 3900 3899 3898 3901
f 3896 3898 3899 3897
f 3895 3896 3897 3894
f 3690 3170 3892 3894
f 3894 3892 3893 3895
f 3912 4001 4003 3915
f 3832 3891 3893 3892
f 3914 3780 3785 3909
f 3916 3786 3299 3917
f 3912 3915 3694 3870
f 3911 3914 3909 3908
f 3683 3832 3892 3170
f 3554 3152 3150 3553
f 3786 3916 3708 3699
f 3747 3781 3350 3913
f 3693 3871 3919 3918
f 4003 4005 3919 3915
f 3748 3931 3934 3756
f 3931 3930 3933 3934
f 3930 3929 3932 3933
f 3781 3747 3926 3923
f 3923 3926 3927 3924
f 3924 3927 3928 3925
f 3748 3781 3923 3931
f 3931 3923 3924 3930
f 3930 3924 3925 3929
f 3355 3920 3926 3747
f 3920 3921 3927 3926
f 3921 3922 3928 3927
f 3147 3148 3166 3165
f 3848 3938 3937 3847
f 3938 3940 3939 3937
f 3940 3942 3941 3939
f 3944 3943 3945 3946
f 3946 3945 3947 3948
f 3948 3947 3949 3950
f 3950 3949 3951 3952
f 3952 3951 3953 3954
f 3954 3953 3955 3956
f 3956 3955 3957 3958
f 3950 3952 3960 3959
f 3959 3960 3962 3961
f 3961 3962 3964 3963
f 3963 3964 3966 3965
f 3965 3966 3968 3967
f 3967 3968 3970 3969
f 3969 3970 3972 3971
f 3971 3972 3974 3973
f 3973 3974 3976 3975
f 3975 3976 3978 3977
f 3977 3978 3980 3979
f 3942 3982 3981 3941
f 3982 3984 3983 3981
f 3984 3986 3985 3983
f 3986 3988 3987 3985
f 3988 3990 3989 3987
f 3990 3992 3991 3989
f 3992 3994 3993 3991
f 3979 3980 3996 3995
f 4067 4050 4065 4090
f 4070 4049 4066 4086
f 4256 4000 4065 4258
f 4089 4002 4004 4087
f 4087 4004 4006 4088
f 4088 4006 4008 4071
f 4068 4082 3993 4009
f 4010 4012 4011 4009
f 4069 4068 4009 4011
f 3993 3994 4010 4009
f 4014 4016 4015 4013
f 4016 4018 4017 4015
f 4086 4083 4017 4019
f 4092 4001 3999 4100
f 3947 3945 3955 3953
f 3945 3943 3957 3955
f 4028 3957 3943 4029
f 4072 4067 3837 3847
f 4073 4072 3847 3937
f 4074 4073 3937 3939
f 4075 4074 3939 3941
f 4076 4075 3941 3981
f 4077 4076 3981 3983
f 4078 4077 3983 3985
f 4079 4078 3985 3987
f 4080 4079 3987 3989
f 4081 4080 3989 3991
f 4082 4081 3991 3993
f 4083 4084 4015 4017
f 4084 4085 4013 4015
f 4085 4069 4011 4013
f 4011 4012 4014 4013
f 4097 3693 3918 4098
f 3919 4005 4007 3918
f 4071 4008 3839 4090
f 3827 3788 3835 3826
f 3915 3919 3871 3694
f 3708 3999 4001 3912
f 4018 4020 4019 4017
f 4100 3999 3708 4099
f 4032 4031 4018 4016
f 4033 4032 4016 4014
f 4034 4033 4014 4012
f 4036 4035 3994 3992
f 4037 4036 3992 3990
f 4038 4037 3990 3988
f 4039 4038 3988 3986
f 4040 4039 3986 3984
f 4041 4040 3984 3982
f 4042 4041 3982 3942
f 4043 3946 3948 4042
f 4044 3944 3946 4043
f 4029 3943 3944 4044
f 4028 4045 3958 3957
f 4045 4025 3844 3958
f 3846 3956 3958 3844
f 4035 4046 4010 3994
f 4030 4020 4018 4031
f 4023 4022 4019 4020
f 4046 4034 4012 4010
f 4027 4023 4020 4030
f 3997 4027 4030 3995
f 3971 3973 4034 4046
f 3995 4030 4031 3979
f 3969 3971 4046 4035
f 3840 3842 4025 4045
f 3838 3840 4045 4028
f 3848 4029 4044 3938
f 3938 4044 4043 3940
f 3940 4043 4042 3942
f 3948 3950 4041 4042
f 3950 3959 4040 4041
f 3959 3961 4039 4040
f 3961 3963 4038 4039
f 3963 3965 4037 4038
f 3965 3967 4036 4037
f 3967 3969 4035 4036
f 3973 3975 4033 4034
f 3975 3977 4032 4033
f 3977 3979 4031 4032
f 3838 4028 4029 3848
f 4251 4235 4048 4064
f 3841 4026 4025 3842
f 4250 4251 4064 4063
f 4249 4250 4063 4062
f 4248 4247 4060 4061
f 4247 4246 4059 4060
f 4246 4245 4058 4059
f 4245 4244 4057 4058
f 4244 4243 4056 4057
f 4243 4242 4055 4056
f 4242 4241 4054 4055
f 4241 4240 4053 4054
f 4240 4239 4052 4053
f 4239 4238 4051 4052
f 4238 4257 4050 4051
f 4089 4047 4049 4070
f 4252 4249 4062 4066
f 4235 4236 3998 4048
f 4236 4248 4061 3998
f 4255 4021 4000 4256
f 4254 4024 4021 4255
f 4253 4047 4024 4254
f 4002 4089 4070 4022
f 4000 4071 4090 4065
f 4064 4048 4069 4085
f 4063 4064 4085 4084
f 4062 4063 4084 4083
f 4061 4060 4081 4082
f 4060 4059 4080 4081
f 4059 4058 4079 4080
f 4058 4057 4078 4079
f 4057 4056 4077 4078
f 4056 4055 4076 4077
f 4055 4054 4075 4076
f 4054 4053 4074 4075
f 4053 4052 4073 4074
f 4052 4051 4072 4073
f 4051 4050 4067 4072
f 4066 4062 4083 4086
f 4048 3998 4068 4069
f 3998 4061 4082 4068
f 4021 4088 4071 4000
f 4024 4087 4088 4021
f 4047 4089 4087 4024
f 4022 4070 4086 4019
f 3837 4067 4090 3839
f 4001 4092 4094 4003
f 4003 4094 4095 4005
f 4005 4095 4096 4007
f 3709 3696 4111 4093
f 3697 3709 4093 4091
f 3708 3916 4112 4099
f 3692 3693 4097 4101
f 4102 4103 3302 3691
f 4569 4570 4560 4558
f 3298 3302 4103 4104
f 3303 3298 4104 4105
f 3672 3303 4105 4106
f 3304 3672 4106 4107
f 3681 3304 4107 4108
f 3306 3681 4108 4109
f 3305 3306 4109 4110
f 3696 3305 4110 4111
f 3916 3695 4113 4112
f 3695 3698 4114 4113
f 3698 3697 4091 4114
f 4237 4100 4099 4252
f 4257 4097 4098 4258
f 4253 4092 4100 4237
f 4007 4096 4098 3918
f 4008 4006 4117 4118
f 4006 4004 4116 4117
f 4004 4002 4115 4116
f 4118 4117 4121 4122
f 4117 4116 4120 4121
f 4116 4115 4119 4120
f 4122 4121 4125 4126
f 4121 4120 4124 4125
f 4120 4119 4123 4124
f 3839 4008 4118 3841
f 3841 4118 4122 4026
f 4026 4122 4126 3843
f 4023 4115 4002 4022
f 4027 4119 4115 4023
f 3997 4123 4119 4027
f 4142 4141 4127 4129
f 4144 4143 4133 4134
f 4146 4145 4138 4139
f 4149 4148 4131 4132
f 4151 4150 4136 4137
f 4147 4146 4139 4140
f 4152 4142 4129 4130
f 4153 4144 4134 4135
f 4143 4149 4132 4133
f 4145 4151 4137 4138
f 4148 4152 4130 4131
f 4150 4153 4135 4136
f 4141 4154 4128 4127
f 3952 3954 4154 4141
f 3974 3972 4153 4150
f 3964 3962 4152 4148
f 3978 3976 4151 4145
f 3968 3966 4149 4143
f 3972 3970 4144 4153
f 3962 3960 4142 4152
f 3996 3980 4146 4147
f 3976 3974 4150 4151
f 3966 3964 4148 4149
f 3980 3978 4145 4146
f 3970 3968 4143 4144
f 3960 3952 4141 4142
f 3996 4147 3997 3995
f 3997 4147 4140 4123
f 3954 3956 3846 4154
f 3845 4128 4154 3846
f 4178 4177 4171 4172
f 4184 4183 4158 4159
f 4190 4189 4164 4165
f 4196 4160 4155 4195
f 4199 4178 4172 4173
f 4205 4204 4174 4157
f 4196 4184 4159 4160
f 4208 4190 4165 4166
f 4199 4173 4174 4204
f 4195 4155 4156 4213
f 4214 4208 4166 4167
f 4213 4156 4162 4219
f 4220 4214 4167 4168
f 4223 4220 4168 4169
f 4226 4219 4162 4161
f 4229 4223 4169 4170
f 4232 4226 4161 4163
f 4177 4229 4170 4171
f 4183 4205 4157 4158
f 4189 4232 4163 4164
f 4173 4172 4157 4174
f 4157 4172 4171 4158
f 4158 4171 4170 4159
f 4159 4170 4169 4160
f 4160 4169 4168 4155
f 4155 4168 4167 4156
f 4166 4162 4156 4167
f 4162 4166 4165 4161
f 4161 4165 4164 4163
f 4130 4129 4234 4187
f 4187 4234 4233 4188
f 4188 4233 4232 4189
f 4124 4123 4207 4181
f 4181 4207 4206 4182
f 4182 4206 4205 4183
f 4137 4136 4231 4175
f 4175 4231 4230 4176
f 4176 4230 4229 4177
f 4129 4127 4228 4234
f 4234 4228 4227 4233
f 4233 4227 4226 4232
f 4136 4135 4225 4231
f 4231 4225 4224 4230
f 4230 4224 4223 4229
f 4127 4128 4217 4228
f 4228 4217 4218 4227
f 4227 4218 4219 4226
f 4135 4134 4222 4225
f 4225 4222 4221 4224
f 4224 4221 4220 4223
f 4134 4133 4216 4222
f 4222 4216 4215 4221
f 4221 4215 4214 4220
f 3845 4211 4217 4128
f 4211 4212 4218 4217
f 4212 4213 4219 4218
f 4133 4132 4210 4216
f 4216 4210 4209 4215
f 4215 4209 4208 4214
f 3843 4193 4211 3845
f 4193 4194 4212 4211
f 4194 4195 4213 4212
f 4140 4139 4201 4202
f 4202 4201 4200 4203
f 4203 4200 4199 4204
f 4132 4131 4192 4210
f 4210 4192 4191 4209
f 4209 4191 4190 4208
f 4126 4125 4186 4198
f 4198 4186 4185 4197
f 4197 4185 4184 4196
f 4123 4140 4202 4207
f 4207 4202 4203 4206
f 4206 4203 4204 4205
f 4139 4138 4180 4201
f 4201 4180 4179 4200
f 4200 4179 4178 4199
f 4126 4198 4193 3843
f 4198 4197 4194 4193
f 4197 4196 4195 4194
f 4131 4130 4187 4192
f 4192 4187 4188 4191
f 4191 4188 4189 4190
f 4125 4124 4181 4186
f 4186 4181 4182 4185
f 4185 4182 4183 4184
f 4138 4137 4175 4180
f 4180 4175 4176 4179
f 4179 4176 4177 4178
f 4047 4253 4237 4049
f 4050 4257 4258 4065
f 4049 4237 4252 4066
f 4092 4253 4254 4094
f 4094 4254 4255 4095
f 4095 4255 4256 4096
f 4093 4111 4248 4236
f 4091 4093 4236 4235
f 4099 4112 4249 4252
f 4101 4097 4257 4238
f 4102 4101 4238 4239
f 4103 4102 4239 4240
f 4104 4103 4240 4241
f 4105 4104 4241 4242
f 4106 4105 4242 4243
f 4107 4106 4243 4244
f 4108 4107 4244 4245
f 4109 4108 4245 4246
f 4110 4109 4246 4247
f 4111 4110 4247 4248
f 4112 4113 4250 4249
f 4113 4114 4251 4250
f 4114 4091 4235 4251
f 4096 4256 4258 4098
f 3744 3745 4260 4259
f 3742 3744 4263 4262
f 3740 3742 4262 4261
f 3744 4259 4264 4263
f 8662 3644 4269 8786
f 3644 3643 4268 4269
f 3641 3640 4265 4266
f 3642 3641 4266 4267
f 3640 3803 4270 4265
f 3643 3642 4267 4268
f 8786 4269 4275 8787
f 4266 4265 4271 4272
f 4267 4266 4272 4273
f 4269 4268 4274 4275
f 4265 4270 4276 4271
f 4268 4267 4273 4274
f 3311 3588 4281 8788
f 3592 3612 4277 4278
f 3875 3592 4278 4279
f 3588 12489 4280 4281
f 3612 3861 4282 4277
f 12489 3875 4279 4280
f 8788 4281 4287 8789
f 4278 4277 4283 4284
f 4279 4278 4284 4285
f 4281 4280 4286 4287
f 4277 4282 4288 4283
f 4280 4279 4285 4286
f 4284 4283 4289 4290
f 4285 4284 4290 4291
f 4287 4286 4292 4293
f 4283 4288 4294 4289
f 4286 4285 4291 4292
f 8789 4287 4293 8790
f 4291 4290 4296 4297
f 4293 4292 4298 4299
f 4289 4294 4300 4295
f 4292 4291 4297 4298
f 8790 4293 4299 8791
f 4290 4289 4295 4296
f 4299 4298 4304 4305
f 4295 4300 4306 4301
f 4298 4297 4303 4304
f 8791 4299 4305 8792
f 4296 4295 4301 4302
f 4297 4296 4302 4303
f 4305 4304 4310 4311
f 4301 4306 4312 4307
f 4304 4303 4309 4310
f 8792 4305 4311 8793
f 4302 4301 4307 4308
f 4303 4302 4308 4309
f 4419 4418 4316 4317
f 4421 4420 4318 4313
f 4418 4422 4315 4316
f 8833 4419 4317 8794
f 4423 4421 4313 4314
f 4422 4423 4314 4315
f 4313 4318 4324 4319
f 4316 4315 4321 4322
f 8794 4317 4323 8795
f 4314 4313 4319 4320
f 4315 4314 4320 4321
f 4317 4316 4322 4323
f 3767 4270 3803 3639
f 3755 4276 4270 3767
f 3281 3861 4276 3755
f 3756 4288 4282 3300
f 3934 4294 4288 3756
f 3933 4300 4294 3934
f 3932 4306 4300 3933
f 3757 4312 4306 3932
f 4413 4420 4312 3757
f 3807 13949 13966 3195
f 3753 4398 4404 3770
f 4261 4262 4263 4325
f 3773 3774 4327 4326
f 4327 4328 4334 4333
f 4264 4328 4325 4263
f 4324 3773 4326 4319
f 4328 4264 4331 4334
f 4333 4334 4340 4339
f 4259 4260 4330 4329
f 4264 4259 4329 4331
f 4326 4327 4333 4332
f 4319 4326 4332 4320
f 4334 4331 4337 4340
f 4339 4340 4346 4345
f 4331 4329 4335 4337
f 4332 4333 4339 4338
f 4329 4330 4336 4335
f 4320 4332 4338 4321
f 4338 4339 4345 4344
f 4345 4346 4353 4351
f 4335 4336 4342 4341
f 4340 4337 4343 4346
f 4337 4335 4341 4343
f 4321 4338 4344 4322
f 4351 4353 4359 4357
f 4343 4341 4347 4349
f 4344 4345 4351 4350
f 4341 4342 4348 4347
f 4346 4343 4349 4353
f 4322 4344 4350 4323
f 4353 4349 4354 4359
f 4349 4347 4356 4354
f 8797 4350 4351 8799
f 4347 4348 4355 4356
f 8799 4351 4357 8798
f 4721 4365 4363 4720
f 4323 4350 8797 8795
f 4505 4480 4479 4390
f 4365 4371 4369 4363
f 4576 4610 4364 4764
f 9064 4720 4363 8804
f 4723 4722 4362 4360
f 4721 4723 4360 4365
f 4722 4724 4361 4362
f 8811 4369 4375 8825
f 4365 4360 4366 4371
f 8804 4363 4369 8811
f 4360 4362 4368 4366
f 4510 4656 4358 4377
f 4362 4361 4367 4368
f 4371 4366 4372 4378
f 4758 4371 4378 4376
f 4366 4368 4374 4372
f 4382 4376 4378 4384
f 4368 4367 4373 4374
f 4610 4510 4377 4364
f 8825 4375 4761 9061
f 4372 4374 4381 4379
f 3741 3739 4389 4391
f 4374 4373 4380 4381
f 4684 4579 4370 4352
f 4378 4372 4379 4384
f 3733 3768 4395 4386
f 4473 4429 4391 4389
f 3737 3739 3738 3736
f 3778 3733 4386 4396
f 3745 3743 4392 4393
f 3735 3778 4396 4387
f 4508 4458 4474 4383
f 3836 3835 3788 3850
f 3736 3738 3775 3759
f 3188 3788 3827 3548
f 3731 8781 8830 4385
f 3737 3735 4387 4388
f 3743 3741 4391 4392
f 3760 3731 4385 4394
f 8784 8831 4401 3763
f 3764 3763 4401 4402
f 12491 3764 4402 12490
f 3752 4399 4400 3758
f 3783 3751 4398 4397
f 3752 3783 4397 4399
f 4400 4324 4318 3758
f 4324 4400 3759 3773
f 3737 4388 4389 3739
f 3759 3775 3774 3773
f 4348 4342 4408 4409
f 4336 4330 4406 4407
f 4342 4336 4407 4408
f 4330 4260 4405 4406
f 4260 3745 4393 4405
f 3758 4318 4420 4413
f 4309 4308 4423 4422
f 4308 4307 4421 4423
f 8793 4311 4419 8833
f 4310 4309 4422 4418
f 4307 4312 4420 4421
f 4311 4310 4418 4419
f 3865 3860 3862 3866
f 3751 4411 4417 3771
f 3750 4412 4413 3757
f 3782 3749 4411 4410
f 3750 3782 4410 4412
f 4380 4373 4427 4428
f 4373 4367 4426 4427
f 4367 4361 4425 4426
f 4724 4355 4424 4725
f 4355 4348 4409 4424
f 4392 4391 4429 4430
f 4406 4405 4432 4433
f 4405 4393 4431 4432
f 4393 4392 4430 4431
f 4432 4431 4436 4437
f 4431 4430 4435 4436
f 4433 4432 4437 4438
f 4430 4429 4434 4435
f 4437 4436 4441 4442
f 4436 4435 4440 4441
f 4438 4437 4442 4443
f 4435 4434 4439 4440
f 4442 4441 4446 4447
f 4441 4440 4445 4446
f 4443 4442 4447 4448
f 4440 4439 4444 4445
f 4409 4408 4450 4451
f 4749 4452 4457 4726
f 4424 4409 4451 4452
f 4408 4407 4449 4450
f 4726 4457 4462 4727
f 4450 4449 4454 4455
f 4452 4451 4456 4457
f 4451 4450 4455 4456
f 4453 4458 4508 4507
f 4455 4454 4459 4460
f 4457 4456 4461 4462
f 4456 4455 4460 4461
f 4727 4462 4467 4728
f 4460 4459 4464 4465
f 4462 4461 4466 4467
f 4461 4460 4465 4466
f 4407 4406 4433 4449
f 4438 4454 4449 4433
f 4443 4459 4454 4438
f 4448 4464 4459 4443
f 4388 4387 4471 4472
f 4385 8830 8843 4469
f 4734 4729 4488 4489
f 4394 4385 4469 4475
f 4389 4388 4472 4473
f 4386 4395 4476 4470
f 4387 4396 4477 4471
f 4396 4386 4470 4477
f 4473 4731 4741 4429
f 4458 4505 4390 4474
f 3768 3760 4394 4395
f 4731 4730 4485 4486
f 4733 4732 4479 4480
f 4735 4734 4489 4483
f 4737 4736 4490 4484
f 4738 4733 4480 4481
f 4730 4737 4484 4485
f 4384 4766 4760 4382
f 4740 9083 8854 4482
f 4382 4759 4739 4376
f 4729 4740 4482 4488
f 4736 4735 4483 4490
f 4732 4741 4478 4479
f 4738 4481 4492 4742
f 4742 4492 4494 4743
f 4743 4494 4496 4744
f 4744 4496 4498 4745
f 4745 4498 4500 4746
f 4746 4500 4502 4747
f 4748 4747 4502 4504
f 4444 4491 4493 4445
f 4445 4493 4495 4446
f 4446 4495 4497 4447
f 4447 4497 4499 4448
f 4448 4499 4501 4464
f 4728 4748 4504 4468
f 4464 4501 4503 4465
f 4465 4503 4467 4466
f 4481 4480 4505 4506
f 4725 4424 4452 4749
f 4506 4505 4458 4453
f 4658 4656 4510 4509
f 4428 4427 4463 4511
f 4575 4576 4428 4511
f 4575 4511 4515 4577
f 4658 4509 4514 4659
f 4453 4507 4513 4512
f 4468 4515 4511 4463
f 4506 4453 4512 4516
f 4492 4481 4506 4516
f 4516 4512 4517 4519
f 4512 4513 4518 4517
f 4519 4517 4520 4522
f 4517 4518 4521 4520
f 4522 4520 4523 4525
f 4520 4521 4524 4523
f 4525 4523 4526 4528
f 4523 4524 4527 4526
f 4528 4526 4529 4531
f 4526 4527 4530 4529
f 4531 4529 4532 4534
f 4529 4530 4533 4532
f 4534 4532 4535 4537
f 4532 4533 4536 4535
f 4577 4515 4539 4578
f 4504 4539 4515 4468
f 4581 4582 4518 4513
f 4492 4516 4519 4494
f 4494 4519 4522 4496
f 4498 4496 4540 4541
f 4541 4540 4542 4543
f 4543 4542 4544 4545
f 4545 4544 4546 4547
f 4547 4546 4548 4549
f 4525 4540 4496 4522
f 4528 4542 4540 4525
f 4531 4544 4542 4528
f 4534 4546 4544 4531
f 4537 4548 4546 4534
f 3155 3555 3544 3131
f 3130 3131 3544 3545
f 3133 3130 3545 3546
f 3547 3800 3133 3546
f 3135 3800 3547 3817
f 3137 3135 3817 3816
f 3676 3137 3816 3815
f 3815 3824 3823 3676
f 3827 3826 3823 3824
f 3825 3826 3835 3836
f 13956 13954 3320 3819
f 3215 3660 3225 3224
f 3860 3865 3864 3858
f 3864 3867 3820 3863
f 3869 3870 3694 3868
f 4563 4554 4557 4566
f 3872 3867 3868 3694
f 3867 3872 3831 3820
f 3820 3831 3638 3326
f 3358 3621 3326 3638
f 3621 3358 3357 3618
f 3357 3795 3806 3618
f 3795 3356 3617 3806
f 3359 3619 3617 3356
f 3360 3620 3619 3359
f 3378 3625 3620 3360
f 3378 3361 3624 3625
f 3361 8652 8660 3624
f 3691 3692 4101 4102
f 13960 3852 3851 13963
f 3353 4556 4552 3187
f 4561 4551 4550 4568
f 4568 4550 3910 4559
f 4562 4553 4555 4564
f 4566 4557 4553 4562
f 4565 4556 4554 4563
f 4564 4555 4551 4561
f 4559 3910 8910 8911
f 4560 3692 3691 3887
f 3345 4564 4561 3310
f 3354 4565 4563 3351
f 3813 4566 4562 3352
f 3352 4562 4564 3345
f 3370 4568 4559 3369
f 3310 4561 4568 3370
f 3351 4563 4566 3813
f 3829 3886 4570 4569
f 4552 4567 4569 4558
f 4556 4565 4567 4552
f 3886 3871 3693 4570
f 4570 3693 3692 4560
f 4617 4626 4627 4620
f 4607 4577 4578 4609
f 4608 4575 4577 4607
f 4608 4610 4576 4575
f 4502 4572 4539 4504
f 4620 4627 4628 4622
f 4683 4685 4582 4581
f 4507 4580 4581 4513
f 4507 4508 4579 4580
f 4536 4533 4587 4588
f 4527 4524 4584 4585
f 4530 4527 4585 4586
f 4533 4530 4586 4587
f 4524 4521 4583 4584
f 4521 4518 4582 4583
f 5172 4921 4920 5173
f 5173 4920 4919 5174
f 4549 4548 4589 4590
f 4590 4589 4591 4592
f 4592 4591 4593 4594
f 4594 4593 4595 4596
f 4596 4595 4597 4598
f 4598 4597 4599 4600
f 4600 4599 4601 4602
f 4602 4601 4603 4604
f 4500 4498 4541 4571
f 4543 4573 4571 4541
f 4685 4686 4583 4582
f 4538 4609 4611 4605
f 4661 4660 4605 4606
f 4614 4625 4626 4617
f 4611 4612 4606 4605
f 4509 4510 4610 4608
f 4509 4608 4607 4514
f 4514 4607 4609 4538
f 4625 4573 4613 4626
f 4545 4613 4573 4543
f 4615 4606 4612 4614
f 4662 4661 4606 4615
f 4615 4614 4617 4618
f 4618 4617 4620 4621
f 4621 4620 4622 4623
f 4547 4616 4613 4545
f 4549 4619 4616 4547
f 4612 4574 4625 4614
f 4574 4612 4611 4629
f 4578 4629 4611 4609
f 4578 4539 4572 4629
f 4572 4571 4574 4629
f 4627 4616 4619 4628
f 4626 4613 4616 4627
f 4662 4615 4618 4663
f 4500 4571 4572 4502
f 4573 4625 4574 4571
f 4590 4632 4619 4549
f 4634 4675 4673 4702
f 4592 4633 4632 4590
f 4594 4635 4633 4592
f 4633 4635 4640 4639
f 4632 4631 4628 4619
f 4703 4706 4640 4644
f 4640 4635 4643 4644
f 4644 4643 4645 4646
f 4646 4645 4647 4648
f 4648 4647 4649 4650
f 4596 4643 4635 4594
f 4598 4645 4643 4596
f 4600 4647 4645 4598
f 4602 4649 4647 4600
f 4633 4639 4631 4632
f 4708 4641 4642 4703
f 4709 4708 4646 4648
f 4710 4709 4648 4650
f 4651 4652 4655 4654
f 4641 4651 4654 4653
f 4688 4662 4663 4690
f 4688 4687 4661 4662
f 4687 4686 4660 4661
f 4538 4605 4660 4657
f 4514 4538 4657 4659
f 4682 4658 4659 4683
f 4682 4684 4656 4658
f 4700 4637 4636 4642
f 4641 4653 4700 4642
f 4954 4664 4667 4668
f 4952 4953 4670 4671
f 4925 4926 4665 4666
f 4924 4954 4668 4669
f 4664 4925 4666 4667
f 4953 4924 4669 4670
f 5171 4922 4921 5172
f 4705 4707 4677 4674
f 4704 4712 4676 4673
f 4711 4704 4673 4675
f 4705 4674 4676 4712
f 4707 4706 4636 4677
f 4713 4711 4675 4672
f 4714 4681 4680 4713
f 4580 4579 4684 4682
f 4580 4682 4683 4581
f 4584 4583 4686 4687
f 4585 4584 4687 4688
f 4586 4690 4689 4587
f 4585 4688 4690 4586
f 4657 4660 4686 4685
f 4659 4657 4685 4683
f 4715 4691 4681 4714
f 4715 4679 4693 4717
f 4936 4933 4681 4691
f 4717 4693 4692 4716
f 4936 4691 4694 4939
f 4939 4694 4695 4942
f 4716 4692 4696 4718
f 4654 4655 4698 4696
f 4945 4942 4695 4697
f 4718 4696 4698 4719
f 4700 4653 4692 4693
f 4653 4654 4696 4692
f 4700 4693 4679 4637
f 4624 4701 4702 4630
f 4638 4634 4702 4701
f 4702 4673 4676 4630
f 4630 4676 4674 4677
f 4634 4678 4672 4675
f 4678 4634 4638 4679
f 4630 4677 4636 4624
f 4636 4637 4701 4624
f 4679 4638 4701 4637
f 4697 4718 4719 4699
f 4695 4716 4718 4697
f 4694 4717 4716 4695
f 4691 4715 4717 4694
f 4679 4715 4714 4678
f 4678 4714 4713 4672
f 4680 4623 4711 4713
f 4639 4640 4706 4707
f 4631 4705 4712 4628
f 4623 4622 4704 4711
f 4622 4628 4712 4704
f 4631 4639 4707 4705
f 4652 4651 4709 4710
f 4651 4641 4708 4709
f 4646 4708 4703 4644
f 4642 4636 4706 4703
f 4425 4725 4749 4426
f 4467 4503 4748 4728
f 4503 4501 4747 4748
f 4499 4746 4747 4501
f 4497 4745 4746 4499
f 4495 4744 4745 4497
f 4493 4743 4744 4495
f 4491 4742 4743 4493
f 4444 4738 4742 4491
f 4434 4429 4741 4732
f 4477 4470 4735 4736
f 4475 4469 4740 4729
f 4357 4359 4721 4720
f 4469 8843 9083 4740
f 4579 4508 4383 4370
f 4472 4471 4737 4730
f 4444 4439 4733 4738
f 4471 4477 4736 4737
f 4470 4476 4734 4735
f 4439 4434 4732 4733
f 4473 4472 4730 4731
f 4476 4475 4729 4734
f 4463 4727 4728 4468
f 4427 4726 4727 4463
f 4426 4749 4726 4427
f 4361 4724 4725 4425
f 4356 4355 4724 4722
f 4359 4354 4723 4721
f 4354 4356 4722 4723
f 8798 4357 4720 9064
f 4741 4731 4486 4478
f 4656 4684 4352 4358
f 4652 4710 4754 4752
f 4650 4649 4750 4751
f 4710 4650 4751 4754
f 4655 4652 4752 4753
f 4604 4750 4649 4602
f 4719 4698 4755 4757
f 4948 4945 4697 4699
f 4699 4719 4757 4756
f 4755 4698 4655 4753
f 4369 4371 4758 4375
f 4759 4382 4760 4762
f 4375 4758 4487 4761
f 4379 4381 4765 4763
f 4384 4379 4763 4766
f 4381 4380 4764 4765
f 4758 4376 4739 4487
f 4380 4428 4576 4764
f 3739 3741 3740 3738
f 4767 4390 4479 4478
f 4474 4390 4767 4768
f 3430 4780 4784 3431
f 3419 4770 4778 3420
f 3423 4776 4772 3424
f 3429 4782 4780 3430
f 3420 4778 4779 3421
f 3422 4777 4776 3423
f 3428 4781 4782 3429
f 3418 4771 4770 3419
f 3421 4779 4777 3422
f 3427 4774 4781 3428
f 3417 4769 4771 3418
f 3426 4775 4774 3427
f 3417 3432 4783 4769
f 3425 4773 4775 3426
f 3431 4784 4783 3432
f 3424 4772 4773 3425
f 4370 4383 4790 4788
f 4364 4377 4789 4787
f 4358 4352 4785 4786
f 4377 4358 4786 4789
f 4352 4370 4788 4785
f 4383 4474 4768 4790
f 4364 4787 4765 4764
f 4791 9136 9138 4792
f 4837 9186 9136 4791
f 4838 4837 4791 3502
f 4792 9138 9140 4793
f 3502 4791 4792 3503
f 3503 4792 4793 3504
f 3489 4795 4794 3490
f 3495 4809 4808 3496
f 3488 4797 4795 3489
f 3494 4806 4809 3495
f 3483 4798 4799 3484
f 3487 4796 4797 3488
f 3493 4807 4806 3494
f 3484 4799 4801 3485
f 3486 4800 4796 3487
f 3492 4805 4807 3493
f 3482 4802 4798 3483
f 3485 4801 4800 3486
f 3491 4804 4805 3492
f 3481 4803 4802 3482
f 3490 4794 4804 3491
f 3481 3496 4808 4803
f 4810 4768 4767 4811
f 4841 4489 4488 4839
f 4843 4483 4489 4841
f 4845 4490 4483 4843
f 4847 4484 4490 4845
f 4849 4485 4484 4847
f 4849 4851 4486 4485
f 4853 4810 4811 4855
f 4478 4486 4811 4767
f 4855 4811 4486 4851
f 4789 4786 4813 4816
f 4787 4789 4816 4814
f 4785 4788 4815 4812
f 4788 4790 4817 4815
f 4786 4785 4812 4813
f 4816 4813 4819 4822
f 4814 4816 4822 4820
f 4812 4815 4821 4818
f 4815 4817 4823 4821
f 4813 4812 4818 4819
f 4822 4819 4825 4828
f 4820 4822 4828 4826
f 4818 4821 4827 4824
f 4821 4823 4829 4827
f 4819 4818 4824 4825
f 4828 4825 4831 4834
f 4826 4828 4834 4832
f 4824 4827 4833 4830
f 4827 4829 4835 4833
f 4825 4824 4830 4831
f 3511 4854 4850 3512
f 4854 4855 4851 4850
f 3510 4852 4854 3511
f 4852 4853 4855 4854
f 3497 3512 4850 4848
f 4848 4850 4851 4849
f 3497 4848 4846 3498
f 4848 4849 4847 4846
f 3498 4846 4844 3499
f 4846 4847 4845 4844
f 3499 4844 4842 3500
f 4844 4845 4843 4842
f 3500 4842 4840 3501
f 4842 4843 4841 4840
f 3501 4840 4838 3502
f 4840 4841 4839 4838
f 4488 4482 4836 4839
f 4839 4836 4837 4838
f 4482 8854 9185 4836
f 4836 9185 9186 4837
f 4790 4768 4810 4817
f 4853 4823 4817 4810
f 4823 4853 4852 4829
f 4829 4852 3510 4835
f 4765 4787 4814 4763
f 4763 4814 4820 4766
f 4766 4820 4826 4760
f 4760 4826 4832 4762
f 3505 3504 4856 4857
f 3504 4793 4859 4856
f 3506 3505 4857 4858
f 4793 9140 9209 4859
f 7934 7944 7943 7933
f 4859 9209 9213 7970
f 7994 7993 7971 7916
f 4834 4831 4866 4869
f 4759 4762 4864 4863
f 4832 4834 4869 4867
f 4830 4833 4868 4865
f 4762 4832 4867 4864
f 4833 4835 4870 4868
f 4831 4830 4865 4866
f 4866 4865 4873 4874
f 4863 4864 4872 4871
f 4869 4866 4874 4877
f 4867 4869 4877 4875
f 4865 4868 4876 4873
f 4864 4867 4875 4872
f 4868 4870 4878 4876
f 4877 4874 4882 4885
f 4875 4877 4885 4883
f 4873 4876 4884 4881
f 4872 4875 4883 4880
f 4876 4878 4886 4884
f 4874 4873 4881 4882
f 4871 4872 4880 4879
f 4885 4882 4890 4892
f 4883 4885 4892 4891
f 4880 4883 4891 4888
f 4882 4881 4889 4890
f 4879 4880 4888 4887
f 3507 4886 4878 3508
f 3508 4878 4870 3509
f 3509 4870 4835 3510
f 4487 4739 4894 4893
f 4761 4487 4893 4895
f 9061 4761 4895 9245
f 4895 4893 4896 4898
f 9245 4895 4898 9249
f 4893 4894 4897 4896
f 4898 4896 4899 4901
f 9249 4898 4901 9253
f 4896 4897 4900 4899
f 4901 4899 4902 7800
f 9253 4901 7800 9257
f 4899 4900 4903 4902
f 4739 4759 4863 4894
f 4871 4897 4894 4863
f 4879 4900 4897 4871
f 4887 4903 4900 4879
f 4951 4948 4699 4756
f 4756 4757 4906 4905
f 4753 4752 4907 4908
f 4752 4754 4909 4907
f 4755 4753 4908 4910
f 4755 4910 4906 4757
f 4750 4604 4912 4913
f 4751 4750 4913 4914
f 4604 4603 4911 4912
f 4751 4914 4909 4754
f 4952 4923 4911 4603
f 5166 4957 4956 5165
f 4927 4663 4618 4621
f 4680 7865 4929 4623
f 4663 4927 4689 4690
f 4929 7865 7864 4928
f 4930 4588 4928 7864
f 4680 4681 4933 7865
f 7816 4917 4915 4671
f 4756 4905 4955 4951
f 4951 4955 4956 4950
f 4950 4956 4957 4949
f 4593 4591 4926 4925
f 4671 4915 4923 4952
f 7816 7815 4946 4949
f 4949 4946 4947 4950
f 4950 4947 4948 4951
f 7815 7814 4943 4946
f 4946 4943 4944 4947
f 4947 4944 4945 4948
f 7814 7813 4940 4943
f 4943 4940 4941 4944
f 4944 4941 4942 4945
f 7812 4937 4940 7813
f 4937 4938 4941 4940
f 4938 4939 4942 4941
f 7811 4934 4937 7812
f 4934 4935 4938 4937
f 4935 4936 4939 4938
f 7811 4916 4931 4934
f 4934 4931 4932 4935
f 4935 4932 4933 4936
f 4929 4928 4689 4927
f 4932 4931 4930 7864
f 4623 4929 4927 4621
f 4911 4923 4922 5171
f 2893 2967 3016 3017
f 2893 2994 2817 3070
f 2967 2893 3070 2717
f 2853 2996 2822 3078
f 2853 2995 3014 3018
f 2995 2853 3078 2816
f 3009 4963 2738 2962
f 3063 3036 5008 3064
f 3111 3069 5079 5080
f 3005 2826 4958 4965
f 4958 4959 4964 4965
f 3005 4965 3021 3020
f 3016 2967 2738 4963
f 4962 3014 2995 4961
f 2805 3011 2997 4960
f 4964 2985 2756 5089
f 4962 3015 2752 5087
f 2985 2970 2932 2756
f 3011 2805 2933 2755
f 3015 3017 5085 2752
f 3023 3109 5025 3039
f 3119 3052 5025 5023
f 5017 3042 3041 5018
f 5018 3041 3040 5019
f 3056 3038 3069 3111
f 3049 3063 3064 3025
f 3051 4997 3053 5006
f 5012 4970 4969 3034
f 3002 3062 4977 4976
f 3075 3002 4976 4978
f 4974 3075 4978 4980
f 3062 4973 4979 4977
f 3033 3003 4981 4982
f 3073 4975 4985 4983
f 4973 3033 4982 4984
f 3003 3073 4983 4981
f 4975 3077 4988 4990
f 3006 3008 4987 4986
f 3077 3006 4986 4988
f 3008 4972 4989 4987
f 3001 3076 4993 4991
f 3007 3001 4991 4992
f 4971 3007 4992 4994
f 3076 4974 4995 4993
f 4994 4992 4991 5004
f 4995 5004 4991 4993
f 5001 4980 4978 4976
f 4976 4977 4979 5001
f 5002 4984 4982 4981
f 4985 5002 4981 4983
f 5003 4990 4988 4986
f 4989 5003 4986 4987
f 3099 5068 5026 4998
f 3123 3124 5017 5018
f 5011 5101 3052 3058
f 5037 5039 3118 5015
f 3038 4996 3054 3069
f 3054 5006 5082 5076
f 3036 3056 3111 5008
f 3104 3125 5060 5062
f 5074 5078 5012 5077
f 5066 5065 3060 5010
f 5007 5010 3060 3126
f 5013 5014 4967 4968
f 4970 5013 4968 4969
f 4603 4601 4953 4952
f 3105 3049 3025 3057
f 4997 3037 5005 3053
f 4966 3117 3108 3044
f 3064 5008 5083 5078
f 3117 4966 3074 3106
f 5009 3119 3106 3074
f 3025 3064 5078 5074
f 3058 5009 5012 3034
f 3069 3054 5076 5079
f 5022 3117 3106 5024
f 5023 5025 3109 3061
f 3061 3026 5024 5023
f 3116 5016 5015 3115
f 3039 5101 5019 3040
f 3119 5009 3058 3052
f 3108 3117 5022 5021
f 3118 5021 5022 3114
f 3043 3042 5017 4998
f 3120 5121 5095 5030
f 5034 4989 4972 5041
f 5041 5042 3035 3045
f 5042 5043 3030 3035
f 5043 5040 5029 3030
f 5068 3099 5045 5094
f 4964 4959 2998 2985
f 3116 3043 4998 5026
f 3018 3014 2753 5086
f 3013 3018 5086 2754
f 4969 4968 7831 7827
f 5048 5047 3108 5021
f 5048 5021 3118 5039
f 5093 5103 5108 5092
f 3014 4962 5087 2753
f 5028 5027 5036 5069
f 5046 5047 4994 5004
f 5046 5004 4995 5050
f 5050 4995 4974 5051
f 5051 4974 4980 5052
f 5053 5052 4980 5001
f 5053 5001 4979 5054
f 5054 4979 4973 5055
f 5055 4973 4984 5056
f 5057 5056 4984 5002
f 5057 5002 4985 5058
f 5058 4985 4975 5059
f 5035 4999 3037 5059
f 4990 5035 5059 4975
f 4997 5058 5059 3037
f 3051 5057 5058 4997
f 3051 4996 5056 5057
f 3038 5055 5056 4996
f 3056 5054 5055 3038
f 3036 5053 5054 3056
f 3036 3063 5052 5053
f 3049 5051 5052 3063
f 3105 5050 5051 3049
f 3044 5046 5050 3105
f 3044 3108 5047 5046
f 4962 4961 2994 3015
f 4971 5048 5039 3010
f 4971 4994 5047 5048
f 5016 5027 5028 5038
f 2753 5087 5067 5044
f 3021 5040 5043 3020
f 3019 3020 5043 5042
f 4972 3019 5042 5041
f 5000 5034 5041 3045
f 3112 3010 5039 5037
f 3112 5037 5038 3012
f 5003 5033 5035 4990
f 3046 5033 5034 5000
f 3110 3104 5062 5061
f 5006 3053 5075 5082
f 5005 5073 5084 5081
f 5008 3111 5080 5083
f 3125 5066 5072 5060
f 4960 2996 3013 2805
f 5016 3116 5026 5027
f 3017 3016 2751 5085
f 5026 5068 5036 5027
f 3029 5044 5092 5091
f 5070 3028 5049 5090
f 3016 4963 5088 2751
f 5064 5063 5071 5072
f 5060 5072 5071 3127
f 3127 5071 5000 3045
f 5000 5071 5063 3046
f 2811 2812 2806 2953
f 2810 2952 2806 2812
f 2808 2992 2807 2813
f 2809 2813 2807 2993
f 3074 5077 5012 5009
f 4966 3057 5077 3074
f 5079 5076 5013 5080
f 5081 5084 5007 5075
f 5082 5075 5007 5014
f 5082 5014 5013 5076
f 5013 4970 5083 5080
f 5078 5083 4970 5012
f 3046 5063 5073 4999
f 5064 5084 5073 5063
f 5007 5084 5064 5010
f 3105 3057 4966 3044
f 5067 5087 2752 5069
f 3029 5091 5090 5049
f 5028 5088 3012 5038
f 3012 5088 4963 3009
f 3099 3124 3027 5045
f 5070 5029 5040 3028
f 5044 5067 5093 5092
f 5067 5069 5036 5093
f 5096 3065 5031 3103
f 5097 5030 5095 5100
f 5030 5104 5124 3120
f 7826 7825 3102 5110
f 5097 3122 5106 5107
f 5045 3027 5102 5103
f 5104 5113 5114 5124
f 5102 5098 5108 5103
f 5090 5091 5114 5113
f 5030 5097 5107 5104
f 7839 7838 7837 7840
f 3122 3110 5061 5106
f 7825 7829 5105 3102
f 5112 5107 5106 5111
f 5113 5104 5107 5112
f 5091 5092 5108 5114
f 7824 3107 5032 5117
f 5099 5098 5102 7842
f 3100 3027 3124 3123
f 3052 5101 3039 5025
f 7840 7837 3101 7841
f 5090 5113 5112 5070
f 5070 5112 5111 5029
f 7828 7827 5116 5109
f 5029 5111 3022 3030
f 5111 5106 5061 3022
f 5093 5094 5045 5103
f 7830 7824 5117 5118
f 7831 7826 5110 5115
f 7827 7831 5115 5116
f 4601 4599 4924 4953
f 7829 7832 5119 5105
f 3107 7828 5109 5032
f 5066 5010 5064 5072
f 5098 5099 3120 5124
f 3121 3103 5095 5121
f 5108 5098 5124 5114
f 7830 7840 7841 5020
f 3120 5099 5122 5121
f 5123 5096 3103 3121
f 5095 3103 5031 5100
f 7822 5120 7832 5065
f 5158 7819 7820 5159
f 5156 7817 7818 5157
f 4597 4595 4664 4954
f 4666 4665 4916 7811
f 4667 7812 7813 4668
f 4670 4669 7814 7815
f 4949 4957 4917 7816
f 4595 4593 4925 4664
f 2962 2974 2778 2720
f 2935 2943 5126 5125
f 2922 2942 5128 5127
f 2943 2923 5129 5126
f 2942 2934 5130 5128
f 2934 5131 2761 5130
f 5131 2935 5125 2761
f 2923 2734 5132 5129
f 2734 2922 5127 5132
f 2747 2750 2764 2767
f 2727 2986 5136 5140
f 2731 2929 5135 5142
f 2992 2808 5137 5133
f 2928 2732 5141 5134
f 2986 2730 5138 5136
f 2730 2731 5142 5138
f 2808 2811 5141 5137
f 2807 2992 5133 5140
f 2929 2728 5139 5135
f 2728 2928 5134 5139
f 2947 2949 5144 5143
f 2948 2946 5145 5146
f 2949 2937 5147 5144
f 2938 2948 5146 5148
f 2789 2947 5143 5149
f 2946 2789 5149 5145
f 2937 5150 2768 5147
f 5150 2938 5148 2768
f 5155 4955 4905 5180
f 4671 4670 7815 7816
f 4669 4668 7813 7814
f 4666 7811 7812 4667
f 5159 7820 7821 5160
f 4915 4917 7817 5156
f 5157 7818 7819 5158
f 4911 5171 5216 4912
f 5171 5172 5217 5216
f 5172 5173 5218 5217
f 5173 5174 5219 5218
f 5174 5175 5220 5219
f 4913 4912 5216 5211
f 5211 5216 5217 5212
f 5212 5217 5218 5213
f 5213 5218 5219 5214
f 5214 5219 5220 5215
f 4914 4913 5211 5206
f 5206 5211 5212 5207
f 5207 5212 5213 5208
f 5208 5213 5214 5209
f 5209 5214 5215 5210
f 4914 5206 5201 4909
f 5206 5207 5202 5201
f 5207 5208 5203 5202
f 5208 5209 5204 5203
f 5209 5210 5205 5204
f 4909 5201 5196 4907
f 5201 5202 5197 5196
f 5202 5203 5198 5197
f 5203 5204 5199 5198
f 5204 5205 5200 5199
f 4908 4907 5196 5191
f 5191 5196 5197 5192
f 5192 5197 5198 5193
f 5193 5198 5199 5194
f 5194 5199 5200 5195
f 4908 5191 5186 4910
f 5191 5192 5187 5186
f 5192 5193 5188 5187
f 5193 5194 5189 5188
f 5194 5195 5190 5189
f 4910 5186 5181 4906
f 5186 5187 5182 5181
f 5187 5188 5183 5182
f 5188 5189 5184 5183
f 5189 5190 5185 5184
f 4906 5181 5180 4905
f 5181 5182 5179 5180
f 5182 5183 5178 5179
f 5183 5184 5177 5178
f 5184 5185 5176 5177
f 5151 5152 5177 5176
f 5152 5153 5178 5177
f 5153 5154 5179 5178
f 5154 5155 5180 5179
f 4917 4957 5166 7817
f 7817 5166 5167 7818
f 7818 5167 5168 7819
f 7819 5168 5169 7820
f 7820 5169 5170 7821
f 4923 4915 5156 4922
f 4922 5156 5157 4921
f 4921 5157 5158 4920
f 4920 5158 5159 4919
f 4919 5159 5160 4918
f 4599 4597 4954 4924
f 5170 5169 5162 5161
f 5169 5168 5163 5162
f 5168 5167 5164 5163
f 5167 5166 5165 5164
f 4955 5155 5165 4956
f 5155 5154 5164 5165
f 5154 5153 5163 5164
f 5153 5152 5162 5163
f 5152 5151 5161 5162
f 5313 5241 5276 5329
f 5376 5259 5223 5375
f 5339 5303 5249 5321
f 5254 5368 5367 5266
f 5265 5395 5330 5255
f 5377 5380 5280 5333
f 5391 5287 5222 5314
f 5314 5328 5276 5241
f 5352 5343 5226 5271
f 5354 5344 5225 5278
f 5288 5228 5222 5287
f 5258 5227 5223 5259
f 5271 5226 5221 5272
f 5257 5242 5316 5332
f 5334 5375 5223 5285
f 5349 5248 5300 5360
f 5325 5256 5304 5340
f 5322 5245 5229 5317
f 5237 5240 5229 5230
f 5247 5246 5231 5232
f 5346 5237 5230 5359
f 5257 5331 5315 5242
f 5366 5250 5299 5358
f 5340 5322 5249 5303
f 5380 5375 5334 5280
f 5362 5370 5260 5282
f 5359 5230 5248 5349
f 5232 5231 5239 5238
f 5230 5229 5245 5248
f 5317 5229 5240 5319
f 5370 5369 5270 5260
f 5300 5304 5256 5253
f 5318 5234 5236 5320
f 5360 5300 5253 5350
f 5301 5302 5246 5247
f 5234 5317 5319 5236
f 5340 5304 5245 5322
f 5358 5299 5251 5368
f 5325 5252 5268 5396
f 5328 5275 5273 5378
f 5251 5350 5353 5269
f 5298 5267 5264 5297
f 5355 5351 5262 5283
f 5347 5364 5290 5243
f 5314 5222 5275 5328
f 5249 5322 5317 5234
f 5277 5263 5273 5275
f 5369 5347 5243 5270
f 5283 5262 5274 5284
f 5252 5330 5395 5268
f 5276 5328 5378 5261
f 5387 5382 5342 5305
f 5383 5387 5305 5341
f 5228 5277 5275 5222
f 5357 5353 5267 5298
f 5266 5265 5255 5254
f 5378 5273 5259 5376
f 5262 5271 5272 5274
f 5351 5352 5271 5262
f 5227 5286 5285 5223
f 5249 5234 5318 5321
f 5225 5283 5284 5224
f 5224 5279 5278 5225
f 5363 5348 5244 5281
f 5344 5355 5283 5225
f 5329 5276 5261 5373
f 5263 5258 5259 5273
f 5326 5338 5295 5398
f 5392 5293 5287 5391
f 5294 5288 5287 5293
f 5226 5292 5291 5221
f 5348 5362 5282 5244
f 5343 5356 5292 5226
f 5292 5298 5297 5291
f 5361 5367 5269 5296
f 5356 5357 5298 5292
f 5379 5257 5332 5324
f 5395 5265 5293 5392
f 5379 5323 5331 5257
f 5266 5294 5293 5265
f 5254 5255 5302 5301
f 5345 5233 5250 5366
f 5248 5245 5304 5300
f 5368 5251 5269 5367
f 5282 5355 5344 5244
f 5357 5356 5290 5296
f 5235 5346 5359 5233
f 5360 5350 5251 5299
f 5270 5352 5351 5260
f 5233 5359 5349 5250
f 5388 5381 5346 5235
f 5260 5351 5355 5282
f 5356 5343 5243 5290
f 5250 5349 5360 5299
f 5243 5343 5352 5270
f 5244 5344 5354 5281
f 5269 5353 5357 5296
f 5365 5235 5233 5345
f 5385 5389 5240 5237
f 5386 5390 5309 5308
f 5384 5386 5308 5372
f 5382 5389 5310 5342
f 5381 5385 5237 5346
f 5307 5312 5311 5310
f 5312 5308 5309 5311
f 5338 5336 5289 5295
f 5327 5398 5295 5337
f 5284 5374 5377 5224
f 5291 5393 5313 5221
f 5279 5224 5377 5333
f 5255 5330 5339 5302
f 5246 5321 5318 5231
f 5231 5318 5320 5239
f 5302 5339 5321 5246
f 5396 5264 5256 5325
f 5272 5329 5373 5274
f 5221 5313 5329 5272
f 5274 5373 5374 5284
f 5297 5394 5393 5291
f 5264 5396 5394 5297
f 5390 5383 5341 5309
f 5294 5266 5367 5361
f 5232 5345 5366 5247
f 5227 5258 5362 5348
f 5228 5288 5364 5347
f 5301 5358 5368 5254
f 5277 5228 5347 5369
f 5286 5227 5348 5363
f 5263 5277 5369 5370
f 5247 5366 5358 5301
f 5238 5365 5345 5232
f 5288 5294 5361 5364
f 5350 5253 5267 5353
f 5258 5263 5370 5362
f 5393 5397 5241 5313
f 5388 5384 5372 5306
f 5397 5391 5314 5241
f 5337 5295 5289 5335
f 5364 5361 5296 5290
f 5252 5303 5339 5330
f 5252 5325 5340 5303
f 5310 5311 5305 5342
f 5309 5341 5305 5311
f 5307 5371 5306 5312
f 5308 5312 5306 5372
f 5324 5332 5374 5373
f 5315 5331 5376 5375
f 5332 5316 5377 5374
f 5331 5323 5378 5376
f 5323 5379 5261 5378
f 5379 5324 5373 5261
f 5316 5242 5380 5377
f 5242 5315 5375 5380
f 5253 5256 5264 5267
f 5235 5365 5384 5388
f 5239 5320 5383 5390
f 5371 5307 5385 5381
f 5319 5240 5389 5382
f 5365 5238 5386 5384
f 5238 5239 5390 5386
f 5307 5310 5389 5385
f 5306 5371 5381 5388
f 5320 5236 5387 5383
f 5236 5319 5382 5387
f 5336 5338 5392 5391
f 5337 5335 5393 5394
f 5338 5326 5395 5392
f 5327 5337 5394 5396
f 5289 5336 5391 5397
f 5335 5289 5397 5393
f 5326 5398 5268 5395
f 5398 5327 5396 5268
f 5491 5419 5454 5507
f 5554 5437 5401 5553
f 5517 5481 5427 5499
f 5432 5546 5545 5444
f 5443 5573 5508 5433
f 5555 5558 5458 5511
f 5569 5465 5400 5492
f 5492 5506 5454 5419
f 5530 5521 5404 5449
f 5532 5522 5403 5456
f 5466 5406 5400 5465
f 5436 5405 5401 5437
f 5449 5404 5399 5450
f 5435 5420 5494 5510
f 5512 5553 5401 5463
f 5527 5426 5478 5538
f 5503 5434 5482 5518
f 5500 5423 5407 5495
f 5415 5418 5407 5408
f 5425 5424 5409 5410
f 5524 5415 5408 5537
f 5435 5509 5493 5420
f 5544 5428 5477 5536
f 5518 5500 5427 5481
f 5558 5553 5512 5458
f 5540 5548 5438 5460
f 5537 5408 5426 5527
f 5410 5409 5417 5416
f 5408 5407 5423 5426
f 5495 5407 5418 5497
f 5548 5547 5448 5438
f 5478 5482 5434 5431
f 5496 5412 5414 5498
f 5538 5478 5431 5528
f 5479 5480 5424 5425
f 5412 5495 5497 5414
f 5518 5482 5423 5500
f 5536 5477 5429 5546
f 5503 5430 5446 5574
f 5506 5453 5451 5556
f 5429 5528 5531 5447
f 5476 5445 5442 5475
f 5533 5529 5440 5461
f 5525 5542 5468 5421
f 5492 5400 5453 5506
f 5427 5500 5495 5412
f 5455 5441 5451 5453
f 5547 5525 5421 5448
f 5461 5440 5452 5462
f 5430 5508 5573 5446
f 5454 5506 5556 5439
f 5565 5560 5520 5483
f 5561 5565 5483 5519
f 5406 5455 5453 5400
f 5535 5531 5445 5476
f 5444 5443 5433 5432
f 5556 5451 5437 5554
f 5440 5449 5450 5452
f 5529 5530 5449 5440
f 5405 5464 5463 5401
f 5427 5412 5496 5499
f 5403 5461 5462 5402
f 5402 5457 5456 5403
f 5541 5526 5422 5459
f 5522 5533 5461 5403
f 5507 5454 5439 5551
f 5441 5436 5437 5451
f 5504 5516 5473 5576
f 5570 5471 5465 5569
f 5472 5466 5465 5471
f 5404 5470 5469 5399
f 5526 5540 5460 5422
f 5521 5534 5470 5404
f 5470 5476 5475 5469
f 5539 5545 5447 5474
f 5534 5535 5476 5470
f 5557 5435 5510 5502
f 5573 5443 5471 5570
f 5557 5501 5509 5435
f 5444 5472 5471 5443
f 5432 5433 5480 5479
f 5523 5411 5428 5544
f 5426 5423 5482 5478
f 5546 5429 5447 5545
f 5460 5533 5522 5422
f 5535 5534 5468 5474
f 5413 5524 5537 5411
f 5538 5528 5429 5477
f 5448 5530 5529 5438
f 5411 5537 5527 5428
f 5566 5559 5524 5413
f 5438 5529 5533 5460
f 5534 5521 5421 5468
f 5428 5527 5538 5477
f 5421 5521 5530 5448
f 5422 5522 5532 5459
f 5447 5531 5535 5474
f 5543 5413 5411 5523
f 5563 5567 5418 5415
f 5564 5568 5487 5486
f 5562 5564 5486 5550
f 5560 5567 5488 5520
f 5559 5563 5415 5524
f 5485 5490 5489 5488
f 5490 5486 5487 5489
f 5516 5514 5467 5473
f 5505 5576 5473 5515
f 5462 5552 5555 5402
f 5469 5571 5491 5399
f 5457 5402 5555 5511
f 5433 5508 5517 5480
f 5424 5499 5496 5409
f 5409 5496 5498 5417
f 5480 5517 5499 5424
f 5574 5442 5434 5503
f 5450 5507 5551 5452
f 5399 5491 5507 5450
f 5452 5551 5552 5462
f 5475 5572 5571 5469
f 5442 5574 5572 5475
f 5568 5561 5519 5487
f 5472 5444 5545 5539
f 5410 5523 5544 5425
f 5405 5436 5540 5526
f 5406 5466 5542 5525
f 5479 5536 5546 5432
f 5455 5406 5525 5547
f 5464 5405 5526 5541
f 5441 5455 5547 5548
f 5425 5544 5536 5479
f 5416 5543 5523 5410
f 5466 5472 5539 5542
f 5528 5431 5445 5531
f 5436 5441 5548 5540
f 5571 5575 5419 5491
f 5566 5562 5550 5484
f 5575 5569 5492 5419
f 5515 5473 5467 5513
f 5542 5539 5474 5468
f 5430 5481 5517 5508
f 5430 5503 5518 5481
f 5488 5489 5483 5520
f 5487 5519 5483 5489
f 5485 5549 5484 5490
f 5486 5490 5484 5550
f 5502 5510 5552 5551
f 5493 5509 5554 5553
f 5510 5494 5555 5552
f 5509 5501 5556 5554
f 5501 5557 5439 5556
f 5557 5502 5551 5439
f 5494 5420 5558 5555
f 5420 5493 5553 5558
f 5431 5434 5442 5445
f 5413 5543 5562 5566
f 5417 5498 5561 5568
f 5549 5485 5563 5559
f 5497 5418 5567 5560
f 5543 5416 5564 5562
f 5416 5417 5568 5564
f 5485 5488 5567 5563
f 5484 5549 5559 5566
f 5498 5414 5565 5561
f 5414 5497 5560 5565
f 5514 5516 5570 5569
f 5515 5513 5571 5572
f 5516 5504 5573 5570
f 5505 5515 5572 5574
f 5467 5514 5569 5575
f 5513 5467 5575 5571
f 5504 5576 5446 5573
f 5576 5505 5574 5446
f 5669 5597 5632 5685
f 5732 5615 5579 5731
f 5695 5659 5605 5677
f 5610 5724 5723 5622
f 5621 5751 5686 5611
f 5733 5736 5636 5689
f 5747 5643 5578 5670
f 5670 5684 5632 5597
f 5708 5699 5582 5627
f 5710 5700 5581 5634
f 5644 5584 5578 5643
f 5614 5583 5579 5615
f 5627 5582 5577 5628
f 5613 5598 5672 5688
f 5690 5731 5579 5641
f 5705 5604 5656 5716
f 5681 5612 5660 5696
f 5678 5601 5585 5673
f 5593 5596 5585 5586
f 5603 5602 5587 5588
f 5702 5593 5586 5715
f 5613 5687 5671 5598
f 5722 5606 5655 5714
f 5696 5678 5605 5659
f 5736 5731 5690 5636
f 5718 5726 5616 5638
f 5715 5586 5604 5705
f 5588 5587 5595 5594
f 5586 5585 5601 5604
f 5673 5585 5596 5675
f 5726 5725 5626 5616
f 5656 5660 5612 5609
f 5674 5590 5592 5676
f 5716 5656 5609 5706
f 5657 5658 5602 5603
f 5590 5673 5675 5592
f 5696 5660 5601 5678
f 5714 5655 5607 5724
f 5681 5608 5624 5752
f 5684 5631 5629 5734
f 5607 5706 5709 5625
f 5654 5623 5620 5653
f 5711 5707 5618 5639
f 5703 5720 5646 5599
f 5670 5578 5631 5684
f 5605 5678 5673 5590
f 5633 5619 5629 5631
f 5725 5703 5599 5626
f 5639 5618 5630 5640
f 5608 5686 5751 5624
f 5632 5684 5734 5617
f 5743 5738 5698 5661
f 5739 5743 5661 5697
f 5584 5633 5631 5578
f 5713 5709 5623 5654
f 5622 5621 5611 5610
f 5734 5629 5615 5732
f 5618 5627 5628 5630
f 5707 5708 5627 5618
f 5583 5642 5641 5579
f 5605 5590 5674 5677
f 5581 5639 5640 5580
f 5580 5635 5634 5581
f 5719 5704 5600 5637
f 5700 5711 5639 5581
f 5685 5632 5617 5729
f 5619 5614 5615 5629
f 5682 5694 5651 5754
f 5748 5649 5643 5747
f 5650 5644 5643 5649
f 5582 5648 5647 5577
f 5704 5718 5638 5600
f 5699 5712 5648 5582
f 5648 5654 5653 5647
f 5717 5723 5625 5652
f 5712 5713 5654 5648
f 5735 5613 5688 5680
f 5751 5621 5649 5748
f 5735 5679 5687 5613
f 5622 5650 5649 5621
f 5610 5611 5658 5657
f 5701 5589 5606 5722
f 5604 5601 5660 5656
f 5724 5607 5625 5723
f 5638 5711 5700 5600
f 5713 5712 5646 5652
f 5591 5702 5715 5589
f 5716 5706 5607 5655
f 5626 5708 5707 5616
f 5589 5715 5705 5606
f 5744 5737 5702 5591
f 5616 5707 5711 5638
f 5712 5699 5599 5646
f 5606 5705 5716 5655
f 5599 5699 5708 5626
f 5600 5700 5710 5637
f 5625 5709 5713 5652
f 5721 5591 5589 5701
f 5741 5745 5596 5593
f 5742 5746 5665 5664
f 5740 5742 5664 5728
f 5738 5745 5666 5698
f 5737 5741 5593 5702
f 5663 5668 5667 5666
f 5668 5664 5665 5667
f 5694 5692 5645 5651
f 5683 5754 5651 5693
f 5640 5730 5733 5580
f 5647 5749 5669 5577
f 5635 5580 5733 5689
f 5611 5686 5695 5658
f 5602 5677 5674 5587
f 5587 5674 5676 5595
f 5658 5695 5677 5602
f 5752 5620 5612 5681
f 5628 5685 5729 5630
f 5577 5669 5685 5628
f 5630 5729 5730 5640
f 5653 5750 5749 5647
f 5620 5752 5750 5653
f 5746 5739 5697 5665
f 5650 5622 5723 5717
f 5588 5701 5722 5603
f 5583 5614 5718 5704
f 5584 5644 5720 5703
f 5657 5714 5724 5610
f 5633 5584 5703 5725
f 5642 5583 5704 5719
f 5619 5633 5725 5726
f 5603 5722 5714 5657
f 5594 5721 5701 5588
f 5644 5650 5717 5720
f 5706 5609 5623 5709
f 5614 5619 5726 5718
f 5749 5753 5597 5669
f 5744 5740 5728 5662
f 5753 5747 5670 5597
f 5693 5651 5645 5691
f 5720 5717 5652 5646
f 5608 5659 5695 5686
f 5608 5681 5696 5659
f 5666 5667 5661 5698
f 5665 5697 5661 5667
f 5663 5727 5662 5668
f 5664 5668 5662 5728
f 5680 5688 5730 5729
f 5671 5687 5732 5731
f 5688 5672 5733 5730
f 5687 5679 5734 5732
f 5679 5735 5617 5734
f 5735 5680 5729 5617
f 5672 5598 5736 5733
f 5598 5671 5731 5736
f 5609 5612 5620 5623
f 5591 5721 5740 5744
f 5595 5676 5739 5746
f 5727 5663 5741 5737
f 5675 5596 5745 5738
f 5721 5594 5742 5740
f 5594 5595 5746 5742
f 5663 5666 5745 5741
f 5662 5727 5737 5744
f 5676 5592 5743 5739
f 5592 5675 5738 5743
f 5692 5694 5748 5747
f 5693 5691 5749 5750
f 5694 5682 5751 5748
f 5683 5693 5750 5752
f 5645 5692 5747 5753
f 5691 5645 5753 5749
f 5682 5754 5624 5751
f 5754 5683 5752 5624
f 2955 5333 5280 2818
f 2818 5280 5334 2954
f 2954 5334 5285 2814
f 2814 5285 5286 2816
f 2816 5286 5363 2995
f 2995 5363 5281 4961
f 4961 5281 5354 2994
f 2994 5354 5278 2817
f 2817 5278 5279 2815
f 2815 5279 5333 2955
f 2820 5457 5511 2957
f 2957 5511 5458 2823
f 2823 5458 5512 2956
f 2956 5512 5463 2819
f 2819 5463 5464 2821
f 2821 5464 5541 2997
f 2997 5541 5459 4960
f 4960 5459 5532 2996
f 2996 5532 5456 2822
f 2822 5456 5457 2820
f 2827 5634 5635 2825
f 2825 5635 5689 2959
f 2959 5689 5636 2828
f 2828 5636 5690 2958
f 2958 5690 5641 2824
f 2824 5641 5642 2826
f 2826 5642 5719 4958
f 4958 5719 5637 4959
f 4959 5637 5710 2998
f 2998 5710 5634 2827
f 2913 5759 5766 5770
f 2909 2845 5765 5772
f 5761 2861 5767 5763
f 2846 2908 5771 5764
f 5759 2910 5768 5766
f 2910 2909 5772 5768
f 2861 2858 5771 5767
f 2862 5761 5763 5770
f 2845 2912 5769 5765
f 2912 2846 5764 5769
f 2882 2841 2840 2888
f 2842 2886 2864 2839
f 2866 3079 3088 2905
f 2880 2877 5773 5774
f 2871 2831 5775 5776
f 2832 2868 5778 5777
f 2874 2832 5777 5779
f 2831 2880 5774 5775
f 2872 2871 5776 5780
f 2877 2874 5779 5773
f 2868 2872 5780 5778
f 5892 5844 5809 5880
f 5814 5920 5919 5824
f 5823 6082 5887 5815
f 6078 5828 5782 5873
f 5874 5972 5929 5802
f 5829 5787 5782 5828
f 5906 5808 5841 5914
f 5884 5816 5845 5893
f 5881 5805 5789 5876
f 5797 5800 5789 5790
f 5807 5806 5791 5792
f 5903 5797 5790 5913
f 5918 5810 5840 5912
f 5893 5881 5809 5844
f 6063 6028 6049 5817
f 5913 5790 5808 5906
f 5792 5791 5799 5798
f 5790 5789 5805 5808
f 5876 5789 5800 5878
f 5841 5845 5816 5813
f 5877 5794 5796 5879
f 5914 5841 5813 5907
f 5842 5843 5806 5807
f 5794 5876 5878 5796
f 5893 5845 5805 5881
f 6061 5819 6033 5820
f 5820 6033 5945 5883
f 6049 5818 6060 5817
f 5929 5932 5875 5802
f 5912 5840 5811 5920
f 5884 5812 5826 6083
f 5811 5907 5909 5827
f 5839 5825 5822 5838
f 5904 5916 5831 5803
f 5809 5881 5876 5794
f 5812 5887 6082 5826
f 6074 6069 5895 5847
f 6070 6074 5847 5894
f 5911 5909 5825 5839
f 5824 5823 5815 5814
f 5883 5945 6037 5821
f 5809 5794 5877 5880
f 5885 5891 5836 6085
f 6079 5834 5828 6078
f 5835 5829 5828 5834
f 5785 5833 5832 5781
f 5900 5910 5833 5785
f 5833 5839 5838 5832
f 5915 5919 5827 5837
f 5910 5911 5839 5833
f 6082 5823 5834 6079
f 5824 5835 5834 5823
f 5814 5815 5843 5842
f 5902 5793 5810 5918
f 5808 5805 5845 5841
f 5920 5811 5827 5919
f 5911 5910 5831 5837
f 5795 5903 5913 5793
f 5914 5907 5811 5840
f 5793 5913 5906 5810
f 6075 6068 5903 5795
f 5910 5900 5803 5831
f 5810 5906 5914 5840
f 5827 5909 5911 5837
f 5917 5795 5793 5902
f 6072 6076 5800 5797
f 6073 6077 5851 5850
f 6071 6073 5850 5922
f 6069 6076 5852 5895
f 6068 6072 5797 5903
f 5849 5854 5853 5852
f 5854 5850 5851 5853
f 5891 5889 5830 5836
f 5923 5870 5941 5939
f 5886 6085 5836 5890
f 5971 5897 5859 5930
f 5896 5960 5930 5859
f 5946 5899 5864 5931
f 5898 5969 5931 5864
f 5896 5956 5963 5960
f 5862 5868 5866 5860
f 5898 5867 5869 5969
f 5897 5952 5968 5856
f 5946 5990 5960 5963
f 5832 6080 5872 5781
f 5815 5887 5892 5843
f 5806 5880 5877 5791
f 5791 5877 5879 5799
f 5843 5892 5880 5806
f 6083 5822 5816 5884
f 5838 6081 6080 5832
f 5822 6083 6081 5838
f 6077 6070 5894 5851
f 5908 5935 5821 5882
f 5846 5937 5820 5883
f 5835 5824 5919 5915
f 5792 5902 5918 5807
f 5787 5829 5916 5904
f 5842 5912 5920 5814
f 5807 5918 5912 5842
f 5798 5917 5902 5792
f 5829 5835 5915 5916
f 5907 5813 5825 5909
f 6080 6084 5801 5872
f 5932 5927 5784 5875
f 5901 5788 5928 5933
f 5927 5928 5788 5784
f 6075 6071 5922 5848
f 6084 6078 5873 5801
f 5857 5973 5964 5855
f 5899 5956 5964 5861
f 5874 5952 5871 5972
f 5786 5966 5968 5783
f 5971 5991 5972 5871
f 5890 5836 5830 5888
f 5916 5915 5837 5831
f 5952 5874 5783 5968
f 5952 5897 5971 5871
f 5956 5896 5855 5964
f 5956 5899 5946 5963
f 5925 5865 5942 5937
f 5867 5898 5860 5866
f 5979 6024 6026 5944
f 5966 5858 5856 5968
f 5973 5863 5861 5964
f 5967 5868 5862 5926
f 5967 5926 5935 5908
f 6008 5953 6014 5955
f 5954 6013 6057 6051
f 5958 5943 6050 6053
f 6030 6021 6022 6031
f 5812 5844 5892 5887
f 5812 5884 5893 5844
f 5932 5989 5934 5927
f 5927 5934 5978 5928
f 6025 6026 5975 5982
f 5936 5933 5928 5978
f 5870 5905 5940 5941
f 5870 5923 5858 5966
f 5905 5870 5966 5786
f 5865 5925 5863 5973
f 5865 5924 5938 5942
f 5924 5865 5973 5857
f 5933 5986 5804 5901
f 5961 5947 6016 5962
f 5977 5965 6055 6056
f 5940 5905 5804 5986
f 5985 5938 5924 5984
f 5846 5935 5926 5983
f 5985 5939 5818 6062
f 5935 5846 5883 5821
f 5939 5941 6060 5818
f 5957 5949 5965 5977
f 5951 5961 5962 5943
f 5953 6009 5954 6014
f 5930 5960 5994 5993
f 5971 5930 5993 5995
f 5991 5971 5995 5997
f 5960 5990 5996 5994
f 5946 5931 5998 5999
f 5969 5992 6002 6000
f 5990 5946 5999 6001
f 5931 5969 6000 5998
f 5929 5972 6005 6003
f 5932 5929 6003 6004
f 5989 5932 6004 6006
f 5972 5991 6007 6005
f 6006 6004 6003 6012
f 6007 6012 6003 6005
f 6010 5997 5995 5993
f 5993 5994 5996 6010
f 6011 6001 5999 5998
f 6002 6011 5998 6000
f 6030 6032 5981 6021
f 5949 6008 5955 5965
f 5955 6014 6058 6052
f 5947 5957 5977 6016
f 6050 6054 6018 6053
f 5974 5951 5943 5958
f 6009 5948 6013 5954
f 5987 5980 5976 5950
f 5962 6016 6059 6054
f 5980 5987 5970 5975
f 6017 5982 5975 5970
f 5943 5962 6054 6050
f 5965 5955 6052 6055
f 6024 5980 5975 6026
f 5959 5944 6026 6025
f 5976 5980 6024 6023
f 5981 6023 6024 5979
f 5942 5938 5819 6061
f 5937 5942 6061 5820
f 6036 6035 5976 6023
f 6036 6023 5981 6032
f 5938 5985 6062 5819
f 6028 6027 6029 6049
f 6034 6035 6006 6012
f 6034 6012 6007 6038
f 6038 6007 5991 6039
f 6039 5991 5997 6040
f 6041 6040 5997 6010
f 6041 6010 5996 6042
f 6042 5996 5990 6043
f 6043 5990 6001 6044
f 6045 6044 6001 6011
f 6045 6011 6002 6046
f 6046 6002 5992 6047
f 6009 6046 6047 5948
f 5953 6045 6046 6009
f 5953 6008 6044 6045
f 5949 6043 6044 6008
f 5957 6042 6043 5949
f 5947 6041 6042 5957
f 5947 5961 6040 6041
f 5951 6039 6040 5961
f 5974 6038 6039 5951
f 5950 6034 6038 5974
f 5950 5976 6035 6034
f 5985 5984 5923 5939
f 5989 6036 6032 5934
f 5989 6006 6035 6036
f 6022 6027 6028 6031
f 5819 6062 6048 6033
f 5978 5934 6032 6030
f 5978 6030 6031 5936
f 6014 5954 6051 6058
f 6016 5977 6056 6059
f 5983 5925 5937 5846
f 5941 5940 5817 6060
f 5945 6033 6066 6065
f 5940 5986 6063 5817
f 5852 5853 5847 5895
f 5851 5894 5847 5853
f 5849 5921 5848 5854
f 5850 5854 5848 5922
f 5970 6053 6018 6017
f 5987 5958 6053 5970
f 6055 6052 6019 6056
f 6058 6051 6015 6020
f 6058 6020 6019 6052
f 6019 5988 6059 6056
f 6054 6059 5988 6018
f 6047 5992 6153 6180
f 5974 5958 5987 5950
f 6048 6062 5818 6049
f 5945 6065 6064 6037
f 6028 6063 5936 6031
f 5936 6063 5986 5933
f 5992 6128 6151 6153
f 6033 6048 6067 6066
f 6048 6049 6029 6067
f 6057 6194 6015 6051
f 5813 5816 5822 5825
f 5795 5917 6071 6075
f 5799 5879 6070 6077
f 5921 5849 6072 6068
f 5878 5800 6076 6069
f 5917 5798 6073 6071
f 5798 5799 6077 6073
f 5849 5852 6076 6072
f 5848 5921 6068 6075
f 5879 5796 6074 6070
f 5796 5878 6069 6074
f 5889 5891 6079 6078
f 5890 5888 6080 6081
f 5891 5885 6082 6079
f 5886 5890 6081 6083
f 5830 5889 6078 6084
f 5888 5830 6084 6080
f 5885 6085 5826 6082
f 6085 5886 6083 5826
f 5882 5821 6037 6086
f 6105 6126 6179 6087
f 6146 6198 6124 6147
f 6088 6104 6087 6179
f 6175 6124 6198 6125
f 6128 6107 6094 6115
f 6106 6138 6115 6094
f 6119 6118 6099 6108
f 6139 6109 6099 6118
f 6109 6101 6100 6096
f 6092 6102 6100 6090
f 6106 6101 6103 6138
f 5948 6160 6135 6013
f 6088 6179 6125 6198
f 6110 6120 6087 6104
f 6089 6121 6086 6105
f 6117 6116 6095 6097
f 6108 6095 6116 6119
f 6130 6162 6192 6166
f 6107 5867 5866 6091
f 6149 6138 6103 6139
f 5867 6107 6128 5869
f 6112 5967 5908 6121
f 6101 6109 6139 6103
f 6101 6106 6090 6100
f 6172 6165 6158 6173
f 6172 6132 6162 6174
f 5868 6093 6091 5866
f 6137 6102 6092 6113
f 6114 6137 6110 6111
f 6102 6098 6096 6100
f 6137 6113 6120 6110
f 6160 6133 6167 6135
f 6134 6166 6195 6193
f 6117 6123 6122 6116
f 6148 6119 6116 6122
f 6114 6098 6102 6137
f 6129 6136 6142 6131
f 6185 6184 6142 6136
f 5967 6112 6093 5868
f 6117 6097 6143 6147
f 6143 6144 6146 6147
f 6117 6147 6124 6123
f 6089 6120 6113 6145
f 6146 6111 6088 6198
f 6111 6110 6104 6088
f 6120 6089 6105 6087
f 6133 6161 6134 6167
f 6128 6115 6150 6151
f 6138 6149 6154 6152
f 6128 5992 5969 5869
f 6115 6138 6152 6150
f 6149 6139 6157 6159
f 6118 6119 6156 6155
f 6139 6118 6155 6157
f 6119 6148 6158 6156
f 6164 6153 6151 6150
f 6154 6164 6150 6152
f 6165 6159 6157 6155
f 6158 6165 6155 6156
f 6196 6170 6015 6194
f 6135 6167 6196 6194
f 6140 6141 6184 6185
f 6161 6130 6166 6134
f 6013 6135 6194 6057
f 6173 6158 6148 6176
f 6176 6177 6129 6131
f 6177 6178 6127 6129
f 6178 6175 6171 6127
f 6146 6144 6114 6111
f 6121 5908 5882 6086
f 6086 6037 6126 6105
f 6181 6180 6153 6164
f 6181 6164 6154 6182
f 6182 6154 6149 6183
f 6174 6162 6130 6183
f 6159 6174 6183 6149
f 6161 6182 6183 6130
f 6133 6181 6182 6161
f 6133 6160 6180 6181
f 5948 6047 6180 6160
f 6124 6175 6178 6123
f 6122 6123 6178 6177
f 6148 6122 6177 6176
f 6163 6173 6176 6131
f 6165 6172 6174 6159
f 6132 6172 6173 6163
f 6167 6134 6193 6196
f 6166 6192 6197 6195
f 6141 6188 6191 6184
f 6145 6112 6121 6089
f 6126 6037 6064 6200
f 6189 6125 6179 6199
f 6187 6186 6190 6191
f 6184 6191 6190 6142
f 6142 6190 6163 6131
f 6163 6190 6186 6132
f 6195 6197 6168 6193
f 6196 6193 6168 6170
f 6132 6186 6192 6162
f 6187 6197 6192 6186
f 6168 6197 6187 6169
f 6126 6200 6199 6179
f 6189 6171 6175 6125
f 6188 6169 6187 6191
f 5872 5801 5802 5875
f 5873 5874 5802 5801
f 5872 5875 5784 5781
f 5788 5785 5781 5784
f 5900 5785 5788 5901
f 5900 5901 5804 5803
f 5904 5803 5804 5905
f 5904 5905 5786 5787
f 5786 5783 5782 5787
f 5873 5782 5783 5874
f 6279 6253 6223 6269
f 6228 6300 6299 6233
f 6232 6317 6274 6229
f 6313 6237 6202 6264
f 6238 6204 6202 6237
f 6287 6222 6250 6294
f 6271 6230 6254 6280
f 6270 6219 6205 6265
f 6213 6216 6205 6206
f 6221 6220 6207 6208
f 6285 6213 6206 6293
f 6298 6224 6249 6292
f 6280 6270 6223 6253
f 6293 6206 6222 6287
f 6208 6207 6215 6214
f 6206 6205 6219 6222
f 6265 6205 6216 6267
f 6250 6254 6230 6227
f 6266 6210 6212 6268
f 6294 6250 6227 6288
f 6251 6252 6220 6221
f 6210 6265 6267 6212
f 6280 6254 6219 6270
f 6292 6249 6225 6300
f 6271 6226 6235 6318
f 6225 6288 6289 6236
f 6248 6234 6231 6247
f 6286 6296 6240 6218
f 6223 6270 6265 6210
f 6226 6274 6317 6235
f 6309 6304 6282 6255
f 6305 6309 6255 6281
f 6291 6289 6234 6248
f 6233 6232 6229 6228
f 6223 6210 6266 6269
f 6272 6278 6245 6320
f 6314 6243 6237 6313
f 6244 6238 6237 6243
f 6203 6242 6241 6201
f 6283 6290 6242 6203
f 6242 6248 6247 6241
f 6295 6299 6236 6246
f 6290 6291 6248 6242
f 6317 6232 6243 6314
f 6233 6244 6243 6232
f 6228 6229 6252 6251
f 6284 6209 6224 6298
f 6222 6219 6254 6250
f 6300 6225 6236 6299
f 6291 6290 6240 6246
f 6211 6285 6293 6209
f 6294 6288 6225 6249
f 6209 6293 6287 6224
f 6310 6303 6285 6211
f 6290 6283 6218 6240
f 6224 6287 6294 6249
f 6236 6289 6291 6246
f 6297 6211 6209 6284
f 6307 6311 6216 6213
f 6308 6312 6259 6258
f 6306 6308 6258 6302
f 6304 6311 6260 6282
f 6303 6307 6213 6285
f 6257 6262 6261 6260
f 6262 6258 6259 6261
f 6278 6276 6239 6245
f 6273 6320 6245 6277
f 6241 6315 6263 6201
f 6229 6274 6279 6252
f 6220 6269 6266 6207
f 6207 6266 6268 6215
f 6252 6279 6269 6220
f 6318 6231 6230 6271
f 6247 6316 6315 6241
f 6231 6318 6316 6247
f 6312 6305 6281 6259
f 6244 6233 6299 6295
f 6208 6284 6298 6221
f 6204 6238 6296 6286
f 6251 6292 6300 6228
f 6221 6298 6292 6251
f 6214 6297 6284 6208
f 6238 6244 6295 6296
f 6288 6227 6234 6289
f 6315 6319 6217 6263
f 6310 6306 6302 6256
f 6319 6313 6264 6217
f 6277 6245 6239 6275
f 6296 6295 6246 6240
f 6226 6253 6279 6274
f 6226 6271 6280 6253
f 6260 6261 6255 6282
f 6259 6281 6255 6261
f 6257 6301 6256 6262
f 6258 6262 6256 6302
f 6227 6230 6231 6234
f 6211 6297 6306 6310
f 6215 6268 6305 6312
f 6301 6257 6307 6303
f 6267 6216 6311 6304
f 6297 6214 6308 6306
f 6214 6215 6312 6308
f 6257 6260 6311 6307
f 6256 6301 6303 6310
f 6268 6212 6309 6305
f 6212 6267 6304 6309
f 6276 6278 6314 6313
f 6277 6275 6315 6316
f 6278 6272 6317 6314
f 6273 6277 6316 6318
f 6239 6276 6313 6319
f 6275 6239 6319 6315
f 6272 6320 6235 6317
f 6320 6273 6318 6235
f 6355 6263 6217 6332
f 6332 6217 6264 6353
f 6353 6264 6202 6334
f 6334 6202 6204 6335
f 6335 6204 6286 6336
f 6336 6286 6218 6337
f 6337 6218 6283 6338
f 6338 6283 6203 6339
f 6339 6203 6201 6340
f 6340 6201 6263 6355
f 6349 6330 6352 6351
f 6348 6329 6330 6349
f 6347 6328 6329 6348
f 6346 6327 6328 6347
f 6345 6326 6327 6346
f 6344 6325 6326 6345
f 6343 6324 6325 6344
f 6357 6354 6324 6343
f 6341 6322 6323 6342
f 6350 6321 6322 6341
f 6330 6340 6355 6352
f 6329 6339 6340 6330
f 6328 6338 6339 6329
f 6327 6337 6338 6328
f 6326 6336 6337 6327
f 6325 6335 6336 6326
f 6324 6334 6335 6325
f 6354 6353 6334 6324
f 6322 6356 6333 6323
f 6321 6331 6356 6322
f 5897 6351 6358 5859
f 5859 6358 6357 5896
f 5896 6357 6343 5855
f 5855 6343 6344 5857
f 5857 6344 6345 5924
f 5924 6345 6346 5984
f 5984 6346 6347 5923
f 5923 6347 6348 5858
f 5858 6348 6349 5856
f 5856 6349 6351 5897
f 6321 6350 6351 6352
f 6323 6333 6353 6354
f 6331 6321 6352 6355
f 6333 6356 6332 6353
f 6356 6331 6355 6332
f 6342 6323 6354 6357
f 6350 6341 6358 6351
f 6341 6342 6357 6358
f 6437 6411 6381 6427
f 6386 6458 6457 6391
f 6390 6475 6432 6387
f 6471 6395 6360 6422
f 6396 6362 6360 6395
f 6445 6380 6408 6452
f 6429 6388 6412 6438
f 6428 6377 6363 6423
f 6371 6374 6363 6364
f 6379 6378 6365 6366
f 6443 6371 6364 6451
f 6456 6382 6407 6450
f 6438 6428 6381 6411
f 6451 6364 6380 6445
f 6366 6365 6373 6372
f 6364 6363 6377 6380
f 6423 6363 6374 6425
f 6408 6412 6388 6385
f 6424 6368 6370 6426
f 6452 6408 6385 6446
f 6409 6410 6378 6379
f 6368 6423 6425 6370
f 6438 6412 6377 6428
f 6450 6407 6383 6458
f 6429 6384 6393 6476
f 6383 6446 6447 6394
f 6406 6392 6389 6405
f 6444 6454 6398 6376
f 6381 6428 6423 6368
f 6384 6432 6475 6393
f 6467 6462 6440 6413
f 6463 6467 6413 6439
f 6449 6447 6392 6406
f 6391 6390 6387 6386
f 6381 6368 6424 6427
f 6430 6436 6403 6478
f 6472 6401 6395 6471
f 6402 6396 6395 6401
f 6361 6400 6399 6359
f 6441 6448 6400 6361
f 6400 6406 6405 6399
f 6453 6457 6394 6404
f 6448 6449 6406 6400
f 6475 6390 6401 6472
f 6391 6402 6401 6390
f 6386 6387 6410 6409
f 6442 6367 6382 6456
f 6380 6377 6412 6408
f 6458 6383 6394 6457
f 6449 6448 6398 6404
f 6369 6443 6451 6367
f 6452 6446 6383 6407
f 6367 6451 6445 6382
f 6468 6461 6443 6369
f 6448 6441 6376 6398
f 6382 6445 6452 6407
f 6394 6447 6449 6404
f 6455 6369 6367 6442
f 6465 6469 6374 6371
f 6466 6470 6417 6416
f 6464 6466 6416 6460
f 6462 6469 6418 6440
f 6461 6465 6371 6443
f 6415 6420 6419 6418
f 6420 6416 6417 6419
f 6436 6434 6397 6403
f 6431 6478 6403 6435
f 6399 6473 6421 6359
f 6387 6432 6437 6410
f 6378 6427 6424 6365
f 6365 6424 6426 6373
f 6410 6437 6427 6378
f 6476 6389 6388 6429
f 6405 6474 6473 6399
f 6389 6476 6474 6405
f 6470 6463 6439 6417
f 6402 6391 6457 6453
f 6366 6442 6456 6379
f 6362 6396 6454 6444
f 6409 6450 6458 6386
f 6379 6456 6450 6409
f 6372 6455 6442 6366
f 6396 6402 6453 6454
f 6446 6385 6392 6447
f 6473 6477 6375 6421
f 6468 6464 6460 6414
f 6477 6471 6422 6375
f 6435 6403 6397 6433
f 6454 6453 6404 6398
f 6384 6411 6437 6432
f 6384 6429 6438 6411
f 6418 6419 6413 6440
f 6417 6439 6413 6419
f 6415 6459 6414 6420
f 6416 6420 6414 6460
f 6385 6388 6389 6392
f 6369 6455 6464 6468
f 6373 6426 6463 6470
f 6459 6415 6465 6461
f 6425 6374 6469 6462
f 6455 6372 6466 6464
f 6372 6373 6470 6466
f 6415 6418 6469 6465
f 6414 6459 6461 6468
f 6426 6370 6467 6463
f 6370 6425 6462 6467
f 6434 6436 6472 6471
f 6435 6433 6473 6474
f 6436 6430 6475 6472
f 6431 6435 6474 6476
f 6397 6434 6471 6477
f 6433 6397 6477 6473
f 6430 6478 6393 6475
f 6478 6431 6476 6393
f 6513 6421 6375 6490
f 6490 6375 6422 6511
f 6511 6422 6360 6492
f 6492 6360 6362 6493
f 6493 6362 6444 6494
f 6494 6444 6376 6495
f 6495 6376 6441 6496
f 6496 6441 6361 6497
f 6497 6361 6359 6498
f 6498 6359 6421 6513
f 6507 6488 6510 6509
f 6506 6487 6488 6507
f 6505 6486 6487 6506
f 6504 6485 6486 6505
f 6503 6484 6485 6504
f 6502 6483 6484 6503
f 6501 6482 6483 6502
f 6515 6512 6482 6501
f 6499 6480 6481 6500
f 6508 6479 6480 6499
f 6488 6498 6513 6510
f 6487 6497 6498 6488
f 6486 6496 6497 6487
f 6485 6495 6496 6486
f 6484 6494 6495 6485
f 6483 6493 6494 6484
f 6482 6492 6493 6483
f 6512 6511 6492 6482
f 6480 6514 6491 6481
f 6479 6489 6514 6480
f 6479 6508 6509 6510
f 6481 6491 6511 6512
f 6489 6479 6510 6513
f 6491 6514 6490 6511
f 6514 6489 6513 6490
f 6500 6481 6512 6515
f 6508 6499 6516 6509
f 6499 6500 6515 6516
f 5861 6507 6509 5899
f 5899 6509 6516 5864
f 5864 6516 6515 5898
f 5898 6515 6501 5860
f 5860 6501 6502 5862
f 5862 6502 6503 5926
f 5926 6503 6504 5983
f 5983 6504 6505 5925
f 5925 6505 6506 5863
f 5863 6506 6507 5861
f 6595 6569 6539 6585
f 6544 6616 6615 6549
f 6548 6633 6590 6545
f 6629 6553 6518 6580
f 6554 6520 6518 6553
f 6603 6538 6566 6610
f 6587 6546 6570 6596
f 6586 6535 6521 6581
f 6529 6532 6521 6522
f 6537 6536 6523 6524
f 6601 6529 6522 6609
f 6614 6540 6565 6608
f 6596 6586 6539 6569
f 6609 6522 6538 6603
f 6524 6523 6531 6530
f 6522 6521 6535 6538
f 6581 6521 6532 6583
f 6566 6570 6546 6543
f 6582 6526 6528 6584
f 6610 6566 6543 6604
f 6567 6568 6536 6537
f 6526 6581 6583 6528
f 6596 6570 6535 6586
f 6608 6565 6541 6616
f 6587 6542 6551 6634
f 6541 6604 6605 6552
f 6564 6550 6547 6563
f 6602 6612 6556 6534
f 6539 6586 6581 6526
f 6542 6590 6633 6551
f 6625 6620 6598 6571
f 6621 6625 6571 6597
f 6607 6605 6550 6564
f 6549 6548 6545 6544
f 6539 6526 6582 6585
f 6588 6594 6561 6636
f 6630 6559 6553 6629
f 6560 6554 6553 6559
f 6519 6558 6557 6517
f 6599 6606 6558 6519
f 6558 6564 6563 6557
f 6611 6615 6552 6562
f 6606 6607 6564 6558
f 6633 6548 6559 6630
f 6549 6560 6559 6548
f 6544 6545 6568 6567
f 6600 6525 6540 6614
f 6538 6535 6570 6566
f 6616 6541 6552 6615
f 6607 6606 6556 6562
f 6527 6601 6609 6525
f 6610 6604 6541 6565
f 6525 6609 6603 6540
f 6626 6619 6601 6527
f 6606 6599 6534 6556
f 6540 6603 6610 6565
f 6552 6605 6607 6562
f 6613 6527 6525 6600
f 6623 6627 6532 6529
f 6624 6628 6575 6574
f 6622 6624 6574 6618
f 6620 6627 6576 6598
f 6619 6623 6529 6601
f 6573 6578 6577 6576
f 6578 6574 6575 6577
f 6594 6592 6555 6561
f 6589 6636 6561 6593
f 6557 6631 6579 6517
f 6545 6590 6595 6568
f 6536 6585 6582 6523
f 6523 6582 6584 6531
f 6568 6595 6585 6536
f 6634 6547 6546 6587
f 6563 6632 6631 6557
f 6547 6634 6632 6563
f 6628 6621 6597 6575
f 6560 6549 6615 6611
f 6524 6600 6614 6537
f 6520 6554 6612 6602
f 6567 6608 6616 6544
f 6537 6614 6608 6567
f 6530 6613 6600 6524
f 6554 6560 6611 6612
f 6604 6543 6550 6605
f 6631 6635 6533 6579
f 6626 6622 6618 6572
f 6635 6629 6580 6533
f 6593 6561 6555 6591
f 6612 6611 6562 6556
f 6542 6569 6595 6590
f 6542 6587 6596 6569
f 6576 6577 6571 6598
f 6575 6597 6571 6577
f 6573 6617 6572 6578
f 6574 6578 6572 6618
f 6543 6546 6547 6550
f 6527 6613 6622 6626
f 6531 6584 6621 6628
f 6617 6573 6623 6619
f 6583 6532 6627 6620
f 6613 6530 6624 6622
f 6530 6531 6628 6624
f 6573 6576 6627 6623
f 6572 6617 6619 6626
f 6584 6528 6625 6621
f 6528 6583 6620 6625
f 6592 6594 6630 6629
f 6593 6591 6631 6632
f 6594 6588 6633 6630
f 6589 6593 6632 6634
f 6555 6592 6629 6635
f 6591 6555 6635 6631
f 6588 6636 6551 6633
f 6636 6589 6634 6551
f 6671 6579 6533 6648
f 6648 6533 6580 6669
f 6669 6580 6518 6650
f 6650 6518 6520 6651
f 6651 6520 6602 6652
f 6652 6602 6534 6653
f 6653 6534 6599 6654
f 6654 6599 6519 6655
f 6655 6519 6517 6656
f 6656 6517 6579 6671
f 6665 6646 6668 6667
f 6664 6645 6646 6665
f 6663 6644 6645 6664
f 6662 6643 6644 6663
f 6661 6642 6643 6662
f 6660 6641 6642 6661
f 6659 6640 6641 6660
f 6673 6670 6640 6659
f 6657 6638 6639 6658
f 6666 6637 6638 6657
f 6646 6656 6671 6668
f 6645 6655 6656 6646
f 6644 6654 6655 6645
f 6643 6653 6654 6644
f 6642 6652 6653 6643
f 6641 6651 6652 6642
f 6640 6650 6651 6641
f 6670 6669 6650 6640
f 6638 6672 6649 6639
f 6637 6647 6672 6638
f 6637 6666 6667 6668
f 6639 6649 6669 6670
f 6647 6637 6668 6671
f 6649 6672 6648 6669
f 6672 6647 6671 6648
f 6658 6639 6670 6673
f 6666 6657 6674 6667
f 6657 6658 6673 6674
f 6753 6727 6697 6743
f 6702 6774 6773 6707
f 6706 6791 6748 6703
f 6787 6711 6676 6738
f 6712 6678 6676 6711
f 6761 6696 6724 6768
f 6745 6704 6728 6754
f 6744 6693 6679 6739
f 6687 6690 6679 6680
f 6695 6694 6681 6682
f 6759 6687 6680 6767
f 6772 6698 6723 6766
f 6754 6744 6697 6727
f 6767 6680 6696 6761
f 6682 6681 6689 6688
f 6680 6679 6693 6696
f 6739 6679 6690 6741
f 6724 6728 6704 6701
f 6740 6684 6686 6742
f 6768 6724 6701 6762
f 6725 6726 6694 6695
f 6684 6739 6741 6686
f 6754 6728 6693 6744
f 6766 6723 6699 6774
f 6745 6700 6709 6792
f 6699 6762 6763 6710
f 6722 6708 6705 6721
f 6760 6770 6714 6692
f 6697 6744 6739 6684
f 6700 6748 6791 6709
f 6783 6778 6756 6729
f 6779 6783 6729 6755
f 6765 6763 6708 6722
f 6707 6706 6703 6702
f 6697 6684 6740 6743
f 6746 6752 6719 6794
f 6788 6717 6711 6787
f 6718 6712 6711 6717
f 6677 6716 6715 6675
f 6757 6764 6716 6677
f 6716 6722 6721 6715
f 6769 6773 6710 6720
f 6764 6765 6722 6716
f 6791 6706 6717 6788
f 6707 6718 6717 6706
f 6702 6703 6726 6725
f 6758 6683 6698 6772
f 6696 6693 6728 6724
f 6774 6699 6710 6773
f 6765 6764 6714 6720
f 6685 6759 6767 6683
f 6768 6762 6699 6723
f 6683 6767 6761 6698
f 6784 6777 6759 6685
f 6764 6757 6692 6714
f 6698 6761 6768 6723
f 6710 6763 6765 6720
f 6771 6685 6683 6758
f 6781 6785 6690 6687
f 6782 6786 6733 6732
f 6780 6782 6732 6776
f 6778 6785 6734 6756
f 6777 6781 6687 6759
f 6731 6736 6735 6734
f 6736 6732 6733 6735
f 6752 6750 6713 6719
f 6747 6794 6719 6751
f 6715 6789 6737 6675
f 6703 6748 6753 6726
f 6694 6743 6740 6681
f 6681 6740 6742 6689
f 6726 6753 6743 6694
f 6792 6705 6704 6745
f 6721 6790 6789 6715
f 6705 6792 6790 6721
f 6786 6779 6755 6733
f 6718 6707 6773 6769
f 6682 6758 6772 6695
f 6678 6712 6770 6760
f 6725 6766 6774 6702
f 6695 6772 6766 6725
f 6688 6771 6758 6682
f 6712 6718 6769 6770
f 6762 6701 6708 6763
f 6789 6793 6691 6737
f 6784 6780 6776 6730
f 6793 6787 6738 6691
f 6751 6719 6713 6749
f 6770 6769 6720 6714
f 6700 6727 6753 6748
f 6700 6745 6754 6727
f 6734 6735 6729 6756
f 6733 6755 6729 6735
f 6731 6775 6730 6736
f 6732 6736 6730 6776
f 6701 6704 6705 6708
f 6685 6771 6780 6784
f 6689 6742 6779 6786
f 6775 6731 6781 6777
f 6741 6690 6785 6778
f 6771 6688 6782 6780
f 6688 6689 6786 6782
f 6731 6734 6785 6781
f 6730 6775 6777 6784
f 6742 6686 6783 6779
f 6686 6741 6778 6783
f 6750 6752 6788 6787
f 6751 6749 6789 6790
f 6752 6746 6791 6788
f 6747 6751 6790 6792
f 6713 6750 6787 6793
f 6749 6713 6793 6789
f 6746 6794 6709 6791
f 6794 6747 6792 6709
f 6829 6737 6691 6806
f 6806 6691 6738 6827
f 6827 6738 6676 6808
f 6808 6676 6678 6809
f 6809 6678 6760 6810
f 6810 6760 6692 6811
f 6811 6692 6757 6812
f 6812 6757 6677 6813
f 6813 6677 6675 6814
f 6814 6675 6737 6829
f 6823 6804 6826 6825
f 6822 6803 6804 6823
f 6821 6802 6803 6822
f 6820 6801 6802 6821
f 6819 6800 6801 6820
f 6818 6799 6800 6819
f 6817 6798 6799 6818
f 6831 6828 6798 6817
f 6815 6796 6797 6816
f 6824 6795 6796 6815
f 6804 6814 6829 6826
f 6803 6813 6814 6804
f 6802 6812 6813 6803
f 6801 6811 6812 6802
f 6800 6810 6811 6801
f 6799 6809 6810 6800
f 6798 6808 6809 6799
f 6828 6827 6808 6798
f 6796 6830 6807 6797
f 6795 6805 6830 6796
f 6795 6824 6825 6826
f 6797 6807 6827 6828
f 6805 6795 6826 6829
f 6807 6830 6806 6827
f 6830 6805 6829 6806
f 6816 6797 6828 6831
f 6824 6815 6832 6825
f 6815 6816 6831 6832
f 6091 6665 6667 6107
f 6107 6667 6674 6094
f 6094 6674 6673 6106
f 6106 6673 6659 6090
f 6090 6659 6660 6092
f 6092 6660 6661 6113
f 6113 6661 6662 6145
f 6145 6662 6663 6112
f 6112 6663 6664 6093
f 6093 6664 6665 6091
f 6098 6822 6823 6096
f 6096 6823 6825 6109
f 6109 6825 6832 6099
f 6099 6832 6831 6108
f 6108 6831 6817 6095
f 6095 6817 6818 6097
f 6097 6818 6819 6143
f 6143 6819 6820 6144
f 6144 6820 6821 6114
f 6114 6821 6822 6098
f 6027 6022 6834 6835
f 6171 6189 6843 6842
f 6067 6029 6836 6840
f 6022 6021 6833 6834
f 6065 6066 6839 6838
f 6199 6200 6845 6844
f 6127 6171 6842 6841
f 6029 6027 6835 6836
f 6066 6067 6840 6839
f 6200 6064 6837 6845
f 6189 6199 6844 6843
f 6064 6065 6838 6837
f 6839 6840 6853 6852
f 6845 6837 6850 6858
f 6834 6833 6846 6847
f 6841 6842 6855 6854
f 6838 6839 6852 6851
f 6844 6845 6858 6857
f 6836 6835 6848 6849
f 6843 6844 6857 6856
f 6837 6838 6851 6850
f 6835 6834 6847 6848
f 6842 6843 6856 6855
f 6840 6836 6849 6853
f 6850 6851 6864 6863
f 6848 6847 6860 6861
f 6855 6856 6869 6868
f 6853 6849 6862 6866
f 6852 6853 6866 6865
f 6858 6850 6863 6871
f 6847 6846 6859 6860
f 6854 6855 6868 6867
f 6851 6852 6865 6864
f 6857 6858 6871 6870
f 6849 6848 6861 6862
f 6856 6857 6870 6869
f 6129 6127 6841 6136
f 6136 6841 6854 6185
f 6185 6854 6867 6140
f 5979 6833 6021 5981
f 5944 6846 6833 5979
f 5959 6859 6846 5944
f 6870 6871 6880 6879
f 6868 6869 6878 6877
f 6863 6864 6874 6873
f 6865 6866 6876 6875
f 6871 6863 6873 6880
f 6869 6870 6879 6878
f 6866 6862 6872 6876
f 6864 6865 6875 6874
f 6873 6874 6883 6882
f 6875 6876 6885 6884
f 6879 6880 6889 6888
f 6877 6878 6887 6886
f 6876 6872 6881 6885
f 6874 6875 6884 6883
f 6880 6873 6882 6889
f 6878 6879 6888 6887
f 6888 6889 6898 6897
f 6886 6887 6896 6895
f 6885 6881 6890 6894
f 6883 6884 6893 6892
f 6889 6882 6891 6898
f 6887 6888 6897 6896
f 6882 6883 6892 6891
f 6884 6885 6894 6893
f 6188 6141 6901 6905
f 6020 6015 6899 6900
f 6170 6168 6902 6904
f 6169 6188 6905 6903
f 6168 6169 6903 6902
f 6015 6170 6904 6899
f 6905 6901 6908 6912
f 6903 6905 6912 6910
f 6900 6899 6906 6907
f 6899 6904 6911 6906
f 6904 6902 6909 6911
f 6902 6903 6910 6909
f 6912 6908 6915 6919
f 6910 6912 6919 6917
f 6907 6906 6913 6914
f 6906 6911 6918 6913
f 6911 6909 6916 6918
f 6909 6910 6917 6916
f 6140 6867 6921 6920
f 6920 6921 6923 6922
f 6922 6923 6925 6924
f 6867 6868 6877 6921
f 6886 6923 6921 6877
f 6895 6925 6923 6886
f 6140 6920 6901 6141
f 6901 6920 6922 6908
f 6908 6922 6924 6915
f 6894 6890 6938 6939
f 6926 6927 6929 6928
f 6928 6929 6931 6930
f 6930 6931 6933 6932
f 6932 6933 6935 6934
f 6934 6935 6937 6936
f 6936 6937 6939 6938
f 6893 6942 6941 6892
f 6892 6941 6940 6891
f 6898 6944 6943 6897
f 6891 6940 6944 6898
f 6897 6943 6927 6896
f 6944 6940 6945 6949
f 6941 6942 6947 6946
f 6943 6944 6949 6948
f 6940 6941 6946 6945
f 6931 6929 6948 6949
f 6933 6931 6949 6945
f 6935 6933 6945 6946
f 6937 6935 6946 6947
f 6893 6894 6939 6942
f 6927 6943 6948 6929
f 6937 6947 6942 6939
f 6938 6890 6975 6979
f 5982 6017 6952 6950
f 6018 5988 6951 6953
f 6017 6018 6953 6952
f 6025 5982 6950 6955
f 5988 6019 6954 6951
f 6952 6953 6958 6957
f 6950 6952 6957 6956
f 6955 6950 6956 6959
f 6957 6958 6962 6961
f 6956 6957 6961 6960
f 6959 6956 6960 6963
f 6859 5959 6964 6965
f 6861 6860 6966 6967
f 6860 6859 6965 6966
f 6965 6964 6968 6969
f 6967 6966 6970 6971
f 6966 6965 6969 6970
f 6969 6968 6972 6973
f 6971 6970 6974 6975
f 6970 6969 6973 6974
f 5959 6025 6955 6964
f 6959 6968 6964 6955
f 6963 6972 6968 6959
f 6019 6020 6900 6954
f 6861 6967 6872 6862
f 6872 6967 6971 6881
f 6881 6971 6975 6890
f 6936 6938 6979 6978
f 6932 6934 6977 6976
f 6974 6983 6979 6975
f 6934 6936 6978 6977
f 6973 6987 6983 6974
f 6977 6978 6982 6981
f 6978 6979 6983 6982
f 6976 6977 6981 6980
f 6980 6981 6985 6984
f 6972 7700 6987 6973
f 6981 6982 6986 6985
f 6982 6983 6987 6986
f 6986 6987 7700 7701
f 6984 6985 6989 6988
f 7700 6972 6963 7058
f 6985 6986 7701 6989
f 6990 7057 7702 6993
f 6988 6989 6992 6991
f 6989 7701 7703 6992
f 6925 7004 7005 6924
f 6980 6984 6996 6995
f 6984 6988 6997 6996
f 6988 6991 6998 6997
f 6976 6980 6995 6994
f 6997 6998 7706 7707
f 6995 6996 7001 7000
f 6996 6997 7707 7001
f 6994 6995 7000 6999
f 7002 7003 7055 7056
f 7000 7001 7006 7005
f 7001 7707 7709 7006
f 6999 7000 7005 7004
f 6915 7006 7709 6919
f 7709 7708 6917 6919
f 6924 7005 7006 6915
f 6917 7708 7711 7010
f 6928 6999 7004 6926
f 6930 6994 6999 6928
f 6932 6976 6994 6930
f 6925 6895 6926 7004
f 6914 6913 7007 7008
f 7058 6963 7015 7704
f 6961 6962 7014 7013
f 6992 7703 7705 7017
f 6916 6917 7010 7009
f 6993 7702 7019 7018
f 7010 7711 7038 7026
f 6918 6916 7009 7011
f 6960 6961 7013 7012
f 7706 6998 7020 7710
f 6913 6918 7011 7007
f 6998 6991 7016 7020
f 7055 7003 7021 7022
f 6963 6960 7012 7015
f 6991 6992 7017 7016
f 7013 7014 7030 7029
f 7009 7010 7026 7025
f 7710 7020 7036 7037
f 7644 7024 7040 7646
f 7011 7009 7025 7027
f 7711 7710 7037 7038
f 7016 7017 7033 7032
f 7007 7011 7027 7023
f 7704 7015 7031 7035
f 7017 7705 7034 7033
f 7012 7013 7029 7028
f 7705 7704 7035 7034
f 7035 7031 7047 7051
f 7015 7012 7028 7031
f 7008 7007 7023 7024
f 7020 7016 7032 7036
f 7649 6962 6958 7642
f 7026 7038 7054 7042
f 7031 7028 7044 7047
f 7024 7023 7039 7040
f 7036 7032 7048 7052
f 7029 7030 7046 7045
f 7025 7026 7042 7041
f 7037 7036 7052 7053
f 7027 7025 7041 7043
f 7038 7037 7053 7054
f 7032 7033 7049 7048
f 7023 7027 7043 7039
f 7033 7034 7050 7049
f 7028 7029 7045 7044
f 7034 7035 7051 7050
f 6896 6927 6926 6895
f 7640 7008 7024 7644
f 7640 7648 6914 7008
f 7096 7097 7094 7095
f 7143 7142 7071 7282
f 7311 7197 7204 7323
f 7071 7167 7150 7282
f 7176 7243 7239 7166
f 7059 7060 7140 7300
f 7152 7150 7148 7149
f 7074 7207 7208 7075
f 7075 7208 7209 7076
f 7070 7212 7211 7067
f 7108 7107 7077 7078
f 7078 7077 7079 7080
f 7080 7079 7081 7082
f 7067 7211 7210 7102
f 7581 7715 7962 7960
f 7109 7118 7119 7110
f 7118 7115 7114 7119
f 7112 7111 7120 7121
f 7112 7085 7102 7073
f 7082 7306 7308 7080
f 7107 7084 7105 7077
f 7307 7304 7099 7098
f 7139 7311 7323 7205
f 7309 7305 7100 7113
f 7305 7308 7101 7100
f 7078 7305 7309 7108
f 7304 7309 7113 7099
f 7173 7312 7343 7069
f 7108 7309 7304 7063
f 7657 7651 7137 7087
f 7063 7304 7307 7061
f 7303 7060 7061 7307
f 7783 7784 7639 7629
f 7085 7086 7067 7102
f 7300 7299 7136 7252
f 7079 7077 7105 7106
f 7075 7076 7109 7110
f 7059 7138 7065 7064
f 7063 7061 7064 7062
f 7652 7654 7084 7066
f 7104 7103 7114 7115
f 7653 7657 7087 7086
f 7081 7079 7106 7103
f 7073 7074 7111 7112
f 7107 7108 7063 7062
f 7074 7075 7110 7111
f 7066 7062 7064 7065
f 7076 7209 7222 7130
f 7113 7124 7123 7099
f 7098 7122 7094 7097
f 7111 7110 7119 7120
f 7106 7105 7116 7117
f 7103 7106 7117 7114
f 7116 7121 7120 7117
f 7117 7120 7119 7114
f 2620 2590 7417 7418
f 7361 2574 2591 7371
f 7099 7123 7122 7098
f 7100 7125 7124 7113
f 7101 7126 7125 7100
f 7086 7087 7070 7067
f 7533 7713 7714 7557
f 7104 7115 7133 7131
f 7118 7109 7132 7134
f 7083 7081 7103 7104
f 7115 7118 7134 7133
f 7109 7076 7130 7132
f 5174 4919 4918 5175
f 7083 7104 7131 7129
f 7405 7127 7144 7411
f 7404 7135 7360 7400
f 7360 2578 2574 7361
f 7073 7206 7207 7074
f 7141 7311 7139 7140
f 7091 7215 7214 7143
f 7136 7236 7234 7252
f 7509 7712 7713 7533
f 7151 7155 7154 7153
f 7168 7244 7241 7169
f 7213 7212 7070 7301
f 7091 7090 7218 7215
f 7090 7089 7217 7218
f 7153 7152 7149 7151
f 7284 7283 7152 7153
f 7284 7285 7089 7090
f 7096 7197 7311 7141
f 7282 7283 7091 7143
f 7059 7064 7061 7060
f 7236 7136 7157 7242
f 7107 7062 7066 7084
f 7166 7239 7240 7177
f 7241 7238 7170 7169
f 7245 7179 7177 7240
f 7413 7336 7095 7415
f 7142 7337 7340 7071
f 7170 7171 7168 7169
f 7339 7338 7182 7167
f 7156 7237 7243 7176
f 7244 7168 7183 7246
f 7245 7247 7184 7179
f 7069 7156 7176 7173
f 7166 7177 7179 7178
f 7314 7313 7181 7180
f 7247 7249 7186 7184
f 7246 7183 7185 7248
f 7316 7315 7192 7191
f 7317 7316 7191 7190
f 7318 7317 7190 7189
f 7319 7315 7186 7188
f 7321 7320 7195 7196
f 7320 7322 7194 7195
f 7314 7322 7183 7168
f 7362 7364 2610 2579
f 7071 7340 7339 7167
f 7201 7202 7180 7181
f 7198 7200 7202 7201
f 7300 7140 7139 7299
f 7069 7302 7253 7156
f 7089 7146 7221 7217
f 7092 7093 7220 7219
f 7146 7088 7216 7221
f 7088 7092 7219 7216
f 7093 7147 7223 7220
f 7324 7214 7215 7325
f 7326 7325 7215 7218
f 7326 7218 7217 7327
f 7327 7217 7221 7328
f 7328 7221 7216 7329
f 7329 7216 7219 7330
f 7330 7219 7220 7331
f 7331 7332 7222 7209
f 7154 7155 7225 7224
f 7224 7225 7227 7226
f 7226 7227 7229 7228
f 7228 7229 7231 7230
f 7230 7231 7233 7232
f 7285 7154 7224 7287
f 7287 7224 7226 7288
f 7288 7226 7228 7289
f 7289 7228 7230 7290
f 7290 7230 7232 7291
f 7368 2658 2659 7369
f 7312 7318 7189 7174
f 7670 7246 7248 7672
f 7340 7286 7175 7339
f 7668 7244 7246 7670
f 7663 7664 7240 7239
f 7166 7178 7173 7176
f 7150 7167 7182 7148
f 7660 7236 7242 7666
f 7666 7242 7238 7662
f 7660 7658 7234 7236
f 7658 7676 7252 7234
f 7664 7669 7245 7240
f 7650 7138 7252 7676
f 7156 7253 7235 7237
f 7684 7333 7254 7678
f 7321 7333 7250 7187
f 7334 7255 7193 7319
f 7292 7286 7174 7189
f 7293 7257 7256 7292
f 7294 7293 7190 7191
f 7295 7294 7191 7192
f 7158 7172 7175 7256
f 7159 7158 7256 7257
f 7258 7260 7159 7257
f 7160 7260 7258 7259
f 7202 7200 7261 7262
f 7362 7363 7200 7198
f 7262 7261 7263 7264
f 7363 2617 2655 7365
f 7264 7263 7265 7266
f 7365 2655 2656 7366
f 7266 7265 7267 7268
f 7366 2656 2657 7367
f 7180 7202 7262 7194
f 7194 7262 7264 7195
f 7195 7264 7266 7196
f 7193 7255 7272 7269
f 7254 7196 7270 7271
f 7678 7254 7271 7680
f 7268 7270 7196 7266
f 7161 7160 7259 7273
f 7296 7273 7259 7295
f 7297 7296 7193 7269
f 7162 7161 7273 7274
f 7297 7269 7275 7298
f 7269 7272 7277 7275
f 7680 7271 7276 7682
f 7270 7268 7280 7281
f 7268 7267 7279 7280
f 7367 2657 2658 7368
f 7270 7281 7276 7271
f 7162 7274 7278 7163
f 7274 7297 7298 7278
f 7274 7273 7296 7297
f 7193 7296 7295 7192
f 7259 7258 7294 7295
f 7258 7257 7293 7294
f 7190 7293 7292 7189
f 7256 7175 7286 7292
f 7093 7290 7291 7147
f 7092 7289 7290 7093
f 7088 7288 7289 7092
f 7146 7287 7288 7088
f 7089 7285 7287 7146
f 7150 7152 7283 7282
f 7153 7154 7285 7284
f 7090 7091 7283 7284
f 7157 7170 7238 7242
f 7138 7059 7300 7252
f 7199 7364 7362 7198
f 7068 7157 7136 7299
f 7070 7087 7137 7301
f 7253 7302 7301 7137
f 7102 7210 7206 7073
f 7181 7203 7072 7201
f 7299 7139 7205 7068
f 7335 7323 7204 7203
f 7313 7335 7203 7181
f 7336 7203 7204 7197
f 7251 7334 7319 7188
f 7196 7254 7333 7321
f 7674 7250 7333 7684
f 7173 7178 7318 7312
f 7220 7223 7332 7331
f 7208 7330 7331 7209
f 7207 7329 7330 7208
f 7206 7328 7329 7207
f 7210 7327 7328 7206
f 7211 7326 7327 7210
f 7211 7212 7325 7326
f 7213 7324 7325 7212
f 7180 7194 7322 7314
f 7185 7183 7322 7320
f 7187 7185 7320 7321
f 7193 7192 7315 7319
f 7178 7179 7317 7318
f 7179 7184 7316 7317
f 7184 7186 7315 7316
f 7168 7171 7313 7314
f 7126 7101 7310 7127
f 7080 7308 7305 7078
f 7068 7171 7170 7157
f 7171 7068 7335 7313
f 7068 7205 7323 7335
f 7337 7174 7286 7340
f 7342 7341 7301 7302
f 7175 7172 7338 7339
f 7095 7336 7197 7096
f 7072 7199 7198 7201
f 7369 2659 2660 7372
f 7343 7337 7142 7342
f 7069 7343 7342 7302
f 7142 7143 7341 7342
f 7312 7174 7337 7343
f 7341 7143 7214 7324
f 7301 7341 7324 7213
f 7097 7303 7307 7098
f 7557 7714 7715 7581
f 7308 7306 7310 7101
f 7141 7140 7060 7303
f 7096 7141 7303 7097
f 7186 7249 7251 7188
f 7187 7250 7248 7185
f 7672 7248 7250 7674
f 7278 7298 7348 7347
f 7682 7276 7345 7686
f 7275 7277 7346 7344
f 7298 7275 7344 7348
f 7348 7344 7349 7353
f 7344 7346 7351 7349
f 7347 7348 7353 7352
f 7686 7345 7350 7688
f 7163 7278 7347 7164
f 7164 7347 7352 7165
f 7280 7279 7354 7355
f 7281 7280 7355 7356
f 7377 7378 2604 2602
f 7355 7354 7357 7358
f 7356 7355 7358 7359
f 7345 7356 7359 7350
f 7281 7356 7345 7276
f 7354 7372 2608 7357
f 2703 7370 7371 2591
f 7372 2660 7373 2608
f 7279 7369 7372 7354
f 7265 7367 7368 7267
f 7263 7366 7367 7265
f 7261 7365 7366 7263
f 7200 7363 7365 7261
f 2579 2617 7363 7362
f 7267 7368 7369 7279
f 2626 2623 7419 7420
f 7417 7396 7398 7418
f 7400 7360 7361 7410
f 7422 7421 7412 7408
f 7419 7402 7406 7420
f 7418 7398 7402 7419
f 7699 7688 7350 7432
f 7162 7163 7377 7376
f 7160 7161 7375 7374
f 7163 7164 7378 7377
f 7161 7162 7376 7375
f 7260 7160 7374 7380
f 7165 2606 7378 7164
f 7375 7376 2600 2598
f 7380 7374 2596 2634
f 7376 7377 2602 2600
f 7374 7375 2598 2596
f 2581 2585 7390 7392
f 2703 2610 7364 7370
f 7437 7048 7049 7442
f 7447 7052 7048 7437
f 7442 7049 7050 7452
f 7457 7053 7052 7447
f 7427 7462 7349 7351
f 7467 7353 7349 7462
f 7472 7352 7353 7467
f 7472 7477 7165 7352
f 2604 7378 2606 7379
f 7379 2606 2605 7727
f 7487 7432 7350 7359
f 7487 7359 7358 7492
f 7497 7492 7358 7357
f 2660 2651 2654 7373
f 2654 2702 2687 7728
f 2580 2581 7392 7394
f 7387 2594 2593 7389
f 7389 2593 2612 7391
f 7391 2612 2705 7393
f 7453 2605 2606 7482
f 7380 2634 2594 7387
f 2614 2580 7394 7388
f 7148 7182 7388 7394
f 7148 7394 7392 7149
f 7149 7392 7390 7151
f 2705 2614 7388 7393
f 7338 7393 7388 7182
f 7172 7391 7393 7338
f 7158 7389 7391 7172
f 7159 7387 7389 7158
f 7260 7380 7387 7159
f 7381 7386 7225 7155
f 7386 7382 7227 7225
f 7382 7383 7229 7227
f 7383 7384 7231 7229
f 7384 7385 7233 7231
f 2627 2630 7385 7384
f 2624 2627 7384 7383
f 2621 2624 7383 7382
f 2618 2621 7382 7386
f 2588 2618 7386 7381
f 2588 7381 7390 2585
f 7155 7151 7390 7381
f 7124 7395 7403 7123
f 7395 7396 7404 7403
f 7125 7397 7395 7124
f 7397 7398 7396 7395
f 7126 7401 7397 7125
f 7401 7402 7398 7397
f 7123 7403 7399 7122
f 7403 7404 7400 7399
f 7127 7405 7401 7126
f 7405 7406 7402 7401
f 7122 7399 7409 7094
f 7399 7400 7410 7409
f 7128 7407 7411 7144
f 7407 7408 7412 7411
f 7421 7420 7406 7412
f 7406 7405 7411 7412
f 7370 7414 7416 7371
f 7414 7413 7415 7416
f 7095 7094 7409 7415
f 7336 7413 7072 7203
f 7199 7072 7413 7414
f 7364 7199 7414 7370
f 7361 7371 7416 7410
f 7410 7416 7415 7409
f 2623 2620 7418 7419
f 2590 2587 7135 7417
f 2629 2626 7420 7421
f 2632 2629 7421 7422
f 2587 2578 7360 7135
f 7404 7396 7417 7135
f 7050 7051 7498 7452
f 7452 7498 7499 7451
f 7451 7499 7500 7450
f 7450 7500 7501 7449
f 7449 7501 7502 7448
f 7051 7047 7493 7498
f 7498 7493 7494 7499
f 7499 7494 7495 7500
f 7500 7495 7496 7501
f 7501 7496 7497 7502
f 7047 7044 7488 7493
f 7493 7488 7489 7494
f 7494 7489 7490 7495
f 7495 7490 7491 7496
f 7496 7491 7492 7497
f 7045 7483 7488 7044
f 7483 7484 7489 7488
f 7484 7485 7490 7489
f 7485 7486 7491 7490
f 7486 7487 7492 7491
f 7045 7046 7428 7483
f 7483 7428 7429 7484
f 7484 7429 7430 7485
f 7485 7430 7431 7486
f 7486 7431 7432 7487
f 7053 7457 7478 7054
f 7457 7456 7479 7478
f 7456 7455 7480 7479
f 7455 7454 7481 7480
f 7454 7453 7482 7481
f 7054 7478 7473 7042
f 7478 7479 7474 7473
f 7479 7480 7475 7474
f 7480 7481 7476 7475
f 7481 7482 7477 7476
f 7041 7042 7473 7468
f 7468 7473 7474 7469
f 7469 7474 7475 7470
f 7470 7475 7476 7471
f 7471 7476 7477 7472
f 7041 7468 7463 7043
f 7468 7469 7464 7463
f 7469 7470 7465 7464
f 7470 7471 7466 7465
f 7471 7472 7467 7466
f 7043 7463 7458 7039
f 7463 7464 7459 7458
f 7464 7465 7460 7459
f 7465 7466 7461 7460
f 7466 7467 7462 7461
f 7040 7039 7458 7423
f 7423 7458 7459 7424
f 7424 7459 7460 7425
f 7425 7460 7461 7426
f 7426 7461 7462 7427
f 2606 7165 7477 7482
f 7453 7454 7444 7443
f 7454 7455 7445 7444
f 7455 7456 7446 7445
f 7456 7457 7447 7446
f 7448 7728 2687 7438
f 7438 7439 7449 7448
f 7439 7440 7450 7449
f 7440 7441 7451 7450
f 7441 7442 7452 7451
f 2681 7443 7433 2607
f 7443 7444 7434 7433
f 7444 7445 7435 7434
f 7445 7446 7436 7435
f 7446 7447 7437 7436
f 2607 7433 7438 2687
f 7433 7434 7439 7438
f 7434 7435 7440 7439
f 7435 7436 7441 7440
f 7436 7437 7442 7441
f 7647 7691 7428 7046
f 7691 7693 7429 7428
f 7693 7695 7430 7429
f 7695 7697 7431 7430
f 7697 7699 7432 7431
f 7147 7291 7521 7516
f 7145 7503 7527 7712
f 7332 7223 7518 7522
f 7422 7408 7525 7526
f 7718 7129 7510 7719
f 7407 7128 7509 7524
f 7291 7232 7519 7521
f 2692 2632 7506 7508
f 7131 7133 7514 7512
f 7408 7407 7524 7525
f 7232 7233 7520 7519
f 7130 7222 7517 7511
f 7134 7132 7513 7515
f 7223 7147 7516 7518
f 2631 2692 7508 7505
f 2630 2670 7507 7504
f 7132 7130 7511 7513
f 7222 7332 7522 7517
f 7133 7134 7515 7514
f 2632 7422 7526 7506
f 7385 2630 7504 7523
f 2670 2631 7505 7507
f 7129 7131 7512 7510
f 7233 7385 7523 7520
f 7515 7513 7537 7539
f 7525 7524 7548 7549
f 7513 7511 7535 7537
f 7514 7515 7539 7538
f 7506 7526 7550 7530
f 7505 7508 7532 7529
f 7510 7512 7536 7534
f 7511 7517 7541 7535
f 7712 7527 7551 7713
f 7507 7505 7529 7531
f 7522 7518 7542 7546
f 7518 7516 7540 7542
f 7504 7507 7531 7528
f 7526 7525 7549 7550
f 7517 7522 7546 7541
f 7508 7506 7530 7532
f 7520 7523 7547 7544
f 7519 7520 7544 7543
f 7719 7510 7534 7720
f 7523 7504 7528 7547
f 7521 7519 7543 7545
f 7512 7514 7538 7536
f 7524 7509 7533 7548
f 7516 7521 7545 7540
f 7541 7546 7570 7565
f 7532 7530 7554 7556
f 7544 7547 7571 7568
f 7543 7544 7568 7567
f 7720 7534 7558 7721
f 7547 7528 7552 7571
f 7545 7543 7567 7569
f 7536 7538 7562 7560
f 7548 7533 7557 7572
f 7540 7545 7569 7564
f 7539 7537 7561 7563
f 7549 7548 7572 7573
f 7537 7535 7559 7561
f 7538 7539 7563 7562
f 7530 7550 7574 7554
f 7529 7532 7556 7553
f 7534 7536 7560 7558
f 7535 7541 7565 7559
f 7713 7551 7575 7714
f 7531 7529 7553 7555
f 7546 7542 7566 7570
f 7542 7540 7564 7566
f 7528 7531 7555 7552
f 7550 7549 7573 7574
f 7573 7572 7596 7597
f 7561 7559 7583 7585
f 7562 7563 7587 7586
f 7554 7574 7598 7578
f 7553 7556 7580 7577
f 7558 7560 7584 7582
f 7559 7565 7589 7583
f 7714 7575 7599 7715
f 7555 7553 7577 7579
f 7570 7566 7590 7594
f 7566 7564 7588 7590
f 7552 7555 7579 7576
f 7574 7573 7597 7598
f 7565 7570 7594 7589
f 7556 7554 7578 7580
f 7568 7571 7595 7592
f 7567 7568 7592 7591
f 7721 7558 7582 7722
f 7571 7552 7576 7595
f 7569 7567 7591 7593
f 7560 7562 7586 7584
f 7572 7557 7581 7596
f 7564 7569 7593 7588
f 7563 7561 7585 7587
f 7589 7594 7618 7613
f 7580 7578 7602 7604
f 7592 7595 7619 7616
f 7591 7592 7616 7615
f 7722 7582 7606 7723
f 7595 7576 7600 7619
f 7593 7591 7615 7617
f 7584 7586 7610 7608
f 7596 7581 7960 7961
f 7588 7593 7617 7612
f 7587 7585 7609 7611
f 7597 7596 7961 7958
f 7585 7583 7607 7609
f 7586 7587 7611 7610
f 7578 7598 7959 7602
f 7577 7580 7604 7601
f 7582 7584 7608 7606
f 7583 7589 7613 7607
f 7715 7599 7623 7962
f 7579 7577 7601 7603
f 7594 7590 7614 7618
f 7590 7588 7612 7614
f 7576 7579 7603 7600
f 7598 7597 7958 7959
f 8049 7732 7626 8050
f 7601 7604 7628 7625
f 7607 7613 7632 7630
f 7611 7609 7785 7786
f 7603 7601 7625 7627
f 7618 7614 7633 7637
f 7614 7612 7631 7633
f 7600 7603 7627 7624
f 7613 7618 7637 7632
f 7604 7602 7626 7628
f 7616 7619 7638 7635
f 7615 7616 7635 7634
f 7619 7600 7624 7638
f 7617 7615 7634 7636
f 7623 7782 7963 7962
f 7612 7617 7636 7631
f 7965 7620 7967 7605
f 7426 7427 7698 7696
f 7696 7698 7699 7697
f 7425 7426 7696 7694
f 7694 7696 7697 7695
f 7424 7425 7694 7692
f 7692 7694 7695 7693
f 7423 7424 7692 7690
f 7690 7692 7693 7691
f 7040 7423 7690 7646
f 7646 7690 7691 7647
f 7427 7351 7689 7698
f 7698 7689 7688 7699
f 7346 7687 7689 7351
f 7687 7686 7688 7689
f 7277 7683 7687 7346
f 7683 7682 7686 7687
f 7249 7673 7675 7251
f 7673 7672 7674 7675
f 7251 7675 7685 7334
f 7675 7674 7684 7685
f 7272 7681 7683 7277
f 7681 7680 7682 7683
f 7255 7679 7681 7272
f 7679 7678 7680 7681
f 7334 7685 7679 7255
f 7685 7684 7678 7679
f 7137 7651 7677 7253
f 7651 7650 7676 7677
f 7241 7244 7668 7665
f 7665 7668 7669 7664
f 7235 7253 7677 7659
f 7659 7677 7676 7658
f 7237 7235 7659 7661
f 7661 7659 7658 7660
f 7243 7667 7663 7239
f 7667 7666 7662 7663
f 7237 7661 7667 7243
f 7661 7660 7666 7667
f 7238 7241 7665 7662
f 7662 7665 7664 7663
f 7245 7669 7671 7247
f 7669 7668 7670 7671
f 7247 7671 7673 7249
f 7671 7670 7672 7673
f 7066 7065 7656 7652
f 7652 7656 7657 7653
f 7086 7085 7655 7653
f 7653 7655 7654 7652
f 7065 7138 7650 7656
f 7656 7650 7651 7657
f 7014 6962 7649 7641
f 7641 7649 7648 7640
f 7014 7641 7645 7030
f 7641 7640 7644 7645
f 6914 7648 7643 6907
f 7648 7649 7642 7643
f 7030 7645 7647 7046
f 7645 7644 7646 7647
f 7112 7121 7655 7085
f 7121 7116 7654 7655
f 7084 7654 7116 7105
f 6951 7642 6958 6953
f 6954 7643 7642 6951
f 6907 7643 6954 6900
f 7057 6990 7701 7700
f 7702 7057 7700 7058
f 6990 6993 7703 7701
f 7018 7019 7704 7705
f 6993 7018 7705 7703
f 7019 7702 7058 7704
f 7003 7002 7707 7706
f 7056 7055 7708 7709
f 7002 7056 7709 7707
f 7022 7021 7710 7711
f 7055 7022 7711 7708
f 7021 7003 7706 7710
f 7128 7145 7712 7509
f 7599 7722 7723 7623
f 7575 7721 7722 7599
f 7551 7720 7721 7575
f 7527 7719 7720 7551
f 7503 7718 7719 7527
f 7725 7306 7082 7724
f 7725 7503 7145 7726
f 7082 7081 7083 7724
f 7724 7083 7129 7718
f 7306 7725 7726 7310
f 7503 7725 7724 7718
f 7726 7145 7128 7144
f 7310 7726 7144 7127
f 2681 2680 7727 2605
f 7453 7443 2681 2605
f 7634 7635 7738 7737
f 7635 7638 7741 7738
f 7627 7625 7731 7733
f 8041 8050 7626 7602
f 7636 7634 7737 7739
f 7638 7624 7730 7741
f 7624 7627 7733 7730
f 7633 7631 7735 7736
f 7637 7633 7736 7740
f 7631 7636 7739 7735
f 7628 7626 7732 7734
f 7625 7628 7734 7731
f 7730 7733 7745 7742
f 7738 7741 7753 7750
f 7739 7737 7749 7751
f 7734 7732 7744 7746
f 7741 7730 7742 7753
f 7731 7734 7746 7743
f 7735 7739 7751 7747
f 7736 7735 7747 7748
f 8049 12098 12111 8051
f 7733 7731 7743 7745
f 7740 7736 7748 7752
f 7747 7751 7757 7754
f 7768 7758 7759 7755
f 8025 8029 7918 7975
f 7759 7758 7757 7771
f 7849 7766 7764 7848
f 7750 7855 7771 7749
f 7779 7802 8053 8052
f 7761 7754 7757 7758
f 8035 8037 7794 7762
f 8036 8035 7762 7779
f 7737 7738 7750 7749
f 7632 7637 7740 7772
f 7740 7752 7756 7772
f 7630 7632 7772 7773
f 7610 7611 7786 7784
f 7758 7768 7729 7761
f 7742 7857 7856 7753
f 7756 7752 7754 7761
f 7855 7854 7759 7771
f 7908 7803 7807 7904
f 12165 7801 7769 12118
f 7747 7754 7752 7748
f 12118 7769 7795 12140
f 7804 7805 7764 7766
f 8001 8002 7781 7780
f 12272 7907 7801 12165
f 7805 7806 7763 7764
f 8002 8003 7777 7781
f 7606 7608 7783 7782
f 7608 7610 7784 7783
f 7723 7606 7782 7623
f 7609 7607 7630 7785
f 7786 7785 7787 7788
f 7784 7786 7788 7639
f 7773 7787 7785 7630
f 7773 7772 7756 7761
f 7729 7768 7790 7789
f 7729 7787 7773 7761
f 7768 7755 7760 7790
f 8019 8021 7809 7792
f 7910 7906 7805 7804
f 7906 7909 7806 7805
f 7779 7762 7767 7802
f 7904 7807 7806 7909
f 7912 7872 7803 7908
f 8018 8019 7792 7810
f 7790 7760 7798 7799
f 7787 7729 7789 7788
f 7987 4904 7800 7983
f 7800 4904 12163 9257
f 8053 8051 12111 12138
f 7760 7868 7873 7798
f 7765 7763 7806 7807
f 7869 7775 7803 7872
f 7775 7765 7807 7803
f 8024 7871 7808 8022
f 7910 7804 7794 7903
f 7770 7767 7804 7766
f 8052 8053 12138 12166
f 7762 7794 7804 7767
f 8046 7907 7791 8045
f 8017 7796 7809 8021
f 3506 4858 4886 3507
f 7822 5065 5066 3125
f 3059 7822 3125 3104
f 5120 7823 5119 7832
f 3060 5065 7832 7829
f 3058 3034 7828 3107
f 4968 4967 7826 7831
f 5020 5011 7824 7830
f 3034 4969 7827 7828
f 5011 3058 3107 7824
f 3126 3060 7829 7825
f 4967 3126 7825 7826
f 7833 5120 7822 3059
f 3059 3065 5096 7833
f 7834 7823 5120 7833
f 5123 7834 7833 5096
f 3121 5121 5122 7835
f 7837 7835 5122 3101
f 5123 3121 7835 7836
f 7838 7836 7835 7837
f 5102 3027 3100 7842
f 5099 7842 3101 5122
f 3101 7842 3100 7841
f 3100 5019 5020 7841
f 5011 5020 5019 5101
f 7770 7766 7849 7860
f 7860 7849 7850 7859
f 7859 7850 7851 7858
f 7858 7851 7852 7857
f 7857 7852 7853 7856
f 7856 7853 7854 7855
f 7746 7860 7859 7743
f 7743 7859 7858 7745
f 7745 7858 7857 7742
f 7759 7854 7843 7755
f 7854 7853 7844 7843
f 7853 7852 7845 7844
f 7852 7851 7846 7845
f 7851 7850 7847 7846
f 7850 7849 7848 7847
f 7751 7749 7771 7757
f 7753 7856 7855 7750
f 7744 7802 7767 7770
f 7744 7770 7860 7746
f 5109 5205 5210 5032
f 5116 5200 5205 5109
f 5115 5195 5200 5116
f 5110 5190 5195 5115
f 3102 5185 5190 5110
f 5105 5176 5185 3102
f 5105 5119 5151 5176
f 7823 5161 5151 5119
f 5170 5161 7823 7834
f 5170 7834 5123 7821
f 5160 7821 5123 7836
f 5160 7836 7838 4918
f 7839 5175 4918 7838
f 5175 7839 5118 5220
f 5117 5215 5220 5118
f 5032 5210 5215 5117
f 4916 4665 7861 7862
f 4665 4926 7863 7861
f 4535 7861 7863 4537
f 4536 7862 7861 4535
f 4537 7863 4589 4548
f 4589 7863 4926 4591
f 4536 4588 4930 7862
f 4916 7862 4930 4931
f 4588 4587 4689 4928
f 7864 7865 4933 4932
f 7764 7763 7847 7848
f 7763 7765 7846 7847
f 7765 7775 7845 7846
f 7868 7869 7872 7873
f 8022 7808 7796 8017
f 8020 7793 7870 8023
f 7911 7873 7872 7912
f 7775 7869 7844 7845
f 7844 7869 7868 7843
f 7760 7755 7843 7868
f 8005 7776 7777 8003
f 8006 7774 7776 8005
f 8006 8007 7867 7774
f 8007 8008 7866 7867
f 8008 8009 7778 7866
f 7905 7798 7873 7911
f 12344 7716 7717 12343
f 7913 7717 7963 7964
f 12350 7621 7620 12341
f 7622 7966 12342 12347
f 7716 12344 12345 7605
f 7991 7992 7893 7891
f 7891 7893 7894 7892
f 7990 7991 7891 7889
f 7889 7891 7892 7890
f 7989 7990 7889 7887
f 7887 7889 7890 7888
f 7989 7887 7885 7988
f 7887 7888 7886 7885
f 7988 7885 7881 7986
f 7885 7886 7882 7881
f 7987 7883 12251 12375
f 7883 7884 12252 12251
f 8004 7884 7876 8000
f 7884 7883 7875 7876
f 7985 7986 7881 7879
f 7879 7881 7882 7880
f 7984 7877 7875 7983
f 7877 7878 7876 7875
f 7984 7985 7879 7877
f 7877 7879 7880 7878
f 7866 7901 7902 7867
f 7778 7898 7901 7866
f 7774 7900 7895 7776
f 7776 7895 7899 7777
f 7867 7902 7900 7774
f 7780 7781 7897 7896
f 8023 7870 7871 8024
f 7781 7777 7899 7897
f 7870 7911 7912 7871
f 7793 7905 7911 7870
f 8042 7801 7907 8046
f 7810 7910 7903 7797
f 7871 7912 7908 7808
f 7796 7904 7909 7809
f 7792 7809 7909 7906
f 7810 7792 7906 7910
f 12161 7791 7907 12272
f 7808 7908 7904 7796
f 7799 7798 7905 7874
f 8011 8010 7973 7917
f 8018 7810 7797 7896
f 7919 7975 7920 7921
f 7921 7920 7922 7923
f 12346 12343 7717 7913
f 7927 7629 7639 7937
f 7939 7921 7923 7938
f 7940 7919 7921 7939
f 7917 7973 7974 7925
f 7941 7917 7925 7942
f 8026 8025 7975 7919
f 7916 7971 7972 7926
f 8013 8011 7917 7941
f 7944 7916 7926 7943
f 4859 7970 7968 4856
f 8048 7915 7945 4857
f 7893 7934 7933 7894
f 8009 8012 7931 7778
f 8028 8026 7919 7940
f 7778 7931 7932 7898
f 7793 7930 7929 7905
f 7905 7929 7928 7874
f 7935 7927 7874 7928
f 7995 7994 7916 7944
f 8012 8013 7941 7931
f 8020 8027 7930 7793
f 7931 7941 7942 7932
f 7930 7940 7939 7929
f 7929 7939 7938 7928
f 7937 7639 7788 7789
f 7789 7790 7799 7937
f 7629 7927 7935 7936
f 4856 7968 8048 4857
f 7976 7954 7978 7952
f 8014 7947 7948 8016
f 7948 7924 7980 7953
f 8016 8015 7978 7954
f 8055 7950 7956 7955
f 7950 7951 7957 7956
f 12316 12317 7977 7946
f 8016 7948 7953 8015
f 12318 12319 7979 7947
f 7947 7979 7924 7948
f 12320 12321 7950 8055
f 12321 12322 7951 7950
f 7920 7975 7955 7956
f 7946 7977 7954 7976
f 7974 7973 7953 7980
f 7922 7920 7956 7957
f 7972 7971 7952 7978
f 4884 4886 4858 4862
f 4884 4862 4889 4881
f 4858 4857 7945 4862
f 7996 4862 7945 7995
f 7992 7996 7934 7893
f 7966 7622 7959 7958
f 7605 7967 7961 7960
f 7967 7966 7958 7961
f 7717 7716 7962 7963
f 7716 7605 7960 7962
f 7936 7964 7963 7629
f 12346 7913 7964 12282
f 7621 12350 12342 7966
f 12444 7965 7605 12345
f 7620 7621 7966 7967
f 7914 8048 7968 4860
f 4861 4860 7968 7970
f 12357 4861 7970 9213
f 8030 7982 7918 8029
f 7993 7997 7952 7971
f 12406 12330 12325 12407
f 8010 7972 7978 8015
f 12400 12406 12365 12358
f 7982 8056 8055 7955
f 7977 8014 8016 7954
f 12400 12359 12330 12406
f 8025 7974 7980 8029
f 7981 12456 12455 7949
f 12432 12141 12442 12440
f 8010 8015 7953 7973
f 8030 7924 7979 8031
f 8031 12424 12362 8056
f 7997 7914 4860 7998
f 7998 4860 4861 7999
f 7999 4861 12357 12388
f 7946 7999 12388 12316
f 7976 7998 7999 7946
f 7952 7997 7998 7976
f 7969 7914 7997 7993
f 4889 4862 7996 7992
f 7934 7996 7995 7944
f 7945 7915 7994 7995
f 4902 4903 7985 7984
f 4902 7984 7983 7800
f 4903 4887 7986 7985
f 4904 7987 12375 12163
f 4888 7988 7986 4887
f 4891 7989 7988 4888
f 4891 4892 7990 7989
f 4892 4890 7991 7990
f 4890 4889 7992 7991
f 7883 7987 7983 7875
f 7915 7969 7993 7994
f 7933 7943 8013 8012
f 7894 7933 8012 8009
f 7943 7926 8011 8013
f 7926 7972 8010 8011
f 7892 7894 8009 8008
f 7890 7892 8008 8007
f 7888 7890 8007 8006
f 7888 8006 8005 7886
f 7886 8005 8003 7882
f 7884 8004 12394 12252
f 7880 7882 8003 8002
f 7878 8001 8000 7876
f 7878 7880 8002 8001
f 7979 12319 12424 8031
f 7982 8030 8031 8056
f 12434 12435 12161 12152
f 7924 8030 8029 7980
f 7932 7942 8028 8027
f 7898 7932 8027 8020
f 7942 7925 8026 8028
f 7925 7974 8025 8026
f 7901 8023 8024 7902
f 7898 8020 8023 7901
f 7900 8022 8017 7895
f 7895 8017 8021 7899
f 7902 8024 8022 7900
f 7896 7897 8019 8018
f 7897 7899 8021 8019
f 7799 7874 7927 7937
f 7963 7782 7783 7629
f 7936 7935 8032 8033
f 12282 7964 8034 12425
f 7964 7936 8033 8034
f 7935 7928 7938 8032
f 12435 12394 8004 8040
f 7794 8037 8039 7903
f 7903 8039 8038 7797
f 8044 8043 8035 8036
f 8043 8042 8037 8035
f 8052 8054 8036 7779
f 8027 8028 7940 7930
f 7797 8038 7780 7896
f 12161 12435 8040 7791
f 8045 8047 7780 8038
f 7769 7801 8042 8043
f 7795 7769 8043 8044
f 8037 8042 8046 8039
f 8039 8046 8045 8038
f 12166 12414 8054 8052
f 8004 8000 8047 8040
f 7780 8047 8000 8001
f 7951 12322 12425 8034
f 7957 7951 8034 8033
f 7922 7957 8033 8032
f 7922 8032 7938 7923
f 8048 7914 7969 7915
f 12444 12341 7620 7965
f 7802 7744 8051 8053
f 7732 8049 8051 7744
f 12231 11994 8050 8041
f 12098 8049 8050 11994
f 8044 8036 8054 7795
f 7795 8054 12414 12140
f 7602 7959 7622 8041
f 12231 8041 7622 12347
f 8057 12452 12320 8055
f 12454 8058 8056 12362
f 8058 8057 8055 8056
f 7949 12455 12452 8057
f 12456 7981 8058 12454
f 7981 7949 8057 8058
f 8062 8105 8104 8197
f 8107 8106 8072 8063
f 8108 8101 8153 8064
f 8125 8084 8174 8065
f 8083 8125 8065 8066
f 8065 8069 8070 8066
f 8174 8175 8069 8065
f 8063 8072 8073 8067
f 8153 8154 8068 8064
f 8073 8077 8074 8067
f 8177 8079 8078 8176
f 8154 8155 8075 8068
f 8155 8156 8076 8075
f 8070 8069 8078 8079
f 8175 8068 8075 8176
f 8177 8076 8081 8178
f 8156 8077 8080 8157
f 8107 8063 8153 8101
f 8105 8061 8085 8104
f 8061 8060 8086 8085
f 8127 8087 8088 8126
f 8087 8089 8090 8088
f 8089 8091 8092 8090
f 8091 8093 8094 8092
f 8093 8095 8096 8094
f 8171 8172 12083 8095
f 8179 8099 8145 8194
f 8199 8198 8128 8163
f 8062 8199 8163 8105
f 8200 8196 8103 8185
f 8195 8102 8103 8196
f 8198 8200 8185 8128
f 8178 8180 8112 8082
f 8157 8158 8111 8081
f 8158 8159 8114 8111
f 8180 8181 8115 8112
f 8181 8182 8118 8115
f 8159 8160 8117 8114
f 8182 8183 8121 8118
f 8160 8161 8120 8117
f 8183 8184 8124 8121
f 8161 8162 8123 8120
f 8060 8127 8126 8086
f 8185 8186 8130 8128
f 8186 8187 8132 8130
f 8187 8188 8134 8132
f 8188 8189 8136 8134
f 8189 8190 8138 8136
f 8190 8191 8140 8138
f 8191 8192 8142 8140
f 8192 8193 8144 8142
f 8164 8163 8128 8130
f 8165 8164 8130 8132
f 8166 8165 8132 8134
f 8167 8166 8134 8136
f 8168 8167 8136 8138
f 8169 8168 8138 8140
f 8170 8169 8140 8142
f 8171 8170 8142 8144
f 8100 11712 11852 11857
f 8173 8172 8145 8099
f 8102 8071 8129 8103
f 8071 8109 8131 8129
f 8137 8149 8150 8139
f 8133 8147 8148 8135
f 8139 8150 8151 8141
f 8135 8148 8149 8137
f 8141 8151 8152 8143
f 8133 8131 8109 8147
f 11857 11803 12084 8100
f 8193 8194 8145 8144
f 8096 8095 12083 11734
f 8145 8172 8171 8144
f 8095 8093 8170 8171
f 8093 8091 8169 8170
f 8091 8089 8168 8169
f 8089 8087 8167 8168
f 8087 8127 8166 8167
f 8127 8060 8165 8166
f 8060 8061 8164 8165
f 8061 8105 8163 8164
f 8119 8122 8162 8161
f 8116 8119 8161 8160
f 8113 8116 8160 8159
f 8110 8113 8159 8158
f 8080 8110 8158 8157
f 8076 8156 8157 8081
f 8074 8077 8156 8155
f 8067 8074 8155 8154
f 8063 8067 8154 8153
f 8108 8064 8174 8084
f 8143 8146 8194 8193
f 8141 8143 8193 8192
f 8139 8141 8192 8191
f 8137 8139 8191 8190
f 8135 8137 8190 8189
f 8133 8135 8189 8188
f 8131 8133 8188 8187
f 8129 8131 8187 8186
f 8103 8129 8186 8185
f 8120 8123 8184 8183
f 8117 8120 8183 8182
f 8114 8117 8182 8181
f 8111 8114 8181 8180
f 8081 8111 8180 8178
f 8100 12084 8146 11728
f 8079 8177 8178 8082
f 8069 8175 8176 8078
f 8076 8177 8176 8075
f 8064 8068 8175 8174
f 8108 8084 8200 8198
f 8083 8195 8196 8125
f 8084 8125 8196 8200
f 8107 8101 8199 8062
f 8101 8108 8198 8199
f 8107 8062 8197 8106
f 8412 8432 8268 8225
f 9483 9482 8203 8251
f 8442 8422 8235 8295
f 8240 8258 8480 8481
f 8257 8241 8433 9502
f 8416 8205 8277 8437
f 9484 8436 8272 9487
f 9498 8413 8202 8279
f 8413 8225 8268 8431
f 8464 8263 8208 8452
f 8416 8227 8493 8568
f 8466 8270 8207 8453
f 8278 8277 8205 8209
f 8280 8279 8202 8211
f 8417 8436 8271 8206
f 8250 8251 8203 8210
f 8263 8264 8201 8208
f 8278 8209 8459 8475
f 8249 8435 8415 8226
f 8437 8277 8203 9482
f 8460 8472 8292 8234
f 8428 8443 8296 8242
f 8423 8418 8213 8231
f 8221 8214 8213 8224
f 8233 8216 8215 8232
f 8456 8471 8214 8221
f 8249 8226 8414 8434
f 8479 8470 8291 8236
f 8443 8295 8235 8423
f 9487 8272 8437 9482
f 9443 8243 9424 9383
f 8474 8274 8252 8483
f 8471 8460 8234 8214
f 8216 8222 8223 8215
f 8214 8234 8231 8213
f 8418 8420 8224 8213
f 8483 8252 8262 8482
f 8292 8239 8242 8296
f 8419 8421 8220 8218
f 8472 8461 8239 8292
f 8293 8233 8232 8294
f 8218 8220 8420 8418
f 8443 8423 8231 8296
f 8271 8270 8212 8206
f 9441 8246 9399 8245
f 8272 8436 8417 8227
f 8246 8425 8521 9399
f 9424 8243 9440 8244
f 8493 8227 8417 8499
f 8470 8481 8237 8291
f 8428 9503 8260 8238
f 8431 9485 8265 8267
f 8237 8261 8465 8461
f 8290 8289 8256 8259
f 8467 8275 8254 8463
f 8457 8228 8282 8476
f 8413 8431 8267 8202
f 8235 8218 8418 8423
f 8269 8267 8265 8255
f 8482 8262 8228 8457
f 8275 8276 8266 8254
f 8238 8260 9502 8433
f 8268 8253 9485 8431
f 9494 8298 8445 9489
f 9490 8444 8298 9494
f 8211 8202 8267 8269
f 8469 8290 8259 8465
f 8258 8240 8241 8257
f 9485 9483 8251 8265
f 8254 8266 8264 8263
f 8463 8254 8263 8464
f 8210 8203 8277 8278
f 8425 8247 9404 8521
f 8235 8422 8419 8218
f 9319 9320 8513 9444
f 8207 8204 8276 8275
f 8248 9404 8247 8424
f 8204 8207 8270 8271
f 8475 8273 8229 8458
f 8453 8207 8275 8467
f 8432 9480 8253 8268
f 8255 8265 8251 8250
f 8429 9505 8287 8441
f 9499 9498 8279 8285
f 8286 8285 8279 8280
f 8208 8201 8283 8284
f 8458 8229 8274 8474
f 8452 8208 8284 8468
f 8284 8283 8289 8290
f 8473 8288 8261 8480
f 8468 8284 8290 8469
f 9486 8427 8435 8249
f 9502 9499 8285 8257
f 9486 8249 8434 8426
f 8258 8257 8285 8286
f 8240 8293 8294 8241
f 8455 8479 8236 8217
f 8234 8292 8296 8231
f 8481 8480 8261 8237
f 8274 8229 8453 8467
f 8469 8288 8282 8468
f 8219 8217 8471 8456
f 8472 8291 8237 8461
f 8262 8252 8463 8464
f 8217 8236 8460 8471
f 9495 8219 8456 9488
f 9395 8520 9444 8513
f 8252 8274 8467 8463
f 8468 8282 8228 8452
f 8236 8291 8472 8460
f 8228 8262 8464 8452
f 8229 8273 8466 8453
f 8261 8288 8469 8465
f 8478 8455 8217 8219
f 9492 8221 8224 9496
f 9493 8301 8302 9497
f 9491 8485 8301 9493
f 9489 8445 8303 9496
f 9488 8456 8221 9492
f 8300 8303 8304 8305
f 8305 8304 8302 8301
f 8441 8287 8281 8439
f 8273 8230 8454 8466
f 8437 8272 8227 8416
f 8486 8507 8509 8385
f 8430 8440 8287 9505
f 8567 8494 8310 8447
f 8446 8310 8494 8554
f 8459 8230 8273 8475
f 8525 8495 8315 8449
f 8448 8315 8495 8565
f 8500 8450 8320 8498
f 8446 8554 8559 8547
f 8569 8498 8320 8451
f 8371 8321 10132 10134
f 10129 10130 8322 8367
f 8369 8342 8323 8372
f 8387 8359 8325 8384
f 8368 8367 8322 8326
f 8359 8361 8321 8325
f 8331 8357 8390 8335
f 10111 8391 8377 8383
f 8327 10112 8410 8403
f 8390 8406 8340 8335
f 8353 8341 8354 10116
f 8352 10117 8354 8341
f 8350 8329 8355 8343
f 10125 8354 10117 10121
f 10119 8329 8350 10126
f 8376 10128 10129 8333
f 8341 8343 8351 8352
f 10127 8351 8330 10120
f 10118 8327 8403 10122
f 8353 8350 8343 8341
f 8334 10134 10128 8376
f 8397 8358 8344 8398
f 8409 8401 8337 8339
f 8381 8375 8391 10111
f 8395 8381 10111 10115
f 8366 8324 8342 8369
f 8351 8343 8355 8330
f 8375 8381 8380 8374
f 8381 8395 8396 8380
f 10113 8389 8379 8382
f 8451 8317 8346 8347
f 8378 8371 10134 8334
f 10120 8330 8355 10124
f 10130 10131 8362 8322
f 8408 8402 8401 8409
f 8321 8361 10133 10132
f 8342 8364 8363 8323
f 8326 8322 8362 8365
f 8331 8335 8399 8356
f 10124 8355 8329 10119
f 8376 8333 8332 8357
f 8376 8357 8331 8334
f 8375 8374 8367 8368
f 8324 8360 8364 8342
f 8325 8321 8371 8373
f 8398 8344 8370 8392
f 8384 8325 8373 8388
f 8373 8371 8378 8379
f 8392 8370 8377 8391
f 8388 8373 8379 8389
f 10112 10110 8393 8410
f 8406 8404 8338 8340
f 8340 8338 8400 8411
f 10115 10111 8383 8386
f 8382 8379 8378 8356
f 8313 8311 8346 8348
f 8448 8565 8349 8347
f 8390 8336 8339 8406
f 8447 8307 8564 8542
f 8358 8387 8384 8344
f 8396 8409 8339 8336
f 8328 10115 8386 8407
f 8579 8387 8358 8571
f 8344 8384 8388 8370
f 8339 8337 8404 8406
f 8402 8408 8328 10114
f 8326 8398 8392 8368
f 8410 8393 8399 8411
f 8365 8397 8398 8326
f 8525 8559 8554 9328
f 8380 8396 8336 8332
f 8368 8392 8391 8375
f 10121 10117 8352 10123
f 10122 8403 8400 10126
f 8370 8388 8389 8377
f 8405 8407 10112 8327
f 8386 8383 10113 10110
f 8407 8386 10110 10112
f 10113 8383 8377 8389
f 8393 8382 8356 8399
f 10125 8405 8327 10118
f 10123 8352 8351 10127
f 8333 10129 8367 8374
f 10114 8328 8407 8405
f 8335 8340 8411 8399
f 8332 8336 8390 8357
f 8403 8410 8411 8400
f 10110 10113 8382 8393
f 8395 8408 8409 8396
f 8276 8204 9484 9481
f 8283 8201 8412 9500
f 8271 8436 9484 8204
f 8241 8294 8442 8433
f 8232 8215 8419 8422
f 8215 8223 8421 8419
f 8294 8232 8422 8442
f 9503 8428 8242 8256
f 8264 8266 9480 8432
f 8248 9444 8520 9404
f 8201 8264 8432 8412
f 8266 8276 9481 9480
f 8289 8283 9500 9501
f 8256 8289 9501 9503
f 9497 8302 8444 9490
f 8462 8424 8247 8503
f 8297 8425 8246 8505
f 8286 8473 8480 8258
f 8216 8233 8479 8455
f 8210 8458 8474 8250
f 8211 8457 8476 8280
f 8293 8240 8481 8470
f 8269 8482 8457 8211
f 8278 8475 8458 8210
f 8255 8483 8482 8269
f 8233 8293 8470 8479
f 8222 8216 8455 8478
f 8280 8476 8473 8286
f 8461 8465 8259 8239
f 8250 8474 8483 8255
f 9500 8412 8225 9504
f 8499 8417 8206 8491
f 8454 8501 8492 8212
f 8491 8206 8212 8492
f 8497 8318 8316 8496
f 8450 8500 8496 8316
f 9495 8299 8485 9491
f 9504 8225 8413 9498
f 8308 8306 8560 8570
f 8529 9360 9428 9354
f 8449 8312 8560 8547
f 8416 8568 8394 8542
f 8209 8205 8564 8562
f 8591 8616 9372 9353
f 8567 8394 8568 9329
f 9330 8569 8349 8565
f 8440 8438 8281 8287
f 8476 8282 8288 8473
f 8542 8564 8205 8416
f 8542 8394 8567 8447
f 8547 8560 8306 8446
f 8547 8559 8525 8449
f 8488 8505 8510 8345
f 8347 8349 8569 8451
f 8347 8346 8311 8448
f 8573 10133 8361 8574
f 8575 8362 10131 8576
f 8359 8387 8579 8572
f 8365 8578 8580 8397
f 8361 8359 8572 8574
f 8577 10135 10133 8573
f 8578 8365 8362 8575
f 8576 10131 10135 8577
f 8590 8580 8578 8588
f 8586 8576 8577 8587
f 8581 8571 8580 8590
f 8588 8578 8575 8585
f 8582 8572 8579 8589
f 8540 8539 8581 8590
f 8584 8574 8572 8582
f 8583 8573 8574 8584
f 8585 8575 8576 8586
f 8587 8577 8573 8583
f 8589 8579 8571 8581
f 8523 8516 8584 8582
f 8518 8605 8588 8585
f 8553 8586 8587 8601
f 8539 8524 8589 8581
f 8524 8523 8582 8589
f 8553 8518 8585 8586
f 8590 8588 8605 8540
f 8516 8515 8583 8584
f 8606 8518 9379 9377
f 9388 9389 9344 9358
f 9388 9390 9354 8538
f 8562 8564 8307 8309
f 8570 8560 8312 8314
f 8563 8489 8313 8348
f 8490 8477 8462 8563
f 8348 8346 8317 8319
f 8563 8462 8503 8489
f 8587 8583 8515 8601
f 8618 9362 9369 9322
f 9351 8546 9361 8543
f 8545 9430 9436 9360
f 8549 9432 9429 8517
f 8596 8551 8557 8602
f 9416 8514 8558 9417
f 9392 9393 9371 9370
f 8238 8433 8442 8295
f 8238 8295 8443 8428
f 8499 8491 8502 9326
f 8497 8496 8511 8512
f 9327 8511 8496 8500
f 8491 8492 8604 8502
f 8606 8607 8605 8518
f 9378 8611 8598 9379
f 9473 12195 12205 12204
f 8490 8563 8348 8319
f 8614 9386 9455 9452
f 8614 8602 8557 9386
f 9449 9423 9391 9448
f 8592 9374 9373 8615
f 8522 8527 8558 8514
f 8504 8604 8492 8501
f 8408 8395 10115 8328
f 8610 9370 8607 8606
f 8527 8537 8619 8558
f 9417 8558 8619 9415
f 8540 8605 8607 8608
f 8608 8535 8539 8540
f 8534 8533 8523 8524
f 8533 8532 8516 8523
f 8532 8531 8515 8516
f 8535 8534 8524 8539
f 12476 12477 3648 3647
f 3936 3615 3649 12460
f 8692 8693 8677 8676
f 8699 8700 8684 8683
f 8693 8694 8678 8677
f 8685 8669 8684 8700
f 8694 8695 8679 8678
f 8685 8686 8670 8669
f 8695 8696 8680 8679
f 8689 8690 8674 8673
f 8686 8687 8671 8670
f 8696 8697 8681 8680
f 8690 8691 8675 8674
f 8688 8689 8673 8672
f 8697 8698 8682 8681
f 8691 8692 8676 8675
f 8687 8688 8672 8671
f 8698 8699 8683 8682
f 8699 8686 8685 8700
f 8698 8687 8686 8699
f 8697 8688 8687 8698
f 8696 8689 8688 8697
f 8689 8696 8695 8690
f 8690 8695 8694 8691
f 8691 8694 8693 8692
f 9116 9117 8709 8708
f 9128 9127 8716 8715
f 9117 9119 8710 8709
f 9113 8701 8716 9127
f 9119 9118 8711 8710
f 9113 9115 8702 8701
f 9118 9125 8712 8711
f 9123 9121 8706 8705
f 9115 9114 8703 8702
f 9125 9126 8713 8712
f 9121 9120 8707 8706
f 9122 9123 8705 8704
f 9126 9124 8714 8713
f 9120 9116 8708 8707
f 9114 9122 8704 8703
f 9124 9128 8715 8714
f 8701 8717 8732 8716
f 8710 8711 8727 8726
f 8701 8702 8718 8717
f 8711 8712 8728 8727
f 8705 8706 8722 8721
f 8702 8703 8719 8718
f 8712 8713 8729 8728
f 8706 8707 8723 8722
f 8704 8705 8721 8720
f 8713 8714 8730 8729
f 8707 8708 8724 8723
f 8703 8704 8720 8719
f 8714 8715 8731 8730
f 8708 8709 8725 8724
f 8715 8716 8732 8731
f 8709 8710 8726 8725
f 8766 8765 8748 8747
f 8768 8767 8742 8741
f 8769 8733 8748 8765
f 8767 8770 8743 8742
f 8769 8771 8734 8733
f 8770 8772 8744 8743
f 8774 8773 8738 8737
f 8771 8775 8735 8734
f 8772 8776 8745 8744
f 8773 8777 8739 8738
f 8778 8774 8737 8736
f 8776 8779 8746 8745
f 8777 8780 8740 8739
f 8775 8778 8736 8735
f 8779 8766 8747 8746
f 8780 8768 8741 8740
f 9150 8749 8764 9155
f 9141 9151 8759 8758
f 9150 9149 8750 8749
f 9151 9152 8760 8759
f 9148 9147 8754 8753
f 9149 9145 8751 8750
f 9152 9154 8761 8760
f 9147 9143 8755 8754
f 9146 9148 8753 8752
f 9154 9153 8762 8761
f 9143 9144 8756 8755
f 9145 9146 8752 8751
f 9153 9156 8763 8762
f 9144 9142 8757 8756
f 9156 9155 8764 8763
f 9142 9141 8758 8757
f 8731 8732 8765 8766
f 8725 8726 8767 8768
f 8717 8769 8765 8732
f 8726 8727 8770 8767
f 8717 8718 8771 8769
f 8727 8728 8772 8770
f 8721 8722 8773 8774
f 8718 8719 8775 8771
f 8728 8729 8776 8772
f 8722 8723 8777 8773
f 8720 8721 8774 8778
f 8729 8730 8779 8776
f 8723 8724 8780 8777
f 8719 8720 8778 8775
f 8730 8731 8766 8779
f 8724 8725 8768 8780
f 3595 8657 12488 12487
f 4414 4415 12461 8643
f 3762 3761 8783 3222
f 9063 9062 8805 8807
f 8865 8829 8845 8846
f 8807 8805 8812 8814
f 8917 9108 8806 8951
f 9064 8804 8805 9062
f 9066 8801 8803 9065
f 9063 8807 8801 9066
f 9065 8803 8802 9067
f 8811 8825 8818 8812
f 8807 8814 8808 8801
f 8804 8811 8812 8805
f 8801 8808 8810 8803
f 8870 8820 8800 8997
f 8803 8810 8809 8802
f 8814 8821 8815 8808
f 9102 8819 8821 8814
f 8808 8815 8817 8810
f 8826 8828 8821 8819
f 8810 8817 8816 8809
f 8951 8806 8820 8870
f 8825 9061 9105 8818
f 8815 8822 8824 8817
f 8817 8824 8823 8816
f 9025 8796 8813 8920
f 8821 8828 8822 8815
f 8868 8827 8842 8839
f 8823 8837 8836 8816
f 8816 8836 8835 8809
f 8809 8835 8834 8802
f 8838 8867 8868 8839
f 9077 8856 8855 9072
f 8839 8842 8829 8865
f 9074 8852 8851 9073
f 9076 8846 8845 9075
f 9078 8849 8856 9077
f 9080 8850 8857 9079
f 9081 8847 8846 9076
f 9073 8851 8850 9080
f 8828 8826 9104 9110
f 9084 8848 8854 9083
f 8826 8819 9082 9103
f 9072 8855 8848 9084
f 9079 8857 8849 9078
f 9075 8845 8844 9085
f 9081 9086 8858 8847
f 9086 9087 8859 8858
f 9087 9088 8860 8859
f 9088 9089 8861 8860
f 9089 9090 8862 8861
f 9090 9091 8863 8862
f 9092 8864 8863 9091
f 9071 8841 8864 9092
f 8847 8866 8865 8846
f 8866 8838 8839 8865
f 8999 8869 8870 8997
f 8837 8871 8840 8836
f 8916 8871 8837 8917
f 8916 8918 8875 8871
f 8999 9000 8874 8869
f 8838 8872 8873 8867
f 8841 8840 8871 8875
f 8866 8876 8872 8838
f 8858 8876 8866 8847
f 8876 8879 8877 8872
f 8872 8877 8878 8873
f 8879 8882 8880 8877
f 8877 8880 8881 8878
f 8882 8885 8883 8880
f 8880 8883 8884 8881
f 8885 8888 8886 8883
f 8883 8886 8887 8884
f 8888 8891 8889 8886
f 8886 8889 8890 8887
f 8891 8894 8892 8889
f 8889 8892 8893 8890
f 8894 8897 8895 8892
f 8892 8895 8896 8893
f 8918 8919 8899 8875
f 8864 8841 8875 8899
f 8922 8873 8878 8923
f 8858 8859 8879 8876
f 8859 8860 8882 8879
f 8861 8901 8900 8860
f 8901 8903 8902 8900
f 8903 8905 8904 8902
f 8905 8907 8906 8904
f 8907 8909 8908 8906
f 8885 8882 8860 8900
f 8888 8885 8900 8902
f 8891 8888 8902 8904
f 8894 8891 8904 8906
f 8897 8894 8906 8908
f 8958 8961 8968 8967
f 8948 8950 8919 8918
f 8949 8948 8918 8916
f 8949 8916 8917 8951
f 8863 8864 8899 8913
f 8961 8963 8969 8968
f 9024 8922 8923 9026
f 8867 8873 8922 8921
f 8867 8921 8920 8868
f 8896 8929 8928 8893
f 8887 8926 8925 8884
f 8890 8927 8926 8887
f 8893 8928 8927 8890
f 8884 8925 8924 8881
f 8881 8924 8923 8878
f 9527 9528 9275 9276
f 9528 9529 9274 9275
f 8909 8931 8930 8908
f 8931 8933 8932 8930
f 8933 8935 8934 8932
f 8935 8937 8936 8934
f 8937 8939 8938 8936
f 8939 8941 8940 8938
f 8941 8943 8942 8940
f 8943 8945 8944 8942
f 8862 8912 8901 8861
f 8903 8901 8912 8914
f 9026 8923 8924 9027
f 8898 8946 8952 8950
f 9002 8947 8946 9001
f 8955 8958 8967 8966
f 8952 8946 8947 8953
f 8869 8949 8951 8870
f 8869 8874 8948 8949
f 8874 8898 8950 8948
f 8966 8967 8954 8914
f 8905 8903 8914 8954
f 8956 8955 8953 8947
f 9003 8956 8947 9002
f 8956 8959 8958 8955
f 8959 8962 8961 8958
f 8962 8964 8963 8961
f 8907 8905 8954 8957
f 8909 8907 8957 8960
f 8953 8955 8966 8915
f 8915 8970 8952 8953
f 8919 8950 8952 8970
f 8919 8970 8913 8899
f 8913 8970 8915 8912
f 8968 8969 8960 8957
f 8967 8968 8957 8954
f 9003 9004 8959 8956
f 8862 8863 8913 8912
f 8914 8912 8915 8966
f 8931 8909 8960 8973
f 8975 9043 9014 9016
f 8933 8931 8973 8974
f 8935 8933 8974 8976
f 8974 8980 8981 8976
f 8973 8960 8969 8972
f 9044 8985 8981 9047
f 8981 8985 8984 8976
f 8985 8987 8986 8984
f 8987 8989 8988 8986
f 8989 8991 8990 8988
f 8937 8935 8976 8984
f 8939 8937 8984 8986
f 8941 8939 8986 8988
f 8943 8941 8988 8990
f 8974 8973 8972 8980
f 9049 9044 8983 8982
f 9050 8989 8987 9049
f 9051 8991 8989 9050
f 8992 8995 8996 8993
f 8982 8994 8995 8992
f 9029 9031 9004 9003
f 9029 9003 9002 9028
f 9028 9002 9001 9027
f 8898 8998 9001 8946
f 8874 9000 8998 8898
f 9023 9024 9000 8999
f 9023 8999 8997 9025
f 9041 8983 8977 8978
f 8982 8983 9041 8994
f 9309 9009 9008 9005
f 9307 9012 9011 9308
f 9280 9007 9006 9281
f 9279 9010 9009 9309
f 9005 9008 9007 9280
f 9308 9011 9010 9279
f 9526 9527 9276 9277
f 9046 9015 9018 9048
f 9045 9014 9017 9053
f 9052 9016 9014 9045
f 9046 9053 9017 9015
f 9048 9018 8977 9047
f 9054 9013 9016 9052
f 9055 9054 9021 9022
f 8921 9023 9025 8920
f 8921 8922 9024 9023
f 8925 9028 9027 8924
f 8926 9029 9028 8925
f 8927 8928 9030 9031
f 8926 8927 9031 9029
f 8998 9026 9027 9001
f 9000 9024 9026 8998
f 9056 9055 9022 9032
f 9056 9058 9034 9020
f 9291 9032 9022 9288
f 9058 9057 9033 9034
f 9291 9294 9035 9032
f 9294 9297 9036 9035
f 9057 9059 9037 9033
f 8995 9037 9039 8996
f 9300 9038 9036 9297
f 9059 9060 9039 9037
f 9041 9034 9033 8994
f 8994 9033 9037 8995
f 9041 8978 9020 9034
f 8965 8971 9043 9042
f 8979 9042 9043 8975
f 9043 8971 9017 9014
f 8971 9018 9015 9017
f 8975 9016 9013 9019
f 9019 9020 8979 8975
f 8971 8965 8977 9018
f 8977 8965 9042 8978
f 9020 8978 9042 8979
f 9038 9040 9060 9059
f 9036 9038 9059 9057
f 9035 9036 9057 9058
f 9032 9035 9058 9056
f 9020 9019 9055 9056
f 9019 9013 9054 9055
f 9021 9054 9052 8964
f 8980 9048 9047 8981
f 8972 8969 9053 9046
f 8964 9052 9045 8963
f 8963 9045 9053 8969
f 8972 9046 9048 8980
f 8993 9051 9050 8992
f 8992 9050 9049 8982
f 8987 8985 9044 9049
f 8983 9044 9047 8977
f 8834 8835 9093 9068
f 8920 8813 8827 8868
f 8840 8841 9071 9070
f 8836 8840 9070 9069
f 8835 8836 9069 9093
f 8802 8834 9068 9067
f 9085 8844 8852 9074
f 8997 8800 8796 9025
f 8993 9096 9098 9051
f 8991 9095 9094 8990
f 9051 9098 9095 8991
f 8996 9097 9096 8993
f 8945 8943 8990 9094
f 9060 9101 9099 9039
f 9303 9040 9038 9300
f 9040 9100 9101 9060
f 9099 9097 8996 9039
f 8812 8818 9102 8814
f 9103 9106 9104 8826
f 8818 9105 8853 9102
f 8822 9107 9109 8824
f 8828 9110 9107 8822
f 8824 9109 9108 8823
f 9102 8853 9082 8819
f 8823 9108 8917 8837
f 9111 8844 8845 8829
f 8842 9112 9111 8829
f 8682 8683 9128 9124
f 8671 8672 9122 9114
f 8675 8676 9116 9120
f 8681 8682 9124 9126
f 8672 8673 9123 9122
f 8674 8675 9120 9121
f 8680 8681 9126 9125
f 8670 8671 9114 9115
f 8673 8674 9121 9123
f 8679 8680 9125 9118
f 8669 8670 9115 9113
f 8678 8679 9118 9119
f 8669 9113 9127 8684
f 8677 8678 9119 9117
f 8683 8684 9127 9128
f 8676 8677 9117 9116
f 8813 9132 9134 8827
f 8806 9131 9133 8820
f 8800 9130 9129 8796
f 8820 9133 9130 8800
f 8796 9129 9132 8813
f 8827 9134 9112 8842
f 8806 9108 9109 9131
f 9135 9137 9138 9136
f 9184 9135 9136 9186
f 9187 8754 9135 9184
f 9137 9139 9140 9138
f 8754 8755 9137 9135
f 8755 8756 9139 9137
f 8741 8742 9141 9142
f 8747 8748 9155 9156
f 8740 8741 9142 9144
f 8746 8747 9156 9153
f 8735 8736 9146 9145
f 8739 8740 9144 9143
f 8745 8746 9153 9154
f 8736 8737 9148 9146
f 8738 8739 9143 9147
f 8744 8745 9154 9152
f 8734 8735 9145 9149
f 8737 8738 9147 9148
f 8743 8744 9152 9151
f 8733 8734 9149 9150
f 8742 8743 9151 9141
f 8733 9150 9155 8748
f 9157 9158 9111 9112
f 9190 9188 8855 8856
f 9192 9190 8856 8849
f 9194 9192 8849 8857
f 9196 9194 8857 8850
f 9198 9196 8850 8851
f 9198 8851 8852 9200
f 9202 9204 9158 9157
f 8844 9111 9158 8852
f 9204 9200 8852 9158
f 9133 9163 9160 9130
f 9131 9161 9163 9133
f 9129 9159 9162 9132
f 9132 9162 9164 9134
f 9130 9160 9159 9129
f 9163 9169 9166 9160
f 9161 9167 9169 9163
f 9159 9165 9168 9162
f 9162 9168 9170 9164
f 9160 9166 9165 9159
f 9169 9175 9172 9166
f 9167 9173 9175 9169
f 9165 9171 9174 9168
f 9168 9174 9176 9170
f 9166 9172 9171 9165
f 9175 9181 9178 9172
f 9173 9179 9181 9175
f 9171 9177 9180 9174
f 9174 9180 9182 9176
f 9172 9178 9177 9171
f 8763 8764 9199 9203
f 9203 9199 9200 9204
f 8762 8763 9203 9201
f 9201 9203 9204 9202
f 8749 9197 9199 8764
f 9197 9198 9200 9199
f 8749 8750 9195 9197
f 9197 9195 9196 9198
f 8750 8751 9193 9195
f 9195 9193 9194 9196
f 8751 8752 9191 9193
f 9193 9191 9192 9194
f 8752 8753 9189 9191
f 9191 9189 9190 9192
f 8753 8754 9187 9189
f 9189 9187 9188 9190
f 8855 9188 9183 8848
f 9188 9187 9184 9183
f 8848 9183 9185 8854
f 9183 9184 9186 9185
f 9134 9164 9157 9112
f 9202 9157 9164 9170
f 9170 9176 9201 9202
f 9176 9182 8762 9201
f 9109 9107 9161 9131
f 9107 9110 9167 9161
f 9110 9104 9173 9167
f 9104 9106 9179 9173
f 8757 9206 9205 8756
f 8756 9205 9208 9139
f 8758 9207 9206 8757
f 9139 9208 9209 9140
f 12304 12303 12313 12314
f 9208 12355 9213 9209
f 12382 12286 12356 12381
f 9181 9220 9217 9178
f 9103 9214 9215 9106
f 9179 9218 9220 9181
f 9177 9216 9219 9180
f 9106 9215 9218 9179
f 9180 9219 9221 9182
f 9178 9217 9216 9177
f 9217 9225 9224 9216
f 9214 9222 9223 9215
f 9220 9228 9225 9217
f 9218 9226 9228 9220
f 9216 9224 9227 9219
f 9215 9223 9226 9218
f 9219 9227 9229 9221
f 9228 9236 9233 9225
f 9226 9234 9236 9228
f 9224 9232 9235 9227
f 9223 9231 9234 9226
f 9227 9235 9237 9229
f 9225 9233 9232 9224
f 9222 9230 9231 9223
f 9236 9243 9241 9233
f 9234 9242 9243 9236
f 9231 9239 9242 9234
f 9233 9241 9240 9232
f 9230 9238 9239 9231
f 8759 8760 9229 9237
f 8760 8761 9221 9229
f 8761 8762 9182 9221
f 8853 9244 9246 9082
f 9105 9247 9244 8853
f 9061 9245 9247 9105
f 9247 9251 9248 9244
f 9245 9249 9251 9247
f 9244 9248 9250 9246
f 9251 9255 9252 9248
f 9249 9253 9255 9251
f 9248 9252 9254 9250
f 9255 12162 9256 9252
f 9253 9257 12162 9255
f 9252 9256 9258 9254
f 9082 9246 9214 9103
f 9222 9214 9246 9250
f 9230 9222 9250 9254
f 9238 9230 9254 9258
f 9306 9100 9040 9303
f 9100 9260 9261 9101
f 9097 9263 9262 9096
f 9096 9262 9264 9098
f 9099 9265 9263 9097
f 9099 9101 9261 9265
f 9094 9268 9267 8945
f 9095 9269 9268 9094
f 8945 9267 9266 8944
f 9095 9098 9264 9269
f 9307 8944 9266 9278
f 9521 9520 9311 9312
f 9282 8962 8959 9004
f 9021 8964 9284 12230
f 9004 9031 9030 9282
f 9284 9283 12229 12230
f 9285 12229 9283 8929
f 9021 12230 9288 9022
f 12181 9012 9270 9272
f 9100 9306 9310 9260
f 9306 9305 9311 9310
f 9305 9304 9312 9311
f 8934 9280 9281 8932
f 9012 9307 9278 9270
f 12181 9304 9301 12180
f 9304 9305 9302 9301
f 9305 9306 9303 9302
f 12180 9301 9298 12179
f 9301 9302 9299 9298
f 9302 9303 9300 9299
f 12179 9298 9295 12178
f 9298 9299 9296 9295
f 9299 9300 9297 9296
f 12177 12178 9295 9292
f 9292 9295 9296 9293
f 9293 9296 9297 9294
f 12176 12177 9292 9289
f 9289 9292 9293 9290
f 9290 9293 9294 9291
f 12176 9289 9286 9271
f 9289 9290 9287 9286
f 9290 9291 9288 9287
f 9284 9282 9030 9283
f 9287 12229 9285 9286
f 8964 8962 9282 9284
f 9266 9526 9277 9278
f 8385 8509 8508 8459
f 8385 8562 8309 8486
f 8459 8209 8562 8385
f 8345 8570 8314 8488
f 8345 8510 8506 8487
f 8487 8308 8570 8345
f 8501 8454 8230 9318
f 8555 8556 9363 8528
f 8603 9435 9434 8561
f 8497 9320 9313 8318
f 9313 9320 9319 9314
f 8497 8512 8513 9320
f 8508 9318 8230 8459
f 9317 9316 8487 8506
f 8297 9315 8489 8503
f 9319 9444 8248 8477
f 9317 9442 8244 8507
f 8477 8248 8424 8462
f 8503 8247 8425 8297
f 8507 8244 9440 8509
f 8515 8531 9380 8601
f 8611 9378 9380 8544
f 9372 9373 8533 8534
f 9373 9374 8532 8533
f 8548 8603 8561 8530
f 8541 8517 8556 8555
f 8543 9361 8545 9352
f 9367 8526 9324 9325
f 8494 9331 9332 8554
f 8567 9333 9331 8494
f 9329 9335 9333 8567
f 8554 9332 9334 9328
f 8525 9337 9336 8495
f 8565 9338 9340 9330
f 9328 9339 9337 8525
f 8495 9336 9338 8565
f 9330 9345 9343 8569
f 8498 9341 9342 8500
f 8569 9343 9341 8498
f 8500 9342 9344 9327
f 8493 9346 9348 8568
f 8499 9347 9346 8493
f 9326 9349 9347 8499
f 8568 9348 9350 9329
f 9349 9359 9346 9347
f 9350 9348 9346 9359
f 9356 9331 9333 9335
f 9331 9356 9334 9332
f 9357 9336 9337 9339
f 9340 9338 9336 9357
f 9358 9341 9343 9345
f 9344 9342 9341 9358
f 8591 9353 9381 9423
f 8615 9373 9372 8616
f 9366 8550 8544 9456
f 9392 9370 8610 9394
f 8530 8561 8546 9351
f 8546 9431 9437 9361
f 8528 9363 8603 8548
f 8596 9417 9415 8617
f 9429 9432 9367 9433
f 9421 9365 8552 9420
f 9362 8618 8552 9365
f 9368 9323 9322 9369
f 9325 9324 9323 9368
f 8944 9307 9308 8942
f 8597 8549 8517 8541
f 9352 8545 9360 8529
f 9321 8536 8600 8609
f 8556 9433 9438 9363
f 8609 8598 8566 9321
f 9364 8566 8598 8611
f 8517 9429 9433 8556
f 8550 8526 9367 9364
f 8561 9434 9431 8546
f 9377 9379 8598 8609
f 9378 8553 8601 9380
f 8553 9378 9379 8518
f 8608 8607 9370 9371
f 8531 8532 9374 9456
f 8611 8544 8550 9364
f 8600 9376 9377 8609
f 8610 8606 9377 9376
f 8535 9353 9372 8534
f 8612 9385 9450 9476
f 9389 9396 9327 9344
f 9396 8537 8527 9397
f 9397 8527 8522 9398
f 9398 8522 9384 9395
f 9423 9449 9400 8591
f 9319 8477 8490 9314
f 8608 9381 9353 8535
f 8510 9441 8245 8506
f 8505 8246 9441 8510
f 9324 12192 12196 9323
f 9403 9376 8600 9402
f 9403 9394 8610 9376
f 9448 9447 9463 9458
f 8506 8245 9442 9317
f 9383 9424 9391 9382
f 9401 9359 9349 9402
f 9401 9405 9350 9359
f 9405 9406 9329 9350
f 9406 9407 9335 9329
f 9408 9356 9335 9407
f 9408 9409 9334 9356
f 9409 9410 9328 9334
f 9410 9411 9339 9328
f 9412 9357 9339 9411
f 9412 9413 9340 9357
f 9413 9414 9330 9340
f 9390 9414 8529 9354
f 9345 9330 9414 9390
f 9352 8529 9414 9413
f 8543 9352 9413 9412
f 8543 9412 9411 9351
f 8530 9351 9411 9410
f 8548 8530 9410 9409
f 8528 8548 9409 9408
f 8528 9408 9407 8555
f 8541 8555 9407 9406
f 8597 8541 9406 9405
f 8536 8597 9405 9401
f 8536 9401 9402 8600
f 9317 8507 8486 9316
f 9326 8502 9394 9403
f 9326 9403 9402 9349
f 9371 9393 9383 9382
f 8245 9399 9422 9442
f 8513 8512 9398 9395
f 8511 9397 9398 8512
f 9327 9396 9397 8511
f 9355 8537 9396 9389
f 8604 9392 9394 8502
f 8604 8504 9393 9392
f 9358 9345 9390 9388
f 8538 9355 9389 9388
f 8602 9416 9417 8596
f 9361 9437 9430 8545
f 9360 9436 9439 9428
f 9363 9438 9435 8603
f 8617 9415 9427 9421
f 9315 8297 8505 8488
f 9371 9382 9381 8608
f 8509 9440 8243 8508
f 9381 9382 9391 9423
f 8521 9446 9447 9399
f 9425 9445 9404 8520
f 8508 8243 9443 9318
f 9419 9427 9426 9418
f 9415 8619 9426 9427
f 8619 8537 9355 9426
f 9355 8538 9418 9426
f 8303 8445 8298 8304
f 8302 8304 8298 8444
f 8300 8305 8299 8484
f 8301 8485 8299 8305
f 8566 9364 9367 9432
f 9321 8566 9432 8549
f 9434 9435 9368 9431
f 9436 9430 9362 9439
f 9437 9369 9362 9430
f 9437 9431 9368 9369
f 9368 9435 9438 9325
f 9433 9367 9325 9438
f 8538 9354 9428 9418
f 9419 9418 9428 9439
f 9362 9365 9419 9439
f 8597 8536 9321 8549
f 9422 9424 8244 9442
f 8521 9404 9445 9446
f 9383 9393 8504 9443
f 8504 8501 9318 9443
f 8591 9400 8519 8616
f 9425 8520 9395 9384
f 9399 9447 9448 9422
f 9422 9448 9391 9424
f 9451 8595 9386 8557
f 9452 9455 9450 9385
f 9385 8612 9479 9459
f 12191 9465 8594 12190
f 9452 9462 9461 8614
f 9400 9458 9457 8519
f 9459 9479 9469 9468
f 9457 9458 9463 9453
f 9445 9468 9469 9446
f 9385 9459 9462 9452
f 12204 12205 12202 12203
f 8614 9461 9416 8602
f 12190 8594 9460 12194
f 9467 9466 9461 9462
f 9468 9467 9462 9459
f 9446 9469 9463 9447
f 12189 9472 9387 8599
f 9454 12207 9457 9453
f 8592 8615 8616 8519
f 8544 9380 8531 9456
f 12205 12206 8593 12202
f 9445 9425 9467 9468
f 9425 9384 9466 9467
f 12193 9464 9471 12192
f 9384 8522 8514 9466
f 9466 8514 9416 9461
f 9448 9458 9400 9449
f 12195 9473 9472 12189
f 12196 9470 9465 12191
f 12192 9471 9470 12196
f 8942 9308 9279 8940
f 12194 9460 9474 12197
f 8599 9387 9464 12193
f 9421 9427 9419 9365
f 9453 9479 8612 9454
f 8613 9476 9450 8595
f 9463 9469 9479 9453
f 12195 9375 12206 12205
f 8612 9476 9477 9454
f 9478 8613 8595 9451
f 9450 9455 9386 8595
f 12187 9420 12197 9475
f 9513 9514 12185 12184
f 9511 9512 12183 12182
f 8938 9309 9005 8936
f 9007 12176 9271 9006
f 9008 9009 12178 12177
f 9011 12180 12179 9010
f 9304 12181 9272 9312
f 8936 9005 9280 8934
f 8454 8212 8270 8466
f 8427 9480 9481 8435
f 8414 9482 9483 8434
f 8435 9481 9484 8415
f 8434 9483 9485 8426
f 8426 9485 8253 9486
f 9486 8253 9480 8427
f 8415 9484 9487 8226
f 8226 9487 9482 8414
f 8239 8259 8256 8242
f 8219 9495 9491 8478
f 8223 9497 9490 8421
f 8484 9488 9492 8300
f 8420 9489 9496 8224
f 8478 9491 9493 8222
f 8222 9493 9497 8223
f 8300 9492 9496 8303
f 8299 9495 9488 8484
f 8421 9490 9494 8220
f 8220 9494 9489 8420
f 8439 9498 9499 8441
f 8440 9501 9500 8438
f 8441 9499 9502 8429
f 8430 9503 9501 8440
f 8281 9504 9498 8439
f 8438 9500 9504 8281
f 8429 9502 8260 9505
f 9505 8260 9503 8430
f 9510 9535 9260 9310
f 9012 12181 12180 9011
f 9010 12179 12178 9009
f 9007 9008 12177 12176
f 9514 9515 12186 12185
f 9270 9511 12182 9272
f 9512 9513 12184 12183
f 9266 9267 9571 9526
f 9526 9571 9572 9527
f 9527 9572 9573 9528
f 9528 9573 9574 9529
f 9529 9574 9575 9530
f 9268 9566 9571 9267
f 9566 9567 9572 9571
f 9567 9568 9573 9572
f 9568 9569 9574 9573
f 9569 9570 9575 9574
f 9269 9561 9566 9268
f 9561 9562 9567 9566
f 9562 9563 9568 9567
f 9563 9564 9569 9568
f 9564 9565 9570 9569
f 9269 9264 9556 9561
f 9561 9556 9557 9562
f 9562 9557 9558 9563
f 9563 9558 9559 9564
f 9564 9559 9560 9565
f 9264 9262 9551 9556
f 9556 9551 9552 9557
f 9557 9552 9553 9558
f 9558 9553 9554 9559
f 9559 9554 9555 9560
f 9263 9546 9551 9262
f 9546 9547 9552 9551
f 9547 9548 9553 9552
f 9548 9549 9554 9553
f 9549 9550 9555 9554
f 9263 9265 9541 9546
f 9546 9541 9542 9547
f 9547 9542 9543 9548
f 9548 9543 9544 9549
f 9549 9544 9545 9550
f 9265 9261 9536 9541
f 9541 9536 9537 9542
f 9542 9537 9538 9543
f 9543 9538 9539 9544
f 9544 9539 9540 9545
f 9261 9260 9535 9536
f 9536 9535 9534 9537
f 9537 9534 9533 9538
f 9538 9533 9532 9539
f 9539 9532 9531 9540
f 9506 9531 9532 9507
f 9507 9532 9533 9508
f 9508 9533 9534 9509
f 9509 9534 9535 9510
f 9272 12182 9521 9312
f 12182 12183 9522 9521
f 12183 12184 9523 9522
f 12184 12185 9524 9523
f 12185 12186 9525 9524
f 9278 9277 9511 9270
f 9277 9276 9512 9511
f 9276 9275 9513 9512
f 9275 9274 9514 9513
f 9274 9273 9515 9514
f 8940 9279 9309 8938
f 9525 9516 9517 9524
f 9524 9517 9518 9523
f 9523 9518 9519 9522
f 9522 9519 9520 9521
f 9310 9311 9520 9510
f 9510 9520 9519 9509
f 9509 9519 9518 9508
f 9508 9518 9517 9507
f 9507 9517 9516 9506
f 9668 9684 9631 9596
f 9731 9730 9578 9614
f 9694 9676 9604 9658
f 9609 9621 9722 9723
f 9620 9610 9685 9750
f 9732 9688 9635 9735
f 9746 9669 9577 9642
f 9669 9596 9631 9683
f 9707 9626 9581 9698
f 9709 9633 9580 9699
f 9643 9642 9577 9583
f 9613 9614 9578 9582
f 9626 9627 9576 9581
f 9612 9687 9671 9597
f 9689 9640 9578 9730
f 9704 9715 9655 9603
f 9680 9695 9659 9611
f 9677 9672 9584 9600
f 9592 9585 9584 9595
f 9602 9587 9586 9601
f 9701 9714 9585 9592
f 9612 9597 9670 9686
f 9721 9713 9654 9605
f 9695 9658 9604 9677
f 9735 9635 9689 9730
f 9717 9637 9615 9725
f 9714 9704 9603 9585
f 9587 9593 9594 9586
f 9585 9603 9600 9584
f 9672 9674 9595 9584
f 9725 9615 9625 9724
f 9655 9608 9611 9659
f 9673 9675 9591 9589
f 9715 9705 9608 9655
f 9656 9602 9601 9657
f 9589 9591 9674 9672
f 9695 9677 9600 9659
f 9713 9723 9606 9654
f 9680 9751 9623 9607
f 9683 9733 9628 9630
f 9606 9624 9708 9705
f 9653 9652 9619 9622
f 9710 9638 9617 9706
f 9702 9598 9645 9719
f 9669 9683 9630 9577
f 9604 9589 9672 9677
f 9632 9630 9628 9618
f 9724 9625 9598 9702
f 9638 9639 9629 9617
f 9607 9623 9750 9685
f 9631 9616 9733 9683
f 9742 9660 9697 9737
f 9738 9696 9660 9742
f 9583 9577 9630 9632
f 9712 9653 9622 9708
f 9621 9609 9610 9620
f 9733 9731 9614 9628
f 9617 9629 9627 9626
f 9706 9617 9626 9707
f 9582 9578 9640 9641
f 9604 9676 9673 9589
f 9580 9579 9639 9638
f 9579 9580 9633 9634
f 9718 9636 9599 9703
f 9699 9580 9638 9710
f 9684 9728 9616 9631
f 9618 9628 9614 9613
f 9681 9753 9650 9693
f 9747 9746 9642 9648
f 9649 9648 9642 9643
f 9581 9576 9646 9647
f 9703 9599 9637 9717
f 9698 9581 9647 9711
f 9647 9646 9652 9653
f 9716 9651 9624 9722
f 9711 9647 9653 9712
f 9734 9679 9687 9612
f 9750 9747 9648 9620
f 9734 9612 9686 9678
f 9621 9620 9648 9649
f 9609 9656 9657 9610
f 9700 9721 9605 9588
f 9603 9655 9659 9600
f 9723 9722 9624 9606
f 9637 9599 9699 9710
f 9712 9651 9645 9711
f 9590 9588 9714 9701
f 9715 9654 9606 9705
f 9625 9615 9706 9707
f 9588 9605 9704 9714
f 9743 9590 9701 9736
f 9615 9637 9710 9706
f 9711 9645 9598 9698
f 9605 9654 9715 9704
f 9598 9625 9707 9698
f 9599 9636 9709 9699
f 9624 9651 9712 9708
f 9720 9700 9588 9590
f 9740 9592 9595 9744
f 9741 9663 9664 9745
f 9739 9727 9663 9741
f 9737 9697 9665 9744
f 9736 9701 9592 9740
f 9662 9665 9666 9667
f 9667 9666 9664 9663
f 9693 9650 9644 9691
f 9682 9692 9650 9753
f 9639 9579 9732 9729
f 9646 9576 9668 9748
f 9634 9688 9732 9579
f 9610 9657 9694 9685
f 9601 9586 9673 9676
f 9586 9594 9675 9673
f 9657 9601 9676 9694
f 9751 9680 9611 9619
f 9627 9629 9728 9684
f 9576 9627 9684 9668
f 9629 9639 9729 9728
f 9652 9646 9748 9749
f 9619 9652 9749 9751
f 9745 9664 9696 9738
f 9649 9716 9722 9621
f 9587 9602 9721 9700
f 9582 9703 9717 9613
f 9583 9702 9719 9643
f 9656 9609 9723 9713
f 9632 9724 9702 9583
f 9641 9718 9703 9582
f 9618 9725 9724 9632
f 9602 9656 9713 9721
f 9593 9587 9700 9720
f 9643 9719 9716 9649
f 9705 9708 9622 9608
f 9613 9717 9725 9618
f 9748 9668 9596 9752
f 9743 9661 9727 9739
f 9752 9596 9669 9746
f 9692 9690 9644 9650
f 9719 9645 9651 9716
f 9607 9685 9694 9658
f 9607 9658 9695 9680
f 9665 9697 9660 9666
f 9664 9666 9660 9696
f 9662 9667 9661 9726
f 9663 9727 9661 9667
f 9679 9728 9729 9687
f 9670 9730 9731 9686
f 9687 9729 9732 9671
f 9686 9731 9733 9678
f 9678 9733 9616 9734
f 9734 9616 9728 9679
f 9671 9732 9735 9597
f 9597 9735 9730 9670
f 9608 9622 9619 9611
f 9590 9743 9739 9720
f 9594 9745 9738 9675
f 9726 9736 9740 9662
f 9674 9737 9744 9595
f 9720 9739 9741 9593
f 9593 9741 9745 9594
f 9662 9740 9744 9665
f 9661 9743 9736 9726
f 9675 9738 9742 9591
f 9591 9742 9737 9674
f 9691 9746 9747 9693
f 9692 9749 9748 9690
f 9693 9747 9750 9681
f 9682 9751 9749 9692
f 9644 9752 9746 9691
f 9690 9748 9752 9644
f 9681 9750 9623 9753
f 9753 9623 9751 9682
f 9846 9862 9809 9774
f 9909 9908 9756 9792
f 9872 9854 9782 9836
f 9787 9799 9900 9901
f 9798 9788 9863 9928
f 9910 9866 9813 9913
f 9924 9847 9755 9820
f 9847 9774 9809 9861
f 9885 9804 9759 9876
f 9887 9811 9758 9877
f 9821 9820 9755 9761
f 9791 9792 9756 9760
f 9804 9805 9754 9759
f 9790 9865 9849 9775
f 9867 9818 9756 9908
f 9882 9893 9833 9781
f 9858 9873 9837 9789
f 9855 9850 9762 9778
f 9770 9763 9762 9773
f 9780 9765 9764 9779
f 9879 9892 9763 9770
f 9790 9775 9848 9864
f 9899 9891 9832 9783
f 9873 9836 9782 9855
f 9913 9813 9867 9908
f 9895 9815 9793 9903
f 9892 9882 9781 9763
f 9765 9771 9772 9764
f 9763 9781 9778 9762
f 9850 9852 9773 9762
f 9903 9793 9803 9902
f 9833 9786 9789 9837
f 9851 9853 9769 9767
f 9893 9883 9786 9833
f 9834 9780 9779 9835
f 9767 9769 9852 9850
f 9873 9855 9778 9837
f 9891 9901 9784 9832
f 9858 9929 9801 9785
f 9861 9911 9806 9808
f 9784 9802 9886 9883
f 9831 9830 9797 9800
f 9888 9816 9795 9884
f 9880 9776 9823 9897
f 9847 9861 9808 9755
f 9782 9767 9850 9855
f 9810 9808 9806 9796
f 9902 9803 9776 9880
f 9816 9817 9807 9795
f 9785 9801 9928 9863
f 9809 9794 9911 9861
f 9920 9838 9875 9915
f 9916 9874 9838 9920
f 9761 9755 9808 9810
f 9890 9831 9800 9886
f 9799 9787 9788 9798
f 9911 9909 9792 9806
f 9795 9807 9805 9804
f 9884 9795 9804 9885
f 9760 9756 9818 9819
f 9782 9854 9851 9767
f 9758 9757 9817 9816
f 9757 9758 9811 9812
f 9896 9814 9777 9881
f 9877 9758 9816 9888
f 9862 9906 9794 9809
f 9796 9806 9792 9791
f 9859 9931 9828 9871
f 9925 9924 9820 9826
f 9827 9826 9820 9821
f 9759 9754 9824 9825
f 9881 9777 9815 9895
f 9876 9759 9825 9889
f 9825 9824 9830 9831
f 9894 9829 9802 9900
f 9889 9825 9831 9890
f 9912 9857 9865 9790
f 9928 9925 9826 9798
f 9912 9790 9864 9856
f 9799 9798 9826 9827
f 9787 9834 9835 9788
f 9878 9899 9783 9766
f 9781 9833 9837 9778
f 9901 9900 9802 9784
f 9815 9777 9877 9888
f 9890 9829 9823 9889
f 9768 9766 9892 9879
f 9893 9832 9784 9883
f 9803 9793 9884 9885
f 9766 9783 9882 9892
f 9921 9768 9879 9914
f 9793 9815 9888 9884
f 9889 9823 9776 9876
f 9783 9832 9893 9882
f 9776 9803 9885 9876
f 9777 9814 9887 9877
f 9802 9829 9890 9886
f 9898 9878 9766 9768
f 9918 9770 9773 9922
f 9919 9841 9842 9923
f 9917 9905 9841 9919
f 9915 9875 9843 9922
f 9914 9879 9770 9918
f 9840 9843 9844 9845
f 9845 9844 9842 9841
f 9871 9828 9822 9869
f 9860 9870 9828 9931
f 9817 9757 9910 9907
f 9824 9754 9846 9926
f 9812 9866 9910 9757
f 9788 9835 9872 9863
f 9779 9764 9851 9854
f 9764 9772 9853 9851
f 9835 9779 9854 9872
f 9929 9858 9789 9797
f 9805 9807 9906 9862
f 9754 9805 9862 9846
f 9807 9817 9907 9906
f 9830 9824 9926 9927
f 9797 9830 9927 9929
f 9923 9842 9874 9916
f 9827 9894 9900 9799
f 9765 9780 9899 9878
f 9760 9881 9895 9791
f 9761 9880 9897 9821
f 9834 9787 9901 9891
f 9810 9902 9880 9761
f 9819 9896 9881 9760
f 9796 9903 9902 9810
f 9780 9834 9891 9899
f 9771 9765 9878 9898
f 9821 9897 9894 9827
f 9883 9886 9800 9786
f 9791 9895 9903 9796
f 9926 9846 9774 9930
f 9921 9839 9905 9917
f 9930 9774 9847 9924
f 9870 9868 9822 9828
f 9897 9823 9829 9894
f 9785 9863 9872 9836
f 9785 9836 9873 9858
f 9843 9875 9838 9844
f 9842 9844 9838 9874
f 9840 9845 9839 9904
f 9841 9905 9839 9845
f 9857 9906 9907 9865
f 9848 9908 9909 9864
f 9865 9907 9910 9849
f 9864 9909 9911 9856
f 9856 9911 9794 9912
f 9912 9794 9906 9857
f 9849 9910 9913 9775
f 9775 9913 9908 9848
f 9786 9800 9797 9789
f 9768 9921 9917 9898
f 9772 9923 9916 9853
f 9904 9914 9918 9840
f 9852 9915 9922 9773
f 9898 9917 9919 9771
f 9771 9919 9923 9772
f 9840 9918 9922 9843
f 9839 9921 9914 9904
f 9853 9916 9920 9769
f 9769 9920 9915 9852
f 9869 9924 9925 9871
f 9870 9927 9926 9868
f 9871 9925 9928 9859
f 9860 9929 9927 9870
f 9822 9930 9924 9869
f 9868 9926 9930 9822
f 9859 9928 9801 9931
f 9931 9801 9929 9860
f 10024 10040 9987 9952
f 10087 10086 9934 9970
f 10050 10032 9960 10014
f 9965 9977 10078 10079
f 9976 9966 10041 10106
f 10088 10044 9991 10091
f 10102 10025 9933 9998
f 10025 9952 9987 10039
f 10063 9982 9937 10054
f 10065 9989 9936 10055
f 9999 9998 9933 9939
f 9969 9970 9934 9938
f 9982 9983 9932 9937
f 9968 10043 10027 9953
f 10045 9996 9934 10086
f 10060 10071 10011 9959
f 10036 10051 10015 9967
f 10033 10028 9940 9956
f 9948 9941 9940 9951
f 9958 9943 9942 9957
f 10057 10070 9941 9948
f 9968 9953 10026 10042
f 10077 10069 10010 9961
f 10051 10014 9960 10033
f 10091 9991 10045 10086
f 10073 9993 9971 10081
f 10070 10060 9959 9941
f 9943 9949 9950 9942
f 9941 9959 9956 9940
f 10028 10030 9951 9940
f 10081 9971 9981 10080
f 10011 9964 9967 10015
f 10029 10031 9947 9945
f 10071 10061 9964 10011
f 10012 9958 9957 10013
f 9945 9947 10030 10028
f 10051 10033 9956 10015
f 10069 10079 9962 10010
f 10036 10107 9979 9963
f 10039 10089 9984 9986
f 9962 9980 10064 10061
f 10009 10008 9975 9978
f 10066 9994 9973 10062
f 10058 9954 10001 10075
f 10025 10039 9986 9933
f 9960 9945 10028 10033
f 9988 9986 9984 9974
f 10080 9981 9954 10058
f 9994 9995 9985 9973
f 9963 9979 10106 10041
f 9987 9972 10089 10039
f 10098 10016 10053 10093
f 10094 10052 10016 10098
f 9939 9933 9986 9988
f 10068 10009 9978 10064
f 9977 9965 9966 9976
f 10089 10087 9970 9984
f 9973 9985 9983 9982
f 10062 9973 9982 10063
f 9938 9934 9996 9997
f 9960 10032 10029 9945
f 9936 9935 9995 9994
f 9935 9936 9989 9990
f 10074 9992 9955 10059
f 10055 9936 9994 10066
f 10040 10084 9972 9987
f 9974 9984 9970 9969
f 10037 10109 10006 10049
f 10103 10102 9998 10004
f 10005 10004 9998 9999
f 9937 9932 10002 10003
f 10059 9955 9993 10073
f 10054 9937 10003 10067
f 10003 10002 10008 10009
f 10072 10007 9980 10078
f 10067 10003 10009 10068
f 10090 10035 10043 9968
f 10106 10103 10004 9976
f 10090 9968 10042 10034
f 9977 9976 10004 10005
f 9965 10012 10013 9966
f 10056 10077 9961 9944
f 9959 10011 10015 9956
f 10079 10078 9980 9962
f 9993 9955 10055 10066
f 10068 10007 10001 10067
f 9946 9944 10070 10057
f 10071 10010 9962 10061
f 9981 9971 10062 10063
f 9944 9961 10060 10070
f 10099 9946 10057 10092
f 9971 9993 10066 10062
f 10067 10001 9954 10054
f 9961 10010 10071 10060
f 9954 9981 10063 10054
f 9955 9992 10065 10055
f 9980 10007 10068 10064
f 10076 10056 9944 9946
f 10096 9948 9951 10100
f 10097 10019 10020 10101
f 10095 10083 10019 10097
f 10093 10053 10021 10100
f 10092 10057 9948 10096
f 10018 10021 10022 10023
f 10023 10022 10020 10019
f 10049 10006 10000 10047
f 10038 10048 10006 10109
f 9995 9935 10088 10085
f 10002 9932 10024 10104
f 9990 10044 10088 9935
f 9966 10013 10050 10041
f 9957 9942 10029 10032
f 9942 9950 10031 10029
f 10013 9957 10032 10050
f 10107 10036 9967 9975
f 9983 9985 10084 10040
f 9932 9983 10040 10024
f 9985 9995 10085 10084
f 10008 10002 10104 10105
f 9975 10008 10105 10107
f 10101 10020 10052 10094
f 10005 10072 10078 9977
f 9943 9958 10077 10056
f 9938 10059 10073 9969
f 9939 10058 10075 9999
f 10012 9965 10079 10069
f 9988 10080 10058 9939
f 9997 10074 10059 9938
f 9974 10081 10080 9988
f 9958 10012 10069 10077
f 9949 9943 10056 10076
f 9999 10075 10072 10005
f 10061 10064 9978 9964
f 9969 10073 10081 9974
f 10104 10024 9952 10108
f 10099 10017 10083 10095
f 10108 9952 10025 10102
f 10048 10046 10000 10006
f 10075 10001 10007 10072
f 9963 10041 10050 10014
f 9963 10014 10051 10036
f 10021 10053 10016 10022
f 10020 10022 10016 10052
f 10018 10023 10017 10082
f 10019 10083 10017 10023
f 10035 10084 10085 10043
f 10026 10086 10087 10042
f 10043 10085 10088 10027
f 10042 10087 10089 10034
f 10034 10089 9972 10090
f 10090 9972 10084 10035
f 10027 10088 10091 9953
f 9953 10091 10086 10026
f 9964 9978 9975 9967
f 9946 10099 10095 10076
f 9950 10101 10094 10031
f 10082 10092 10096 10018
f 10030 10093 10100 9951
f 10076 10095 10097 9949
f 9949 10097 10101 9950
f 10018 10096 10100 10021
f 10017 10099 10092 10082
f 10031 10094 10098 9947
f 9947 10098 10093 10030
f 10047 10102 10103 10049
f 10048 10105 10104 10046
f 10049 10103 10106 10037
f 10038 10107 10105 10048
f 10000 10108 10102 10047
f 10046 10104 10108 10000
f 10037 10106 9979 10109
f 10109 9979 10107 10038
f 8447 8310 9635 9688
f 8310 8446 9689 9635
f 8446 8306 9640 9689
f 8306 8308 9641 9640
f 8308 8487 9718 9641
f 8487 9316 9636 9718
f 9316 8486 9709 9636
f 8486 8309 9633 9709
f 8309 8307 9634 9633
f 8307 8447 9688 9634
f 8312 8449 9866 9812
f 8449 8315 9813 9866
f 8315 8448 9867 9813
f 8448 8311 9818 9867
f 8311 8313 9819 9818
f 8313 8489 9896 9819
f 8489 9315 9814 9896
f 9315 8488 9887 9814
f 8488 8314 9811 9887
f 8314 8312 9812 9811
f 8319 8317 9990 9989
f 8317 8451 10044 9990
f 8451 8320 9991 10044
f 8320 8450 10045 9991
f 8450 8316 9996 10045
f 8316 8318 9997 9996
f 8318 9313 10074 9997
f 9313 9314 9992 10074
f 9314 8490 10065 9992
f 8490 8319 9989 10065
f 8405 10125 10121 10114
f 8401 10127 10120 8337
f 10116 10118 10122 8353
f 8338 10119 10126 8400
f 10114 10121 10123 8402
f 8402 10123 10127 8401
f 8353 10122 10126 8350
f 8354 10125 10118 10116
f 8337 10120 10124 8404
f 8404 10124 10119 8338
f 8374 8380 8332 8333
f 8334 8331 8356 8378
f 8358 8397 8580 8571
f 8372 10129 10128 8369
f 8363 10131 10130 8323
f 8324 10132 10133 8360
f 8366 10134 10132 8324
f 8323 10130 10129 8372
f 8364 10135 10131 8363
f 8369 10128 10134 8366
f 8360 10133 10135 8364
f 10247 10235 10164 10199
f 10169 10179 10274 10275
f 10178 10170 10242 10437
f 10433 10228 10137 10183
f 10229 10157 10284 10327
f 10184 10183 10137 10142
f 10261 10269 10196 10163
f 10239 10248 10200 10171
f 10236 10231 10144 10160
f 10152 10145 10144 10155
f 10162 10147 10146 10161
f 10258 10268 10145 10152
f 10273 10267 10195 10165
f 10248 10199 10164 10236
f 10418 10172 10404 10383
f 10268 10261 10163 10145
f 10147 10153 10154 10146
f 10145 10163 10160 10144
f 10231 10233 10155 10144
f 10196 10168 10171 10200
f 10232 10234 10151 10149
f 10269 10262 10168 10196
f 10197 10162 10161 10198
f 10149 10151 10233 10231
f 10248 10236 10160 10200
f 10416 10175 10388 10174
f 10175 10238 10300 10388
f 10404 10172 10415 10173
f 10284 10157 10230 10287
f 10267 10275 10166 10195
f 10239 10438 10181 10167
f 10166 10182 10264 10262
f 10194 10193 10177 10180
f 10259 10158 10186 10271
f 10164 10149 10231 10236
f 10167 10181 10437 10242
f 10429 10202 10250 10424
f 10425 10249 10202 10429
f 10266 10194 10180 10264
f 10179 10169 10170 10178
f 10238 10176 10392 10300
f 10164 10235 10232 10149
f 10240 10440 10191 10246
f 10434 10433 10183 10189
f 10190 10189 10183 10184
f 10140 10136 10187 10188
f 10255 10140 10188 10265
f 10188 10187 10193 10194
f 10270 10192 10182 10274
f 10265 10188 10194 10266
f 10437 10434 10189 10178
f 10179 10178 10189 10190
f 10169 10197 10198 10170
f 10257 10273 10165 10148
f 10163 10196 10200 10160
f 10275 10274 10182 10166
f 10266 10192 10186 10265
f 10150 10148 10268 10258
f 10269 10195 10166 10262
f 10148 10165 10261 10268
f 10430 10150 10258 10423
f 10265 10186 10158 10255
f 10165 10195 10269 10261
f 10182 10192 10266 10264
f 10272 10257 10148 10150
f 10427 10152 10155 10431
f 10428 10205 10206 10432
f 10426 10277 10205 10428
f 10424 10250 10207 10431
f 10423 10258 10152 10427
f 10204 10207 10208 10209
f 10209 10208 10206 10205
f 10246 10191 10185 10244
f 10278 10294 10296 10225
f 10241 10245 10191 10440
f 10326 10285 10214 10252
f 10251 10214 10285 10315
f 10301 10286 10219 10254
f 10253 10219 10286 10324
f 10251 10315 10318 10311
f 10217 10215 10221 10223
f 10253 10324 10224 10222
f 10252 10211 10323 10307
f 10301 10318 10315 10345
f 10187 10136 10227 10435
f 10170 10198 10247 10242
f 10161 10146 10232 10235
f 10146 10154 10234 10232
f 10198 10161 10235 10247
f 10438 10239 10171 10177
f 10193 10187 10435 10436
f 10177 10193 10436 10438
f 10432 10206 10249 10425
f 10263 10237 10176 10290
f 10201 10238 10175 10292
f 10190 10270 10274 10179
f 10147 10162 10273 10257
f 10142 10259 10271 10184
f 10197 10169 10275 10267
f 10162 10197 10267 10273
f 10153 10147 10257 10272
f 10184 10271 10270 10190
f 10262 10264 10180 10168
f 10435 10227 10156 10439
f 10287 10230 10139 10282
f 10256 10288 10283 10143
f 10282 10139 10143 10283
f 10430 10203 10277 10426
f 10439 10156 10228 10433
f 10212 10210 10319 10328
f 10254 10216 10319 10311
f 10229 10327 10226 10307
f 10141 10138 10323 10321
f 10326 10226 10327 10346
f 10245 10243 10185 10191
f 10271 10186 10192 10270
f 10307 10323 10138 10229
f 10307 10226 10326 10252
f 10311 10319 10210 10251
f 10311 10318 10301 10254
f 10280 10292 10297 10220
f 10222 10221 10215 10253
f 10334 10299 10381 10379
f 10321 10323 10211 10213
f 10328 10319 10216 10218
f 10322 10281 10217 10223
f 10322 10263 10290 10281
f 10363 10310 10369 10308
f 10309 10406 10412 10368
f 10313 10408 10405 10298
f 10385 10386 10377 10376
f 10167 10242 10247 10199
f 10167 10199 10248 10239
f 10287 10282 10289 10344
f 10282 10283 10333 10289
f 10380 10337 10330 10381
f 10291 10333 10283 10288
f 10225 10296 10295 10260
f 10225 10321 10213 10278
f 10260 10141 10321 10225
f 10220 10328 10218 10280
f 10220 10297 10293 10279
f 10279 10212 10328 10220
f 10288 10256 10159 10341
f 10316 10317 10371 10302
f 10332 10411 10410 10320
f 10295 10341 10159 10260
f 10340 10339 10279 10293
f 10201 10338 10281 10290
f 10340 10417 10173 10294
f 10290 10176 10238 10201
f 10294 10173 10415 10296
f 10312 10332 10320 10304
f 10306 10298 10317 10316
f 10308 10369 10309 10364
f 10285 10348 10349 10315
f 10326 10350 10348 10285
f 10346 10352 10350 10326
f 10315 10349 10351 10345
f 10301 10354 10353 10286
f 10324 10355 10357 10347
f 10345 10356 10354 10301
f 10286 10353 10355 10324
f 10284 10358 10360 10327
f 10287 10359 10358 10284
f 10344 10361 10359 10287
f 10327 10360 10362 10346
f 10361 10367 10358 10359
f 10362 10360 10358 10367
f 10365 10348 10350 10352
f 10348 10365 10351 10349
f 10366 10353 10354 10356
f 10357 10355 10353 10366
f 10385 10376 10336 10387
f 10304 10320 10310 10363
f 10310 10407 10413 10369
f 10302 10371 10332 10312
f 10405 10408 10373 10409
f 10329 10313 10298 10306
f 10364 10309 10368 10303
f 10342 10305 10331 10335
f 10317 10409 10414 10371
f 10335 10330 10325 10342
f 10372 10325 10330 10337
f 10298 10405 10409 10317
f 10320 10410 10407 10310
f 10379 10381 10330 10335
f 10314 10380 10381 10299
f 10331 10378 10379 10335
f 10336 10334 10379 10378
f 10297 10416 10174 10293
f 10292 10175 10416 10297
f 10391 10378 10331 10390
f 10391 10387 10336 10378
f 10293 10174 10417 10340
f 10383 10404 10384 10382
f 10389 10367 10361 10390
f 10389 10393 10362 10367
f 10393 10394 10346 10362
f 10394 10395 10352 10346
f 10396 10365 10352 10395
f 10396 10397 10351 10365
f 10397 10398 10345 10351
f 10398 10399 10356 10345
f 10400 10366 10356 10399
f 10400 10401 10357 10366
f 10401 10402 10347 10357
f 10364 10303 10402 10401
f 10308 10364 10401 10400
f 10308 10400 10399 10363
f 10304 10363 10399 10398
f 10312 10304 10398 10397
f 10302 10312 10397 10396
f 10302 10396 10395 10316
f 10306 10316 10395 10394
f 10329 10306 10394 10393
f 10305 10329 10393 10389
f 10305 10389 10390 10331
f 10340 10294 10278 10339
f 10344 10289 10387 10391
f 10344 10391 10390 10361
f 10377 10386 10383 10382
f 10174 10388 10403 10417
f 10333 10385 10387 10289
f 10333 10291 10386 10385
f 10369 10413 10406 10309
f 10371 10414 10411 10332
f 10338 10201 10292 10280
f 10296 10415 10172 10295
f 10300 10420 10421 10388
f 10295 10172 10418 10341
f 10207 10250 10202 10208
f 10206 10208 10202 10249
f 10204 10209 10203 10276
f 10205 10277 10203 10209
f 10325 10372 10373 10408
f 10342 10325 10408 10313
f 10410 10411 10374 10407
f 10413 10375 10370 10406
f 10413 10407 10374 10375
f 10374 10411 10414 10343
f 10409 10373 10343 10414
f 10402 10535 10508 10347
f 10329 10305 10342 10313
f 10403 10404 10173 10417
f 10300 10392 10419 10420
f 10383 10386 10291 10418
f 10291 10288 10341 10418
f 10347 10508 10506 10483
f 10388 10421 10422 10403
f 10403 10422 10384 10404
f 10412 10406 10370 10549
f 10168 10180 10177 10171
f 10150 10430 10426 10272
f 10154 10432 10425 10234
f 10276 10423 10427 10204
f 10233 10424 10431 10155
f 10272 10426 10428 10153
f 10153 10428 10432 10154
f 10204 10427 10431 10207
f 10203 10430 10423 10276
f 10234 10425 10429 10151
f 10151 10429 10424 10233
f 10244 10433 10434 10246
f 10245 10436 10435 10243
f 10246 10434 10437 10240
f 10241 10438 10436 10245
f 10185 10439 10433 10244
f 10243 10435 10439 10185
f 10240 10437 10181 10440
f 10440 10181 10438 10241
f 10237 10441 10392 10176
f 10460 10442 10534 10481
f 10501 10502 10479 10553
f 10443 10534 10442 10459
f 10530 10480 10553 10479
f 10483 10470 10449 10462
f 10461 10449 10470 10493
f 10474 10463 10454 10473
f 10494 10473 10454 10464
f 10464 10451 10455 10456
f 10447 10445 10455 10457
f 10461 10493 10458 10456
f 10303 10368 10490 10515
f 10443 10553 10480 10534
f 10465 10459 10442 10475
f 10444 10460 10441 10476
f 10472 10452 10450 10471
f 10463 10474 10471 10450
f 10485 10521 10547 10517
f 10462 10446 10221 10222
f 10504 10494 10458 10493
f 10222 10224 10483 10462
f 10467 10476 10263 10322
f 10456 10458 10494 10464
f 10456 10455 10445 10461
f 10527 10528 10513 10520
f 10527 10529 10517 10487
f 10223 10221 10446 10448
f 10492 10468 10447 10457
f 10469 10466 10465 10492
f 10457 10455 10451 10453
f 10492 10465 10475 10468
f 10515 10490 10522 10488
f 10489 10548 10550 10521
f 10472 10471 10477 10478
f 10503 10477 10471 10474
f 10469 10492 10457 10453
f 10484 10486 10497 10491
f 10540 10491 10497 10539
f 10322 10223 10448 10467
f 10472 10502 10498 10452
f 10498 10502 10501 10499
f 10472 10478 10479 10502
f 10444 10500 10468 10475
f 10501 10553 10443 10466
f 10466 10443 10459 10465
f 10475 10442 10460 10444
f 10488 10522 10489 10516
f 10483 10506 10505 10470
f 10493 10507 10509 10504
f 10483 10224 10324 10347
f 10470 10505 10507 10493
f 10504 10514 10512 10494
f 10473 10510 10511 10474
f 10494 10512 10510 10473
f 10474 10511 10513 10503
f 10519 10505 10506 10508
f 10509 10507 10505 10519
f 10520 10510 10512 10514
f 10513 10511 10510 10520
f 10551 10549 10370 10525
f 10490 10549 10551 10522
f 10495 10540 10539 10496
f 10516 10489 10521 10485
f 10368 10412 10549 10490
f 10528 10531 10503 10513
f 10531 10486 10484 10532
f 10532 10484 10482 10533
f 10533 10482 10526 10530
f 10501 10466 10469 10499
f 10476 10441 10237 10263
f 10441 10460 10481 10392
f 10536 10519 10508 10535
f 10536 10537 10509 10519
f 10537 10538 10504 10509
f 10529 10538 10485 10517
f 10514 10504 10538 10529
f 10516 10485 10538 10537
f 10488 10516 10537 10536
f 10488 10536 10535 10515
f 10303 10515 10535 10402
f 10479 10478 10533 10530
f 10477 10532 10533 10478
f 10503 10531 10532 10477
f 10518 10486 10531 10528
f 10520 10514 10529 10527
f 10487 10518 10528 10527
f 10522 10551 10548 10489
f 10521 10550 10552 10547
f 10496 10539 10546 10543
f 10500 10444 10476 10467
f 10481 10555 10419 10392
f 10544 10554 10534 10480
f 10542 10546 10545 10541
f 10539 10497 10545 10546
f 10497 10486 10518 10545
f 10518 10487 10541 10545
f 10550 10548 10523 10552
f 10551 10525 10523 10548
f 10487 10517 10547 10541
f 10542 10541 10547 10552
f 10523 10524 10542 10552
f 10481 10534 10554 10555
f 10544 10480 10530 10526
f 10543 10546 10542 10524
f 10227 10230 10157 10156
f 10228 10156 10157 10229
f 10227 10136 10139 10230
f 10143 10139 10136 10140
f 10255 10256 10143 10140
f 10255 10158 10159 10256
f 10259 10260 10159 10158
f 10259 10142 10141 10260
f 10141 10142 10137 10138
f 10228 10229 10138 10137
f 10634 10624 10578 10608
f 10583 10588 10654 10655
f 10587 10584 10629 10672
f 10668 10619 10557 10592
f 10593 10592 10557 10559
f 10642 10649 10605 10577
f 10626 10635 10609 10585
f 10625 10620 10560 10574
f 10568 10561 10560 10571
f 10576 10563 10562 10575
f 10640 10648 10561 10568
f 10653 10647 10604 10579
f 10635 10608 10578 10625
f 10648 10642 10577 10561
f 10563 10569 10570 10562
f 10561 10577 10574 10560
f 10620 10622 10571 10560
f 10605 10582 10585 10609
f 10621 10623 10567 10565
f 10649 10643 10582 10605
f 10606 10576 10575 10607
f 10565 10567 10622 10620
f 10635 10625 10574 10609
f 10647 10655 10580 10604
f 10626 10673 10590 10581
f 10580 10591 10644 10643
f 10603 10602 10586 10589
f 10641 10573 10595 10651
f 10578 10565 10620 10625
f 10581 10590 10672 10629
f 10664 10610 10637 10659
f 10660 10636 10610 10664
f 10646 10603 10589 10644
f 10588 10583 10584 10587
f 10578 10624 10621 10565
f 10627 10675 10600 10633
f 10669 10668 10592 10598
f 10599 10598 10592 10593
f 10558 10556 10596 10597
f 10638 10558 10597 10645
f 10597 10596 10602 10603
f 10650 10601 10591 10654
f 10645 10597 10603 10646
f 10672 10669 10598 10587
f 10588 10587 10598 10599
f 10583 10606 10607 10584
f 10639 10653 10579 10564
f 10577 10605 10609 10574
f 10655 10654 10591 10580
f 10646 10601 10595 10645
f 10566 10564 10648 10640
f 10649 10604 10580 10643
f 10564 10579 10642 10648
f 10665 10566 10640 10658
f 10645 10595 10573 10638
f 10579 10604 10649 10642
f 10591 10601 10646 10644
f 10652 10639 10564 10566
f 10662 10568 10571 10666
f 10663 10613 10614 10667
f 10661 10657 10613 10663
f 10659 10637 10615 10666
f 10658 10640 10568 10662
f 10612 10615 10616 10617
f 10617 10616 10614 10613
f 10633 10600 10594 10631
f 10628 10632 10600 10675
f 10596 10556 10618 10670
f 10584 10607 10634 10629
f 10575 10562 10621 10624
f 10562 10570 10623 10621
f 10607 10575 10624 10634
f 10673 10626 10585 10586
f 10602 10596 10670 10671
f 10586 10602 10671 10673
f 10667 10614 10636 10660
f 10599 10650 10654 10588
f 10563 10576 10653 10639
f 10559 10641 10651 10593
f 10606 10583 10655 10647
f 10576 10606 10647 10653
f 10569 10563 10639 10652
f 10593 10651 10650 10599
f 10643 10644 10589 10582
f 10670 10618 10572 10674
f 10665 10611 10657 10661
f 10674 10572 10619 10668
f 10632 10630 10594 10600
f 10651 10595 10601 10650
f 10581 10629 10634 10608
f 10581 10608 10635 10626
f 10615 10637 10610 10616
f 10614 10616 10610 10636
f 10612 10617 10611 10656
f 10613 10657 10611 10617
f 10582 10589 10586 10585
f 10566 10665 10661 10652
f 10570 10667 10660 10623
f 10656 10658 10662 10612
f 10622 10659 10666 10571
f 10652 10661 10663 10569
f 10569 10663 10667 10570
f 10612 10662 10666 10615
f 10611 10665 10658 10656
f 10623 10660 10664 10567
f 10567 10664 10659 10622
f 10631 10668 10669 10633
f 10632 10671 10670 10630
f 10633 10669 10672 10627
f 10628 10673 10671 10632
f 10594 10674 10668 10631
f 10630 10670 10674 10594
f 10627 10672 10590 10675
f 10675 10590 10673 10628
f 10710 10687 10572 10618
f 10687 10708 10619 10572
f 10708 10689 10557 10619
f 10689 10690 10559 10557
f 10690 10691 10641 10559
f 10691 10692 10573 10641
f 10692 10693 10638 10573
f 10693 10694 10558 10638
f 10694 10695 10556 10558
f 10695 10710 10618 10556
f 10704 10706 10707 10685
f 10703 10704 10685 10684
f 10702 10703 10684 10683
f 10701 10702 10683 10682
f 10700 10701 10682 10681
f 10699 10700 10681 10680
f 10698 10699 10680 10679
f 10712 10698 10679 10709
f 10696 10697 10678 10677
f 10705 10696 10677 10676
f 10685 10707 10710 10695
f 10684 10685 10695 10694
f 10683 10684 10694 10693
f 10682 10683 10693 10692
f 10681 10682 10692 10691
f 10680 10681 10691 10690
f 10679 10680 10690 10689
f 10709 10679 10689 10708
f 10677 10678 10688 10711
f 10676 10677 10711 10686
f 10252 10214 10713 10706
f 10214 10251 10712 10713
f 10251 10210 10698 10712
f 10210 10212 10699 10698
f 10212 10279 10700 10699
f 10279 10339 10701 10700
f 10339 10278 10702 10701
f 10278 10213 10703 10702
f 10213 10211 10704 10703
f 10211 10252 10706 10704
f 10676 10707 10706 10705
f 10678 10709 10708 10688
f 10686 10710 10707 10676
f 10688 10708 10687 10711
f 10711 10687 10710 10686
f 10697 10712 10709 10678
f 10705 10706 10713 10696
f 10696 10713 10712 10697
f 10792 10782 10736 10766
f 10741 10746 10812 10813
f 10745 10742 10787 10830
f 10826 10777 10715 10750
f 10751 10750 10715 10717
f 10800 10807 10763 10735
f 10784 10793 10767 10743
f 10783 10778 10718 10732
f 10726 10719 10718 10729
f 10734 10721 10720 10733
f 10798 10806 10719 10726
f 10811 10805 10762 10737
f 10793 10766 10736 10783
f 10806 10800 10735 10719
f 10721 10727 10728 10720
f 10719 10735 10732 10718
f 10778 10780 10729 10718
f 10763 10740 10743 10767
f 10779 10781 10725 10723
f 10807 10801 10740 10763
f 10764 10734 10733 10765
f 10723 10725 10780 10778
f 10793 10783 10732 10767
f 10805 10813 10738 10762
f 10784 10831 10748 10739
f 10738 10749 10802 10801
f 10761 10760 10744 10747
f 10799 10731 10753 10809
f 10736 10723 10778 10783
f 10739 10748 10830 10787
f 10822 10768 10795 10817
f 10818 10794 10768 10822
f 10804 10761 10747 10802
f 10746 10741 10742 10745
f 10736 10782 10779 10723
f 10785 10833 10758 10791
f 10827 10826 10750 10756
f 10757 10756 10750 10751
f 10716 10714 10754 10755
f 10796 10716 10755 10803
f 10755 10754 10760 10761
f 10808 10759 10749 10812
f 10803 10755 10761 10804
f 10830 10827 10756 10745
f 10746 10745 10756 10757
f 10741 10764 10765 10742
f 10797 10811 10737 10722
f 10735 10763 10767 10732
f 10813 10812 10749 10738
f 10804 10759 10753 10803
f 10724 10722 10806 10798
f 10807 10762 10738 10801
f 10722 10737 10800 10806
f 10823 10724 10798 10816
f 10803 10753 10731 10796
f 10737 10762 10807 10800
f 10749 10759 10804 10802
f 10810 10797 10722 10724
f 10820 10726 10729 10824
f 10821 10771 10772 10825
f 10819 10815 10771 10821
f 10817 10795 10773 10824
f 10816 10798 10726 10820
f 10770 10773 10774 10775
f 10775 10774 10772 10771
f 10791 10758 10752 10789
f 10786 10790 10758 10833
f 10754 10714 10776 10828
f 10742 10765 10792 10787
f 10733 10720 10779 10782
f 10720 10728 10781 10779
f 10765 10733 10782 10792
f 10831 10784 10743 10744
f 10760 10754 10828 10829
f 10744 10760 10829 10831
f 10825 10772 10794 10818
f 10757 10808 10812 10746
f 10721 10734 10811 10797
f 10717 10799 10809 10751
f 10764 10741 10813 10805
f 10734 10764 10805 10811
f 10727 10721 10797 10810
f 10751 10809 10808 10757
f 10801 10802 10747 10740
f 10828 10776 10730 10832
f 10823 10769 10815 10819
f 10832 10730 10777 10826
f 10790 10788 10752 10758
f 10809 10753 10759 10808
f 10739 10787 10792 10766
f 10739 10766 10793 10784
f 10773 10795 10768 10774
f 10772 10774 10768 10794
f 10770 10775 10769 10814
f 10771 10815 10769 10775
f 10740 10747 10744 10743
f 10724 10823 10819 10810
f 10728 10825 10818 10781
f 10814 10816 10820 10770
f 10780 10817 10824 10729
f 10810 10819 10821 10727
f 10727 10821 10825 10728
f 10770 10820 10824 10773
f 10769 10823 10816 10814
f 10781 10818 10822 10725
f 10725 10822 10817 10780
f 10789 10826 10827 10791
f 10790 10829 10828 10788
f 10791 10827 10830 10785
f 10786 10831 10829 10790
f 10752 10832 10826 10789
f 10788 10828 10832 10752
f 10785 10830 10748 10833
f 10833 10748 10831 10786
f 10868 10845 10730 10776
f 10845 10866 10777 10730
f 10866 10847 10715 10777
f 10847 10848 10717 10715
f 10848 10849 10799 10717
f 10849 10850 10731 10799
f 10850 10851 10796 10731
f 10851 10852 10716 10796
f 10852 10853 10714 10716
f 10853 10868 10776 10714
f 10862 10864 10865 10843
f 10861 10862 10843 10842
f 10860 10861 10842 10841
f 10859 10860 10841 10840
f 10858 10859 10840 10839
f 10857 10858 10839 10838
f 10856 10857 10838 10837
f 10870 10856 10837 10867
f 10854 10855 10836 10835
f 10863 10854 10835 10834
f 10843 10865 10868 10853
f 10842 10843 10853 10852
f 10841 10842 10852 10851
f 10840 10841 10851 10850
f 10839 10840 10850 10849
f 10838 10839 10849 10848
f 10837 10838 10848 10847
f 10867 10837 10847 10866
f 10835 10836 10846 10869
f 10834 10835 10869 10844
f 10834 10865 10864 10863
f 10836 10867 10866 10846
f 10844 10868 10865 10834
f 10846 10866 10845 10869
f 10869 10845 10868 10844
f 10855 10870 10867 10836
f 10863 10864 10871 10854
f 10854 10871 10870 10855
f 10216 10254 10864 10862
f 10254 10219 10871 10864
f 10219 10253 10870 10871
f 10253 10215 10856 10870
f 10215 10217 10857 10856
f 10217 10281 10858 10857
f 10281 10338 10859 10858
f 10338 10280 10860 10859
f 10280 10218 10861 10860
f 10218 10216 10862 10861
f 10950 10940 10894 10924
f 10899 10904 10970 10971
f 10903 10900 10945 10988
f 10984 10935 10873 10908
f 10909 10908 10873 10875
f 10958 10965 10921 10893
f 10942 10951 10925 10901
f 10941 10936 10876 10890
f 10884 10877 10876 10887
f 10892 10879 10878 10891
f 10956 10964 10877 10884
f 10969 10963 10920 10895
f 10951 10924 10894 10941
f 10964 10958 10893 10877
f 10879 10885 10886 10878
f 10877 10893 10890 10876
f 10936 10938 10887 10876
f 10921 10898 10901 10925
f 10937 10939 10883 10881
f 10965 10959 10898 10921
f 10922 10892 10891 10923
f 10881 10883 10938 10936
f 10951 10941 10890 10925
f 10963 10971 10896 10920
f 10942 10989 10906 10897
f 10896 10907 10960 10959
f 10919 10918 10902 10905
f 10957 10889 10911 10967
f 10894 10881 10936 10941
f 10897 10906 10988 10945
f 10980 10926 10953 10975
f 10976 10952 10926 10980
f 10962 10919 10905 10960
f 10904 10899 10900 10903
f 10894 10940 10937 10881
f 10943 10991 10916 10949
f 10985 10984 10908 10914
f 10915 10914 10908 10909
f 10874 10872 10912 10913
f 10954 10874 10913 10961
f 10913 10912 10918 10919
f 10966 10917 10907 10970
f 10961 10913 10919 10962
f 10988 10985 10914 10903
f 10904 10903 10914 10915
f 10899 10922 10923 10900
f 10955 10969 10895 10880
f 10893 10921 10925 10890
f 10971 10970 10907 10896
f 10962 10917 10911 10961
f 10882 10880 10964 10956
f 10965 10920 10896 10959
f 10880 10895 10958 10964
f 10981 10882 10956 10974
f 10961 10911 10889 10954
f 10895 10920 10965 10958
f 10907 10917 10962 10960
f 10968 10955 10880 10882
f 10978 10884 10887 10982
f 10979 10929 10930 10983
f 10977 10973 10929 10979
f 10975 10953 10931 10982
f 10974 10956 10884 10978
f 10928 10931 10932 10933
f 10933 10932 10930 10929
f 10949 10916 10910 10947
f 10944 10948 10916 10991
f 10912 10872 10934 10986
f 10900 10923 10950 10945
f 10891 10878 10937 10940
f 10878 10886 10939 10937
f 10923 10891 10940 10950
f 10989 10942 10901 10902
f 10918 10912 10986 10987
f 10902 10918 10987 10989
f 10983 10930 10952 10976
f 10915 10966 10970 10904
f 10879 10892 10969 10955
f 10875 10957 10967 10909
f 10922 10899 10971 10963
f 10892 10922 10963 10969
f 10885 10879 10955 10968
f 10909 10967 10966 10915
f 10959 10960 10905 10898
f 10986 10934 10888 10990
f 10981 10927 10973 10977
f 10990 10888 10935 10984
f 10948 10946 10910 10916
f 10967 10911 10917 10966
f 10897 10945 10950 10924
f 10897 10924 10951 10942
f 10931 10953 10926 10932
f 10930 10932 10926 10952
f 10928 10933 10927 10972
f 10929 10973 10927 10933
f 10898 10905 10902 10901
f 10882 10981 10977 10968
f 10886 10983 10976 10939
f 10972 10974 10978 10928
f 10938 10975 10982 10887
f 10968 10977 10979 10885
f 10885 10979 10983 10886
f 10928 10978 10982 10931
f 10927 10981 10974 10972
f 10939 10976 10980 10883
f 10883 10980 10975 10938
f 10947 10984 10985 10949
f 10948 10987 10986 10946
f 10949 10985 10988 10943
f 10944 10989 10987 10948
f 10910 10990 10984 10947
f 10946 10986 10990 10910
f 10943 10988 10906 10991
f 10991 10906 10989 10944
f 11026 11003 10888 10934
f 11003 11024 10935 10888
f 11024 11005 10873 10935
f 11005 11006 10875 10873
f 11006 11007 10957 10875
f 11007 11008 10889 10957
f 11008 11009 10954 10889
f 11009 11010 10874 10954
f 11010 11011 10872 10874
f 11011 11026 10934 10872
f 11020 11022 11023 11001
f 11019 11020 11001 11000
f 11018 11019 11000 10999
f 11017 11018 10999 10998
f 11016 11017 10998 10997
f 11015 11016 10997 10996
f 11014 11015 10996 10995
f 11028 11014 10995 11025
f 11012 11013 10994 10993
f 11021 11012 10993 10992
f 11001 11023 11026 11011
f 11000 11001 11011 11010
f 10999 11000 11010 11009
f 10998 10999 11009 11008
f 10997 10998 11008 11007
f 10996 10997 11007 11006
f 10995 10996 11006 11005
f 11025 10995 11005 11024
f 10993 10994 11004 11027
f 10992 10993 11027 11002
f 10992 11023 11022 11021
f 10994 11025 11024 11004
f 11002 11026 11023 10992
f 11004 11024 11003 11027
f 11027 11003 11026 11002
f 11013 11028 11025 10994
f 11021 11022 11029 11012
f 11012 11029 11028 11013
f 11108 11098 11052 11082
f 11057 11062 11128 11129
f 11061 11058 11103 11146
f 11142 11093 11031 11066
f 11067 11066 11031 11033
f 11116 11123 11079 11051
f 11100 11109 11083 11059
f 11099 11094 11034 11048
f 11042 11035 11034 11045
f 11050 11037 11036 11049
f 11114 11122 11035 11042
f 11127 11121 11078 11053
f 11109 11082 11052 11099
f 11122 11116 11051 11035
f 11037 11043 11044 11036
f 11035 11051 11048 11034
f 11094 11096 11045 11034
f 11079 11056 11059 11083
f 11095 11097 11041 11039
f 11123 11117 11056 11079
f 11080 11050 11049 11081
f 11039 11041 11096 11094
f 11109 11099 11048 11083
f 11121 11129 11054 11078
f 11100 11147 11064 11055
f 11054 11065 11118 11117
f 11077 11076 11060 11063
f 11115 11047 11069 11125
f 11052 11039 11094 11099
f 11055 11064 11146 11103
f 11138 11084 11111 11133
f 11134 11110 11084 11138
f 11120 11077 11063 11118
f 11062 11057 11058 11061
f 11052 11098 11095 11039
f 11101 11149 11074 11107
f 11143 11142 11066 11072
f 11073 11072 11066 11067
f 11032 11030 11070 11071
f 11112 11032 11071 11119
f 11071 11070 11076 11077
f 11124 11075 11065 11128
f 11119 11071 11077 11120
f 11146 11143 11072 11061
f 11062 11061 11072 11073
f 11057 11080 11081 11058
f 11113 11127 11053 11038
f 11051 11079 11083 11048
f 11129 11128 11065 11054
f 11120 11075 11069 11119
f 11040 11038 11122 11114
f 11123 11078 11054 11117
f 11038 11053 11116 11122
f 11139 11040 11114 11132
f 11119 11069 11047 11112
f 11053 11078 11123 11116
f 11065 11075 11120 11118
f 11126 11113 11038 11040
f 11136 11042 11045 11140
f 11137 11087 11088 11141
f 11135 11131 11087 11137
f 11133 11111 11089 11140
f 11132 11114 11042 11136
f 11086 11089 11090 11091
f 11091 11090 11088 11087
f 11107 11074 11068 11105
f 11102 11106 11074 11149
f 11070 11030 11092 11144
f 11058 11081 11108 11103
f 11049 11036 11095 11098
f 11036 11044 11097 11095
f 11081 11049 11098 11108
f 11147 11100 11059 11060
f 11076 11070 11144 11145
f 11060 11076 11145 11147
f 11141 11088 11110 11134
f 11073 11124 11128 11062
f 11037 11050 11127 11113
f 11033 11115 11125 11067
f 11080 11057 11129 11121
f 11050 11080 11121 11127
f 11043 11037 11113 11126
f 11067 11125 11124 11073
f 11117 11118 11063 11056
f 11144 11092 11046 11148
f 11139 11085 11131 11135
f 11148 11046 11093 11142
f 11106 11104 11068 11074
f 11125 11069 11075 11124
f 11055 11103 11108 11082
f 11055 11082 11109 11100
f 11089 11111 11084 11090
f 11088 11090 11084 11110
f 11086 11091 11085 11130
f 11087 11131 11085 11091
f 11056 11063 11060 11059
f 11040 11139 11135 11126
f 11044 11141 11134 11097
f 11130 11132 11136 11086
f 11096 11133 11140 11045
f 11126 11135 11137 11043
f 11043 11137 11141 11044
f 11086 11136 11140 11089
f 11085 11139 11132 11130
f 11097 11134 11138 11041
f 11041 11138 11133 11096
f 11105 11142 11143 11107
f 11106 11145 11144 11104
f 11107 11143 11146 11101
f 11102 11147 11145 11106
f 11068 11148 11142 11105
f 11104 11144 11148 11068
f 11101 11146 11064 11149
f 11149 11064 11147 11102
f 11184 11161 11046 11092
f 11161 11182 11093 11046
f 11182 11163 11031 11093
f 11163 11164 11033 11031
f 11164 11165 11115 11033
f 11165 11166 11047 11115
f 11166 11167 11112 11047
f 11167 11168 11032 11112
f 11168 11169 11030 11032
f 11169 11184 11092 11030
f 11178 11180 11181 11159
f 11177 11178 11159 11158
f 11176 11177 11158 11157
f 11175 11176 11157 11156
f 11174 11175 11156 11155
f 11173 11174 11155 11154
f 11172 11173 11154 11153
f 11186 11172 11153 11183
f 11170 11171 11152 11151
f 11179 11170 11151 11150
f 11159 11181 11184 11169
f 11158 11159 11169 11168
f 11157 11158 11168 11167
f 11156 11157 11167 11166
f 11155 11156 11166 11165
f 11154 11155 11165 11164
f 11153 11154 11164 11163
f 11183 11153 11163 11182
f 11151 11152 11162 11185
f 11150 11151 11185 11160
f 11150 11181 11180 11179
f 11152 11183 11182 11162
f 11160 11184 11181 11150
f 11162 11182 11161 11185
f 11185 11161 11184 11160
f 11171 11186 11183 11152
f 11179 11180 11187 11170
f 11170 11187 11186 11171
f 10446 10462 11022 11020
f 10462 10449 11029 11022
f 10449 10461 11028 11029
f 10461 10445 11014 11028
f 10445 10447 11015 11014
f 10447 10468 11016 11015
f 10468 10500 11017 11016
f 10500 10467 11018 11017
f 10467 10448 11019 11018
f 10448 10446 11020 11019
f 10453 10451 11178 11177
f 10451 10464 11180 11178
f 10464 10454 11187 11180
f 10454 10463 11186 11187
f 10463 10450 11172 11186
f 10450 10452 11173 11172
f 10452 10498 11174 11173
f 10498 10499 11175 11174
f 10499 10469 11176 11175
f 10469 10453 11177 11176
f 10382 11190 11189 10377
f 10526 11197 11198 10544
f 10422 11195 11191 10384
f 10377 11189 11188 10376
f 10420 11193 11194 10421
f 10554 11199 11200 10555
f 10482 11196 11197 10526
f 10384 11191 11190 10382
f 10421 11194 11195 10422
f 10555 11200 11192 10419
f 10544 11198 11199 10554
f 10419 11192 11193 10420
f 11194 11207 11208 11195
f 11200 11213 11205 11192
f 11189 11202 11201 11188
f 11196 11209 11210 11197
f 11193 11206 11207 11194
f 11199 11212 11213 11200
f 11191 11204 11203 11190
f 11198 11211 11212 11199
f 11192 11205 11206 11193
f 11190 11203 11202 11189
f 11197 11210 11211 11198
f 11195 11208 11204 11191
f 11205 11218 11219 11206
f 11203 11216 11215 11202
f 11210 11223 11224 11211
f 11208 11221 11217 11204
f 11207 11220 11221 11208
f 11213 11226 11218 11205
f 11202 11215 11214 11201
f 11209 11222 11223 11210
f 11206 11219 11220 11207
f 11212 11225 11226 11213
f 11204 11217 11216 11203
f 11211 11224 11225 11212
f 10484 10491 11196 10482
f 10491 10540 11209 11196
f 10540 10495 11222 11209
f 10334 10336 10376 11188
f 10299 10334 11188 11201
f 10314 10299 11201 11214
f 11225 11234 11235 11226
f 11223 11232 11233 11224
f 11218 11228 11229 11219
f 11220 11230 11231 11221
f 11226 11235 11228 11218
f 11224 11233 11234 11225
f 11221 11231 11227 11217
f 11219 11229 11230 11220
f 11228 11237 11238 11229
f 11230 11239 11240 11231
f 11234 11243 11244 11235
f 11232 11241 11242 11233
f 11231 11240 11236 11227
f 11229 11238 11239 11230
f 11235 11244 11237 11228
f 11233 11242 11243 11234
f 11243 11252 11253 11244
f 11241 11250 11251 11242
f 11240 11249 11245 11236
f 11238 11247 11248 11239
f 11244 11253 11246 11237
f 11242 11251 11252 11243
f 11237 11246 11247 11238
f 11239 11248 11249 11240
f 10543 11260 11256 10496
f 10375 11255 11254 10370
f 10525 11259 11257 10523
f 10524 11258 11260 10543
f 10523 11257 11258 10524
f 10370 11254 11259 10525
f 11260 11267 11263 11256
f 11258 11265 11267 11260
f 11255 11262 11261 11254
f 11254 11261 11266 11259
f 11259 11266 11264 11257
f 11257 11264 11265 11258
f 11267 11274 11270 11263
f 11265 11272 11274 11267
f 11262 11269 11268 11261
f 11261 11268 11273 11266
f 11266 11273 11271 11264
f 11264 11271 11272 11265
f 10495 11275 11276 11222
f 11275 11277 11278 11276
f 11277 11279 11280 11278
f 11222 11276 11232 11223
f 11241 11232 11276 11278
f 11250 11241 11278 11280
f 10495 10496 11256 11275
f 11256 11263 11277 11275
f 11263 11270 11279 11277
f 11249 11294 11293 11245
f 11281 11283 11284 11282
f 11283 11285 11286 11284
f 11285 11287 11288 11286
f 11287 11289 11290 11288
f 11289 11291 11292 11290
f 11291 11293 11294 11292
f 11248 11247 11296 11297
f 11247 11246 11295 11296
f 11253 11252 11298 11299
f 11246 11253 11299 11295
f 11252 11251 11282 11298
f 11299 11304 11300 11295
f 11296 11301 11302 11297
f 11298 11303 11304 11299
f 11295 11300 11301 11296
f 11286 11304 11303 11284
f 11288 11300 11304 11286
f 11290 11301 11300 11288
f 11292 11302 11301 11290
f 11248 11297 11294 11249
f 11282 11284 11303 11298
f 11292 11294 11297 11302
f 11293 11334 11330 11245
f 10337 11305 11307 10372
f 10373 11308 11306 10343
f 10372 11307 11308 10373
f 10380 11310 11305 10337
f 10343 11306 11309 10374
f 11307 11312 11313 11308
f 11305 11311 11312 11307
f 11310 11314 11311 11305
f 11312 11316 11317 11313
f 11311 11315 11316 11312
f 11314 11318 11315 11311
f 11214 11320 11319 10314
f 11216 11322 11321 11215
f 11215 11321 11320 11214
f 11320 11324 11323 11319
f 11322 11326 11325 11321
f 11321 11325 11324 11320
f 11324 11328 11327 11323
f 11326 11330 11329 11325
f 11325 11329 11328 11324
f 10314 11319 11310 10380
f 11314 11310 11319 11323
f 11318 11314 11323 11327
f 10374 11309 11255 10375
f 11216 11217 11227 11322
f 11227 11236 11326 11322
f 11236 11245 11330 11326
f 11291 11333 11334 11293
f 11287 11331 11332 11289
f 11329 11330 11334 11338
f 11289 11332 11333 11291
f 11328 11329 11338 11342
f 11332 11336 11337 11333
f 11333 11337 11338 11334
f 11331 11335 11336 11332
f 11335 11339 11340 11336
f 11327 11328 11342 12056
f 11336 11340 11341 11337
f 11337 11341 11342 11338
f 11341 12057 12056 11342
f 11339 11343 11344 11340
f 12056 11413 11318 11327
f 11340 11344 12057 11341
f 11345 11348 12058 11412
f 11343 11346 11347 11344
f 11344 11347 12059 12057
f 11280 11279 11360 11359
f 11335 11350 11351 11339
f 11339 11351 11352 11343
f 11343 11352 11353 11346
f 11331 11349 11350 11335
f 11352 12063 12062 11353
f 11350 11355 11356 11351
f 11351 11356 12063 11352
f 11349 11354 11355 11350
f 11357 11411 11410 11358
f 11355 11360 11361 11356
f 11356 11361 12065 12063
f 11354 11359 11360 11355
f 11270 11274 12065 11361
f 12065 11274 11272 12064
f 11279 11270 11361 11360
f 11272 11365 12067 12064
f 11283 11281 11359 11354
f 11285 11283 11354 11349
f 11287 11285 11349 11331
f 11280 11359 11281 11250
f 11269 11363 11362 11268
f 11413 12060 11370 11318
f 11316 11368 11369 11317
f 11347 11372 12061 12059
f 11271 11364 11365 11272
f 11348 11373 11374 12058
f 11365 11381 11393 12067
f 11273 11366 11364 11271
f 11315 11367 11368 11316
f 12062 12066 11375 11353
f 11268 11362 11366 11273
f 11353 11375 11371 11346
f 11410 11377 11376 11358
f 11318 11370 11367 11315
f 11346 11371 11372 11347
f 11368 11384 11385 11369
f 11364 11380 11381 11365
f 12066 11392 11391 11375
f 12000 12002 11395 11379
f 11366 11382 11380 11364
f 12067 11393 11392 12066
f 11371 11387 11388 11372
f 11362 11378 11382 11366
f 12060 11390 11386 11370
f 11372 11388 11389 12061
f 11367 11383 11384 11368
f 12061 11389 11390 12060
f 11390 11406 11402 11386
f 11370 11386 11383 11367
f 11363 11379 11378 11362
f 11375 11391 11387 11371
f 12005 11998 11313 11317
f 11381 11397 11409 11393
f 11386 11402 11399 11383
f 11379 11395 11394 11378
f 11391 11407 11403 11387
f 11384 11400 11401 11385
f 11380 11396 11397 11381
f 11392 11408 11407 11391
f 11382 11398 11396 11380
f 11393 11409 11408 11392
f 11387 11403 11404 11388
f 11378 11394 11398 11382
f 11388 11404 11405 11389
f 11383 11399 11400 11384
f 11389 11405 11406 11390
f 11251 11250 11281 11282
f 11996 12000 11379 11363
f 11996 11363 11269 12004
f 11451 11450 11449 11452
f 11498 11637 11426 11497
f 11666 11678 11559 11552
f 11426 11637 11505 11522
f 11531 11521 11594 11598
f 11414 11655 11495 11415
f 11507 11504 11503 11505
f 11429 11430 11563 11562
f 11430 11431 11564 11563
f 11425 11422 11566 11567
f 11463 11433 11432 11462
f 11433 11435 11434 11432
f 11435 11437 11436 11434
f 11422 11457 11565 11566
f 11936 12337 12339 12071
f 11464 11465 11474 11473
f 11473 11474 11469 11470
f 11467 11476 11475 11466
f 11467 11428 11457 11440
f 11437 11435 11663 11661
f 11462 11432 11460 11439
f 11662 11453 11454 11659
f 11494 11560 11678 11666
f 11664 11468 11455 11660
f 11660 11455 11456 11663
f 11433 11463 11664 11660
f 11659 11454 11468 11664
f 11528 11424 11698 11667
f 11463 11418 11659 11664
f 12013 11442 11492 12007
f 11418 11416 11662 11659
f 11658 11662 11416 11415
f 12144 11984 11995 12145
f 11440 11457 11422 11441
f 11655 11607 11491 11654
f 11434 11461 11460 11432
f 11430 11465 11464 11431
f 11414 11419 11420 11493
f 11418 11417 11419 11416
f 12008 11421 11439 12010
f 11459 11470 11469 11458
f 12009 11441 11442 12013
f 11436 11458 11461 11434
f 11428 11467 11466 11429
f 11462 11417 11418 11463
f 11429 11466 11465 11430
f 11421 11420 11419 11417
f 11431 11485 11577 11564
f 11468 11454 11478 11479
f 11453 11452 11449 11477
f 11466 11475 11474 11465
f 11461 11472 11471 11460
f 11458 11469 11472 11461
f 11471 11472 11475 11476
f 11472 11469 11474 11475
f 8112 11773 11772 8082
f 11716 11726 8083 8066
f 11454 11453 11477 11478
f 11455 11468 11479 11480
f 11456 11455 11480 11481
f 11441 11422 11425 11442
f 11888 11912 12070 12069
f 11459 11486 11488 11470
f 11473 11489 11487 11464
f 11438 11459 11458 11436
f 11470 11488 11489 11473
f 11464 11487 11485 11431
f 9529 9530 9273 9274
f 11438 11484 11486 11459
f 11760 11766 11499 11482
f 11759 11755 11715 11490
f 11715 11716 8066 8070
f 11428 11429 11562 11561
f 11496 11495 11494 11666
f 11446 11498 11569 11570
f 11491 11607 11589 11591
f 11864 11888 12069 12068
f 11506 11508 11509 11510
f 11523 11524 11596 11599
f 11568 11656 11425 11567
f 11446 11570 11573 11445
f 11445 11573 11572 11444
f 11508 11506 11504 11507
f 11639 11508 11507 11638
f 11639 11445 11444 11640
f 11451 11496 11666 11552
f 11637 11498 11446 11638
f 11414 11415 11416 11419
f 11591 11597 11512 11491
f 11462 11439 11421 11417
f 11521 11532 11595 11594
f 11596 11524 11525 11593
f 11600 11595 11532 11534
f 11768 11770 11450 11691
f 11497 11426 11695 11692
f 11525 11524 11523 11526
f 11694 11522 11537 11693
f 11511 11531 11598 11592
f 11599 11601 11538 11523
f 11600 11534 11539 11602
f 11424 11528 11531 11511
f 11521 11533 11534 11532
f 11669 11535 11536 11668
f 11602 11539 11541 11604
f 11601 11603 11540 11538
f 11671 11546 11547 11670
f 11672 11545 11546 11671
f 11673 11544 11545 11672
f 11674 11543 11541 11670
f 11676 11551 11550 11675
f 11675 11550 11549 11677
f 11669 11523 11538 11677
f 11717 8071 8102 11719
f 11426 11522 11694 11695
f 11556 11536 11535 11557
f 11553 11556 11557 11555
f 11655 11654 11494 11495
f 11424 11511 11608 11657
f 11444 11572 11576 11501
f 11447 11574 11575 11448
f 11501 11576 11571 11443
f 11443 11571 11574 11447
f 11448 11575 11578 11502
f 11679 11680 11570 11569
f 11681 11573 11570 11680
f 11681 11682 11572 11573
f 11682 11683 11576 11572
f 11683 11684 11571 11576
f 11684 11685 11574 11571
f 11685 11686 11575 11574
f 11686 11564 11577 11687
f 11509 11579 11580 11510
f 11579 11581 11582 11580
f 11581 11583 11584 11582
f 11583 11585 11586 11584
f 11585 11587 11588 11586
f 11640 11642 11579 11509
f 11642 11643 11581 11579
f 11643 11644 11583 11581
f 11644 11645 11585 11583
f 11645 11646 11587 11585
f 11723 11724 8151 8150
f 11667 11529 11544 11673
f 12026 12028 11603 11601
f 11695 11694 11530 11641
f 12024 12026 11601 11599
f 12019 11594 11595 12020
f 11521 11531 11528 11533
f 11505 11503 11537 11522
f 12016 12022 11597 11591
f 12022 12018 11593 11597
f 12016 11591 11589 12014
f 12014 11589 11607 12032
f 12020 11595 11600 12025
f 12006 12032 11607 11493
f 11511 11592 11590 11608
f 12040 12034 11609 11688
f 11676 11542 11605 11688
f 11689 11674 11548 11610
f 11647 11544 11529 11641
f 11648 11647 11611 11612
f 11649 11546 11545 11648
f 11650 11547 11546 11649
f 11513 11611 11530 11527
f 11514 11612 11611 11513
f 11613 11612 11514 11615
f 11515 11614 11613 11615
f 11557 11617 11616 11555
f 11717 11553 11555 11718
f 11617 11619 11618 11616
f 11718 11720 8147 8109
f 11619 11621 11620 11618
f 11720 11721 8148 8147
f 11621 11623 11622 11620
f 11721 11722 8149 8148
f 11535 11549 11617 11557
f 11549 11550 11619 11617
f 11550 11551 11621 11619
f 11548 11624 11627 11610
f 11609 11626 11625 11551
f 12034 12036 11626 11609
f 11623 11621 11551 11625
f 11516 11628 11614 11515
f 11651 11650 11614 11628
f 11652 11624 11548 11651
f 11517 11629 11628 11516
f 11652 11653 11630 11624
f 11624 11630 11632 11627
f 12036 12038 11631 11626
f 11625 11636 11635 11623
f 11623 11635 11634 11622
f 11722 11723 8150 8149
f 11625 11626 11631 11636
f 11517 11518 11633 11629
f 11629 11633 11653 11652
f 11629 11652 11651 11628
f 11548 11547 11650 11651
f 11614 11650 11649 11613
f 11613 11649 11648 11612
f 11545 11544 11647 11648
f 11611 11647 11641 11530
f 11448 11502 11646 11645
f 11447 11448 11645 11644
f 11443 11447 11644 11643
f 11501 11443 11643 11642
f 11444 11501 11642 11640
f 11505 11637 11638 11507
f 11508 11639 11640 11509
f 11445 11639 11638 11446
f 11512 11597 11593 11525
f 11493 11607 11655 11414
f 11554 11553 11717 11719
f 11423 11654 11491 11512
f 11425 11656 11492 11442
f 11608 11492 11656 11657
f 11457 11428 11561 11565
f 11536 11556 11427 11558
f 11654 11423 11560 11494
f 11690 11558 11559 11678
f 11668 11536 11558 11690
f 11691 11552 11559 11558
f 11606 11543 11674 11689
f 11551 11676 11688 11609
f 12030 12040 11688 11605
f 11528 11667 11673 11533
f 11575 11686 11687 11578
f 11563 11564 11686 11685
f 11562 11563 11685 11684
f 11561 11562 11684 11683
f 11565 11561 11683 11682
f 11566 11565 11682 11681
f 11566 11681 11680 11567
f 11568 11567 11680 11679
f 11535 11669 11677 11549
f 11540 11675 11677 11538
f 11542 11676 11675 11540
f 11548 11674 11670 11547
f 11533 11673 11672 11534
f 11534 11672 11671 11539
f 11539 11671 11670 11541
f 11523 11669 11668 11526
f 11481 11482 11665 11456
f 11435 11433 11660 11663
f 11423 11512 11525 11526
f 11526 11668 11690 11423
f 11423 11690 11678 11560
f 11692 11695 11641 11529
f 11697 11657 11656 11696
f 11530 11694 11693 11527
f 11450 11451 11552 11691
f 11427 11556 11553 11554
f 11724 11727 8152 8151
f 11698 11697 11497 11692
f 11424 11657 11697 11698
f 11497 11697 11696 11498
f 11667 11698 11692 11529
f 11696 11679 11569 11498
f 11656 11568 11679 11696
f 11452 11453 11662 11658
f 11912 11936 12071 12070
f 11663 11456 11665 11661
f 11496 11658 11415 11495
f 11451 11452 11658 11496
f 11541 11543 11606 11604
f 11542 11540 11603 11605
f 12028 12030 11605 11603
f 11633 11702 11703 11653
f 12038 12042 11700 11631
f 11630 11699 11701 11632
f 11653 11703 11699 11630
f 11703 11708 11704 11699
f 11699 11704 11706 11701
f 11702 11707 11708 11703
f 12042 12044 11705 11700
f 11518 11519 11702 11633
f 11519 11520 11707 11702
f 11635 11710 11709 11634
f 11636 11711 11710 11635
f 11732 8094 8096 11733
f 11710 11713 11712 11709
f 11711 11714 11713 11710
f 11700 11705 11714 11711
f 11636 11631 11700 11711
f 11709 11712 8100 11727
f 8195 8083 11726 11725
f 11727 8100 11728 8152
f 11634 11709 11727 11724
f 11620 11622 11723 11722
f 11618 11620 11722 11721
f 11616 11618 11721 11720
f 11555 11616 11720 11718
f 8071 11717 11718 8109
f 11622 11634 11724 11723
f 8118 11775 11774 8115
f 11772 11773 11753 11751
f 11755 11765 11716 11715
f 11777 11763 11767 11776
f 11774 11775 11761 11757
f 11773 11774 11757 11753
f 12055 11787 11705 12044
f 11517 11731 11732 11518
f 11515 11729 11730 11516
f 11518 11732 11733 11519
f 11516 11730 11731 11517
f 11615 11735 11729 11515
f 11520 11519 11733 8098
f 11730 8090 8092 11731
f 11735 8126 8088 11729
f 11731 8092 8094 11732
f 11729 8088 8090 11730
f 8073 11747 11745 8077
f 8195 11725 11719 8102
f 11792 11797 11404 11403
f 11802 11792 11403 11407
f 11797 11807 11405 11404
f 11812 11802 11407 11408
f 11782 11706 11704 11817
f 11822 11817 11704 11708
f 11827 11822 11708 11707
f 11827 11707 11520 11832
f 8096 11734 8098 11733
f 11734 12083 8097 8098
f 11842 11714 11705 11787
f 11842 11847 11713 11714
f 11852 11712 11713 11847
f 8152 11728 8146 8143
f 8146 12084 8179 8194
f 8072 11749 11747 8073
f 11742 11744 8085 8086
f 11744 11746 8104 8085
f 11746 11748 8197 8104
f 11808 11837 8098 8097
f 11735 11742 8086 8126
f 8106 11743 11749 8072
f 11503 11749 11743 11537
f 11503 11504 11747 11749
f 11504 11506 11745 11747
f 8197 11748 11743 8106
f 11693 11537 11743 11748
f 11527 11693 11748 11746
f 11513 11527 11746 11744
f 11514 11513 11744 11742
f 11615 11514 11742 11735
f 11736 11510 11580 11741
f 11741 11580 11582 11737
f 11737 11582 11584 11738
f 11738 11584 11586 11739
f 11739 11586 11588 11740
f 8119 11739 11740 8122
f 8116 11738 11739 8119
f 8113 11737 11738 8116
f 8110 11741 11737 8113
f 8080 11736 11741 8110
f 8080 8077 11745 11736
f 11510 11736 11745 11506
f 11479 11478 11758 11750
f 11750 11758 11759 11751
f 11480 11479 11750 11752
f 11752 11750 11751 11753
f 11481 11480 11752 11756
f 11756 11752 11753 11757
f 11478 11477 11754 11758
f 11758 11754 11755 11759
f 11482 11481 11756 11760
f 11760 11756 11757 11761
f 11477 11449 11764 11754
f 11754 11764 11765 11755
f 11483 11499 11766 11762
f 11762 11766 11767 11763
f 11776 11767 11761 11775
f 11761 11767 11766 11760
f 11725 11726 11771 11769
f 11769 11771 11770 11768
f 11450 11770 11764 11449
f 11691 11558 11427 11768
f 11554 11769 11768 11427
f 11719 11725 11769 11554
f 11716 11765 11771 11726
f 11765 11764 11770 11771
f 8115 11774 11773 8112
f 8082 11772 11490 8079
f 8121 11776 11775 8118
f 8124 11777 11776 8121
f 8079 11490 11715 8070
f 11759 11490 11772 11751
f 11405 11807 11853 11406
f 11807 11806 11854 11853
f 11806 11805 11855 11854
f 11805 11804 11856 11855
f 11804 11803 11857 11856
f 11406 11853 11848 11402
f 11853 11854 11849 11848
f 11854 11855 11850 11849
f 11855 11856 11851 11850
f 11856 11857 11852 11851
f 11402 11848 11843 11399
f 11848 11849 11844 11843
f 11849 11850 11845 11844
f 11850 11851 11846 11845
f 11851 11852 11847 11846
f 11400 11399 11843 11838
f 11838 11843 11844 11839
f 11839 11844 11845 11840
f 11840 11845 11846 11841
f 11841 11846 11847 11842
f 11400 11838 11783 11401
f 11838 11839 11784 11783
f 11839 11840 11785 11784
f 11840 11841 11786 11785
f 11841 11842 11787 11786
f 11408 11409 11833 11812
f 11812 11833 11834 11811
f 11811 11834 11835 11810
f 11810 11835 11836 11809
f 11809 11836 11837 11808
f 11409 11397 11828 11833
f 11833 11828 11829 11834
f 11834 11829 11830 11835
f 11835 11830 11831 11836
f 11836 11831 11832 11837
f 11396 11823 11828 11397
f 11823 11824 11829 11828
f 11824 11825 11830 11829
f 11825 11826 11831 11830
f 11826 11827 11832 11831
f 11396 11398 11818 11823
f 11823 11818 11819 11824
f 11824 11819 11820 11825
f 11825 11820 11821 11826
f 11826 11821 11822 11827
f 11398 11394 11813 11818
f 11818 11813 11814 11819
f 11819 11814 11815 11820
f 11820 11815 11816 11821
f 11821 11816 11817 11822
f 11395 11778 11813 11394
f 11778 11779 11814 11813
f 11779 11780 11815 11814
f 11780 11781 11816 11815
f 11781 11782 11817 11816
f 8098 11837 11832 11520
f 11808 11798 11799 11809
f 11809 11799 11800 11810
f 11810 11800 11801 11811
f 11811 11801 11802 11812
f 11803 11793 8179 12084
f 11793 11803 11804 11794
f 11794 11804 11805 11795
f 11795 11805 11806 11796
f 11796 11806 11807 11797
f 8173 8099 11788 11798
f 11798 11788 11789 11799
f 11799 11789 11790 11800
f 11800 11790 11791 11801
f 11801 11791 11792 11802
f 8099 8179 11793 11788
f 11788 11793 11794 11789
f 11789 11794 11795 11790
f 11790 11795 11796 11791
f 11791 11796 11797 11792
f 12003 11401 11783 12047
f 12047 11783 11784 12049
f 12049 11784 11785 12051
f 12051 11785 11786 12053
f 12053 11786 11787 12055
f 11502 11871 11876 11646
f 11500 12068 11882 11858
f 11687 11877 11873 11578
f 11777 11881 11880 11763
f 12074 12075 11865 11484
f 11762 11879 11864 11483
f 11646 11876 11874 11587
f 8184 11863 11861 8124
f 11486 11867 11869 11488
f 11763 11880 11879 11762
f 11587 11874 11875 11588
f 11485 11866 11872 11577
f 11489 11870 11868 11487
f 11578 11873 11871 11502
f 8123 11860 11863 8184
f 8122 11859 11862 8162
f 11487 11868 11866 11485
f 11577 11872 11877 11687
f 11488 11869 11870 11489
f 8124 11861 11881 11777
f 11740 11878 11859 8122
f 8162 11862 11860 8123
f 11484 11865 11867 11486
f 11588 11875 11878 11740
f 11870 11894 11892 11868
f 11880 11904 11903 11879
f 11868 11892 11890 11866
f 11869 11893 11894 11870
f 11861 11885 11905 11881
f 11860 11884 11887 11863
f 11865 11889 11891 11867
f 11866 11890 11896 11872
f 12068 12069 11906 11882
f 11862 11886 11884 11860
f 11877 11901 11897 11873
f 11873 11897 11895 11871
f 11859 11883 11886 11862
f 11881 11905 11904 11880
f 11872 11896 11901 11877
f 11863 11887 11885 11861
f 11875 11899 11902 11878
f 11874 11898 11899 11875
f 12075 12076 11889 11865
f 11878 11902 11883 11859
f 11876 11900 11898 11874
f 11867 11891 11893 11869
f 11879 11903 11888 11864
f 11871 11895 11900 11876
f 11896 11920 11925 11901
f 11887 11911 11909 11885
f 11899 11923 11926 11902
f 11898 11922 11923 11899
f 12076 12077 11913 11889
f 11902 11926 11907 11883
f 11900 11924 11922 11898
f 11891 11915 11917 11893
f 11903 11927 11912 11888
f 11895 11919 11924 11900
f 11894 11918 11916 11892
f 11904 11928 11927 11903
f 11892 11916 11914 11890
f 11893 11917 11918 11894
f 11885 11909 11929 11905
f 11884 11908 11911 11887
f 11889 11913 11915 11891
f 11890 11914 11920 11896
f 12069 12070 11930 11906
f 11886 11910 11908 11884
f 11901 11925 11921 11897
f 11897 11921 11919 11895
f 11883 11907 11910 11886
f 11905 11929 11928 11904
f 11928 11952 11951 11927
f 11916 11940 11938 11914
f 11917 11941 11942 11918
f 11909 11933 11953 11929
f 11908 11932 11935 11911
f 11913 11937 11939 11915
f 11914 11938 11944 11920
f 12070 12071 11954 11930
f 11910 11934 11932 11908
f 11925 11949 11945 11921
f 11921 11945 11943 11919
f 11907 11931 11934 11910
f 11929 11953 11952 11928
f 11920 11944 11949 11925
f 11911 11935 11933 11909
f 11923 11947 11950 11926
f 11922 11946 11947 11923
f 12077 12078 11937 11913
f 11926 11950 11931 11907
f 11924 11948 11946 11922
f 11915 11939 11941 11917
f 11927 11951 11936 11912
f 11919 11943 11948 11924
f 11918 11942 11940 11916
f 11944 11968 11973 11949
f 11935 11959 11957 11933
f 11947 11971 11974 11950
f 11946 11970 11971 11947
f 12078 12079 11961 11937
f 11950 11974 11955 11931
f 11948 11972 11970 11946
f 11939 11963 11965 11941
f 11951 12338 12337 11936
f 11943 11967 11972 11948
f 11942 11966 11964 11940
f 11952 12335 12338 11951
f 11940 11964 11962 11938
f 11941 11965 11966 11942
f 11933 11957 12336 11953
f 11932 11956 11959 11935
f 11937 11961 11963 11939
f 11938 11962 11968 11944
f 12071 12339 11978 11954
f 11934 11958 11956 11932
f 11949 11973 11969 11945
f 11945 11969 11967 11943
f 11931 11955 11958 11934
f 11953 12336 12335 11952
f 12445 12446 11981 12088
f 11956 11980 11983 11959
f 11962 11985 11987 11968
f 11966 12147 12146 11964
f 11958 11982 11980 11956
f 11973 11992 11988 11969
f 11969 11988 11986 11967
f 11955 11979 11982 11958
f 11968 11987 11992 11973
f 11959 11983 11981 11957
f 11971 11990 11993 11974
f 11970 11989 11990 11971
f 11974 11993 11979 11955
f 11972 11991 11989 11970
f 11978 12339 12340 12143
f 11967 11986 11991 11972
f 12349 11960 12352 11975
f 11781 12052 12054 11782
f 12052 12053 12055 12054
f 11780 12050 12052 11781
f 12050 12051 12053 12052
f 11779 12048 12050 11780
f 12048 12049 12051 12050
f 11778 12046 12048 11779
f 12046 12047 12049 12048
f 11395 12002 12046 11778
f 12002 12003 12047 12046
f 11782 12054 12045 11706
f 12054 12055 12044 12045
f 11701 11706 12045 12043
f 12043 12045 12044 12042
f 11632 11701 12043 12039
f 12039 12043 12042 12038
f 11604 11606 12031 12029
f 12029 12031 12030 12028
f 11606 11689 12041 12031
f 12031 12041 12040 12030
f 11627 11632 12039 12037
f 12037 12039 12038 12036
f 11610 11627 12037 12035
f 12035 12037 12036 12034
f 11689 11610 12035 12041
f 12041 12035 12034 12040
f 11492 11608 12033 12007
f 12007 12033 12032 12006
f 11596 12021 12024 11599
f 12021 12020 12025 12024
f 11590 12015 12033 11608
f 12015 12014 12032 12033
f 11592 12017 12015 11590
f 12017 12016 12014 12015
f 11598 11594 12019 12023
f 12023 12019 12018 12022
f 11592 11598 12023 12017
f 12017 12023 12022 12016
f 11593 12018 12021 11596
f 12018 12019 12020 12021
f 11600 11602 12027 12025
f 12025 12027 12026 12024
f 11602 11604 12029 12027
f 12027 12029 12028 12026
f 11421 12008 12012 11420
f 12008 12009 12013 12012
f 11441 12009 12011 11440
f 12009 12008 12010 12011
f 11420 12012 12006 11493
f 12012 12013 12007 12006
f 11369 11997 12005 11317
f 11997 11996 12004 12005
f 11369 11385 12001 11997
f 11997 12001 12000 11996
f 11269 11262 11999 12004
f 12004 11999 11998 12005
f 11385 11401 12003 12001
f 12001 12003 12002 12000
f 11467 11440 12011 11476
f 11476 12011 12010 11471
f 11439 11460 11471 12010
f 11306 11308 11313 11998
f 11309 11306 11998 11999
f 11262 11255 11309 11999
f 11412 12056 12057 11345
f 12058 11413 12056 11412
f 11345 12057 12059 11348
f 11373 12061 12060 11374
f 11348 12059 12061 11373
f 11374 12060 11413 12058
f 11358 12062 12063 11357
f 11411 12065 12064 11410
f 11357 12063 12065 11411
f 11377 12067 12066 11376
f 11410 12064 12067 11377
f 11376 12066 12062 11358
f 11483 11864 12068 11500
f 11954 11978 12079 12078
f 11930 11954 12078 12077
f 11906 11930 12077 12076
f 11882 11906 12076 12075
f 11858 11882 12075 12074
f 12081 12080 11437 11661
f 12081 12082 11500 11858
f 11437 12080 11438 11436
f 12080 12074 11484 11438
f 11661 11665 12082 12081
f 11858 12074 12080 12081
f 12082 11499 11483 11500
f 11665 11482 11499 12082
f 8173 8097 12083 8172
f 11808 8097 8173 11798
f 11989 12093 12094 11990
f 11990 12094 12097 11993
f 11982 12089 12087 11980
f 12436 11957 11981 12446
f 11991 12095 12093 11989
f 11993 12097 12086 11979
f 11979 12086 12089 11982
f 11988 12092 12091 11986
f 11992 12096 12092 11988
f 11986 12091 12095 11991
f 11983 12090 12088 11981
f 11980 12087 12090 11983
f 12086 12099 12102 12089
f 12094 12107 12110 12097
f 12095 12108 12106 12093
f 12090 12103 12101 12088
f 12097 12110 12099 12086
f 12087 12100 12103 12090
f 12091 12104 12108 12095
f 12092 12105 12104 12091
f 12445 12447 12111 12098
f 12089 12102 12100 12087
f 12096 12109 12105 12092
f 12104 12112 12115 12108
f 12127 12113 12117 12116
f 7791 8040 8047 8045
f 12117 12130 12115 12116
f 12214 12213 12123 12125
f 12107 12106 12130 12220
f 12139 12448 12449 12167
f 12120 12116 12115 12112
f 12429 12121 12155 12431
f 12430 12139 12121 12429
f 12093 12106 12107 12094
f 11987 12131 12096 11992
f 12096 12131 12114 12109
f 11985 12132 12131 11987
f 11965 12145 12147 11966
f 12116 12120 12085 12127
f 12099 12110 12221 12222
f 12114 12120 12112 12109
f 12220 12130 12117 12219
f 12277 12273 12172 12168
f 12165 12118 12128 12164
f 12104 12105 12109 12112
f 12118 12140 12156 12128
f 12169 12125 12123 12170
f 12390 12141 12142 12391
f 12272 12165 12164 12276
f 12170 12123 12122 12171
f 12391 12142 12136 12392
f 11961 12143 12144 11963
f 11963 12144 12145 11965
f 12079 11978 12143 11961
f 11964 12146 11985 11962
f 12147 12149 12148 12146
f 12145 11995 12149 12147
f 12132 11985 12146 12148
f 12132 12120 12114 12131
f 12085 12150 12151 12127
f 12085 12120 12132 12148
f 12127 12151 12119 12113
f 12410 12153 12174 12412
f 12279 12169 12170 12275
f 12275 12170 12171 12278
f 12139 12167 12126 12121
f 12273 12278 12171 12172
f 12281 12277 12168 12238
f 12409 12175 12153 12410
f 12151 12160 12159 12119
f 12148 12149 12150 12085
f 12374 12370 12162 9259
f 12162 9257 12163 9259
f 12449 12138 12111 12447
f 12119 12159 12239 12234
f 12124 12172 12171 12122
f 12235 12238 12168 12134
f 12134 12168 12172 12124
f 12416 12413 12173 12237
f 12279 12271 12155 12169
f 12129 12125 12169 12126
f 12448 12166 12138 12449
f 12121 12126 12169 12155
f 12441 12440 12152 12276
f 12408 12412 12174 12157
f 8758 8759 9237 9207
f 12187 8617 9421 9420
f 8551 8596 8617 12187
f 9475 12197 9474 12188
f 8552 12194 12197 9420
f 8550 8599 12193 8526
f 9323 12196 12191 9322
f 9375 12195 12189 9366
f 8526 12193 12192 9324
f 9366 12189 8599 8550
f 8618 12190 12194 8552
f 9322 12191 12190 8618
f 12198 8551 12187 9475
f 8551 12198 9451 8557
f 12199 12198 9475 12188
f 9478 9451 12198 12199
f 8613 12200 9477 9476
f 12202 8593 9477 12200
f 9478 12201 12200 8613
f 12203 12202 12200 12201
f 9457 12207 8592 8519
f 9454 9477 8593 12207
f 8593 12206 8592 12207
f 8592 12206 9375 9374
f 9366 9456 9374 9375
f 12129 12225 12214 12125
f 12225 12224 12215 12214
f 12224 12223 12216 12215
f 12223 12222 12217 12216
f 12222 12221 12218 12217
f 12221 12220 12219 12218
f 12103 12100 12224 12225
f 12100 12102 12223 12224
f 12102 12099 12222 12223
f 12117 12113 12208 12219
f 12219 12208 12209 12218
f 12218 12209 12210 12217
f 12217 12210 12211 12216
f 12216 12211 12212 12215
f 12215 12212 12213 12214
f 12108 12115 12130 12106
f 12110 12107 12220 12221
f 12101 12129 12126 12167
f 12101 12103 12225 12129
f 9464 9387 9565 9560
f 9471 9464 9560 9555
f 9470 9471 9555 9550
f 9465 9470 9550 9545
f 8594 9465 9545 9540
f 9460 8594 9540 9531
f 9460 9531 9506 9474
f 12188 9474 9506 9516
f 9525 12199 12188 9516
f 9525 12186 9478 12199
f 9515 12201 9478 12186
f 9515 9273 12203 12201
f 12204 12203 9273 9530
f 9530 9575 9473 12204
f 9472 9473 9575 9570
f 9387 9472 9570 9565
f 9271 12227 12226 9006
f 9006 12226 12228 9281
f 8895 8897 12228 12226
f 8896 8895 12226 12227
f 8897 8908 8930 12228
f 8930 8932 9281 12228
f 8896 12227 9285 8929
f 9271 9286 9285 12227
f 8929 9283 9030 8928
f 12229 9287 9288 12230
f 12123 12213 12212 12122
f 12122 12212 12211 12124
f 12124 12211 12210 12134
f 12234 12239 12238 12235
f 12413 12408 12157 12173
f 12411 12415 12236 12154
f 12280 12281 12238 12239
f 12134 12210 12209 12235
f 12209 12208 12234 12235
f 12119 12234 12208 12113
f 12395 12392 12136 12135
f 12396 12395 12135 12133
f 12396 12133 12233 12397
f 12397 12233 12232 12398
f 12398 12232 12137 12399
f 12274 12280 12239 12159
f 12344 12343 12073 12072
f 12283 12348 12340 12073
f 12350 12341 11975 11976
f 11977 12347 12342 12351
f 12072 11960 12345 12344
f 12379 12259 12261 12380
f 12259 12260 12262 12261
f 12378 12257 12259 12379
f 12257 12258 12260 12259
f 12377 12255 12257 12378
f 12255 12256 12258 12257
f 12377 12376 12253 12255
f 12255 12253 12254 12256
f 12376 12373 12247 12253
f 12253 12247 12248 12254
f 12374 12375 12251 12249
f 12249 12251 12252 12250
f 12393 12389 12242 12250
f 12250 12242 12241 12249
f 12372 12245 12247 12373
f 12245 12246 12248 12247
f 12371 12370 12241 12243
f 12243 12241 12242 12244
f 12371 12243 12245 12372
f 12243 12244 12246 12245
f 12232 12233 12270 12269
f 12137 12232 12269 12266
f 12133 12135 12263 12268
f 12135 12136 12267 12263
f 12233 12133 12268 12270
f 12141 12264 12265 12142
f 12415 12416 12237 12236
f 12142 12265 12267 12136
f 12236 12237 12281 12280
f 12154 12236 12280 12274
f 12437 12441 12276 12164
f 12175 12158 12271 12279
f 12237 12173 12277 12281
f 12157 12174 12278 12273
f 12153 12275 12278 12174
f 12175 12279 12275 12153
f 12161 12272 12276 12152
f 12173 12157 12273 12277
f 12160 12240 12274 12159
f 12401 12287 12359 12400
f 12409 12264 12158 12175
f 12289 12291 12290 12361
f 12291 12293 12292 12290
f 12346 12283 12073 12343
f 12297 12307 11995 11984
f 12309 12308 12293 12291
f 12310 12309 12291 12289
f 12287 12295 12360 12359
f 12311 12312 12295 12287
f 12418 12289 12361 12417
f 12286 12296 12358 12356
f 12403 12311 12287 12401
f 12314 12313 12296 12286
f 9208 9205 12353 12355
f 12443 9206 12315 12285
f 12261 12262 12303 12304
f 12399 12137 12301 12402
f 12420 12310 12289 12418
f 12137 12266 12302 12301
f 12154 12274 12299 12300
f 12274 12240 12298 12299
f 12305 12298 12240 12297
f 12383 12314 12286 12382
f 12402 12301 12311 12403
f 12411 12154 12300 12419
f 12301 12302 12312 12311
f 12300 12299 12309 12310
f 12299 12298 12308 12309
f 12307 12150 12149 11995
f 12150 12307 12160 12151
f 11984 12306 12305 12297
f 9205 9206 12443 12353
f 12363 12329 12365 12331
f 12405 12324 12318 12404
f 12325 12330 12367 12294
f 12365 12406 12407 12331
f 12451 12332 12333 12327
f 12327 12333 12334 12328
f 12316 12323 12364 12317
f 12405 12407 12325 12324
f 12318 12324 12366 12319
f 12324 12325 12294 12366
f 12320 12451 12327 12321
f 12321 12327 12328 12322
f 12290 12333 12332 12361
f 12323 12363 12331 12364
f 12360 12367 12330 12359
f 12364 12405 12404 12317
f 12292 12334 12333 12290
f 12358 12365 12329 12356
f 9235 9212 9207 9237
f 9235 9232 9240 9212
f 9207 9212 12315 9206
f 12384 12383 12315 9212
f 12380 12261 12304 12384
f 12351 12335 12336 11977
f 11960 12337 12338 12352
f 12352 12338 12335 12351
f 12073 12340 12339 12072
f 12072 12339 12337 11960
f 12306 11984 12340 12348
f 12346 12282 12348 12283
f 11976 12351 12342 12350
f 12444 12345 11960 12349
f 11975 12352 12351 11976
f 12284 9210 12353 12443
f 9211 12355 12353 9210
f 12357 9213 12355 9211
f 12422 12421 12288 12369
f 12381 12356 12329 12385
f 12404 8014 7977 12317
f 12404 12318 7947 8014
f 12369 12332 12451 12453
f 12407 12405 12364 12331
f 12417 12421 12367 12360
f 12368 12326 12455 12456
f 12264 12141 12432 12158
f 12422 12423 12366 12294
f 12423 12453 12362 12424
f 12385 12386 9210 12284
f 12386 12387 9211 9210
f 12387 12388 12357 9211
f 12323 12316 12388 12387
f 12363 12323 12387 12386
f 12329 12363 12386 12385
f 12354 12381 12385 12284
f 9240 12380 12384 9212
f 12304 12314 12383 12384
f 12315 12383 12382 12285
f 9256 12371 12372 9258
f 9256 12162 12370 12371
f 9258 12372 12373 9238
f 9259 12163 12375 12374
f 9239 9238 12373 12376
f 9242 9239 12376 12377
f 9242 12377 12378 9243
f 9243 12378 12379 9241
f 9241 12379 12380 9240
f 12249 12241 12370 12374
f 12285 12382 12381 12354
f 12303 12402 12403 12313
f 12262 12399 12402 12303
f 12313 12403 12401 12296
f 12296 12401 12400 12358
f 12260 12398 12399 12262
f 12258 12397 12398 12260
f 12256 12396 12397 12258
f 12256 12254 12395 12396
f 12254 12248 12392 12395
f 12250 12252 12394 12393
f 12246 12391 12392 12248
f 12244 12242 12389 12390
f 12244 12390 12391 12246
f 12366 12423 12424 12319
f 12369 12453 12423 12422
f 12419 12300 12310 12420
f 12294 12367 12421 12422
f 12302 12419 12420 12312
f 12266 12411 12419 12302
f 12312 12420 12418 12295
f 12295 12418 12417 12360
f 12269 12270 12416 12415
f 12266 12269 12415 12411
f 12268 12263 12408 12413
f 12263 12267 12412 12408
f 12270 12268 12413 12416
f 12264 12409 12410 12265
f 12265 12410 12412 12267
f 12160 12307 12297 12240
f 12340 11984 12144 12143
f 12306 12427 12426 12305
f 12282 12425 12428 12348
f 12348 12428 12427 12306
f 12305 12426 12308 12298
f 12435 12434 12393 12394
f 12155 12271 12433 12431
f 12271 12158 12432 12433
f 12439 12430 12429 12438
f 12438 12429 12431 12437
f 12448 12139 12430 12450
f 12128 12438 12437 12164
f 12156 12439 12438 12128
f 12431 12433 12441 12437
f 12433 12432 12440 12441
f 12166 12448 12450 12414
f 12393 12434 12442 12389
f 12141 12390 12389 12442
f 12328 12428 12425 12322
f 12334 12427 12428 12328
f 12292 12426 12427 12334
f 12292 12293 12308 12426
f 12443 12285 12354 12284
f 12444 12349 11975 12341
f 12167 12449 12447 12101
f 12088 12101 12447 12445
f 12231 12436 12446 11994
f 12098 11994 12446 12445
f 12439 12156 12450 12430
f 12156 12140 12414 12450
f 11957 12436 11977 12336
f 12231 12347 11977 12436
f 12457 12451 12320 12452
f 12454 12362 12453 12458
f 12458 12453 12451 12457
f 12326 12457 12452 12455
f 12456 12454 12458 12368
f 12368 12458 12457 12326
f 3667 3242 3267 3665
f 3725 3726 3389 3390
f 3217 4416 12462 3219
f 8832 4414 8643 12463
f 12463 8643 12464 12467
f 8643 12461 12465 12464
f 3219 12462 12466 12492
f 12464 12465 12469 12468
f 12467 12464 12468 12471
f 12492 12466 12470 12493
f 12468 12469 12473 12472
f 12471 12468 12472 12475
f 12493 12470 12474 12494
f 12472 12473 12477 12476
f 12475 12472 12476 12479
f 12494 12474 12478 12495
f 3355 12478 12474 3920
f 3583 12481 12480 3600
f 4416 4417 3772 12462
f 3922 12466 12462 3772
f 3921 12470 12466 3922
f 3920 12474 12470 3921
f 12482 3653 3652 12484
f 12569 12548 13061 13066
f 12480 12481 12482 12483
f 3623 12483 12485 3299
f 12483 12482 12484 12485
f 3654 3653 12482 12481
f 12599 12625 12799 12800
f 12459 12485 12484 3935
f 3299 12485 12459 3917
f 12479 12476 3647 8663
f 12495 12478 3649 3650
f 3613 3614 12486 12487
f 12488 8659 3613 12487
f 3600 12480 3611 3601
f 12459 3911 3908 3917
f 3935 3936 3911 12459
f 3650 12496 3614 3648
f 3651 3616 12496 3615
f 4403 12490 12498 12497
f 12497 12498 12500 12499
f 3222 12500 12498 3762
f 3762 12498 12490 4402
f 3594 3595 12487 12486
f 12804 12501 12502 12803
f 12945 13052 13056 12699
f 12814 12803 12502 12527
f 12528 12814 12815 12530
f 12816 12532 12530 12815
f 12815 12814 12527 12529
f 12818 12817 12533 12535
f 12546 12504 12528 12549
f 12965 13048 12544 12516
f 12555 12558 12557 12554
f 12554 12551 12552 12555
f 12579 13077 13082 12935
f 12538 12520 12518 12537
f 12910 13194 13195 12874
f 12510 12508 12548 12542
f 12547 12506 12503 12545
f 12541 12525 12523 12540
f 12552 12534 12536 12553
f 12545 12503 12504 12546
f 13061 12548 12508 13059
f 12542 12579 12935 12510
f 12786 12767 12766 12785
f 12530 12532 12551 12550
f 12826 12833 12541 12540
f 12766 12765 12784 12785
f 12539 12825 12826 12540
f 12833 12834 12832 12541
f 12816 12815 12529 12531
f 12528 12530 12550 12549
f 12566 12545 12546 12567
f 13109 13095 13111 13110
f 12569 12572 12542 12548
f 12568 12547 12545 12566
f 13084 13077 13078 13116
f 12573 12825 12539 12538
f 13051 13048 13108 12574
f 12832 12834 12556 12553
f 12555 12552 12553 12556
f 12558 12555 12556 12559
f 13029 13765 13634 13635
f 12544 12575 12684 12537
f 12567 12546 12549 12570
f 13976 13973 12575 13051
f 12576 13986 13984 12570
f 12570 13984 13989 12567
f 12858 12855 12850 12843
f 12881 12869 13125 13128
f 12867 12862 12878 12876
f 12575 12544 13048 13051
f 12514 12987 12971 12513
f 13913 13948 13946 13912
f 12955 12677 13157 13160
f 12862 12866 12879 12878
f 12957 13165 13167 12954
f 12681 12715 12714 12680
f 12824 12820 12581 12582
f 8653 8655 13141 13140
f 12611 12921 12925 12629
f 13138 12581 12683 12584
f 13141 13142 12584 12683
f 13947 13948 13913 13907
f 12877 12863 13064 13065
f 3878 3876 3209 3210
f 13005 12665 12643 13039
f 13909 13911 13942 13944
f 13081 13118 12848 12846
f 13172 12626 12643 12721
f 13985 13121 12861 13974
f 13990 12664 12685 13977
f 12602 12613 12628 12624
f 13986 12578 12577 13984
f 12870 12882 13751 13747
f 12625 12599 12789 12790
f 13049 13046 12882 12870
f 12796 12797 12603 12640
f 12605 12617 12631 12627
f 12631 12617 12620 12632
f 13992 13993 12841 13113
f 12624 12600 12800 12799
f 12647 12642 12607 12637
f 3563 3885 3880 3561
f 12613 12926 12925 12628
f 12927 12919 12598 12922
f 12790 12789 12605 12627
f 12925 12921 12608 12628
f 12630 12629 12614 12615
f 12922 12598 12608 12921
f 12585 12927 12922 12609
f 12611 12612 12610 12609
f 12703 12697 13079 13122
f 12601 12625 12790 12791
f 13534 12847 13757 13533
f 12618 12620 12617 12596
f 12622 12619 12632 12633
f 12631 12616 12606 12627
f 12618 12621 12623 12620
f 12623 12633 12632 12620
f 12619 12636 12637 12616
f 12636 12619 12622 12635
f 12629 12925 12926 12614
f 12636 12646 12647 12637
f 13736 13739 13761 13760
f 12614 12639 12638 12615
f 12603 12797 12798 12601
f 13533 13757 13134 13532
f 12646 12656 12657 12647
f 12639 12649 12648 12638
f 12646 12636 12635 12645
f 13138 12584 12828 12888
f 13530 12871 13120 13535
f 3814 13926 13925 3874
f 12888 12828 12556 12834
f 12649 12659 12658 12648
f 12656 12646 12645 12655
f 12924 12923 12649 12639
f 13947 13943 13114 13073
f 8625 12578 13986 13959
f 13531 12851 12871 13530
f 13127 13128 13125 13124
f 12863 12877 12880 12868
f 13909 12915 12589 13911
f 12605 12594 12596 12617
f 12601 12798 12799 12625
f 12594 12591 12589 12596
f 12968 12955 13160 13162
f 12713 12667 12930 12746
f 12983 12765 12766 12979
f 12711 12928 12666 12712
f 13036 12580 12668 12709
f 12712 12666 12667 12713
f 12709 12668 12669 12710
f 12718 12719 12720 12724
f 12686 12692 12693 12687
f 12679 12717 12715 12681
f 13068 13071 12717 12679
f 13058 12694 12688 13060
f 13053 13069 12928 12711
f 12706 12936 12933 12707
f 12746 12930 12929 12733
f 12961 12690 12742 12960
f 13058 13056 12700 12694
f 12692 12698 12699 12693
f 12695 12701 12702 12696
f 12571 12565 12698 12692
f 12694 12700 12701 12695
f 12949 12543 12704 12941
f 12944 12706 12707 12943
f 13052 13057 12706 12944
f 12941 12704 12705 12945
f 12943 12707 12708 12946
f 12933 12712 12713 12932
f 12942 13036 12709 12934
f 12936 12711 12712 12933
f 13055 13053 12711 12936
f 12934 12709 12710 12937
f 13712 13708 12714 12715
f 12940 12676 13152 13154
f 12748 12747 12680 12714
f 12694 12695 12689 12688
f 12695 12696 12690 12689
f 12960 12742 12739 12959
f 12690 12696 12745 12742
f 13713 13711 12718 12724
f 13714 13710 12717 13071
f 12855 12858 12913 12912
f 13181 13187 13008 13031
f 12868 12703 12685 12664
f 13072 13054 12727 12723
f 12722 12725 12729 12728
f 12723 12727 12730 12716
f 12741 12682 12731 12749
f 12742 12745 12738 12739
f 12682 12716 12730 12731
f 12745 12744 12737 12738
f 13710 13712 12715 12717
f 12939 12746 12733 12938
f 12948 12743 12734 12947
f 12950 13146 13147 12674
f 12543 12942 12934 12704
f 12965 12516 12808 12839
f 13707 13169 12735 12748
f 12735 12736 12747 12748
f 12696 12702 12744 12745
f 12932 12713 12746 12939
f 12946 12708 12743 12948
f 13708 13707 12748 12714
f 13145 13130 12953 13131
f 12740 12741 12749 12732
f 12970 12750 12751 12969
f 12972 12511 12513 12971
f 12973 12509 12511 12972
f 12974 12507 12509 12973
f 12975 12505 12507 12974
f 12976 12527 12502 12969
f 12978 12535 12533 12977
f 12979 12766 12767 12977
f 12983 12976 12764 12765
f 12982 12524 12526 12981
f 8623 12564 12557 8620
f 12984 12522 12524 12982
f 12557 12558 8621 8620
f 12986 12517 12519 12985
f 12989 12829 12515 12980
f 12970 12501 12505 12975
f 12780 12761 12762 12781
f 12778 12759 12760 12779
f 12775 12756 12757 12776
f 12769 12750 12752 12771
f 12563 12550 12551 12554
f 12781 12762 12763 12782
f 12771 12752 12753 12772
f 12551 12532 12534 12552
f 12832 12553 12536 12831
f 12772 12753 12754 12773
f 12764 12783 12784 12765
f 12837 12835 12758 12777
f 12773 12754 12755 12774
f 12783 12764 12751 12770
f 12774 12755 12756 12775
f 12750 12769 12770 12751
f 12787 12768 12767 12786
f 13987 13990 12572 12569
f 12986 12759 12758 12980
f 12759 12778 12777 12758
f 13945 13112 8785 13933
f 12789 12788 12594 12605
f 12612 12611 12629 12630
f 12792 12791 12606 12607
f 12793 12792 12607 12642
f 12793 12794 12650 12640
f 12796 12795 12651 12641
f 12798 12797 12604 12602
f 13173 12626 13195 13170
f 12627 12606 12791 12790
f 13739 13742 13762 13761
f 12822 12820 13139 13144
f 12843 12850 13073 13114
f 12683 12822 13140 13141
f 13910 13909 13944 13945
f 12599 12593 12788 12789
f 12616 12631 12632 12619
f 12603 12601 12791 12792
f 12640 12603 12792 12793
f 12642 12652 12794 12793
f 12641 12604 12797 12796
f 12799 12798 12602 12624
f 12600 12597 12801 12800
f 13906 13941 13943 13914
f 13946 13942 13911 13912
f 12724 12720 13035 12560
f 13722 13724 12562 12725
f 12600 12608 12598 12597
f 12663 13987 13972 13067
f 12807 12561 12965 12839
f 12505 12501 12804 12805
f 12507 12505 12805 12806
f 13075 12511 12509 13076
f 12829 12514 12807 12839
f 12519 12517 12809 12810
f 12524 12522 12811 12812
f 12526 12524 12812 12813
f 12830 12526 12813 12840
f 12515 12808 12809 12517
f 12887 12888 12834 12833
f 12836 12988 12978 12768
f 8624 13959 13986 12576
f 12855 12912 12911 12856
f 13136 13137 12886 12885
f 13984 12577 12660 13989
f 12832 12831 12525 12541
f 13121 13985 13982 13119
f 12981 12526 12830 12988
f 12987 12514 12829 12989
f 12782 12763 12836 12838
f 12776 12757 12835 12837
f 12604 12641 12644 12634
f 12515 12829 12839 12808
f 12831 12536 12818 12840
f 13195 12626 13172 13732
f 12821 13994 13915 13923
f 13914 13943 13947 13907
f 12842 13975 13978 12859
f 12654 12644 12641 12651
f 12662 13067 13972 13988
f 13974 12861 13050 13976
f 12849 12850 12855 12856
f 12828 12827 12559 12556
f 12846 12852 12853 12845
f 12567 13989 13983 12566
f 13049 12869 12881 13046
f 12848 12857 12852 12846
f 13024 13634 13758 13759
f 12849 12856 12857 12848
f 12845 12853 12854 12844
f 13755 12853 12852 12875
f 12875 13764 12873 13755
f 12884 12865 12864 12883
f 12821 13923 13132 12823
f 13646 13733 12592 12590
f 12672 12653 13120 13541
f 12566 13983 13988 12568
f 12795 12796 12640 12650
f 12665 12653 12672 12673
f 13647 13024 13759 12590
f 12761 12780 12779 12760
f 13113 12841 12843 13114
f 12914 12905 13981 13991
f 13142 8626 8654 12827
f 8626 3883 3568 8654
f 12657 12652 12642 12647
f 13135 13138 12888 12887
f 13135 12887 12886 13137
f 13115 13081 12846 12845
f 12901 12892 12891 12902
f 12962 12961 12892 12893
f 12963 12962 12893 12894
f 13070 12963 12894 13063
f 12966 12964 12895 12896
f 12889 12966 12896 12802
f 12673 13007 13040 12721
f 12893 12892 12901 12900
f 12896 12895 12898 12904
f 12802 12896 12904 12819
f 12894 12893 12900 12899
f 13063 12894 12899 13062
f 12859 13978 13973 12860
f 12914 12913 12858 12905
f 12910 12857 12856 12911
f 12914 12842 13748 12913
f 13006 12726 13732 13172
f 12873 12907 12906 12872
f 12811 12522 12519 12810
f 12691 13078 13077 12579
f 12911 13753 13194 12910
f 13050 13049 12870 12860
f 12595 13019 12990 13730
f 12522 12984 12985 12519
f 12811 12810 12520 12521
f 12664 12663 12863 12868
f 13064 12863 12663 13067
f 12862 12867 12662 12661
f 12866 12862 12661 12660
f 12660 12577 12865 12866
f 12902 12891 12890 12903
f 12523 12521 12539 12540
f 12537 12518 12516 12544
f 12535 12978 12988 12830
f 12609 12610 12586 12585
f 12822 12683 12581 12820
f 12621 12618 12915 12916
f 12596 12589 12915 12618
f 12788 12917 12591 12594
f 12593 12587 12917 12788
f 12597 12588 12918 12801
f 13910 12916 12915 13909
f 12613 12634 12924 12926
f 12634 12644 12923 12924
f 12644 12654 12920 12923
f 12818 12535 12830 12840
f 12577 12578 12864 12865
f 12707 12933 12932 12708
f 13057 13055 12936 12706
f 12704 12934 12937 12705
f 12708 12932 12939 12743
f 12665 12673 12721 12643
f 12512 12571 12692 12686
f 12897 12729 12725 12562
f 12928 13069 13068 12679
f 13630 13013 13043 13628
f 13188 13009 13041 13184
f 13025 13005 13039 13044
f 12993 13038 13043 13013
f 13643 13011 13042 13641
f 12904 13025 13044 12819
f 12991 13038 13037 12992
f 12743 12939 12938 12734
f 12892 12961 12960 12891
f 12956 13164 13165 12957
f 12670 13148 13149 12675
f 13979 13980 13116 13078
f 12940 13154 13155 12678
f 12668 12580 13035 12720
f 12689 12690 12961 12962
f 12688 12689 12962 12963
f 13060 12688 12963 13070
f 12686 12687 12964 12966
f 12512 12686 12966 12889
f 13117 13119 13982 13980
f 12949 12941 12698 12565
f 12941 12945 12699 12698
f 13074 12513 12511 13075
f 12669 12668 12720 12719
f 13069 12669 12719 13068
f 12666 12928 12679 12681
f 12667 12666 12681 12680
f 12930 12667 12680 12747
f 12891 12960 12959 12890
f 13052 12944 12700 13056
f 12944 12943 12701 12700
f 12943 12946 12702 12701
f 12744 12702 12946 12948
f 12929 12930 12747 12736
f 12501 12970 12969 12502
f 12755 12972 12971 12756
f 12754 12973 12972 12755
f 12753 12974 12973 12754
f 12752 12975 12974 12753
f 12764 12976 12969 12751
f 12768 12978 12977 12767
f 12531 12979 12977 12533
f 12762 12982 12981 12763
f 12761 12984 12982 12762
f 12527 12976 12983 12529
f 12759 12986 12985 12760
f 12835 12989 12980 12758
f 12750 12970 12975 12752
f 12756 12971 12987 12757
f 12517 12986 12980 12515
f 12763 12981 12988 12836
f 12757 12987 12989 12835
f 13028 13767 13765 13029
f 13027 13768 13767 13028
f 13028 12991 12992 13027
f 13038 12993 12994 13037
f 12993 12995 12996 12994
f 12999 12997 13034 13520
f 12999 13001 13002 13000
f 13001 13003 13004 13002
f 3877 3878 3210 13749
f 13184 13041 13008 13187
f 13641 13042 13010 13642
f 13628 13043 13012 13629
f 13038 12991 13012 13043
f 13188 13191 13016 13009
f 13643 13644 13017 13011
f 12673 12672 13015 13007
f 13630 13631 13018 13013
f 12995 12993 13013 13018
f 13025 13026 13014 13005
f 13137 13136 13752 12583
f 8782 13020 13730 3232
f 12684 12573 12538 12537
f 12908 12909 13764 12874
f 13745 12907 12909 13763
f 13742 13745 13763 13762
f 13633 13021 13020 13632
f 8831 13632 13020 8782
f 12854 13756 12488 8657
f 13646 13023 13022 13645
f 12590 13759 13023 13646
f 13024 13030 13635 13634
f 13066 13061 12547 12568
f 12664 13990 13987 12663
f 12904 12898 13026 13025
f 13642 13648 13031 13008
f 13629 13635 13030 13010
f 12991 13028 13029 13012
f 13647 13648 13030 13024
f 13626 13698 13697 13625
f 12908 13732 12726 13746
f 13034 13033 13584 13520
f 13033 13586 13587 13584
f 12861 12869 13049 13050
f 12801 12918 12587 12593
f 13061 13059 12506 12547
f 12671 12882 13046 13045
f 13045 13046 12881 12958
f 12687 13060 13070 12964
f 12678 13155 13157 12677
f 12705 12937 13055 13057
f 12867 13064 13067 12662
f 12895 13063 13062 12898
f 12964 13070 13063 12895
f 13065 13064 12867 12876
f 12722 12728 13054 13072
f 13711 13714 13071 12718
f 12937 12710 13053 13055
f 12945 12705 13057 13052
f 12693 12699 13056 13058
f 12710 12669 13069 13053
f 12693 13058 13060 12687
f 12719 12718 13071 13068
f 12674 13147 13148 12670
f 12509 12507 12806 13076
f 12574 13108 13109 13110
f 13077 13084 13085 13082
f 12841 13993 13981 12905
f 12514 12513 13074 13083
f 13978 13975 12573 12684
f 12807 12514 13083 13086
f 12580 13087 13092 13035
f 13036 13093 13087 12580
f 12562 13088 13090 12897
f 13035 13092 13089 12560
f 13724 13726 13088 12562
f 12942 13091 13093 13036
f 13167 13176 13175 12954
f 12948 12947 12737 12744
f 12809 12808 12516 12518
f 13096 13097 13099 13098
f 13098 13099 13101 13100
f 13285 13284 13103 13102
f 13102 13103 13105 13104
f 13097 13096 13106 13107
f 13048 12965 12561 13108
f 12637 12607 12606 12616
f 13047 13109 13108 12561
f 12595 13768 13027 13019
f 12886 12887 12833 12826
f 12703 12868 12880 12697
f 12850 12849 13133 13073
f 12849 12848 13118 13133
f 12860 13973 13976 13050
f 13733 13736 13760 12592
f 13983 13989 12660 12661
f 13979 13080 13117 13980
f 12845 12844 13112 13115
f 13993 13992 13752 13136
f 13988 13983 12661 12662
f 12914 13991 13975 12842
f 13080 13122 13123 13117
f 13127 13124 13123 13126
f 12800 12801 12593 12599
f 12869 12861 13121 13125
f 12685 12703 13122 13080
f 12866 12865 12884 12879
f 12817 12816 12531 12533
f 12831 12840 12813 12525
f 12812 12811 12521 12523
f 12675 13149 13150 12931
f 12958 12881 13128 13129
f 12818 12536 12534 12817
f 12956 12968 13162 13164
f 12560 13089 13715 13709
f 12676 12931 13150 13152
f 12922 12921 12611 12609
f 12572 13990 13977 12691
f 13941 13113 13114 13943
f 13985 13974 12574 13110
f 13974 13976 13051 12574
f 13987 12569 13066 13972
f 13980 13982 13111 13116
f 13142 12827 12828 12584
f 12825 12573 13975 13991
f 13005 13014 12653 12665
f 13532 13134 12851 13531
f 12836 12768 12787 12838
f 3856 13929 13928 3853
f 12810 12809 12518 12520
f 12920 12659 12649 12923
f 12582 13135 13137 12583
f 13147 13146 13089 13092
f 13148 13147 13092 13087
f 13148 13087 13093 13149
f 13149 13093 13091 13150
f 13153 12949 12565 13156
f 13156 12565 12571 13158
f 13163 12802 12819 13166
f 13168 13166 12819 13044
f 12626 13173 13039 12643
f 13129 13171 12967 12958
f 13715 13089 13146 13717
f 13088 13145 13131 13090
f 12557 12564 12563 12554
f 12563 12570 12549 12550
f 13167 13165 13166 13168
f 13164 13163 13166 13165
f 12889 12802 13163 13161
f 13161 13163 13164 13162
f 12889 13161 13159 12512
f 13161 13162 13160 13159
f 12512 13159 13158 12571
f 13159 13160 13157 13158
f 13155 13156 13158 13157
f 13154 13153 13156 13155
f 12949 13153 13151 12543
f 13153 13154 13152 13151
f 13171 13174 13262 13260
f 13091 13151 13152 13150
f 13173 13168 13044 13039
f 13175 13176 12671 13045
f 13171 13129 12953 13174
f 13170 13167 13168 13173
f 12942 12543 13151 13091
f 12813 12812 12523 12525
f 13045 12958 12967 13175
f 13006 13172 12721 13040
f 12952 13177 13178 13130
f 13262 13174 13178 13264
f 13007 13015 13193 13190
f 13190 13193 13192 13189
f 13189 13192 13191 13188
f 13040 13182 13185 13006
f 13182 13183 13186 13185
f 13183 13184 13187 13186
f 13007 13190 13182 13040
f 13190 13189 13183 13182
f 13189 13188 13184 13183
f 12726 13006 13185 13179
f 13179 13185 13186 13180
f 13180 13186 13187 13181
f 12520 12538 12539 12521
f 13107 13106 13196 13197
f 13197 13196 13198 13199
f 13199 13198 13200 13201
f 13203 13205 13204 13202
f 13205 13207 13206 13204
f 13207 13209 13208 13206
f 13209 13211 13210 13208
f 13211 13213 13212 13210
f 13213 13215 13214 13212
f 13215 13217 13216 13214
f 13209 13218 13219 13211
f 13218 13220 13221 13219
f 13220 13222 13223 13221
f 13222 13224 13225 13223
f 13224 13226 13227 13225
f 13226 13228 13229 13227
f 13228 13230 13231 13229
f 13230 13232 13233 13231
f 13232 13234 13235 13233
f 13234 13236 13237 13235
f 13236 13238 13239 13237
f 13201 13200 13240 13241
f 13241 13240 13242 13243
f 13243 13242 13244 13245
f 13245 13244 13246 13247
f 13247 13246 13248 13249
f 13249 13248 13250 13251
f 13251 13250 13252 13253
f 13238 13254 13255 13239
f 13326 13349 13324 13309
f 13329 13345 13325 13308
f 13515 13517 13324 13259
f 13348 13346 13263 13261
f 13346 13347 13265 13263
f 13347 13330 13267 13265
f 13327 13268 13252 13341
f 13269 13268 13270 13271
f 13328 13270 13268 13327
f 13252 13268 13269 13253
f 13273 13272 13274 13275
f 13275 13274 13276 13277
f 13345 13278 13276 13342
f 13351 13359 13258 13260
f 13206 13212 13214 13204
f 13212 13206 13208 13210
f 13204 13214 13216 13202
f 13287 13288 13202 13216
f 13331 13106 13096 13326
f 13332 13196 13106 13331
f 13333 13198 13196 13332
f 13334 13200 13198 13333
f 13335 13240 13200 13334
f 13336 13242 13240 13335
f 13337 13244 13242 13336
f 13338 13246 13244 13337
f 13339 13248 13246 13338
f 13340 13250 13248 13339
f 13341 13252 13250 13340
f 13342 13276 13274 13343
f 13343 13274 13272 13344
f 13344 13272 13270 13328
f 13270 13272 13273 13271
f 13356 13357 13177 12952
f 13178 13177 13266 13264
f 13330 13349 13098 13267
f 13086 13085 13094 13047
f 13174 12953 13130 13178
f 12967 13171 13260 13258
f 13277 13276 13278 13279
f 13359 13358 12967 13258
f 13291 13275 13277 13290
f 13292 13273 13275 13291
f 13293 13271 13273 13292
f 13295 13251 13253 13294
f 13296 13249 13251 13295
f 13297 13247 13249 13296
f 13298 13245 13247 13297
f 13299 13243 13245 13298
f 13300 13241 13243 13299
f 13301 13201 13241 13300
f 13302 13301 13207 13205
f 13303 13302 13205 13203
f 13288 13303 13203 13202
f 13287 13216 13217 13304
f 13304 13217 13103 13284
f 13105 13103 13217 13215
f 13294 13253 13269 13305
f 13289 13290 13277 13279
f 13282 13279 13278 13281
f 13305 13269 13271 13293
f 13286 13289 13279 13282
f 13256 13254 13289 13286
f 13230 13305 13293 13232
f 13254 13238 13290 13289
f 13228 13294 13305 13230
f 13099 13304 13284 13101
f 13097 13287 13304 13099
f 13107 13197 13303 13288
f 13197 13199 13302 13303
f 13199 13201 13301 13302
f 13207 13301 13300 13209
f 13209 13300 13299 13218
f 13218 13299 13298 13220
f 13220 13298 13297 13222
f 13222 13297 13296 13224
f 13224 13296 13295 13226
f 13226 13295 13294 13228
f 13232 13293 13292 13234
f 13234 13292 13291 13236
f 13236 13291 13290 13238
f 13097 13107 13288 13287
f 13510 13323 13307 13494
f 13100 13101 13284 13285
f 13509 13322 13323 13510
f 13508 13321 13322 13509
f 13507 13320 13319 13506
f 13506 13319 13318 13505
f 13505 13318 13317 13504
f 13504 13317 13316 13503
f 13503 13316 13315 13502
f 13502 13315 13314 13501
f 13501 13314 13313 13500
f 13500 13313 13312 13499
f 13499 13312 13311 13498
f 13498 13311 13310 13497
f 13497 13310 13309 13516
f 13348 13329 13308 13306
f 13511 13325 13321 13508
f 13494 13307 13257 13495
f 13495 13257 13320 13507
f 13514 13515 13259 13280
f 13513 13514 13280 13283
f 13512 13513 13283 13306
f 13261 13281 13329 13348
f 13259 13324 13349 13330
f 13323 13344 13328 13307
f 13322 13343 13344 13323
f 13321 13342 13343 13322
f 13320 13341 13340 13319
f 13319 13340 13339 13318
f 13318 13339 13338 13317
f 13317 13338 13337 13316
f 13316 13337 13336 13315
f 13315 13336 13335 13314
f 13314 13335 13334 13313
f 13313 13334 13333 13312
f 13312 13333 13332 13311
f 13311 13332 13331 13310
f 13310 13331 13326 13309
f 13325 13345 13342 13321
f 13307 13328 13327 13257
f 13257 13327 13341 13320
f 13280 13259 13330 13347
f 13283 13280 13347 13346
f 13306 13283 13346 13348
f 13281 13278 13345 13329
f 13096 13098 13349 13326
f 13260 13262 13353 13351
f 13262 13264 13354 13353
f 13264 13266 13355 13354
f 12968 13352 13370 12955
f 12956 13350 13352 12968
f 12967 13358 13371 13175
f 12951 13360 13356 12952
f 13361 12950 12674 13362
f 13726 13715 13717 13727
f 12670 13363 13362 12674
f 12675 13364 13363 12670
f 12931 13365 13364 12675
f 12676 13366 13365 12931
f 12940 13367 13366 12676
f 12678 13368 13367 12940
f 12677 13369 13368 12678
f 12955 13370 13369 12677
f 13175 13371 13372 12954
f 12954 13372 13373 12957
f 12957 13373 13350 12956
f 13496 13511 13358 13359
f 13516 13517 13357 13356
f 13512 13496 13359 13351
f 13266 13177 13357 13355
f 13267 13377 13376 13265
f 13265 13376 13375 13263
f 13263 13375 13374 13261
f 13377 13381 13380 13376
f 13376 13380 13379 13375
f 13375 13379 13378 13374
f 13381 13385 13384 13380
f 13380 13384 13383 13379
f 13379 13383 13382 13378
f 13098 13100 13377 13267
f 13100 13285 13381 13377
f 13285 13102 13385 13381
f 13282 13281 13261 13374
f 13286 13282 13374 13378
f 13256 13286 13378 13382
f 13401 13388 13386 13400
f 13403 13393 13392 13402
f 13405 13398 13397 13404
f 13408 13391 13390 13407
f 13410 13396 13395 13409
f 13406 13399 13398 13405
f 13411 13389 13388 13401
f 13412 13394 13393 13403
f 13402 13392 13391 13408
f 13404 13397 13396 13410
f 13407 13390 13389 13411
f 13409 13395 13394 13412
f 13400 13386 13387 13413
f 13211 13400 13413 13213
f 13233 13409 13412 13231
f 13223 13407 13411 13221
f 13237 13404 13410 13235
f 13227 13402 13408 13225
f 13231 13412 13403 13229
f 13221 13411 13401 13219
f 13255 13406 13405 13239
f 13235 13410 13409 13233
f 13225 13408 13407 13223
f 13239 13405 13404 13237
f 13229 13403 13402 13227
f 13219 13401 13400 13211
f 13255 13254 13256 13406
f 13256 13382 13399 13406
f 13213 13413 13105 13215
f 13104 13105 13413 13387
f 13437 13431 13430 13436
f 13443 13418 13417 13442
f 13449 13424 13423 13448
f 13455 13454 13414 13419
f 13458 13432 13431 13437
f 13464 13416 13433 13463
f 13455 13419 13418 13443
f 13467 13425 13424 13449
f 13458 13463 13433 13432
f 13454 13472 13415 13414
f 13473 13426 13425 13467
f 13472 13478 13421 13415
f 13479 13427 13426 13473
f 13482 13428 13427 13479
f 13485 13420 13421 13478
f 13488 13429 13428 13482
f 13491 13422 13420 13485
f 13436 13430 13429 13488
f 13442 13417 13416 13464
f 13448 13423 13422 13491
f 13432 13433 13416 13431
f 13416 13417 13430 13431
f 13417 13418 13429 13430
f 13418 13419 13428 13429
f 13419 13414 13427 13428
f 13414 13415 13426 13427
f 13425 13426 13415 13421
f 13421 13420 13424 13425
f 13420 13422 13423 13424
f 13389 13446 13493 13388
f 13446 13447 13492 13493
f 13447 13448 13491 13492
f 13383 13440 13466 13382
f 13440 13441 13465 13466
f 13441 13442 13464 13465
f 13396 13434 13490 13395
f 13434 13435 13489 13490
f 13435 13436 13488 13489
f 13388 13493 13487 13386
f 13493 13492 13486 13487
f 13492 13491 13485 13486
f 13395 13490 13484 13394
f 13490 13489 13483 13484
f 13489 13488 13482 13483
f 13386 13487 13476 13387
f 13487 13486 13477 13476
f 13486 13485 13478 13477
f 13394 13484 13481 13393
f 13484 13483 13480 13481
f 13483 13482 13479 13480
f 13393 13481 13475 13392
f 13481 13480 13474 13475
f 13480 13479 13473 13474
f 13104 13387 13476 13470
f 13470 13476 13477 13471
f 13471 13477 13478 13472
f 13392 13475 13469 13391
f 13475 13474 13468 13469
f 13474 13473 13467 13468
f 13102 13104 13470 13452
f 13452 13470 13471 13453
f 13453 13471 13472 13454
f 13399 13461 13460 13398
f 13461 13462 13459 13460
f 13462 13463 13458 13459
f 13391 13469 13451 13390
f 13469 13468 13450 13451
f 13468 13467 13449 13450
f 13385 13457 13445 13384
f 13457 13456 13444 13445
f 13456 13455 13443 13444
f 13382 13466 13461 13399
f 13466 13465 13462 13461
f 13465 13464 13463 13462
f 13398 13460 13439 13397
f 13460 13459 13438 13439
f 13459 13458 13437 13438
f 13385 13102 13452 13457
f 13457 13452 13453 13456
f 13456 13453 13454 13455
f 13390 13451 13446 13389
f 13451 13450 13447 13446
f 13450 13449 13448 13447
f 13384 13445 13440 13383
f 13445 13444 13441 13440
f 13444 13443 13442 13441
f 13397 13439 13434 13396
f 13439 13438 13435 13434
f 13438 13437 13436 13435
f 13306 13308 13496 13512
f 13309 13324 13517 13516
f 13308 13325 13511 13496
f 13351 13353 13513 13512
f 13353 13354 13514 13513
f 13354 13355 13515 13514
f 13352 13495 13507 13370
f 13350 13494 13495 13352
f 13358 13511 13508 13371
f 13360 13497 13516 13356
f 13361 13498 13497 13360
f 13362 13499 13498 13361
f 13363 13500 13499 13362
f 13364 13501 13500 13363
f 13365 13502 13501 13364
f 13366 13503 13502 13365
f 13367 13504 13503 13366
f 13368 13505 13504 13367
f 13369 13506 13505 13368
f 13370 13507 13506 13369
f 13371 13508 13509 13372
f 13372 13509 13510 13373
f 13373 13510 13494 13350
f 13355 13357 13517 13515
f 13003 13518 13519 13004
f 13001 13521 13522 13003
f 12999 13520 13521 13001
f 13003 13522 13523 13518
f 12903 13528 13527 12902
f 12900 13525 13524 12899
f 12901 13526 13525 12900
f 12899 13524 13529 13062
f 12902 13527 13526 12901
f 13525 13531 13530 13524
f 13526 13532 13531 13525
f 13528 13534 13533 13527
f 13524 13530 13535 13529
f 13527 13533 13532 13526
f 12851 13537 13536 12871
f 13134 13538 13537 12851
f 12847 13540 13539 13757
f 12871 13536 13541 13120
f 13757 13539 13538 13134
f 13537 13543 13542 13536
f 13538 13544 13543 13537
f 13540 13546 13545 13539
f 13536 13542 13547 13541
f 13539 13545 13544 13538
f 13543 13549 13548 13542
f 13544 13550 13549 13543
f 13546 13552 13551 13545
f 13542 13548 13553 13547
f 13545 13551 13550 13544
f 13550 13556 13555 13549
f 13552 13558 13557 13551
f 13548 13554 13559 13553
f 13551 13557 13556 13550
f 13549 13555 13554 13548
f 13558 13564 13563 13557
f 13554 13560 13565 13559
f 13557 13563 13562 13556
f 13555 13561 13560 13554
f 13556 13562 13561 13555
f 13564 13570 13569 13563
f 13560 13566 13571 13565
f 13563 13569 13568 13562
f 13561 13567 13566 13560
f 13562 13568 13567 13561
f 13650 13576 13575 13649
f 13652 13572 13577 13651
f 13649 13575 13574 13653
f 13654 13573 13572 13652
f 13653 13574 13573 13654
f 13572 13578 13583 13577
f 13575 13581 13580 13574
f 13573 13579 13578 13572
f 13574 13580 13579 13573
f 13576 13582 13581 13575
f 13026 12898 13062 13529
f 13014 13026 13529 13535
f 12653 13014 13535 13120
f 13015 12672 13541 13547
f 13193 13015 13547 13553
f 13192 13193 13553 13559
f 13191 13192 13559 13565
f 13016 13191 13565 13571
f 13644 13016 13571 13651
f 12568 13988 13972 13066
f 13012 13029 13635 13629
f 13520 13584 13522 13521
f 13032 13585 13586 13033
f 13586 13592 13593 13587
f 13523 13522 13584 13587
f 13583 13578 13585 13032
f 13587 13593 13590 13523
f 13592 13598 13599 13593
f 13518 13588 13589 13519
f 13523 13590 13588 13518
f 13585 13591 13592 13586
f 13578 13579 13591 13585
f 13593 13599 13596 13590
f 13598 13604 13605 13599
f 13590 13596 13594 13588
f 13591 13597 13598 13592
f 13588 13594 13595 13589
f 13579 13580 13597 13591
f 13597 13603 13604 13598
f 13604 13610 13611 13605
f 13594 13600 13601 13595
f 13599 13605 13602 13596
f 13596 13602 13600 13594
f 13580 13581 13603 13597
f 13610 13615 13616 13611
f 13602 13608 13606 13600
f 13603 13609 13610 13604
f 13600 13606 13607 13601
f 13605 13611 13608 13602
f 13581 13582 13609 13603
f 13611 13616 13612 13608
f 13608 13612 13614 13606
f 13606 13614 13613 13607
f 13000 13622 13621 12998
f 12992 13618 13626 13027
f 13696 13621 13622 13656
f 12996 12995 12997 12998
f 13037 13627 13618 12992
f 13004 13624 13623 13002
f 12994 13619 13627 13037
f 13095 13109 13047 13094
f 12995 13018 13034 12997
f 12561 12807 13086 13047
f 12990 13617 8830 8781
f 12996 13620 13619 12994
f 13002 13623 13622 13000
f 13019 13625 13617 12990
f 13023 13633 13632 13022
f 13759 13758 13633 13023
f 13011 13017 13631 13630
f 13042 13628 13629 13010
f 13011 13630 13628 13042
f 13631 13017 13577 13583
f 13583 13032 13018 13631
f 12996 12998 13621 13620
f 13018 13032 13033 13034
f 13607 13640 13639 13601
f 13595 13638 13637 13589
f 13601 13639 13638 13595
f 13589 13637 13636 13519
f 13519 13636 13624 13004
f 13017 13644 13651 13577
f 13568 13653 13654 13567
f 13567 13654 13652 13566
f 13569 13649 13653 13568
f 13566 13652 13651 13571
f 13570 13650 13649 13569
f 13124 13125 13121 13119
f 13010 13030 13648 13642
f 13009 13016 13644 13643
f 13041 13641 13642 13008
f 13009 13643 13641 13041
f 13613 13655 13640 13607
f 13623 13657 13656 13622
f 13637 13660 13659 13636
f 13636 13659 13658 13624
f 13624 13658 13657 13623
f 13659 13664 13663 13658
f 13658 13663 13662 13657
f 13660 13665 13664 13659
f 13657 13662 13661 13656
f 13664 13669 13668 13663
f 13663 13668 13667 13662
f 13665 13670 13669 13664
f 13662 13667 13666 13661
f 13669 13674 13673 13668
f 13668 13673 13672 13667
f 13670 13675 13674 13669
f 13667 13672 13671 13666
f 13640 13678 13677 13639
f 13655 13679 13678 13640
f 13639 13677 13676 13638
f 13677 13681 13680 13676
f 13679 13683 13682 13678
f 13678 13682 13681 13677
f 13681 13685 13684 13680
f 13683 13687 13686 13682
f 13682 13686 13685 13681
f 13685 13689 13688 13684
f 13687 13691 13690 13686
f 13686 13690 13689 13685
f 13638 13676 13660 13637
f 13665 13660 13676 13680
f 13670 13665 13680 13684
f 13675 13670 13684 13688
f 13620 13695 13694 13619
f 13625 13697 13692 13617
f 13621 13696 13695 13620
f 13618 13693 13698 13626
f 13619 13694 13699 13627
f 13627 13699 13693 13618
f 13027 13626 13625 13019
f 13671 13672 13701 13700
f 13672 13673 13702 13701
f 13673 13674 13703 13702
f 13674 13675 13704 13703
f 13675 13688 13705 13704
f 13688 13689 13706 13705
f 13689 13690 13691 13706
f 12528 12504 12803 12814
f 12503 12804 12803 12504
f 12506 12805 12804 12503
f 12806 12805 12506 13059
f 12508 13076 12806 13059
f 12510 13075 13076 12508
f 12935 13074 13075 12510
f 13074 12935 13082 13083
f 13086 13083 13082 13085
f 13084 13095 13094 13085
f 13977 13979 13078 12691
f 12598 12919 12588 12597
f 13119 13117 13123 13124
f 13079 13126 13123 13122
f 13128 13127 12953 13129
f 13720 13723 13714 13711
f 13131 12953 13127 13126
f 13126 13079 13090 13131
f 13079 12697 12897 13090
f 12729 12897 12697 12880
f 12880 12877 12728 12729
f 12728 12877 13065 13054
f 13054 13065 12876 12727
f 12730 12727 12876 12878
f 12731 12730 12878 12879
f 12749 12731 12879 12884
f 12749 12884 12883 12732
f 12950 13361 13360 12951
f 13982 13985 13110 13111
f 12724 12560 13709 13713
f 13718 13725 13707 13708
f 13725 13716 13169 13707
f 13719 13721 13712 13710
f 13723 13719 13710 13714
f 13722 13720 13711 13713
f 13721 13718 13708 13712
f 13717 13146 12950 12951
f 12716 12682 13718 13721
f 12725 12722 13720 13722
f 13072 12723 13719 13723
f 12723 12716 13721 13719
f 12741 12740 13716 13725
f 12682 12741 13725 13718
f 12722 13072 13723 13720
f 13088 13726 13727 13145
f 13709 13715 13726 13724
f 13713 13709 13724 13722
f 13145 13727 12952 13130
f 13727 13717 12951 12952
f 12998 12997 12999 13000
f 13744 12906 12907 13745
f 13195 13732 12908 12874
f 12857 12910 12875 12852
f 13645 13729 13733 13646
f 13021 12595 13730 13020
f 12984 12761 12760 12985
f 12590 12592 13734 13647
f 13729 13735 13736 13733
f 12592 13760 13737 13734
f 13735 13738 13739 13736
f 13760 13761 13740 13737
f 13738 13741 13742 13739
f 13761 13762 13743 13740
f 13741 13744 13745 13742
f 13762 13763 13746 13743
f 12726 13179 13743 13746
f 12842 12859 13747 13748
f 13647 13734 13031 13648
f 13181 13031 13734 13737
f 13180 13181 13737 13740
f 13179 13180 13740 13743
f 12825 13991 13981 12885
f 13958 13969 3566 3626
f 13750 13753 12911 12912
f 3232 13730 12990 8781
f 13747 13751 13750 13748
f 12882 12671 13754 13751
f 13751 13754 13753 13750
f 13750 12912 12913 13748
f 12883 12864 8658 8660
f 3562 13749 3210 3564
f 12821 12823 12583 13752
f 13731 13194 13753 13754
f 12671 13176 13731 13754
f 13763 12909 12908 13746
f 12872 13756 13755 12873
f 12859 12860 12870 13747
f 13731 13176 13167 13170
f 13194 13731 13170 13195
f 12909 12907 12873 13764
f 12910 12874 13764 12875
f 13634 13765 13766 13758
f 13765 13767 13768 13766
f 12595 13021 13766 13768
f 13021 13633 13758 13766
f 12853 13755 13756 12854
f 8797 8799 13610 13609
f 12559 12827 8654 8622
f 9072 9084 13692 13697
f 9077 9072 13697 13698
f 9077 13698 13693 9078
f 9079 9078 13693 13699
f 9079 13699 13694 9080
f 9073 9080 13694 13695
f 9074 9073 13695 13696
f 9074 13696 13656 9085
f 9075 9085 13656 13661
f 9076 9075 13661 13666
f 9081 9076 13666 13671
f 9086 9081 13671 13700
f 9087 9086 13700 13701
f 9088 9087 13701 13702
f 9089 9088 13702 13703
f 9090 9089 13703 13704
f 9091 9090 13704 13705
f 9092 9091 13705 13706
f 9092 13706 13691 9071
f 9071 13691 13687 9070
f 9070 13687 13683 9069
f 9069 13683 13679 9093
f 9093 13679 13655 9068
f 9068 13655 13613 9067
f 9065 9067 13613 13614
f 9065 13614 13612 9066
f 9063 9066 13612 13616
f 9063 13616 13615 9062
f 8798 9064 9062 13615
f 12576 12564 8623 8624
f 9083 8843 13692 9084
f 13617 13692 8843 8830
f 8784 13022 13632 8831
f 12983 12979 12531 12529
f 8621 12558 12559 8622
f 8629 8628 12586 12610
f 12622 12633 8636 8633
f 8635 8630 12612 12630
f 8629 12610 12612 8630
f 12615 12638 8637 8631
f 12635 12622 8633 8638
f 12655 12645 8640 8642
f 8635 12630 12615 8631
f 12633 12623 8634 8636
f 12733 12929 8665 8651
f 12738 12737 8649 8648
f 12947 12734 8650 8667
f 12938 12733 8651 8666
f 13169 8910 8645 12735
f 12739 12738 8648 8647
f 8645 8644 12736 12735
f 12740 8646 8911 13716
f 12732 8652 8646 12740
f 3215 13897 13908 3660
f 12854 8657 8656 12844
f 8787 3311 12847 13534
f 12959 8668 8661 12890
f 12890 8661 8662 12903
f 13970 13749 3562 13995
f 8627 8653 13140 13143
f 12734 12938 8666 8650
f 12739 8647 8668 12959
f 8665 12929 12736 8644
f 12947 8667 8649 12737
f 12645 12635 8638 8640
f 8632 8634 12623 12621
f 12621 12916 8664 8632
f 12906 8663 8659 12872
f 12578 8625 8658 12864
f 12648 12658 8641 8639
f 12638 12648 8639 8637
f 12844 8656 8785 13112
f 8655 8626 13142 13141
f 3876 3879 3208 3209
f 12582 12581 13138 13135
f 8662 8786 13528 12903
f 8786 8787 13534 13528
f 3311 8788 13540 12847
f 8788 8789 13546 13540
f 8789 8790 13552 13546
f 8790 8791 13558 13552
f 8791 8792 13564 13558
f 8792 8793 13570 13564
f 8833 8794 13576 13650
f 8794 8795 13582 13576
f 8799 8798 13615 13610
f 13582 8795 8797 13609
f 8793 8833 13650 13570
f 12732 12883 8660 8652
f 13716 8911 8910 13169
f 8832 12463 13729 13645
f 12463 12467 13735 13729
f 12467 12471 13738 13735
f 12471 12475 13741 13738
f 12475 12479 13744 13741
f 12479 8663 12906 13744
f 12488 13756 12872 8659
f 8832 13645 13022 8784
f 359 360 13782 13783
f 368 369 13779 13780
f 245 13784 13776 218
f 259 13781 13784 245
f 182 13778 13777 169
f 273 13782 13781 259
f 357 358 13771 13769
f 299 13771 13783 286
f 338 13772 13770 325
f 356 357 13769 13770
f 195 13774 13778 182
f 208 13775 13774 195
f 344 155 13779 13773
f 218 13776 13775 208
f 344 13773 13772 338
f 169 13777 13780 156
f 592 13795 13796 598
f 623 622 13794 13793
f 621 620 13797 13798
f 620 619 13792 13797
f 472 13790 13788 499
f 598 13796 13793 409
f 449 13792 13789 462
f 527 13787 13785 540
f 462 13789 13790 472
f 613 612 13786 13785
f 612 611 13800 13786
f 610 609 13795 13799
f 499 13788 13791 513
f 566 13800 13799 579
f 622 621 13798 13794
f 615 614 13787 13791
f 6 5 13805 13806
f 103 104 13824 13823
f 80 78 13818 13820
f 120 117 13837 13840
f 2 1 13801 13802
f 102 103 13823 13822
f 111 119 13839 13831
f 106 107 13827 13826
f 79 80 13820 13819
f 104 105 13825 13824
f 5 3 13803 13805
f 105 106 13826 13825
f 7 6 13806 13807
f 10 11 13811 13810
f 110 108 13828 13830
f 73 79 13819 13813
f 117 116 13836 13837
f 11 12 13812 13811
f 9 8 13808 13809
f 115 114 13834 13835
f 3 4 13804 13803
f 116 115 13835 13836
f 112 111 13831 13832
f 75 74 13814 13815
f 113 112 13832 13833
f 77 76 13816 13817
f 4 10 13810 13804
f 78 77 13817 13818
f 114 113 13833 13834
f 8 7 13807 13808
f 118 120 13840 13838
f 76 75 13815 13816
f 109 101 13821 13829
f 1 73 13813 13801
f 101 102 13822 13821
f 107 110 13830 13827
f 62 13812 12 13
f 98 118 13838 70
f 34 13828 108 88
f 2 13802 26 43
f 23 13814 74 46
f 89 109 13829 35
f 16 9 13809 59
f 71 13839 119 99
f 880 822 13864 13881
f 1688 13872 13855 1661
f 1687 1686 13871 13873
f 1693 1661 13855 13861
f 1677 13874 13858 1664
f 1693 13861 13859 1635
f 1685 1684 13874 13870
f 1593 13883 13875 1555
f 1687 13873 13872 1688
f 1685 13870 13871 1686
f 1441 13887 13847 1461
f 1619 13866 13882 1579
f 629 648 13848 13860
f 1593 1579 13882 13883
f 1619 1605 13845 13866
f 875 13884 13885 874
f 1541 13879 13843 1528
f 629 13860 13846 660
f 1649 1635 13859 13862
f 2202 1664 13858 13863
f 1649 13862 13845 1605
f 1514 13850 13869 1499
f 1485 13857 13853 1473
f 1485 1499 13869 13857
f 1541 1555 13875 13879
f 1466 1465 2293 643
f 701 13852 13842 715
f 650 651 2292 1452
f 672 660 13846 13877
f 866 865 13886 13889
f 874 13885 13889 873
f 780 13849 13865 766
f 836 792 13856 13851
f 836 13851 13864 822
f 780 742 13868 13849
f 806 13878 13856 792
f 806 766 13865 13878
f 728 13867 13868 742
f 837 868 13884 13841
f 672 13877 13844 686
f 869 13880 13876 1384
f 701 686 13844 13852
f 728 715 13842 13867
f 872 13886 13888 871
f 864 851 13880 13888
f 880 13881 13841 848
f 1514 1528 13843 13850
f 1441 1473 13853 13887
f 1392 1393 13876 1382
f 2212 2202 13863 2213
f 1745 1762 2312 2296
f 915 2295 2296 932
f 3540 3253 3226 3541
f 3567 3627 3626 3566
f 12886 12826 12825 12885
f 13993 13136 12885 13981
f 13958 3626 3877 13971
f 3852 3857 3825 3836
f 13891 13890 3884 8627
f 13891 8627 13143 13892
f 13893 3885 3884 13890
f 13894 13892 13143 13144
f 13895 3880 3885 13893
f 13934 12927 12585 13939
f 13139 13896 13894 13144
f 13922 13895 13893 13920
f 13921 13919 13892 13894
f 13920 13893 13890 13917
f 13918 13891 13892 13919
f 13918 13917 13890 13891
f 13139 13728 13132 13896
f 8059 3880 13895 3873
f 13916 13896 13132 13923
f 12916 13910 13903 8664
f 3231 3229 3241 3262
f 12918 13914 13907 12587
f 12587 13907 13913 12917
f 12917 13913 13912 12591
f 12588 13906 13914 12918
f 12591 13912 13911 12589
f 3564 3873 13924 3562
f 3658 13904 13898 3214
f 3218 13902 13904 3658
f 3659 13905 13897 3215
f 13902 13927 13925 13904
f 12602 12604 12634 12613
f 3853 13928 13933 8785
f 13922 13924 3873 13895
f 13908 13995 3562 13924
f 13908 13924 13922 13940
f 13934 13916 13923 13915
f 13936 13935 13917 13918
f 13938 13920 13917 13935
f 13896 13916 13921 13894
f 13939 13937 13919 13921
f 13118 13081 13942 13946
f 3855 3854 13932 13930
f 13115 13944 13942 13081
f 13133 13118 13946 13948
f 3668 3660 13908 13940
f 13954 13956 3821 3314
f 8628 3213 13935 13936
f 8628 13936 13937 12586
f 3212 13938 13935 3213
f 12585 12586 13937 13939
f 3668 13940 13938 3212
f 13073 13133 13948 13947
f 12927 13934 13915 12919
f 13112 13945 13944 13115
f 3874 13925 13927 3859
f 13977 12685 13080 13979
f 13992 13994 12821 13752
f 13940 13922 13920 13938
f 13932 13995 13908 13897
f 3252 3227 3236 3256
f 13955 13950 3202 3313
f 3953 3951 3949 3947
f 12288 12361 12332 12369
f 12421 12417 12361 12288
f 7918 7982 7955 7975
f 12442 12434 12152 12440
f 8621 3185 3184 8620
f 3884 3885 3563 3881
