# MB-Lab anime male M_AN01 shojo
# Source: https://github.com/animate1978/MB-Lab
# Mesh and JSON data: GNU Affero GPL v3 (AGPL-3.0)
# This is a character template dummy, not a MakeHuman hm08 morph.
o body
g body
v 0.03140 1.62078 0.12589
v 0.02704 1.61506 0.12131
v -0.04912 1.62659 0.12282
v -0.04287 1.62621 0.12435
v -0.05403 1.62652 0.12050
v -0.05882 1.62560 0.11768
v -0.06260 1.62421 0.11478
v -0.06588 1.62288 0.11213
v -0.06847 1.62161 0.11071
v -0.03673 1.62457 0.12619
v -0.03140 1.62078 0.12589
v -0.02704 1.61506 0.12131
v -0.02840 1.61455 0.12073
v -0.03216 1.61933 0.12427
v -0.03699 1.62215 0.12279
v -0.06440 1.61821 0.10677
v 0.04843 1.62400 0.11698
v 0.04293 1.62302 0.11943
v 0.05358 1.62394 0.11462
v 0.05783 1.62279 0.11206
v 0.06094 1.62199 0.10936
v 0.06323 1.62089 0.10676
v 0.06632 1.61820 0.10183
v 0.03729 1.62157 0.12071
v 0.03219 1.61892 0.11979
v 0.02861 1.61491 0.11813
v 0.06075 1.59955 0.10205
v 0.05848 1.59790 0.10309
v 0.05591 1.59616 0.10515
v 0.05123 1.59615 0.10882
v 0.04474 1.59630 0.11071
v 0.03879 1.59692 0.11071
v 0.03346 1.59802 0.11064
v 0.02745 1.60303 0.11305
v 0.06210 1.60263 0.10224
v 0.02998 1.60017 0.11139
v -0.06262 1.61976 0.10884
v -0.06047 1.62134 0.11144
v -0.05771 1.62264 0.11397
v -0.05366 1.62401 0.11666
v -0.04298 1.62330 0.12130
v -0.04841 1.62398 0.11896
v 0.02840 1.61455 0.12073
v 0.03216 1.61933 0.12427
v 0.03699 1.62215 0.12279
v 0.06440 1.61821 0.10677
v 0.06262 1.61976 0.10884
v 0.06047 1.62134 0.11144
v 0.05771 1.62264 0.11397
v 0.05366 1.62401 0.11666
v 0.04298 1.62330 0.12130
v 0.04841 1.62398 0.11896
v -0.04843 1.62400 0.11698
v -0.04293 1.62302 0.11943
v -0.05358 1.62394 0.11462
v -0.05783 1.62279 0.11206
v -0.06094 1.62199 0.10936
v -0.06323 1.62089 0.10676
v -0.06632 1.61820 0.10183
v -0.03729 1.62157 0.12071
v -0.03219 1.61892 0.11979
v -0.02861 1.61491 0.11813
v -0.06075 1.59955 0.10205
v -0.05848 1.59790 0.10309
v -0.05591 1.59616 0.10515
v -0.05123 1.59615 0.10882
v -0.04474 1.59630 0.11071
v -0.03879 1.59692 0.11071
v -0.03346 1.59802 0.11064
v -0.02745 1.60303 0.11305
v -0.06210 1.60263 0.10224
v -0.02998 1.60017 0.11139
v 0.03673 1.62457 0.12619
v 0.06847 1.62161 0.11071
v 0.06588 1.62288 0.11213
v 0.06260 1.62421 0.11478
v 0.05882 1.62560 0.11768
v 0.05403 1.62652 0.12050
v 0.04287 1.62621 0.12435
v 0.04912 1.62659 0.12282
v 0.06023 1.59977 0.10423
v 0.05814 1.59752 0.10630
v 0.05498 1.59665 0.10988
v 0.05064 1.59568 0.11245
v 0.04451 1.59582 0.11357
v 0.03850 1.59698 0.11317
v 0.03330 1.59821 0.11309
v 0.02697 1.60305 0.11491
v 0.06188 1.60229 0.10373
v 0.02982 1.60005 0.11341
v -0.06023 1.59977 0.10423
v -0.05814 1.59752 0.10630
v -0.05498 1.59665 0.10988
v -0.05064 1.59568 0.11245
v -0.04451 1.59582 0.11357
v -0.03850 1.59698 0.11317
v -0.03330 1.59821 0.11309
v -0.02697 1.60305 0.11491
v -0.06188 1.60229 0.10373
v -0.02982 1.60005 0.11341
v 0.06211 1.59784 0.11039
v 0.05924 1.59565 0.11266
v 0.05511 1.59388 0.11569
v 0.04979 1.59346 0.11723
v 0.04416 1.59366 0.11741
v 0.03801 1.59524 0.11659
v 0.03314 1.59684 0.11613
v 0.02569 1.60277 0.11531
v 0.06445 1.60021 0.10849
v 0.02948 1.59871 0.11616
v -0.06211 1.59784 0.11039
v -0.05924 1.59565 0.11266
v -0.05511 1.59388 0.11569
v -0.04979 1.59346 0.11723
v -0.04416 1.59366 0.11741
v -0.03801 1.59524 0.11659
v -0.03314 1.59684 0.11613
v -0.02569 1.60277 0.11531
v -0.06445 1.60021 0.10849
v -0.02948 1.59871 0.11616
v 0.01992 1.63188 0.09996
v 0.02792 1.63824 0.09705
v 0.02767 1.63672 0.09400
v 0.02028 1.63062 0.09677
v 0.03869 1.62793 0.11348
v 0.03398 1.62411 0.11381
v 0.02784 1.63418 0.09102
v 0.02125 1.62876 0.09351
v 0.03686 1.63184 0.11193
v 0.03075 1.62706 0.11313
v 0.02843 1.63078 0.08822
v 0.02283 1.62617 0.09038
v 0.03444 1.63503 0.10909
v 0.02744 1.62947 0.11110
v 0.02963 1.62670 0.08578
v 0.02519 1.62305 0.08743
v 0.03214 1.63720 0.10599
v 0.02448 1.63118 0.10872
v 0.03179 1.62213 0.08363
v 0.02857 1.61957 0.08479
v 0.03014 1.63858 0.10295
v 0.02215 1.63213 0.10611
v 0.03397 1.61802 0.08224
v 0.03263 1.61635 0.08268
v 0.02873 1.63893 0.10010
v 0.02065 1.63235 0.10315
v 0.03554 1.63253 0.08556
v 0.03539 1.62812 0.08356
v 0.04329 1.63732 0.10638
v 0.04206 1.63973 0.10267
v 0.03579 1.62304 0.08217
v 0.04068 1.64103 0.09925
v 0.03652 1.61818 0.08125
v 0.03950 1.64135 0.09618
v 0.04042 1.62099 0.11293
v 0.04361 1.62172 0.11208
v 0.03843 1.64072 0.09342
v 0.03731 1.63904 0.09058
v 0.04423 1.62940 0.11230
v 0.03628 1.63623 0.08787
v 0.04416 1.63377 0.11003
v 0.05226 1.63635 0.10239
v 0.05237 1.63828 0.09853
v 0.04139 1.62691 0.08131
v 0.04013 1.62232 0.08057
v 0.05188 1.63938 0.09530
v 0.03908 1.61815 0.08040
v 0.05088 1.63965 0.09228
v 0.04682 1.62136 0.11075
v 0.04944 1.63911 0.08956
v 0.04734 1.63736 0.08694
v 0.04977 1.62843 0.11003
v 0.04490 1.63452 0.08460
v 0.05142 1.63290 0.10669
v 0.04294 1.63097 0.08277
v 0.04678 1.62346 0.07944
v 0.04399 1.61993 0.07927
v 0.06009 1.63356 0.09526
v 0.05982 1.63444 0.09170
v 0.04072 1.61666 0.07983
v 0.05889 1.63446 0.08851
v 0.04962 1.62007 0.10928
v 0.05728 1.63364 0.08590
v 0.05486 1.63202 0.08350
v 0.05396 1.62481 0.10750
v 0.05196 1.62953 0.08157
v 0.05725 1.62884 0.10397
v 0.04933 1.62662 0.08026
v 0.05922 1.63180 0.09927
v 0.06512 1.62454 0.09311
v 0.06500 1.62508 0.08936
v 0.04667 1.61635 0.07833
v 0.04217 1.61456 0.07938
v 0.06382 1.62501 0.08603
v 0.05097 1.61708 0.10853
v 0.06175 1.62435 0.08326
v 0.05921 1.62313 0.08096
v 0.05720 1.61957 0.10521
v 0.05648 1.62167 0.07934
v 0.06114 1.62164 0.10159
v 0.05356 1.61997 0.07833
v 0.06390 1.62330 0.09734
v 0.05040 1.61830 0.07787
v 0.04762 1.61209 0.07790
v 0.04267 1.61207 0.07922
v 0.06637 1.61159 0.08834
v 0.06492 1.61191 0.08492
v 0.05180 1.61300 0.10797
v 0.06285 1.61209 0.08226
v 0.06071 1.61207 0.08004
v 0.05849 1.61264 0.10433
v 0.05816 1.61201 0.07849
v 0.06278 1.61210 0.10082
v 0.05521 1.61200 0.07751
v 0.06568 1.61162 0.09670
v 0.05177 1.61205 0.07735
v 0.06678 1.61148 0.09225
v 0.05141 1.60857 0.10767
v 0.06260 1.59951 0.08590
v 0.06075 1.60005 0.08308
v 0.05849 1.60100 0.08081
v 0.05757 1.60606 0.10403
v 0.05596 1.60238 0.07920
v 0.06132 1.60365 0.10058
v 0.05338 1.60390 0.07811
v 0.06359 1.60147 0.09669
v 0.05036 1.60580 0.07782
v 0.06445 1.60011 0.09286
v 0.04666 1.60777 0.07832
v 0.06398 1.59948 0.08922
v 0.04216 1.60964 0.07936
v 0.05745 1.59017 0.08848
v 0.05569 1.59073 0.08580
v 0.05365 1.59211 0.08334
v 0.05473 1.60091 0.10522
v 0.05132 1.59414 0.08132
v 0.05728 1.59735 0.10205
v 0.04902 1.59693 0.07997
v 0.05859 1.59406 0.09824
v 0.04674 1.60031 0.07926
v 0.05900 1.59183 0.09459
v 0.04399 1.60404 0.07920
v 0.05858 1.59048 0.09144
v 0.04071 1.60746 0.07978
v 0.05033 1.60557 0.10788
v 0.04837 1.58448 0.08944
v 0.04677 1.58606 0.08676
v 0.05075 1.59747 0.10767
v 0.04479 1.58872 0.08439
v 0.05189 1.59323 0.10539
v 0.04304 1.59229 0.08256
v 0.05184 1.58936 0.10186
v 0.04151 1.59662 0.08118
v 0.05135 1.58642 0.09836
v 0.04018 1.60147 0.08048
v 0.05070 1.58462 0.09511
v 0.03908 1.60587 0.08033
v 0.04973 1.58397 0.09218
v 0.04798 1.60447 0.10894
v 0.03870 1.58229 0.09322
v 0.03762 1.58407 0.09036
v 0.04554 1.59617 0.11019
v 0.03663 1.58682 0.08767
v 0.04524 1.59170 0.10876
v 0.03584 1.59061 0.08528
v 0.04398 1.58764 0.10590
v 0.03559 1.59532 0.08340
v 0.04245 1.58452 0.10259
v 0.03585 1.60053 0.08203
v 0.04094 1.58250 0.09925
v 0.03651 1.60571 0.08114
v 0.03974 1.58177 0.09607
v 0.04465 1.60368 0.11035
v 0.02799 1.58622 0.09357
v 0.02811 1.58881 0.09064
v 0.03978 1.59732 0.11179
v 0.03803 1.59322 0.11073
v 0.02863 1.59227 0.08789
v 0.03549 1.58952 0.10816
v 0.02975 1.59648 0.08540
v 0.03288 1.58666 0.10517
v 0.03183 1.60130 0.08343
v 0.03072 1.58492 0.10225
v 0.03396 1.60574 0.08212
v 0.02920 1.58425 0.09943
v 0.04118 1.60426 0.11167
v 0.02830 1.58470 0.09657
v 0.03480 1.60087 0.11248
v 0.03159 1.59764 0.11169
v 0.02115 1.59409 0.09294
v 0.02277 1.59674 0.08992
v 0.02800 1.59485 0.10954
v 0.02517 1.59998 0.08710
v 0.02480 1.59262 0.10717
v 0.02857 1.60370 0.08459
v 0.02227 1.59127 0.10479
v 0.03262 1.60725 0.08257
v 0.02064 1.59064 0.10203
v 0.03879 1.60528 0.11237
v 0.01983 1.59096 0.09904
v 0.02017 1.59220 0.09594
v 0.01702 1.60191 0.09431
v 0.01921 1.60341 0.09114
v 0.02747 1.60431 0.11251
v 0.02337 1.60269 0.11103
v 0.02227 1.60515 0.08813
v 0.01993 1.60134 0.10896
v 0.02640 1.60728 0.08534
v 0.01735 1.60051 0.10647
v 0.03149 1.60934 0.08298
v 0.01559 1.60015 0.10379
v 0.03736 1.60821 0.11256
v 0.01499 1.60026 0.10077
v 0.01550 1.60087 0.09756
v 0.03136 1.60611 0.11316
v 0.02583 1.61218 0.11335
v 0.02175 1.61193 0.11207
v 0.01815 1.61130 0.09169
v 0.02139 1.61139 0.08856
v 0.01833 1.61169 0.11010
v 0.02573 1.61155 0.08575
v 0.01570 1.61148 0.10775
v 0.03116 1.61175 0.08315
v 0.01412 1.61131 0.10492
v 0.03654 1.61252 0.11289
v 0.01359 1.61121 0.10178
v 0.01417 1.61119 0.09842
v 0.02993 1.61233 0.11374
v 0.01572 1.61124 0.09502
v 0.01935 1.61928 0.09148
v 0.02234 1.61770 0.08835
v 0.02309 1.62142 0.11215
v 0.01982 1.62218 0.11021
v 0.02641 1.61585 0.08557
v 0.01740 1.62259 0.10784
v 0.03149 1.61427 0.08304
v 0.01577 1.62263 0.10494
v 0.03706 1.61693 0.11329
v 0.01523 1.62232 0.10171
v 0.01575 1.62168 0.09827
v 0.03097 1.61875 0.11397
v 0.01724 1.62070 0.09481
v 0.02699 1.62028 0.11349
v 0.03812 1.61979 0.11336
v 0.03988 1.61746 0.11250
v 0.04356 1.61773 0.11144
v 0.03968 1.61263 0.11202
v 0.04033 1.60788 0.11171
v 0.04807 1.60809 0.10892
v 0.04418 1.60764 0.11037
v 0.04806 1.61278 0.10930
v 0.04384 1.61270 0.11075
v 0.04739 1.61745 0.10995
v 0.03465 1.62346 0.11388
v 0.03172 1.61846 0.11395
v 0.03071 1.61235 0.11368
v 0.03209 1.60643 0.11315
v 0.03535 1.60144 0.11253
v 0.04003 1.59813 0.11181
v 0.04537 1.59705 0.11026
v 0.05040 1.59828 0.10791
v 0.05414 1.60150 0.10561
v 0.05678 1.60644 0.10457
v 0.05764 1.61268 0.10485
v 0.05648 1.61917 0.10573
v 0.05346 1.62414 0.10789
v 0.04947 1.62751 0.11028
v 0.04419 1.62848 0.11243
v 0.03896 1.62702 0.11350
v 0.03690 1.61418 0.08109
v 0.03679 1.61604 0.08112
v 0.03696 1.61194 0.08106
v 0.03689 1.60978 0.08105
v 0.03677 1.60781 0.08105
v -0.01992 1.63188 0.09996
v -0.02792 1.63824 0.09705
v -0.02767 1.63672 0.09400
v -0.02028 1.63062 0.09677
v -0.03869 1.62793 0.11348
v -0.03398 1.62411 0.11381
v -0.02784 1.63418 0.09102
v -0.02125 1.62876 0.09351
v -0.03686 1.63184 0.11193
v -0.03075 1.62706 0.11313
v -0.02843 1.63078 0.08822
v -0.02283 1.62617 0.09038
v -0.03444 1.63503 0.10909
v -0.02744 1.62947 0.11110
v -0.02963 1.62670 0.08578
v -0.02519 1.62305 0.08743
v -0.03214 1.63720 0.10599
v -0.02448 1.63118 0.10872
v -0.03179 1.62213 0.08363
v -0.02857 1.61957 0.08479
v -0.03014 1.63858 0.10295
v -0.02215 1.63213 0.10611
v -0.03397 1.61802 0.08224
v -0.03263 1.61635 0.08268
v -0.02873 1.63893 0.10010
v -0.02065 1.63235 0.10315
v -0.03554 1.63253 0.08556
v -0.03539 1.62812 0.08356
v -0.04329 1.63732 0.10638
v -0.04206 1.63973 0.10267
v -0.03579 1.62304 0.08217
v -0.04068 1.64103 0.09925
v -0.03652 1.61818 0.08125
v -0.03950 1.64135 0.09618
v -0.04042 1.62099 0.11293
v -0.04361 1.62172 0.11208
v -0.03843 1.64072 0.09342
v -0.03731 1.63904 0.09058
v -0.04423 1.62940 0.11230
v -0.03628 1.63623 0.08787
v -0.04416 1.63377 0.11003
v -0.05226 1.63635 0.10239
v -0.05237 1.63828 0.09853
v -0.04139 1.62691 0.08131
v -0.04013 1.62232 0.08057
v -0.05188 1.63938 0.09530
v -0.03908 1.61815 0.08040
v -0.05088 1.63965 0.09228
v -0.04682 1.62136 0.11075
v -0.04944 1.63911 0.08956
v -0.04734 1.63736 0.08694
v -0.04977 1.62843 0.11003
v -0.04490 1.63452 0.08460
v -0.05142 1.63290 0.10669
v -0.04294 1.63097 0.08277
v -0.04678 1.62346 0.07944
v -0.04399 1.61993 0.07927
v -0.06009 1.63356 0.09526
v -0.05982 1.63444 0.09170
v -0.04072 1.61666 0.07983
v -0.05889 1.63446 0.08851
v -0.04962 1.62007 0.10928
v -0.05728 1.63364 0.08590
v -0.05486 1.63202 0.08350
v -0.05396 1.62481 0.10750
v -0.05196 1.62953 0.08157
v -0.05725 1.62884 0.10397
v -0.04933 1.62662 0.08026
v -0.05922 1.63180 0.09927
v -0.06512 1.62454 0.09311
v -0.06500 1.62508 0.08936
v -0.04667 1.61635 0.07833
v -0.04217 1.61456 0.07938
v -0.06382 1.62501 0.08603
v -0.05097 1.61708 0.10853
v -0.06175 1.62435 0.08326
v -0.05921 1.62313 0.08096
v -0.05720 1.61957 0.10521
v -0.05648 1.62167 0.07934
v -0.06114 1.62164 0.10159
v -0.05356 1.61997 0.07833
v -0.06390 1.62330 0.09734
v -0.05040 1.61830 0.07787
v -0.04762 1.61209 0.07790
v -0.04267 1.61207 0.07922
v -0.06637 1.61159 0.08834
v -0.06492 1.61191 0.08492
v -0.05180 1.61300 0.10797
v -0.06285 1.61209 0.08226
v -0.06071 1.61207 0.08004
v -0.05849 1.61264 0.10433
v -0.05816 1.61201 0.07849
v -0.06278 1.61210 0.10082
v -0.05521 1.61200 0.07751
v -0.06568 1.61162 0.09670
v -0.05177 1.61205 0.07735
v -0.06678 1.61148 0.09225
v -0.05141 1.60857 0.10767
v -0.06260 1.59951 0.08590
v -0.06075 1.60005 0.08308
v -0.05849 1.60100 0.08081
v -0.05757 1.60606 0.10403
v -0.05596 1.60238 0.07920
v -0.06132 1.60365 0.10058
v -0.05338 1.60390 0.07811
v -0.06359 1.60147 0.09669
v -0.05036 1.60580 0.07782
v -0.06445 1.60011 0.09286
v -0.04666 1.60777 0.07832
v -0.06398 1.59948 0.08922
v -0.04216 1.60964 0.07936
v -0.05745 1.59017 0.08848
v -0.05569 1.59073 0.08580
v -0.05365 1.59211 0.08334
v -0.05473 1.60091 0.10522
v -0.05132 1.59414 0.08132
v -0.05728 1.59735 0.10205
v -0.04902 1.59693 0.07997
v -0.05859 1.59406 0.09824
v -0.04674 1.60031 0.07926
v -0.05900 1.59183 0.09459
v -0.04399 1.60404 0.07920
v -0.05858 1.59048 0.09144
v -0.04071 1.60746 0.07978
v -0.05033 1.60557 0.10788
v -0.04837 1.58448 0.08944
v -0.04677 1.58606 0.08676
v -0.05075 1.59747 0.10767
v -0.04479 1.58872 0.08439
v -0.05189 1.59323 0.10539
v -0.04304 1.59229 0.08256
v -0.05184 1.58936 0.10186
v -0.04151 1.59662 0.08118
v -0.05135 1.58642 0.09836
v -0.04018 1.60147 0.08048
v -0.05070 1.58462 0.09511
v -0.03908 1.60587 0.08033
v -0.04973 1.58397 0.09218
v -0.04798 1.60447 0.10894
v -0.03870 1.58229 0.09322
v -0.03762 1.58407 0.09036
v -0.04554 1.59617 0.11019
v -0.03663 1.58682 0.08767
v -0.04524 1.59170 0.10876
v -0.03584 1.59061 0.08528
v -0.04398 1.58764 0.10590
v -0.03559 1.59532 0.08340
v -0.04245 1.58452 0.10259
v -0.03585 1.60053 0.08203
v -0.04094 1.58250 0.09925
v -0.03651 1.60571 0.08114
v -0.03974 1.58177 0.09607
v -0.04465 1.60368 0.11035
v -0.02799 1.58622 0.09357
v -0.02811 1.58881 0.09064
v -0.03978 1.59732 0.11179
v -0.03803 1.59322 0.11073
v -0.02863 1.59227 0.08789
v -0.03549 1.58952 0.10816
v -0.02975 1.59648 0.08540
v -0.03288 1.58666 0.10517
v -0.03183 1.60130 0.08343
v -0.03072 1.58492 0.10225
v -0.03396 1.60574 0.08212
v -0.02920 1.58425 0.09943
v -0.04118 1.60426 0.11167
v -0.02830 1.58470 0.09657
v -0.03480 1.60087 0.11248
v -0.03159 1.59764 0.11169
v -0.02115 1.59409 0.09294
v -0.02277 1.59674 0.08992
v -0.02800 1.59485 0.10954
v -0.02517 1.59998 0.08710
v -0.02480 1.59262 0.10717
v -0.02857 1.60370 0.08459
v -0.02227 1.59127 0.10479
v -0.03262 1.60725 0.08257
v -0.02064 1.59064 0.10203
v -0.03879 1.60528 0.11237
v -0.01983 1.59096 0.09904
v -0.02017 1.59220 0.09594
v -0.01702 1.60191 0.09431
v -0.01921 1.60341 0.09114
v -0.02747 1.60431 0.11251
v -0.02337 1.60269 0.11103
v -0.02227 1.60515 0.08813
v -0.01993 1.60134 0.10896
v -0.02640 1.60728 0.08534
v -0.01735 1.60051 0.10647
v -0.03149 1.60934 0.08298
v -0.01559 1.60015 0.10379
v -0.03736 1.60821 0.11256
v -0.01499 1.60026 0.10077
v -0.01550 1.60087 0.09756
v -0.03136 1.60611 0.11316
v -0.02583 1.61218 0.11335
v -0.02175 1.61193 0.11207
v -0.01815 1.61130 0.09169
v -0.02139 1.61139 0.08856
v -0.01833 1.61169 0.11010
v -0.02573 1.61155 0.08575
v -0.01570 1.61148 0.10775
v -0.03116 1.61175 0.08315
v -0.01412 1.61131 0.10492
v -0.03654 1.61252 0.11289
v -0.01359 1.61121 0.10178
v -0.01417 1.61119 0.09842
v -0.02993 1.61233 0.11374
v -0.01572 1.61124 0.09502
v -0.01935 1.61928 0.09148
v -0.02234 1.61770 0.08835
v -0.02309 1.62142 0.11215
v -0.01982 1.62218 0.11021
v -0.02641 1.61585 0.08557
v -0.01740 1.62259 0.10784
v -0.03149 1.61427 0.08304
v -0.01577 1.62263 0.10494
v -0.03706 1.61693 0.11329
v -0.01523 1.62232 0.10171
v -0.01575 1.62168 0.09827
v -0.03097 1.61875 0.11397
v -0.01724 1.62070 0.09481
v -0.02699 1.62028 0.11349
v -0.03812 1.61979 0.11336
v -0.03988 1.61746 0.11250
v -0.04356 1.61773 0.11144
v -0.03968 1.61263 0.11202
v -0.04033 1.60788 0.11171
v -0.04807 1.60809 0.10892
v -0.04418 1.60764 0.11037
v -0.04806 1.61278 0.10930
v -0.04384 1.61270 0.11075
v -0.04739 1.61745 0.10995
v -0.03465 1.62346 0.11388
v -0.03172 1.61846 0.11395
v -0.03071 1.61235 0.11368
v -0.03209 1.60643 0.11315
v -0.03535 1.60144 0.11253
v -0.04003 1.59813 0.11181
v -0.04537 1.59705 0.11026
v -0.05040 1.59828 0.10791
v -0.05414 1.60150 0.10561
v -0.05678 1.60644 0.10457
v -0.05764 1.61268 0.10485
v -0.05648 1.61917 0.10573
v -0.05346 1.62414 0.10789
v -0.04947 1.62751 0.11028
v -0.04419 1.62848 0.11243
v -0.03896 1.62702 0.11350
v -0.03690 1.61418 0.08109
v -0.03679 1.61604 0.08112
v -0.03696 1.61194 0.08106
v -0.03689 1.60978 0.08105
v -0.03677 1.60781 0.08105
v 0.00421 1.55214 0.12524
v 0.00444 1.55286 0.12556
v 0.00450 1.55440 0.12621
v 0.00454 1.55615 0.12679
v 0.00449 1.55756 0.12717
v 0.00432 1.55803 0.12728
v 0.00378 1.55609 0.12363
v 0.00368 1.55729 0.12267
v 0.00369 1.55869 0.12232
v 0.00382 1.55922 0.12244
v 0.00382 1.55996 0.12281
v 0.00000 1.55425 0.12630
v 0.00000 1.55576 0.12673
v 0.00000 1.55571 0.12348
v 0.00000 1.55788 0.12408
v 0.00383 1.56032 0.12275
v 0.00383 1.55450 0.12390
v 0.00191 1.55278 0.12562
v 0.00198 1.55428 0.12624
v 0.00146 1.55220 0.12517
v 0.00201 1.55594 0.12674
v 0.00195 1.55720 0.12705
v 0.00171 1.55763 0.12711
v 0.00254 1.55972 0.12317
v 0.00241 1.55901 0.12299
v 0.00228 1.55845 0.12285
v 0.00268 1.55733 0.12281
v 0.00233 1.55586 0.12347
v 0.00252 1.56011 0.12323
v 0.00170 1.55432 0.12390
v 0.00822 1.55347 0.12504
v 0.00779 1.55263 0.12453
v 0.00808 1.55774 0.12670
v 0.00827 1.55651 0.12632
v 0.00829 1.55500 0.12580
v 0.00814 1.55776 0.12689
v 0.00654 1.55955 0.12255
v 0.00656 1.55881 0.12233
v 0.00658 1.55795 0.12214
v 0.00676 1.55725 0.12222
v 0.00704 1.55630 0.12271
v 0.00626 1.56021 0.12235
v 0.00727 1.55523 0.12305
v 0.01221 1.55315 0.12365
v 0.01210 1.55407 0.12429
v 0.01198 1.55571 0.12506
v 0.01185 1.55742 0.12573
v 0.01149 1.55900 0.12618
v 0.01145 1.55949 0.12690
v 0.00980 1.55709 0.12195
v 0.00952 1.55763 0.12139
v 0.00880 1.55877 0.12098
v 0.00874 1.55943 0.12121
v 0.00862 1.56027 0.12164
v 0.00826 1.56087 0.12146
v 0.01023 1.55623 0.12219
v 0.01467 1.55480 0.12279
v 0.01421 1.55408 0.12197
v 0.01464 1.55974 0.12457
v 0.01472 1.55825 0.12425
v 0.01472 1.55637 0.12362
v 0.01489 1.55986 0.12482
v 0.01124 1.56045 0.12077
v 0.01135 1.55967 0.12045
v 0.01153 1.55882 0.12017
v 0.01169 1.55789 0.12021
v 0.01203 1.55718 0.12041
v 0.01083 1.56096 0.12057
v 0.01255 1.55645 0.12070
v 0.00802 1.55859 0.12718
v 0.00570 1.56152 0.12211
v 0.01446 1.56019 0.12516
v 0.01665 1.55350 0.12035
v 0.01721 1.55430 0.12105
v 0.01730 1.55681 0.12192
v 0.01728 1.55929 0.12258
v 0.01708 1.56086 0.12291
v 0.01725 1.56143 0.12339
v 0.01417 1.55714 0.11881
v 0.01373 1.55819 0.11871
v 0.01331 1.55937 0.11881
v 0.01291 1.56046 0.11900
v 0.01293 1.56133 0.11956
v 0.01240 1.56161 0.11931
v 0.01471 1.55625 0.11914
v 0.01953 1.55624 0.11923
v 0.01883 1.55541 0.11851
v 0.01926 1.56090 0.12035
v 0.01949 1.55967 0.12011
v 0.01950 1.55771 0.11965
v 0.01942 1.56101 0.12051
v 0.01465 1.56068 0.11791
v 0.01467 1.56008 0.11765
v 0.01465 1.55903 0.11741
v 0.01475 1.55805 0.11724
v 0.01501 1.55708 0.11706
v 0.01414 1.56125 0.11770
v 0.01604 1.55672 0.11740
v 0.01963 1.56154 0.12076
v 0.02096 1.55620 0.11585
v 0.02157 1.55717 0.11647
v 0.02143 1.55856 0.11708
v 0.02135 1.56009 0.11751
v 0.02116 1.56117 0.11777
v 0.02149 1.56158 0.11796
v 0.01571 1.55692 0.11483
v 0.01544 1.55796 0.11509
v 0.01542 1.55886 0.11528
v 0.01556 1.55982 0.11567
v 0.01576 1.56038 0.11603
v 0.01514 1.56139 0.11588
v 0.01710 1.55690 0.11530
v 0.02243 1.55774 0.11449
v 0.02176 1.55693 0.11401
v 0.02222 1.56140 0.11561
v 0.02249 1.56035 0.11537
v 0.02264 1.55897 0.11497
v 0.02231 1.56162 0.11566
v 0.01732 1.56094 0.11388
v 0.01708 1.56031 0.11372
v 0.01687 1.55953 0.11339
v 0.01695 1.55871 0.11306
v 0.01717 1.55789 0.11284
v 0.01670 1.56164 0.11385
v 0.01841 1.55747 0.11345
v 0.02885 1.57008 0.09337
v 0.02035 1.55933 0.10855
v 0.01761 1.56337 0.10984
v 0.01859 1.55956 0.10819
v 0.01857 1.56036 0.10859
v 0.01861 1.56120 0.10897
v 0.01861 1.56215 0.10933
v 0.01869 1.56286 0.10987
v 0.02474 1.56289 0.11142
v 0.02447 1.56019 0.11037
v 0.02455 1.56154 0.11084
v 0.02455 1.56269 0.11128
v 0.02357 1.55828 0.10935
v 0.02412 1.55923 0.10993
v 0.01973 1.55825 0.11115
v 0.01669 1.56281 0.11182
v 0.01765 1.56191 0.11179
v 0.01757 1.56115 0.11149
v 0.01781 1.56035 0.11120
v 0.01798 1.55954 0.11055
v 0.01826 1.55867 0.11048
v 0.02429 1.56259 0.11382
v 0.02381 1.56223 0.11357
v 0.02385 1.56101 0.11316
v 0.02391 1.55958 0.11267
v 0.02415 1.55826 0.11222
v 0.02345 1.55761 0.11163
v 0.02123 1.56122 0.10295
v 0.01955 1.56575 0.10385
v 0.01916 1.56165 0.10236
v 0.01921 1.56262 0.10279
v 0.01934 1.56328 0.10296
v 0.01952 1.56435 0.10327
v 0.01989 1.56528 0.10370
v 0.02600 1.56472 0.10549
v 0.02575 1.56245 0.10466
v 0.02596 1.56359 0.10518
v 0.02583 1.56446 0.10546
v 0.02484 1.56069 0.10343
v 0.02533 1.56134 0.10405
v 0.02090 1.55993 0.10624
v 0.01798 1.56469 0.10669
v 0.01845 1.56437 0.10661
v 0.01851 1.56340 0.10630
v 0.01862 1.56245 0.10605
v 0.01888 1.56147 0.10589
v 0.01893 1.56055 0.10563
v 0.02607 1.56360 0.10891
v 0.02551 1.56342 0.10864
v 0.02552 1.56243 0.10830
v 0.02535 1.56099 0.10779
v 0.02524 1.55988 0.10744
v 0.02487 1.55911 0.10689
v 0.02873 1.57011 0.09603
v 0.02796 1.56752 0.10303
v 0.02459 1.56405 0.11168
v 0.02714 1.56528 0.10953
v 0.02223 1.56430 0.09564
v 0.02073 1.56795 0.09682
v 0.01973 1.56449 0.09474
v 0.01974 1.56516 0.09533
v 0.01992 1.56590 0.09572
v 0.02037 1.56692 0.09621
v 0.02092 1.56769 0.09667
v 0.02663 1.56731 0.09916
v 0.02677 1.56532 0.09798
v 0.02669 1.56637 0.09855
v 0.02647 1.56716 0.09898
v 0.02604 1.56349 0.09656
v 0.02662 1.56440 0.09736
v 0.02198 1.56321 0.10010
v 0.02027 1.56694 0.10070
v 0.02050 1.56643 0.10059
v 0.02021 1.56541 0.09988
v 0.01978 1.56449 0.09933
v 0.01964 1.56397 0.09923
v 0.01957 1.56305 0.09892
v 0.02673 1.56599 0.10246
v 0.02638 1.56576 0.10234
v 0.02655 1.56485 0.10206
v 0.02641 1.56391 0.10157
v 0.02618 1.56299 0.10100
v 0.02569 1.56212 0.09996
v 0.02235 1.56663 0.08997
v 0.02019 1.57033 0.09060
v 0.01963 1.56675 0.08868
v 0.01938 1.56734 0.08890
v 0.01938 1.56839 0.08943
v 0.01941 1.56915 0.09008
v 0.01978 1.56968 0.09052
v 0.02722 1.56964 0.09253
v 0.02770 1.56757 0.09200
v 0.02741 1.56860 0.09242
v 0.02691 1.56943 0.09252
v 0.02683 1.56594 0.09097
v 0.02752 1.56668 0.09143
v 0.02203 1.56519 0.09156
v 0.02307 1.57007 0.08857
v 0.02058 1.56966 0.09294
v 0.02107 1.57034 0.08905
v 0.02027 1.56918 0.09268
v 0.01976 1.56859 0.09226
v 0.01958 1.56749 0.09163
v 0.01957 1.56659 0.09112
v 0.01971 1.56579 0.09072
v 0.02084 1.56983 0.08925
v 0.02031 1.56937 0.08874
v 0.01977 1.56866 0.08838
v 0.01989 1.56778 0.08781
v 0.02015 1.56735 0.08743
v 0.02276 1.56975 0.08928
v 0.02258 1.56913 0.08874
v 0.02266 1.56859 0.08833
v 0.02260 1.56805 0.08805
v 0.02223 1.56727 0.08794
v 0.02647 1.57011 0.08989
v 0.02743 1.56895 0.09533
v 0.02594 1.56991 0.09020
v 0.02660 1.56890 0.09020
v 0.02714 1.56793 0.09012
v 0.02717 1.56715 0.09007
v 0.02690 1.56647 0.08998
v 0.02695 1.56865 0.09538
v 0.02721 1.56784 0.09513
v 0.02757 1.56668 0.09453
v 0.02755 1.56570 0.09365
v 0.02657 1.56497 0.09254
v 0.02282 1.56273 0.11625
v 0.02481 1.56405 0.11426
v 0.02171 1.56316 0.11855
v 0.01772 1.56227 0.12379
v 0.01168 1.56039 0.12720
v 0.00438 1.55889 0.12823
v 0.01288 1.56252 0.11757
v 0.01515 1.56312 0.11409
v 0.01623 1.56461 0.10973
v 0.01900 1.56685 0.10378
v 0.02646 1.56598 0.10581
v 0.02751 1.56831 0.09967
v 0.00988 1.56233 0.12049
v 0.00751 1.56245 0.12148
v 0.01139 1.56271 0.11913
v 0.01371 1.56293 0.11587
v 0.01543 1.56396 0.11209
v 0.00241 1.56145 0.12280
v 0.00376 1.56158 0.12247
v 0.02091 1.57141 0.09090
v 0.02079 1.57076 0.09343
v 0.02038 1.56886 0.09683
v 0.01977 1.56805 0.10063
v 0.01729 1.56606 0.10661
v 0.00468 1.56308 0.12152
v 0.01069 1.56444 0.11725
v 0.01328 1.56538 0.11376
v 0.01503 1.56717 0.10923
v 0.01730 1.56945 0.10340
v 0.00798 1.56398 0.12004
v 0.00629 1.56353 0.12088
v 0.00941 1.56423 0.11878
v 0.01201 1.56488 0.11566
v 0.01412 1.56627 0.11170
v 0.00219 1.56268 0.12235
v 0.00331 1.56285 0.12206
v 0.01896 1.57375 0.09068
v 0.01911 1.57295 0.09404
v 0.01878 1.57170 0.09696
v 0.01817 1.57061 0.10030
v 0.01604 1.56828 0.10640
v 0.00356 1.56401 0.12106
v 0.00795 1.56554 0.11677
v 0.01045 1.56694 0.11320
v 0.01217 1.56893 0.10860
v 0.01416 1.57158 0.10292
v 0.00582 1.56477 0.11946
v 0.00462 1.56439 0.12037
v 0.00682 1.56510 0.11826
v 0.00898 1.56615 0.11507
v 0.01132 1.56786 0.11109
v 0.00169 1.56352 0.12196
v 0.00260 1.56373 0.12155
v 0.01543 1.57614 0.08992
v 0.01581 1.57531 0.09370
v 0.01558 1.57429 0.09656
v 0.01499 1.57303 0.09974
v 0.01319 1.57026 0.10588
v 0.00213 1.56448 0.12071
v 0.00440 1.56596 0.11620
v 0.00617 1.56731 0.11238
v 0.00720 1.56954 0.10759
v 0.00829 1.57229 0.10177
v 0.00328 1.56516 0.11901
v 0.00271 1.56481 0.11997
v 0.00384 1.56551 0.11770
v 0.00512 1.56642 0.11430
v 0.00670 1.56828 0.11008
v 0.00110 1.56401 0.12160
v 0.00152 1.56422 0.12125
v 0.00877 1.57708 0.08863
v 0.00927 1.57628 0.09223
v 0.00920 1.57527 0.09507
v 0.00877 1.57387 0.09847
v 0.00773 1.57086 0.10481
v 0.00754 1.56066 0.12778
v 0.01333 1.56265 0.12504
v 0.01865 1.56372 0.12153
v 0.02848 1.57161 0.09374
v 0.02875 1.57082 0.09656
v 0.02791 1.56877 0.10320
v 0.02453 1.56532 0.11179
v 0.02701 1.56645 0.10960
v 0.02185 1.56491 0.11627
v 0.02414 1.56537 0.11423
v 0.02148 1.56441 0.11868
v 0.01701 1.56345 0.12412
v 0.01073 1.56167 0.12726
v 0.00479 1.56050 0.12843
v 0.02578 1.56737 0.10575
v 0.02785 1.56956 0.10012
v 0.00756 1.56220 0.12791
v 0.01323 1.56374 0.12536
v 0.01797 1.56482 0.12194
v 0.02827 1.57245 0.09389
v 0.02827 1.57169 0.09664
v 0.02753 1.56981 0.10339
v 0.02398 1.56677 0.11186
v 0.02645 1.56747 0.10967
v 0.02143 1.56618 0.11627
v 0.02349 1.56664 0.11427
v 0.02085 1.56556 0.11879
v 0.01615 1.56459 0.12439
v 0.01052 1.56311 0.12737
v 0.00488 1.56186 0.12864
v 0.02549 1.56855 0.10591
v 0.02743 1.57067 0.10030
v 0.00204 1.55855 0.12768
v 0.00200 1.56081 0.12830
v 0.00205 1.56222 0.12861
v 0.00332 1.55382 0.12440
v 0.00343 1.55287 0.12472
v 0.00352 1.55074 0.12470
v 0.00355 1.54859 0.12460
v 0.00336 1.54643 0.12470
v 0.00112 1.55394 0.12458
v 0.00121 1.55288 0.12484
v 0.00134 1.55064 0.12472
v 0.00130 1.54877 0.12452
v 0.00096 1.54782 0.12422
v 0.00355 1.54622 0.12469
v 0.00090 1.54761 0.12427
v 0.00287 1.55198 0.12171
v 0.00284 1.55142 0.12102
v 0.00282 1.55037 0.12023
v 0.00288 1.54960 0.12009
v 0.00292 1.54862 0.12002
v 0.00113 1.55177 0.12223
v 0.00120 1.55214 0.12260
v 0.00111 1.54976 0.12150
v 0.00115 1.54908 0.12133
v 0.00119 1.54841 0.12114
v 0.00000 1.54844 0.12173
v 0.00000 1.54797 0.12122
v 0.00122 1.54804 0.12069
v 0.00299 1.54844 0.11981
v 0.00293 1.55258 0.12255
v 0.00300 1.55335 0.12350
v 0.00620 1.55301 0.12435
v 0.00603 1.55391 0.12407
v 0.00639 1.54754 0.12373
v 0.00648 1.54894 0.12419
v 0.00638 1.55096 0.12436
v 0.00648 1.54728 0.12412
v 0.00503 1.54926 0.12020
v 0.00500 1.55006 0.12038
v 0.00496 1.55084 0.12057
v 0.00506 1.55164 0.12093
v 0.00518 1.55213 0.12153
v 0.00492 1.54901 0.11974
v 0.00536 1.55258 0.12232
v 0.00566 1.55329 0.12326
v 0.00897 1.55485 0.12383
v 0.00915 1.55362 0.12394
v 0.00945 1.55134 0.12389
v 0.00964 1.54896 0.12376
v 0.00930 1.54764 0.12314
v 0.00952 1.54712 0.12375
v 0.00750 1.55241 0.12101
v 0.00722 1.55194 0.12039
v 0.00690 1.55100 0.11966
v 0.00690 1.55025 0.11950
v 0.00696 1.54929 0.11942
v 0.00687 1.54918 0.11893
v 0.00779 1.55293 0.12170
v 0.00822 1.55367 0.12267
v 0.01149 1.55362 0.12281
v 0.01123 1.55482 0.12262
v 0.01174 1.54816 0.12221
v 0.01206 1.54924 0.12276
v 0.01193 1.55146 0.12294
v 0.01190 1.54792 0.12245
v 0.00938 1.54968 0.11876
v 0.00939 1.55047 0.11896
v 0.00940 1.55133 0.11917
v 0.00963 1.55201 0.11954
v 0.00990 1.55247 0.12013
v 0.00920 1.54954 0.11826
v 0.01023 1.55293 0.12076
v 0.01063 1.55370 0.12165
v 0.00665 1.54675 0.12435
v 0.00472 1.54834 0.11882
v 0.01206 1.54729 0.12267
v 0.01399 1.55545 0.12177
v 0.01416 1.55432 0.12195
v 0.01451 1.55150 0.12157
v 0.01455 1.54938 0.12116
v 0.01423 1.54811 0.12068
v 0.01465 1.54794 0.12092
v 0.01213 1.55263 0.11905
v 0.01171 1.55219 0.11842
v 0.01121 1.55142 0.11757
v 0.01116 1.55060 0.11739
v 0.01123 1.54961 0.11731
v 0.01095 1.54965 0.11685
v 0.01254 1.55315 0.11975
v 0.01318 1.55414 0.12065
v 0.01678 1.55453 0.12006
v 0.01620 1.55588 0.11994
v 0.01659 1.54972 0.11855
v 0.01706 1.55062 0.11918
v 0.01708 1.55242 0.11965
v 0.01689 1.54942 0.11883
v 0.01290 1.55093 0.11620
v 0.01289 1.55167 0.11635
v 0.01295 1.55272 0.11667
v 0.01298 1.55345 0.11707
v 0.01320 1.55427 0.11751
v 0.01249 1.55069 0.11567
v 0.01431 1.55437 0.11814
v 0.01525 1.55499 0.11899
v 0.01720 1.54893 0.11880
v 0.01852 1.55721 0.11775
v 0.01946 1.55561 0.11776
v 0.01961 1.55377 0.11723
v 0.01947 1.55223 0.11663
v 0.01910 1.55077 0.11603
v 0.01957 1.55044 0.11630
v 0.01400 1.55645 0.11553
v 0.01391 1.55529 0.11517
v 0.01392 1.55433 0.11479
v 0.01395 1.55310 0.11429
v 0.01411 1.55237 0.11427
v 0.01372 1.55199 0.11350
v 0.01555 1.55621 0.11616
v 0.01715 1.55641 0.11695
v 0.02104 1.55604 0.11517
v 0.02043 1.55715 0.11523
v 0.02027 1.55258 0.11358
v 0.02097 1.55354 0.11433
v 0.02132 1.55488 0.11494
v 0.02101 1.55218 0.11362
v 0.01567 1.55341 0.11181
v 0.01544 1.55428 0.11213
v 0.01517 1.55557 0.11241
v 0.01497 1.55656 0.11260
v 0.01514 1.55735 0.11289
v 0.01515 1.55300 0.11144
v 0.01687 1.55733 0.11378
v 0.01863 1.55713 0.11448
v 0.02733 1.56147 0.08806
v 0.02110 1.55851 0.10919
v 0.01903 1.55910 0.10883
v 0.01696 1.55537 0.10611
v 0.01705 1.55966 0.10800
v 0.01699 1.55885 0.10767
v 0.01724 1.55764 0.10717
v 0.01745 1.55657 0.10690
v 0.01766 1.55568 0.10678
v 0.02330 1.55417 0.10836
v 0.02371 1.55654 0.10943
v 0.02331 1.55549 0.10899
v 0.02268 1.55481 0.10836
v 0.02307 1.55867 0.10982
v 0.02343 1.55747 0.10957
v 0.02043 1.55785 0.11174
v 0.01821 1.55850 0.11128
v 0.01567 1.55402 0.10863
v 0.01648 1.55443 0.10923
v 0.01614 1.55554 0.10931
v 0.01595 1.55677 0.10954
v 0.01591 1.55797 0.10976
v 0.01618 1.55879 0.11031
v 0.02298 1.55284 0.11087
v 0.02182 1.55319 0.11068
v 0.02236 1.55415 0.11161
v 0.02259 1.55552 0.11187
v 0.02264 1.55660 0.11208
v 0.02235 1.55759 0.11203
v 0.02292 1.56051 0.10283
v 0.02042 1.56126 0.10282
v 0.01882 1.55785 0.09960
v 0.01803 1.56162 0.10218
v 0.01805 1.56079 0.10163
v 0.01836 1.56024 0.10108
v 0.01878 1.55936 0.10025
v 0.01913 1.55827 0.09989
v 0.02519 1.55681 0.10171
v 0.02541 1.55908 0.10306
v 0.02518 1.55793 0.10252
v 0.02471 1.55709 0.10185
v 0.02493 1.56085 0.10382
v 0.02526 1.55994 0.10336
v 0.02219 1.55941 0.10607
v 0.01953 1.56002 0.10613
v 0.01748 1.55657 0.10274
v 0.01791 1.55680 0.10288
v 0.01771 1.55788 0.10328
v 0.01733 1.55894 0.10409
v 0.01715 1.55998 0.10479
v 0.01718 1.56064 0.10525
v 0.02481 1.55501 0.10531
v 0.02369 1.55555 0.10494
v 0.02475 1.55613 0.10585
v 0.02489 1.55739 0.10635
v 0.02486 1.55825 0.10655
v 0.02464 1.55941 0.10673
v 0.02714 1.55966 0.09038
v 0.02644 1.55655 0.09750
v 0.02384 1.55351 0.10818
v 0.02502 1.55351 0.10473
v 0.02417 1.56338 0.09569
v 0.02166 1.56397 0.09546
v 0.01985 1.56075 0.09209
v 0.01897 1.56449 0.09461
v 0.01888 1.56369 0.09424
v 0.01921 1.56284 0.09369
v 0.01957 1.56181 0.09294
v 0.02011 1.56111 0.09240
v 0.02583 1.55967 0.09450
v 0.02637 1.56205 0.09583
v 0.02604 1.56075 0.09533
v 0.02554 1.56000 0.09480
v 0.02645 1.56379 0.09690
v 0.02668 1.56289 0.09647
v 0.02381 1.56178 0.09927
v 0.02107 1.56237 0.09942
v 0.01922 1.55903 0.09572
v 0.01943 1.55946 0.09605
v 0.01903 1.56058 0.09670
v 0.01857 1.56163 0.09750
v 0.01838 1.56218 0.09811
v 0.01844 1.56309 0.09895
v 0.02613 1.55772 0.09803
v 0.02571 1.55809 0.09820
v 0.02618 1.55914 0.09870
v 0.02629 1.56035 0.09943
v 0.02619 1.56126 0.09980
v 0.02593 1.56245 0.10010
v 0.02517 1.56573 0.09068
v 0.02229 1.56607 0.09012
v 0.02071 1.56428 0.08599
v 0.01965 1.56644 0.08943
v 0.01945 1.56582 0.08892
v 0.01975 1.56530 0.08821
v 0.02040 1.56485 0.08748
v 0.02080 1.56434 0.08731
v 0.02677 1.56255 0.08859
v 0.02763 1.56445 0.09031
v 0.02699 1.56352 0.08962
v 0.02624 1.56308 0.08878
v 0.02700 1.56612 0.09127
v 0.02749 1.56526 0.09082
v 0.02464 1.56508 0.09241
v 0.02196 1.56548 0.09236
v 0.02354 1.56530 0.08590
v 0.02524 1.56497 0.08603
v 0.02014 1.56267 0.08837
v 0.02199 1.56517 0.08568
v 0.01984 1.56293 0.08862
v 0.01951 1.56344 0.08892
v 0.01931 1.56414 0.08980
v 0.01921 1.56497 0.09068
v 0.01957 1.56569 0.09135
v 0.02184 1.56521 0.08651
v 0.02125 1.56579 0.08672
v 0.02084 1.56616 0.08711
v 0.02039 1.56655 0.08744
v 0.02041 1.56701 0.08772
v 0.02357 1.56539 0.08676
v 0.02376 1.56611 0.08693
v 0.02353 1.56648 0.08720
v 0.02321 1.56688 0.08748
v 0.02244 1.56719 0.08820
v 0.02567 1.56489 0.08698
v 0.02589 1.56555 0.08762
v 0.02592 1.56618 0.08818
v 0.02585 1.56675 0.08849
v 0.02554 1.56706 0.08924
v 0.02627 1.56421 0.08636
v 0.02675 1.56108 0.09096
v 0.02608 1.56448 0.08718
v 0.02667 1.56498 0.08806
v 0.02719 1.56554 0.08887
v 0.02735 1.56611 0.08964
v 0.02706 1.56655 0.09021
v 0.02645 1.56154 0.09123
v 0.02664 1.56225 0.09186
v 0.02745 1.56323 0.09259
v 0.02750 1.56418 0.09298
v 0.02674 1.56531 0.09305
v 0.02131 1.55135 0.11352
v 0.02307 1.55155 0.11032
v 0.01953 1.54896 0.11610
v 0.01478 1.54690 0.12047
v 0.00967 1.54568 0.12355
v 0.00396 1.54518 0.12474
v 0.01173 1.55027 0.11465
v 0.01424 1.55242 0.11046
v 0.01574 1.55493 0.10525
v 0.01810 1.55717 0.09876
v 0.02578 1.55605 0.10157
v 0.02641 1.55904 0.09421
v 0.00867 1.54903 0.11730
v 0.00662 1.54850 0.11795
v 0.01029 1.54939 0.11593
v 0.01282 1.55133 0.11243
v 0.01480 1.55355 0.10779
v 0.00313 1.54779 0.11905
v 0.01958 1.56339 0.08486
v 0.01983 1.56187 0.08782
v 0.01934 1.56011 0.09132
v 0.01873 1.55827 0.09488
v 0.01663 1.55595 0.10188
v 0.00413 1.54729 0.11758
v 0.01056 1.54919 0.11297
v 0.01303 1.55097 0.10879
v 0.01465 1.55313 0.10330
v 0.01662 1.55536 0.09676
v 0.00732 1.54808 0.11590
v 0.00570 1.54768 0.11683
v 0.00893 1.54853 0.11450
v 0.01181 1.55001 0.11104
v 0.01383 1.55209 0.10616
v 0.00288 1.54705 0.11803
v 0.01881 1.56107 0.08404
v 0.01880 1.55937 0.08680
v 0.01801 1.55805 0.08957
v 0.01738 1.55661 0.09306
v 0.01551 1.55413 0.10017
v 0.00320 1.54654 0.11671
v 0.00875 1.54820 0.11173
v 0.01108 1.54967 0.10740
v 0.01249 1.55139 0.10168
v 0.01410 1.55370 0.09466
v 0.00572 1.54718 0.11486
v 0.00430 1.54682 0.11591
v 0.00723 1.54767 0.11340
v 0.01012 1.54887 0.10967
v 0.01181 1.55050 0.10469
v 0.00228 1.54654 0.11718
v 0.01895 1.55606 0.08040
v 0.01747 1.55610 0.08435
v 0.01593 1.55585 0.08716
v 0.01476 1.55504 0.09072
v 0.01332 1.55234 0.09835
v 0.00174 1.54625 0.11606
v 0.00539 1.54761 0.11070
v 0.00702 1.54882 0.10622
v 0.00791 1.55025 0.10034
v 0.00879 1.55274 0.09281
v 0.00329 1.54664 0.11408
v 0.00248 1.54630 0.11531
v 0.00431 1.54704 0.11262
v 0.00638 1.54819 0.10871
v 0.00750 1.54948 0.10341
v 0.00124 1.54629 0.11658
v 0.01136 1.55515 0.07683
v 0.01042 1.55600 0.08058
v 0.00978 1.55573 0.08358
v 0.00928 1.55456 0.08817
v 0.00834 1.55131 0.09680
v 0.00658 1.54482 0.12383
v 0.01157 1.54558 0.12178
v 0.01623 1.54714 0.11776
v 0.02677 1.56042 0.08723
v 0.02673 1.55891 0.09027
v 0.02590 1.55580 0.09705
v 0.02377 1.55179 0.10759
v 0.02481 1.55282 0.10449
v 0.02037 1.54985 0.11243
v 0.02241 1.55068 0.10998
v 0.01926 1.54831 0.11559
v 0.01439 1.54604 0.12009
v 0.00936 1.54502 0.12323
v 0.00402 1.54438 0.12436
v 0.02491 1.55450 0.10054
v 0.02625 1.55744 0.09355
v 0.00657 1.54362 0.12296
v 0.01135 1.54457 0.12086
v 0.01591 1.54616 0.11683
v 0.02644 1.55986 0.08617
v 0.02629 1.55820 0.08916
v 0.02549 1.55508 0.09586
v 0.02328 1.55084 0.10645
v 0.02448 1.55199 0.10337
v 0.01991 1.54894 0.11143
v 0.02199 1.54981 0.10894
v 0.01885 1.54726 0.11449
v 0.01413 1.54505 0.11920
v 0.00922 1.54396 0.12224
v 0.00406 1.54319 0.12354
v 0.02462 1.55370 0.09944
v 0.02583 1.55677 0.09236
v 0.02693 1.56330 0.08563
v 0.02658 1.56232 0.08444
v 0.02590 1.56139 0.08312
v 0.00073 1.54638 0.12452
v 0.00087 1.54424 0.12424
v 0.00090 1.54298 0.12352
v 0.00060 1.54642 0.11725
v 0.00092 1.54670 0.11774
v 0.00113 1.54710 0.11870
v 0.00115 1.54768 0.11978
v 0.02805 1.57088 0.09021
v 0.02821 1.57232 0.09050
v 0.02805 1.57335 0.09065
v 0.02079 1.57179 0.08858
v 0.01836 1.57423 0.08742
v 0.01459 1.57667 0.08602
v 0.00811 1.57760 0.08468
v 0.02307 1.57007 0.08665
v 0.02136 1.57073 0.08618
v 0.02624 1.57019 0.08718
v 0.02758 1.57100 0.08718
v 0.02787 1.57237 0.08732
v 0.02775 1.57343 0.08737
v 0.02009 1.57213 0.08531
v 0.01793 1.57419 0.08415
v 0.01449 1.57624 0.08262
v 0.00805 1.57826 0.08191
v 0.02293 1.56913 0.08562
v 0.02469 1.56893 0.08606
v 0.02129 1.57007 0.08433
v 0.02606 1.56933 0.08594
v 0.02717 1.57021 0.08517
v 0.02755 1.57157 0.08452
v 0.02736 1.57315 0.08424
v 0.01975 1.57141 0.08285
v 0.01798 1.57297 0.08146
v 0.01615 1.57397 0.08037
v 0.02279 1.56792 0.08483
v 0.02453 1.56767 0.08535
v 0.02115 1.56864 0.08356
v 0.02590 1.56790 0.08518
v 0.02694 1.56856 0.08436
v 0.02721 1.56973 0.08311
v 0.02696 1.57091 0.08188
v 0.01957 1.56985 0.08148
v 0.01790 1.57090 0.07972
v 0.01659 1.57149 0.07869
v 0.02268 1.56675 0.08436
v 0.02441 1.56648 0.08479
v 0.02106 1.56733 0.08305
v 0.02575 1.56652 0.08459
v 0.02675 1.56681 0.08342
v 0.02699 1.56719 0.08193
v 0.02673 1.56767 0.08034
v 0.01945 1.56801 0.08098
v 0.01782 1.56858 0.07921
v 0.01666 1.56887 0.07811
v 0.02284 1.56595 0.08448
v 0.02455 1.56557 0.08483
v 0.02125 1.56621 0.08373
v 0.02579 1.56541 0.08445
v 0.02669 1.56510 0.08352
v 0.02676 1.56482 0.08192
v 0.02640 1.56458 0.08050
v 0.01969 1.56642 0.08233
v 0.01827 1.56643 0.08074
v 0.01720 1.56603 0.07999
v 0.01960 1.56208 0.07837
v 0.01965 1.55602 0.07713
v 0.01161 1.55527 0.07349
v 0.01428 1.57647 0.07557
v 0.00806 1.57868 0.07480
v 0.01599 1.57419 0.07356
v 0.01721 1.57176 0.07221
v 0.01869 1.56903 0.07198
v 0.01918 1.56651 0.07391
v -0.00421 1.55214 0.12524
v -0.00444 1.55286 0.12556
v -0.00450 1.55440 0.12621
v -0.00454 1.55615 0.12679
v -0.00449 1.55756 0.12717
v -0.00432 1.55803 0.12728
v -0.00378 1.55609 0.12363
v -0.00368 1.55729 0.12267
v -0.00369 1.55869 0.12232
v -0.00382 1.55922 0.12244
v -0.00382 1.55996 0.12281
v 0.00000 1.55674 0.12701
v 0.00000 1.55225 0.12527
v 0.00000 1.55708 0.12375
v 0.00000 1.55623 0.12352
v 0.00000 1.55458 0.12412
v -0.00383 1.56032 0.12275
v -0.00383 1.55450 0.12390
v -0.00191 1.55278 0.12562
v -0.00198 1.55428 0.12624
v -0.00146 1.55220 0.12517
v -0.00201 1.55594 0.12674
v -0.00195 1.55720 0.12705
v -0.00171 1.55763 0.12711
v -0.00254 1.55972 0.12317
v -0.00241 1.55901 0.12299
v -0.00228 1.55845 0.12285
v -0.00268 1.55733 0.12281
v -0.00233 1.55586 0.12347
v -0.00252 1.56011 0.12323
v -0.00170 1.55432 0.12390
v -0.00822 1.55347 0.12504
v -0.00779 1.55263 0.12453
v -0.00808 1.55774 0.12670
v -0.00827 1.55651 0.12632
v -0.00829 1.55500 0.12580
v -0.00814 1.55776 0.12689
v -0.00654 1.55955 0.12255
v -0.00656 1.55881 0.12233
v -0.00658 1.55795 0.12214
v -0.00676 1.55725 0.12222
v -0.00704 1.55630 0.12271
v -0.00626 1.56021 0.12235
v -0.00727 1.55523 0.12305
v -0.01221 1.55315 0.12365
v -0.01210 1.55407 0.12429
v -0.01198 1.55571 0.12506
v -0.01185 1.55742 0.12573
v -0.01149 1.55900 0.12618
v -0.01145 1.55949 0.12690
v -0.00980 1.55709 0.12195
v -0.00952 1.55763 0.12139
v -0.00880 1.55877 0.12098
v -0.00874 1.55943 0.12121
v -0.00862 1.56027 0.12164
v -0.00826 1.56087 0.12146
v -0.01023 1.55623 0.12219
v -0.01467 1.55480 0.12279
v -0.01421 1.55408 0.12197
v -0.01464 1.55974 0.12457
v -0.01472 1.55825 0.12425
v -0.01472 1.55637 0.12362
v -0.01489 1.55986 0.12482
v -0.01124 1.56045 0.12077
v -0.01135 1.55967 0.12045
v -0.01153 1.55882 0.12017
v -0.01169 1.55789 0.12021
v -0.01203 1.55718 0.12041
v -0.01083 1.56096 0.12057
v -0.01255 1.55645 0.12070
v -0.00802 1.55859 0.12718
v -0.00570 1.56152 0.12211
v -0.01446 1.56019 0.12516
v -0.01665 1.55350 0.12035
v -0.01721 1.55430 0.12105
v -0.01730 1.55681 0.12192
v -0.01728 1.55929 0.12258
v -0.01708 1.56086 0.12291
v -0.01725 1.56143 0.12339
v -0.01417 1.55714 0.11881
v -0.01373 1.55819 0.11871
v -0.01331 1.55937 0.11881
v -0.01291 1.56046 0.11900
v -0.01293 1.56133 0.11956
v -0.01240 1.56161 0.11931
v -0.01471 1.55625 0.11914
v -0.01953 1.55624 0.11923
v -0.01883 1.55541 0.11851
v -0.01926 1.56090 0.12035
v -0.01949 1.55967 0.12011
v -0.01950 1.55771 0.11965
v -0.01942 1.56101 0.12051
v -0.01465 1.56068 0.11791
v -0.01467 1.56008 0.11765
v -0.01465 1.55903 0.11741
v -0.01475 1.55805 0.11724
v -0.01501 1.55708 0.11706
v -0.01414 1.56125 0.11770
v -0.01604 1.55672 0.11740
v -0.01963 1.56154 0.12076
v -0.02096 1.55620 0.11585
v -0.02157 1.55717 0.11647
v -0.02143 1.55856 0.11708
v -0.02135 1.56009 0.11751
v -0.02116 1.56117 0.11777
v -0.02149 1.56158 0.11796
v -0.01571 1.55692 0.11483
v -0.01544 1.55796 0.11509
v -0.01542 1.55886 0.11528
v -0.01556 1.55982 0.11567
v -0.01576 1.56038 0.11603
v -0.01514 1.56139 0.11588
v -0.01710 1.55690 0.11530
v -0.02243 1.55774 0.11449
v -0.02176 1.55693 0.11401
v -0.02222 1.56140 0.11561
v -0.02249 1.56035 0.11537
v -0.02264 1.55897 0.11497
v -0.02231 1.56162 0.11566
v -0.01732 1.56094 0.11388
v -0.01708 1.56031 0.11372
v -0.01687 1.55953 0.11339
v -0.01695 1.55871 0.11306
v -0.01717 1.55789 0.11284
v -0.01670 1.56164 0.11385
v -0.01841 1.55747 0.11345
v -0.02885 1.57008 0.09337
v -0.02035 1.55933 0.10855
v -0.01761 1.56337 0.10984
v -0.01859 1.55956 0.10819
v -0.01857 1.56036 0.10859
v -0.01861 1.56120 0.10897
v -0.01861 1.56215 0.10933
v -0.01869 1.56286 0.10987
v -0.02474 1.56289 0.11142
v -0.02447 1.56019 0.11037
v -0.02455 1.56154 0.11084
v -0.02455 1.56269 0.11128
v -0.02357 1.55828 0.10935
v -0.02412 1.55923 0.10993
v -0.01973 1.55825 0.11115
v -0.01669 1.56281 0.11182
v -0.01765 1.56191 0.11179
v -0.01757 1.56115 0.11149
v -0.01781 1.56035 0.11120
v -0.01798 1.55954 0.11055
v -0.01826 1.55867 0.11048
v -0.02429 1.56259 0.11382
v -0.02381 1.56223 0.11357
v -0.02385 1.56101 0.11316
v -0.02391 1.55958 0.11267
v -0.02415 1.55826 0.11222
v -0.02345 1.55761 0.11163
v -0.02123 1.56122 0.10295
v -0.01955 1.56575 0.10385
v -0.01916 1.56165 0.10236
v -0.01921 1.56262 0.10279
v -0.01934 1.56328 0.10296
v -0.01952 1.56435 0.10327
v -0.01989 1.56528 0.10370
v -0.02600 1.56472 0.10549
v -0.02575 1.56245 0.10466
v -0.02596 1.56359 0.10518
v -0.02583 1.56446 0.10546
v -0.02484 1.56069 0.10343
v -0.02533 1.56134 0.10405
v -0.02090 1.55993 0.10624
v -0.01798 1.56469 0.10669
v -0.01845 1.56437 0.10661
v -0.01851 1.56340 0.10630
v -0.01862 1.56245 0.10605
v -0.01888 1.56147 0.10589
v -0.01893 1.56055 0.10563
v -0.02607 1.56360 0.10891
v -0.02551 1.56342 0.10864
v -0.02552 1.56243 0.10830
v -0.02535 1.56099 0.10779
v -0.02524 1.55988 0.10744
v -0.02487 1.55911 0.10689
v -0.02873 1.57011 0.09603
v -0.02796 1.56752 0.10303
v -0.02459 1.56405 0.11168
v -0.02714 1.56528 0.10953
v -0.02223 1.56430 0.09564
v -0.02073 1.56795 0.09682
v -0.01973 1.56449 0.09474
v -0.01974 1.56516 0.09533
v -0.01992 1.56590 0.09572
v -0.02037 1.56692 0.09621
v -0.02092 1.56769 0.09667
v -0.02663 1.56731 0.09916
v -0.02677 1.56532 0.09798
v -0.02669 1.56637 0.09855
v -0.02647 1.56716 0.09898
v -0.02604 1.56349 0.09656
v -0.02662 1.56440 0.09736
v -0.02198 1.56321 0.10010
v -0.02027 1.56694 0.10070
v -0.02050 1.56643 0.10059
v -0.02021 1.56541 0.09988
v -0.01978 1.56449 0.09933
v -0.01964 1.56397 0.09923
v -0.01957 1.56305 0.09892
v -0.02673 1.56599 0.10246
v -0.02638 1.56576 0.10234
v -0.02655 1.56485 0.10206
v -0.02641 1.56391 0.10157
v -0.02618 1.56299 0.10100
v -0.02569 1.56212 0.09996
v -0.02235 1.56663 0.08997
v -0.02019 1.57033 0.09060
v -0.01963 1.56675 0.08868
v -0.01938 1.56734 0.08890
v -0.01938 1.56839 0.08943
v -0.01941 1.56915 0.09008
v -0.01978 1.56968 0.09052
v -0.02722 1.56964 0.09253
v -0.02770 1.56757 0.09200
v -0.02741 1.56860 0.09242
v -0.02691 1.56943 0.09252
v -0.02683 1.56594 0.09097
v -0.02752 1.56668 0.09143
v -0.02203 1.56519 0.09156
v -0.02307 1.57007 0.08857
v -0.02058 1.56966 0.09294
v -0.02107 1.57034 0.08905
v -0.02027 1.56918 0.09268
v -0.01976 1.56859 0.09226
v -0.01958 1.56749 0.09163
v -0.01957 1.56659 0.09112
v -0.01971 1.56579 0.09072
v -0.02084 1.56983 0.08925
v -0.02031 1.56937 0.08874
v -0.01977 1.56866 0.08838
v -0.01989 1.56778 0.08781
v -0.02015 1.56735 0.08743
v -0.02276 1.56975 0.08928
v -0.02258 1.56913 0.08874
v -0.02266 1.56859 0.08833
v -0.02260 1.56805 0.08805
v -0.02223 1.56727 0.08794
v -0.02647 1.57011 0.08989
v -0.02743 1.56895 0.09533
v -0.02594 1.56991 0.09020
v -0.02660 1.56890 0.09020
v -0.02714 1.56793 0.09012
v -0.02717 1.56715 0.09007
v -0.02690 1.56647 0.08998
v -0.02695 1.56865 0.09538
v -0.02721 1.56784 0.09513
v -0.02757 1.56668 0.09453
v -0.02755 1.56570 0.09365
v -0.02657 1.56497 0.09254
v -0.02282 1.56273 0.11625
v -0.02481 1.56405 0.11426
v -0.02171 1.56316 0.11855
v -0.01772 1.56227 0.12379
v -0.01168 1.56039 0.12720
v -0.00438 1.55889 0.12823
v -0.01288 1.56252 0.11757
v -0.01515 1.56312 0.11409
v -0.01623 1.56461 0.10973
v -0.01900 1.56685 0.10378
v -0.02646 1.56598 0.10581
v -0.02751 1.56831 0.09967
v -0.00988 1.56233 0.12049
v -0.00751 1.56245 0.12148
v -0.01139 1.56271 0.11913
v -0.01371 1.56293 0.11587
v -0.01543 1.56396 0.11209
v -0.00241 1.56145 0.12280
v -0.00376 1.56158 0.12247
v -0.02091 1.57141 0.09090
v -0.02079 1.57076 0.09343
v -0.02038 1.56886 0.09683
v -0.01977 1.56805 0.10063
v -0.01729 1.56606 0.10661
v -0.00468 1.56308 0.12152
v -0.01069 1.56444 0.11725
v -0.01328 1.56538 0.11376
v -0.01503 1.56717 0.10923
v -0.01730 1.56945 0.10340
v -0.00798 1.56398 0.12004
v -0.00629 1.56353 0.12088
v -0.00941 1.56423 0.11878
v -0.01201 1.56488 0.11566
v -0.01412 1.56627 0.11170
v -0.00219 1.56268 0.12235
v -0.00331 1.56285 0.12206
v -0.01896 1.57375 0.09068
v -0.01911 1.57295 0.09404
v -0.01878 1.57170 0.09696
v -0.01817 1.57061 0.10030
v -0.01604 1.56828 0.10640
v -0.00356 1.56401 0.12106
v -0.00795 1.56554 0.11677
v -0.01045 1.56694 0.11320
v -0.01217 1.56893 0.10860
v -0.01416 1.57158 0.10292
v -0.00582 1.56477 0.11946
v -0.00462 1.56439 0.12037
v -0.00682 1.56510 0.11826
v -0.00898 1.56615 0.11507
v -0.01132 1.56786 0.11109
v -0.00169 1.56352 0.12196
v -0.00260 1.56373 0.12155
v -0.01543 1.57614 0.08992
v -0.01581 1.57531 0.09370
v -0.01558 1.57429 0.09656
v -0.01499 1.57303 0.09974
v -0.01319 1.57026 0.10588
v -0.00213 1.56448 0.12071
v -0.00440 1.56596 0.11620
v -0.00617 1.56731 0.11238
v -0.00720 1.56954 0.10759
v -0.00829 1.57229 0.10177
v -0.00328 1.56516 0.11901
v -0.00271 1.56481 0.11997
v -0.00384 1.56551 0.11770
v -0.00512 1.56642 0.11430
v -0.00670 1.56828 0.11008
v -0.00110 1.56401 0.12160
v -0.00152 1.56422 0.12125
v -0.00877 1.57708 0.08863
v -0.00927 1.57628 0.09223
v -0.00920 1.57527 0.09507
v -0.00877 1.57387 0.09847
v -0.00773 1.57086 0.10481
v -0.00754 1.56066 0.12778
v -0.01333 1.56265 0.12504
v -0.01865 1.56372 0.12153
v -0.02848 1.57161 0.09374
v -0.02875 1.57082 0.09656
v -0.02791 1.56877 0.10320
v -0.02453 1.56532 0.11179
v -0.02701 1.56645 0.10960
v -0.02185 1.56491 0.11627
v -0.02414 1.56537 0.11423
v -0.02148 1.56441 0.11868
v -0.01701 1.56345 0.12412
v -0.01073 1.56167 0.12726
v -0.00479 1.56050 0.12843
v -0.02578 1.56737 0.10575
v -0.02785 1.56956 0.10012
v -0.00756 1.56220 0.12791
v -0.01323 1.56374 0.12536
v -0.01797 1.56482 0.12194
v -0.02827 1.57245 0.09389
v -0.02827 1.57169 0.09664
v -0.02753 1.56981 0.10339
v -0.02398 1.56677 0.11186
v -0.02645 1.56747 0.10967
v -0.02143 1.56618 0.11627
v -0.02349 1.56664 0.11427
v -0.02085 1.56556 0.11879
v -0.01615 1.56459 0.12439
v -0.01052 1.56311 0.12737
v -0.00488 1.56186 0.12864
v -0.02549 1.56855 0.10591
v -0.02743 1.57067 0.10030
v -0.00204 1.55855 0.12768
v -0.00200 1.56081 0.12830
v -0.00205 1.56222 0.12861
v -0.00332 1.55382 0.12440
v -0.00343 1.55287 0.12472
v -0.00352 1.55074 0.12470
v -0.00355 1.54859 0.12460
v -0.00336 1.54643 0.12470
v -0.00112 1.55394 0.12458
v -0.00121 1.55288 0.12484
v -0.00134 1.55064 0.12472
v -0.00130 1.54877 0.12452
v -0.00096 1.54782 0.12422
v -0.00355 1.54622 0.12469
v -0.00090 1.54761 0.12427
v -0.00287 1.55198 0.12171
v -0.00284 1.55142 0.12102
v -0.00282 1.55037 0.12023
v -0.00288 1.54960 0.12009
v -0.00292 1.54862 0.12002
v -0.00113 1.55177 0.12223
v -0.00120 1.55214 0.12260
v -0.00111 1.54976 0.12150
v -0.00115 1.54908 0.12133
v -0.00119 1.54841 0.12114
v -0.00108 1.55302 0.12357
v 0.00000 1.54919 0.12207
v 0.00000 1.54993 0.12221
v 0.00000 1.55162 0.12251
v 0.00000 1.55198 0.12263
v -0.00122 1.54804 0.12069
v 0.00000 1.55273 0.12366
v -0.00299 1.54844 0.11981
v -0.00293 1.55258 0.12255
v -0.00300 1.55335 0.12350
v -0.00620 1.55301 0.12435
v -0.00603 1.55391 0.12407
v -0.00639 1.54754 0.12373
v -0.00648 1.54894 0.12419
v -0.00638 1.55096 0.12436
v -0.00648 1.54728 0.12412
v -0.00503 1.54926 0.12020
v -0.00500 1.55006 0.12038
v -0.00496 1.55084 0.12057
v -0.00506 1.55164 0.12093
v -0.00518 1.55213 0.12153
v -0.00492 1.54901 0.11974
v -0.00536 1.55258 0.12232
v -0.00566 1.55329 0.12326
v -0.00897 1.55485 0.12383
v -0.00915 1.55362 0.12394
v -0.00945 1.55134 0.12389
v -0.00964 1.54896 0.12376
v -0.00930 1.54764 0.12314
v -0.00952 1.54712 0.12375
v -0.00750 1.55241 0.12101
v -0.00722 1.55194 0.12039
v -0.00690 1.55100 0.11966
v -0.00690 1.55025 0.11950
v -0.00696 1.54929 0.11942
v -0.00687 1.54918 0.11893
v -0.00779 1.55293 0.12170
v -0.00822 1.55367 0.12267
v -0.01149 1.55362 0.12281
v -0.01123 1.55482 0.12262
v -0.01174 1.54816 0.12221
v -0.01206 1.54924 0.12276
v -0.01193 1.55146 0.12294
v -0.01190 1.54792 0.12245
v -0.00938 1.54968 0.11876
v -0.00939 1.55047 0.11896
v -0.00940 1.55133 0.11917
v -0.00963 1.55201 0.11954
v -0.00990 1.55247 0.12013
v -0.00920 1.54954 0.11826
v -0.01023 1.55293 0.12076
v -0.01063 1.55370 0.12165
v -0.00665 1.54675 0.12435
v -0.00472 1.54834 0.11882
v -0.01206 1.54729 0.12267
v -0.01399 1.55545 0.12177
v -0.01416 1.55432 0.12195
v -0.01451 1.55150 0.12157
v -0.01455 1.54938 0.12116
v -0.01423 1.54811 0.12068
v -0.01465 1.54794 0.12092
v -0.01213 1.55263 0.11905
v -0.01171 1.55219 0.11842
v -0.01121 1.55142 0.11757
v -0.01116 1.55060 0.11739
v -0.01123 1.54961 0.11731
v 0.00000 1.54424 0.12424
v -0.01095 1.54965 0.11685
v -0.01254 1.55315 0.11975
v -0.01318 1.55414 0.12065
v -0.01678 1.55453 0.12006
v -0.01620 1.55588 0.11994
v -0.01659 1.54972 0.11855
v -0.01706 1.55062 0.11918
v -0.01708 1.55242 0.11965
v -0.01689 1.54942 0.11883
v -0.01290 1.55093 0.11620
v -0.01289 1.55167 0.11635
v -0.01295 1.55272 0.11667
v -0.01298 1.55345 0.11707
v -0.01320 1.55427 0.11751
v -0.01249 1.55069 0.11567
v -0.01431 1.55437 0.11814
v -0.01525 1.55499 0.11899
v -0.01720 1.54893 0.11880
v -0.01852 1.55721 0.11775
v -0.01946 1.55561 0.11776
v -0.01961 1.55377 0.11723
v -0.01947 1.55223 0.11663
v -0.01910 1.55077 0.11603
v -0.01957 1.55044 0.11630
v -0.01400 1.55645 0.11553
v -0.01391 1.55529 0.11517
v -0.01392 1.55433 0.11479
v -0.01395 1.55310 0.11429
v -0.01411 1.55237 0.11427
v -0.01372 1.55199 0.11350
v -0.01555 1.55621 0.11616
v -0.01715 1.55641 0.11695
v -0.02104 1.55604 0.11517
v -0.02043 1.55715 0.11523
v -0.02027 1.55258 0.11358
v -0.02097 1.55354 0.11433
v -0.02132 1.55488 0.11494
v -0.02101 1.55218 0.11362
v -0.01567 1.55341 0.11181
v -0.01544 1.55428 0.11213
v -0.01517 1.55557 0.11241
v -0.01497 1.55656 0.11260
v -0.01514 1.55735 0.11289
v -0.01515 1.55300 0.11144
v -0.01687 1.55733 0.11378
v -0.01863 1.55713 0.11448
v -0.02733 1.56147 0.08806
v -0.02110 1.55851 0.10919
v -0.01903 1.55910 0.10883
v -0.01696 1.55537 0.10611
v -0.01705 1.55966 0.10800
v -0.01699 1.55885 0.10767
v -0.01724 1.55764 0.10717
v -0.01745 1.55657 0.10690
v -0.01766 1.55568 0.10678
v -0.02330 1.55417 0.10836
v -0.02371 1.55654 0.10943
v -0.02331 1.55549 0.10899
v -0.02268 1.55481 0.10836
v -0.02307 1.55867 0.10982
v -0.02343 1.55747 0.10957
v -0.02043 1.55785 0.11174
v -0.01821 1.55850 0.11128
v -0.01567 1.55402 0.10863
v -0.01648 1.55443 0.10923
v -0.01614 1.55554 0.10931
v -0.01595 1.55677 0.10954
v -0.01591 1.55797 0.10976
v -0.01618 1.55879 0.11031
v -0.02298 1.55284 0.11087
v -0.02182 1.55319 0.11068
v -0.02236 1.55415 0.11161
v -0.02259 1.55552 0.11187
v -0.02264 1.55660 0.11208
v -0.02235 1.55759 0.11203
v -0.02292 1.56051 0.10283
v -0.02042 1.56126 0.10282
v -0.01882 1.55785 0.09960
v -0.01803 1.56162 0.10218
v -0.01805 1.56079 0.10163
v -0.01836 1.56024 0.10108
v -0.01878 1.55936 0.10025
v -0.01913 1.55827 0.09989
v -0.02519 1.55681 0.10171
v -0.02541 1.55908 0.10306
v -0.02518 1.55793 0.10252
v -0.02471 1.55709 0.10185
v -0.02493 1.56085 0.10382
v -0.02526 1.55994 0.10336
v -0.02219 1.55941 0.10607
v -0.01953 1.56002 0.10613
v -0.01748 1.55657 0.10274
v -0.01791 1.55680 0.10288
v -0.01771 1.55788 0.10328
v -0.01733 1.55894 0.10409
v -0.01715 1.55998 0.10479
v -0.01718 1.56064 0.10525
v -0.02481 1.55501 0.10531
v -0.02369 1.55555 0.10494
v -0.02475 1.55613 0.10585
v -0.02489 1.55739 0.10635
v -0.02486 1.55825 0.10655
v -0.02464 1.55941 0.10673
v -0.02714 1.55966 0.09038
v -0.02644 1.55655 0.09750
v -0.02384 1.55351 0.10818
v -0.02502 1.55351 0.10473
v -0.02417 1.56338 0.09569
v -0.02166 1.56397 0.09546
v -0.01985 1.56075 0.09209
v -0.01897 1.56449 0.09461
v -0.01888 1.56369 0.09424
v -0.01921 1.56284 0.09369
v -0.01957 1.56181 0.09294
v -0.02011 1.56111 0.09240
v -0.02583 1.55967 0.09450
v -0.02637 1.56205 0.09583
v -0.02604 1.56075 0.09533
v -0.02554 1.56000 0.09480
v -0.02645 1.56379 0.09690
v -0.02668 1.56289 0.09647
v -0.02381 1.56178 0.09927
v -0.02107 1.56237 0.09942
v -0.01922 1.55903 0.09572
v -0.01943 1.55946 0.09605
v -0.01903 1.56058 0.09670
v -0.01857 1.56163 0.09750
v -0.01838 1.56218 0.09811
v -0.01844 1.56309 0.09895
v -0.02613 1.55772 0.09803
v -0.02571 1.55809 0.09820
v -0.02618 1.55914 0.09870
v -0.02629 1.56035 0.09943
v -0.02619 1.56126 0.09980
v -0.02593 1.56245 0.10010
v -0.02517 1.56573 0.09068
v -0.02229 1.56607 0.09012
v -0.02071 1.56428 0.08599
v -0.01965 1.56644 0.08943
v -0.01945 1.56582 0.08892
v -0.01975 1.56530 0.08821
v -0.02040 1.56485 0.08748
v -0.02080 1.56434 0.08731
v -0.02677 1.56255 0.08859
v -0.02763 1.56445 0.09031
v -0.02699 1.56352 0.08962
v -0.02624 1.56308 0.08878
v -0.02700 1.56612 0.09127
v -0.02749 1.56526 0.09082
v -0.02464 1.56508 0.09241
v -0.02196 1.56548 0.09236
v -0.02354 1.56530 0.08590
v -0.02524 1.56497 0.08603
v -0.02014 1.56267 0.08837
v -0.02199 1.56517 0.08568
v -0.01984 1.56293 0.08862
v -0.01951 1.56344 0.08892
v -0.01931 1.56414 0.08980
v -0.01921 1.56497 0.09068
v -0.01957 1.56569 0.09135
v -0.02184 1.56521 0.08651
v -0.02125 1.56579 0.08672
v -0.02084 1.56616 0.08711
v -0.02039 1.56655 0.08744
v -0.02041 1.56701 0.08772
v -0.02357 1.56539 0.08676
v -0.02376 1.56611 0.08693
v -0.02353 1.56648 0.08720
v -0.02321 1.56688 0.08748
v -0.02244 1.56719 0.08820
v -0.02567 1.56489 0.08698
v -0.02589 1.56555 0.08762
v -0.02592 1.56618 0.08818
v -0.02585 1.56675 0.08849
v -0.02554 1.56706 0.08924
v -0.02627 1.56421 0.08636
v -0.02675 1.56108 0.09096
v -0.02608 1.56448 0.08718
v -0.02667 1.56498 0.08806
v -0.02719 1.56554 0.08887
v -0.02735 1.56611 0.08964
v -0.02706 1.56655 0.09021
v -0.02645 1.56154 0.09123
v -0.02664 1.56225 0.09186
v -0.02745 1.56323 0.09259
v -0.02750 1.56418 0.09298
v -0.02674 1.56531 0.09305
v -0.02131 1.55135 0.11352
v -0.02307 1.55155 0.11032
v -0.01953 1.54896 0.11610
v -0.01478 1.54690 0.12047
v -0.00967 1.54568 0.12355
v -0.00396 1.54518 0.12474
v -0.01173 1.55027 0.11465
v -0.01424 1.55242 0.11046
v -0.01574 1.55493 0.10525
v -0.01810 1.55717 0.09876
v -0.02578 1.55605 0.10157
v -0.02641 1.55904 0.09421
v -0.00867 1.54903 0.11730
v -0.00662 1.54850 0.11795
v -0.01029 1.54939 0.11593
v -0.01282 1.55133 0.11243
v -0.01480 1.55355 0.10779
v -0.00313 1.54779 0.11905
v -0.01958 1.56339 0.08486
v -0.01983 1.56187 0.08782
v -0.01934 1.56011 0.09132
v -0.01873 1.55827 0.09488
v -0.01663 1.55595 0.10188
v -0.00413 1.54729 0.11758
v -0.01056 1.54919 0.11297
v -0.01303 1.55097 0.10879
v -0.01465 1.55313 0.10330
v -0.01662 1.55536 0.09676
v -0.00732 1.54808 0.11590
v -0.00570 1.54768 0.11683
v -0.00893 1.54853 0.11450
v -0.01181 1.55001 0.11104
v -0.01383 1.55209 0.10616
v -0.00288 1.54705 0.11803
v -0.01881 1.56107 0.08404
v -0.01880 1.55937 0.08680
v -0.01801 1.55805 0.08957
v -0.01738 1.55661 0.09306
v -0.01551 1.55413 0.10017
v -0.00320 1.54654 0.11671
v -0.00875 1.54820 0.11173
v -0.01108 1.54967 0.10740
v -0.01249 1.55139 0.10168
v -0.01410 1.55370 0.09466
v -0.00572 1.54718 0.11486
v -0.00430 1.54682 0.11591
v -0.00723 1.54767 0.11340
v -0.01012 1.54887 0.10967
v -0.01181 1.55050 0.10469
v -0.00228 1.54654 0.11718
v -0.01895 1.55606 0.08040
v -0.01747 1.55610 0.08435
v -0.01593 1.55585 0.08716
v -0.01476 1.55504 0.09072
v -0.01332 1.55234 0.09835
v -0.00174 1.54625 0.11606
v -0.00539 1.54761 0.11070
v -0.00702 1.54882 0.10622
v -0.00791 1.55025 0.10034
v -0.00879 1.55274 0.09281
v -0.00329 1.54664 0.11408
v -0.00248 1.54630 0.11531
v -0.00431 1.54704 0.11262
v -0.00638 1.54819 0.10871
v -0.00750 1.54948 0.10341
v -0.00124 1.54629 0.11658
v -0.01136 1.55515 0.07683
v -0.01042 1.55600 0.08058
v -0.00978 1.55573 0.08358
v -0.00928 1.55456 0.08817
v -0.00834 1.55131 0.09680
v -0.00658 1.54482 0.12383
v -0.01157 1.54558 0.12178
v -0.01623 1.54714 0.11776
v -0.02677 1.56042 0.08723
v -0.02673 1.55891 0.09027
v -0.02590 1.55580 0.09705
v -0.02377 1.55179 0.10759
v -0.02481 1.55282 0.10449
v -0.02037 1.54985 0.11243
v -0.02241 1.55068 0.10998
v -0.01926 1.54831 0.11559
v -0.01439 1.54604 0.12009
v -0.00936 1.54502 0.12323
v -0.00402 1.54438 0.12436
v -0.02491 1.55450 0.10054
v -0.02625 1.55744 0.09355
v -0.00657 1.54362 0.12296
v -0.01135 1.54457 0.12086
v -0.01591 1.54616 0.11683
v -0.02644 1.55986 0.08617
v -0.02629 1.55820 0.08916
v -0.02549 1.55508 0.09586
v -0.02328 1.55084 0.10645
v -0.02448 1.55199 0.10337
v -0.01991 1.54894 0.11143
v -0.02199 1.54981 0.10894
v -0.01885 1.54726 0.11449
v -0.01413 1.54505 0.11920
v -0.00922 1.54396 0.12224
v -0.00406 1.54319 0.12354
v -0.02462 1.55370 0.09944
v -0.02583 1.55677 0.09236
v -0.02693 1.56330 0.08563
v -0.02658 1.56232 0.08444
v -0.02590 1.56139 0.08312
v 0.00110 1.55122 0.12203
v -0.00110 1.55122 0.12203
v -0.00073 1.54638 0.12452
v -0.00087 1.54424 0.12424
v -0.00090 1.54298 0.12352
v -0.00060 1.54642 0.11725
v -0.00092 1.54670 0.11774
v -0.00113 1.54710 0.11870
v -0.00115 1.54768 0.11978
v -0.02805 1.57088 0.09021
v -0.02821 1.57232 0.09050
v -0.02805 1.57335 0.09065
v -0.02079 1.57179 0.08858
v -0.01836 1.57423 0.08742
v -0.01459 1.57667 0.08602
v -0.00811 1.57760 0.08468
v -0.02307 1.57007 0.08665
v -0.02136 1.57073 0.08618
v -0.02624 1.57019 0.08718
v -0.02758 1.57100 0.08718
v -0.02787 1.57237 0.08732
v -0.02775 1.57343 0.08737
v -0.02009 1.57213 0.08531
v -0.01793 1.57419 0.08415
v -0.01449 1.57624 0.08262
v -0.00805 1.57826 0.08191
v -0.02293 1.56913 0.08562
v -0.02469 1.56893 0.08606
v -0.02129 1.57007 0.08433
v -0.02606 1.56933 0.08594
v -0.02717 1.57021 0.08517
v -0.02755 1.57157 0.08452
v -0.02736 1.57315 0.08424
v -0.01975 1.57141 0.08285
v -0.01798 1.57297 0.08146
v -0.01615 1.57397 0.08037
v -0.02279 1.56792 0.08483
v -0.02453 1.56767 0.08535
v -0.02115 1.56864 0.08356
v -0.02590 1.56790 0.08518
v -0.02694 1.56856 0.08436
v -0.02721 1.56973 0.08311
v -0.02696 1.57091 0.08188
v -0.01957 1.56985 0.08148
v -0.01790 1.57090 0.07972
v -0.01659 1.57149 0.07869
v -0.02268 1.56675 0.08436
v -0.02441 1.56648 0.08479
v -0.02106 1.56733 0.08305
v -0.02575 1.56652 0.08459
v -0.02675 1.56681 0.08342
v -0.02699 1.56719 0.08193
v -0.02673 1.56767 0.08034
v -0.01945 1.56801 0.08098
v -0.01782 1.56858 0.07921
v -0.01666 1.56887 0.07811
v -0.02284 1.56595 0.08448
v -0.02455 1.56557 0.08483
v -0.02125 1.56621 0.08373
v -0.02579 1.56541 0.08445
v -0.02669 1.56510 0.08352
v -0.02676 1.56482 0.08192
v -0.02640 1.56458 0.08050
v -0.01969 1.56642 0.08233
v -0.01827 1.56643 0.08074
v -0.01720 1.56603 0.07999
v -0.01960 1.56208 0.07837
v -0.01965 1.55602 0.07713
v -0.01161 1.55527 0.07349
v -0.01428 1.57647 0.07557
v -0.00806 1.57868 0.07480
v -0.01599 1.57419 0.07356
v -0.01721 1.57176 0.07221
v -0.01869 1.56903 0.07198
v -0.01918 1.56651 0.07391
v 0.00000 1.56605 0.11587
v 0.00000 1.56715 0.11177
v 0.00000 1.56937 0.10667
v 0.00000 1.57209 0.10072
v 0.00000 1.56525 0.11875
v 0.00000 1.56491 0.11975
v 0.00000 1.56571 0.11740
v 0.00000 1.56635 0.11385
v 0.00000 1.56811 0.10937
v 0.00000 1.57665 0.08766
v 0.00000 1.57595 0.09100
v 0.00000 1.57500 0.09378
v 0.00000 1.57364 0.09729
v 0.00000 1.57069 0.10388
v 0.00000 1.54732 0.11000
v 0.00000 1.54874 0.10553
v 0.00000 1.55088 0.09916
v 0.00000 1.55284 0.09149
v 0.00000 1.54647 0.11383
v 0.00000 1.54614 0.11511
v 0.00000 1.54690 0.11226
v 0.00000 1.54800 0.10827
v 0.00000 1.54981 0.10258
v 0.00000 1.55524 0.07181
v 0.00000 1.55631 0.07450
v 0.00000 1.55599 0.08000
v 0.00000 1.55457 0.08661
v 0.00000 1.55170 0.09557
v 0.00000 1.56233 0.12858
v 0.00000 1.56093 0.12824
v 0.00000 1.55773 0.12743
v 0.00000 1.55716 0.12731
v 0.00000 1.55867 0.12439
v 0.00000 1.56120 0.12306
v 0.00000 1.56252 0.12251
v 0.00000 1.56338 0.12212
v 0.00000 1.55954 0.12391
v 0.00000 1.54803 0.12421
v 0.00000 1.55365 0.12460
v 0.00000 1.54298 0.12352
v 0.00000 1.54790 0.12427
v 0.00000 1.54638 0.12453
v 0.00000 1.54642 0.11747
v 0.00000 1.54676 0.11799
v 0.00000 1.54714 0.11897
v 0.00000 1.54765 0.12009
v 0.00000 1.54619 0.11580
v 0.00000 1.55101 0.12242
v 0.00000 1.54619 0.11637
v 0.00000 1.56461 0.12053
v 0.00000 1.56437 0.12111
v 0.00000 1.56416 0.12150
v 0.00000 1.57777 0.08364
v 0.00000 1.57892 0.08005
v 0.00000 1.55486 0.06707
v 0.00000 1.57967 0.07303
v 0.01169 1.57009 0.06417
v 0.01092 1.55693 0.06692
v 0.01205 1.56227 0.05985
v 0.00504 1.55100 0.12081
v 0.02199 1.56148 0.06674
v 0.01615 1.56165 0.10091
v 0.00807 1.55797 0.09896
v 0.00862 1.56689 0.10245
v 0.01909 1.56386 0.08199
v 0.00955 1.55893 0.08137
v 0.01020 1.57125 0.08146
v 0.00622 1.55821 0.11659
v 0.00622 1.55313 0.11334
v 0.01225 1.55549 0.11486
v -0.01169 1.57009 0.06417
v -0.01092 1.55693 0.06692
v -0.00504 1.55100 0.12081
v -0.02199 1.56148 0.06674
v -0.01615 1.56165 0.10091
v -0.00807 1.55797 0.09896
v -0.00862 1.56689 0.10245
v -0.01909 1.56386 0.08199
v -0.00955 1.55893 0.08137
v -0.01205 1.56227 0.05985
v -0.00622 1.55821 0.11659
v -0.00622 1.55313 0.11334
v -0.01225 1.55549 0.11486
v -0.01020 1.57125 0.08146
v 0.00000 1.55886 0.11677
v 0.00524 1.55381 0.12041
v 0.01982 1.56707 0.06522
v 0.01217 1.56726 0.06034
v 0.00000 1.55322 0.11345
v 0.00536 1.55057 0.11836
v 0.01886 1.55702 0.06775
v 0.01156 1.55760 0.06244
v 0.00000 1.55096 0.12098
v 0.00000 1.56269 0.05899
v 0.02036 1.56072 0.06254
v 0.00944 1.55224 0.11918
v 0.00000 1.57081 0.08118
v 0.01458 1.56517 0.10211
v 0.00000 1.55813 0.08057
v 0.01395 1.55865 0.09953
v 0.01775 1.56328 0.09194
v 0.00881 1.55891 0.09045
v 0.00956 1.56977 0.09291
v 0.01728 1.56882 0.08172
v 0.01644 1.55956 0.08197
v 0.00000 1.57045 0.06377
v 0.00000 1.55717 0.06614
v 0.02053 1.56322 0.07298
v 0.01021 1.55809 0.07321
v 0.01096 1.57125 0.07124
v 0.00000 1.56651 0.10177
v 0.00000 1.55823 0.09886
v 0.01077 1.55745 0.11607
v 0.01076 1.55357 0.11360
v 0.00749 1.56297 0.11028
v 0.00722 1.55630 0.10667
v 0.01435 1.55912 0.10853
v -0.00524 1.55381 0.12041
v -0.01982 1.56707 0.06522
v -0.00536 1.55057 0.11836
v -0.01886 1.55702 0.06775
v -0.01156 1.55760 0.06244
v -0.02036 1.56072 0.06254
v -0.00944 1.55224 0.11918
v -0.01458 1.56517 0.10211
v -0.01395 1.55865 0.09953
v -0.01775 1.56328 0.09194
v -0.00881 1.55891 0.09045
v -0.00956 1.56977 0.09291
v -0.01728 1.56882 0.08172
v -0.01644 1.55956 0.08197
v -0.02053 1.56322 0.07298
v -0.01021 1.55809 0.07321
v -0.01217 1.56726 0.06034
v -0.01077 1.55745 0.11607
v -0.01076 1.55357 0.11360
v -0.00749 1.56297 0.11028
v -0.00722 1.55630 0.10667
v -0.01435 1.55912 0.10853
v -0.01096 1.57125 0.07124
v 0.00862 1.55436 0.11894
v 0.00000 1.56770 0.05963
v 0.01819 1.56523 0.06235
v 0.00870 1.55182 0.11725
v 0.01759 1.55794 0.06417
v 0.01600 1.56762 0.09280
v 0.01521 1.55955 0.09103
v 0.01851 1.56859 0.07188
v 0.01759 1.55868 0.07368
v 0.00000 1.57084 0.07119
v 0.01282 1.56168 0.10983
v 0.01241 1.55677 0.10712
v 0.00000 1.55378 0.12055
v -0.00862 1.55436 0.11894
v -0.01819 1.56523 0.06235
v 0.00000 1.55059 0.11850
v -0.00870 1.55182 0.11725
v 0.00000 1.55795 0.06151
v -0.01759 1.55794 0.06417
v 0.00000 1.56942 0.09231
v -0.01600 1.56762 0.09280
v 0.00000 1.55880 0.09011
v -0.01521 1.55955 0.09103
v -0.01851 1.56859 0.07188
v -0.01759 1.55868 0.07368
v 0.00000 1.55822 0.07269
v 0.00000 1.56249 0.10955
v 0.00000 1.55650 0.10668
v -0.01282 1.56168 0.10983
v -0.01241 1.55677 0.10712
v 0.00000 1.55254 0.12476
v 0.00108 1.55302 0.12357
v 0.00000 1.55057 0.12469
v 0.00000 1.54883 0.12446
v 0.00000 1.55280 0.12569
v 0.04467 1.64451 0.12998
v 0.03289 1.64219 0.13452
v 0.05264 1.64634 0.12554
v 0.06856 1.64818 0.11310
v 0.02201 1.64138 0.13759
v 0.07464 1.64746 0.10774
v 0.04262 1.64851 0.13129
v 0.02763 1.64633 0.13719
v 0.05279 1.65033 0.12696
v 0.06931 1.65053 0.11313
v 0.01355 1.64516 0.13921
v 0.08007 1.64587 0.09834
v 0.06059 1.64772 0.11955
v 0.06154 1.65105 0.12038
v 0.07894 1.64748 0.10182
v 0.07521 1.64953 0.10679
v -0.04467 1.64451 0.12998
v -0.03289 1.64219 0.13452
v -0.05264 1.64634 0.12554
v -0.06856 1.64818 0.11310
v -0.02201 1.64138 0.13759
v -0.07464 1.64746 0.10774
v -0.04262 1.64851 0.13129
v -0.02763 1.64633 0.13719
v -0.05279 1.65033 0.12696
v -0.06931 1.65053 0.11313
v -0.01355 1.64516 0.13921
v -0.08007 1.64587 0.09834
v -0.06059 1.64772 0.11955
v -0.06154 1.65105 0.12038
v -0.07894 1.64748 0.10182
v -0.07521 1.64953 0.10679
v 0.04356 1.62273 0.11318
v 0.04532 1.62325 0.11266
v 0.04717 1.62275 0.11210
v 0.04829 1.62195 0.11171
v 0.04895 1.62065 0.11141
v 0.04952 1.61849 0.11109
v 0.04918 1.61633 0.11086
v 0.04836 1.61507 0.11104
v 0.04719 1.61432 0.11136
v 0.04539 1.61383 0.11190
v 0.04370 1.61416 0.11253
v 0.04255 1.61496 0.11297
v 0.04170 1.61620 0.11331
v 0.04118 1.61813 0.11361
v 0.04149 1.62010 0.11363
v 0.04232 1.62170 0.11349
v 0.04288 1.62082 0.11370
v 0.04559 1.62159 0.11315
v 0.04256 1.61815 0.11376
v 0.04307 1.61571 0.11323
v 0.04797 1.61580 0.11165
v 0.04565 1.61539 0.11265
v 0.04839 1.61845 0.11191
v 0.04572 1.61847 0.11323
v 0.04786 1.62110 0.11218
v -0.04356 1.62273 0.11318
v -0.04532 1.62325 0.11266
v -0.04717 1.62275 0.11210
v -0.04829 1.62195 0.11171
v -0.04895 1.62065 0.11141
v -0.04952 1.61849 0.11109
v -0.04918 1.61633 0.11086
v -0.04836 1.61507 0.11104
v -0.04719 1.61432 0.11136
v -0.04539 1.61383 0.11190
v -0.04370 1.61416 0.11253
v -0.04255 1.61496 0.11297
v -0.04170 1.61620 0.11331
v -0.04118 1.61813 0.11361
v -0.04149 1.62010 0.11363
v -0.04232 1.62170 0.11349
v -0.04288 1.62082 0.11370
v -0.04559 1.62159 0.11315
v -0.04256 1.61815 0.11376
v -0.04307 1.61571 0.11323
v -0.04797 1.61580 0.11165
v -0.04565 1.61539 0.11265
v -0.04839 1.61845 0.11191
v -0.04572 1.61847 0.11323
v -0.04786 1.62110 0.11218
v 0.03884 1.60690 0.11352
v 0.03983 1.60713 0.11328
v 0.04090 1.60691 0.11298
v 0.04158 1.60653 0.11277
v 0.04204 1.60571 0.11261
v 0.04224 1.60433 0.11245
v 0.04196 1.60309 0.11239
v 0.04148 1.60235 0.11241
v 0.04087 1.60193 0.11253
v 0.03988 1.60175 0.11276
v 0.03876 1.60205 0.11306
v 0.03795 1.60241 0.11329
v 0.03760 1.60321 0.11349
v 0.03743 1.60448 0.11369
v 0.03772 1.60581 0.11372
v 0.03810 1.60655 0.11365
v 0.03856 1.60607 0.11374
v 0.03986 1.60623 0.11357
v 0.03830 1.60447 0.11380
v 0.03846 1.60291 0.11349
v 0.04117 1.60284 0.11274
v 0.03989 1.60272 0.11322
v 0.04146 1.60433 0.11288
v 0.03994 1.60439 0.11366
v 0.04123 1.60602 0.11303
v -0.03884 1.60690 0.11352
v -0.03983 1.60713 0.11328
v -0.04090 1.60691 0.11298
v -0.04158 1.60653 0.11277
v -0.04204 1.60571 0.11261
v -0.04224 1.60433 0.11245
v -0.04196 1.60309 0.11239
v -0.04148 1.60235 0.11241
v -0.04087 1.60193 0.11253
v -0.03988 1.60175 0.11276
v -0.03876 1.60205 0.11306
v -0.03795 1.60241 0.11329
v -0.03760 1.60321 0.11349
v -0.03743 1.60448 0.11369
v -0.03772 1.60581 0.11372
v -0.03810 1.60655 0.11365
v -0.03856 1.60607 0.11374
v -0.03986 1.60623 0.11357
v -0.03830 1.60447 0.11380
v -0.03846 1.60291 0.11349
v -0.04117 1.60284 0.11274
v -0.03989 1.60272 0.11322
v -0.04146 1.60433 0.11288
v -0.03994 1.60439 0.11366
v -0.04123 1.60602 0.11303
v 0.19853 0.52293 -0.02169
v 0.19191 0.54048 -0.01857
v 0.17762 0.57074 -0.01085
v 0.16579 0.59978 -0.00601
v 0.15121 0.59624 -0.01337
v 0.13200 0.59397 -0.01104
v 0.12126 0.59439 -0.00734
v 0.16066 0.61449 -0.00606
v 0.14684 0.61129 -0.01205
v 0.12919 0.60947 -0.01094
v 0.11857 0.61221 -0.00837
v 0.12317 0.53241 -0.01321
v 0.17127 0.60248 -0.00036
v 0.16565 0.61907 -0.00211
v 0.15694 0.62639 -0.00746
v 0.14281 0.62627 -0.01256
v 0.13856 0.64194 -0.01458
v 0.15812 0.63785 -0.00664
v 0.12674 0.62241 -0.01211
v 0.11675 0.63305 -0.01184
v 0.15281 0.66040 -0.01107
v 0.13332 0.66013 -0.01813
v 0.10833 0.65678 -0.01552
v 0.12345 0.57877 -0.00801
v 0.14526 0.58021 -0.01610
v 0.19835 0.54208 -0.00445
v 0.20435 0.52466 -0.00512
v 0.20741 0.47839 -0.02601
v 0.21350 0.48122 -0.00705
v 0.21129 0.45167 -0.02634
v 0.21734 0.45506 -0.00796
v 0.21485 0.42269 -0.02681
v 0.22147 0.42625 -0.01039
v 0.21742 0.39248 -0.02685
v 0.22440 0.39612 -0.01219
v 0.21828 0.35923 -0.02696
v 0.22535 0.36339 -0.01531
v 0.22152 0.30046 -0.02093
v 0.22846 0.31978 -0.00821
v 0.19700 0.28898 -0.03251
v 0.15131 0.32278 -0.01055
v 0.16423 0.58342 -0.01353
v 0.12386 0.54856 -0.01135
v 0.13548 0.54906 -0.02010
v 0.19104 0.55754 -0.00356
v 0.18478 0.55598 -0.01471
v 0.17715 0.58723 -0.00048
v 0.17154 0.58526 -0.00770
v 0.15530 0.58166 -0.01667
v 0.12358 0.51496 -0.01581
v 0.14663 0.68652 -0.01563
v 0.12687 0.68444 -0.02238
v 0.09992 0.68386 -0.01946
v 0.14248 0.71999 -0.01975
v 0.12209 0.71673 -0.02661
v 0.09240 0.71780 -0.02329
v 0.13748 0.75789 -0.02327
v 0.11653 0.75385 -0.03047
v 0.08429 0.75521 -0.02676
v 0.13330 0.79522 -0.02620
v 0.11083 0.79040 -0.03384
v 0.07784 0.79076 -0.02957
v 0.12850 0.83266 -0.02847
v 0.10476 0.82698 -0.03669
v 0.07126 0.82573 -0.03169
v 0.13447 0.57915 -0.01294
v 0.20892 0.50420 -0.00684
v 0.20289 0.50194 -0.02446
v 0.16221 0.55204 -0.02890
v 0.13501 0.53302 -0.02489
v 0.16583 0.53603 -0.03697
v 0.13523 0.51514 -0.02999
v 0.16955 0.51807 -0.04496
v 0.13775 0.49457 -0.03504
v 0.17344 0.49699 -0.04968
v 0.14075 0.47142 -0.03872
v 0.17752 0.47284 -0.05333
v 0.14420 0.44569 -0.03992
v 0.18170 0.44584 -0.05343
v 0.14787 0.41842 -0.03932
v 0.18502 0.41706 -0.05090
v 0.15199 0.39004 -0.03634
v 0.18825 0.38669 -0.04705
v 0.15763 0.35867 -0.03241
v 0.19082 0.35307 -0.04140
v 0.19394 0.31913 -0.03624
v 0.16294 0.32830 -0.02816
v 0.12617 0.49497 -0.01966
v 0.12877 0.47280 -0.02199
v 0.13165 0.44820 -0.02344
v 0.13466 0.42208 -0.02441
v 0.13871 0.39500 -0.02268
v 0.14539 0.36438 -0.02139
v 0.15910 0.59779 -0.01060
v 0.15464 0.61256 -0.00968
v 0.15057 0.62687 -0.01034
v 0.14820 0.64168 -0.01183
v 0.14346 0.66043 -0.01548
v 0.13744 0.68508 -0.01978
v 0.13324 0.71762 -0.02401
v 0.12817 0.75515 -0.02769
v 0.12316 0.79210 -0.03079
v 0.11783 0.82914 -0.03344
v 0.17473 0.55409 -0.02409
v 0.18073 0.53830 -0.03044
v 0.18624 0.52052 -0.03682
v 0.19069 0.49938 -0.04068
v 0.19520 0.47537 -0.04352
v 0.19925 0.44830 -0.04355
v 0.20245 0.41935 -0.04202
v 0.20510 0.38887 -0.03975
v 0.20631 0.35515 -0.03647
v 0.20828 0.32163 -0.03265
v 0.21050 0.29167 -0.02901
v 0.14200 0.59490 -0.01334
v 0.13828 0.60992 -0.01236
v 0.13416 0.62471 -0.01319
v 0.12804 0.63973 -0.01487
v 0.12147 0.65893 -0.01845
v 0.18205 0.29185 -0.03022
v 0.11408 0.68422 -0.02271
v 0.10841 0.71715 -0.02697
v 0.10152 0.75439 -0.03097
v 0.09553 0.79048 -0.03421
v 0.08893 0.82626 -0.03695
v 0.14875 0.55032 -0.02691
v 0.14989 0.53421 -0.03414
v 0.15161 0.51622 -0.04193
v 0.15445 0.49529 -0.04702
v 0.15798 0.47143 -0.05111
v 0.16207 0.44473 -0.05175
v 0.16587 0.41660 -0.04973
v 0.16957 0.38699 -0.04568
v 0.17384 0.35416 -0.03992
v 0.17820 0.32122 -0.03451
v 0.12410 0.56382 -0.00955
v 0.13550 0.56437 -0.01600
v 0.18353 0.57243 -0.00171
v 0.15872 0.56709 -0.02195
v 0.16926 0.56886 -0.01817
v 0.14718 0.56541 -0.02084
v 0.71323 1.05642 0.07603
v 0.71086 1.05302 0.06226
v 0.69420 1.06525 0.05974
v 0.69588 1.06973 0.07429
v 0.68080 1.07520 0.05690
v 0.68099 1.08095 0.07278
v 0.69368 1.06650 0.07490
v 0.71103 1.05340 0.07650
v 0.67742 1.07190 0.05728
v 0.69174 1.06171 0.06067
v 0.70880 1.04982 0.06298
v 0.67706 1.07787 0.07331
v 0.73792 1.03843 0.07690
v 0.73967 1.03495 0.07695
v 0.73756 1.03725 0.06572
v 0.73946 1.03410 0.06587
v 0.74106 1.03045 0.07173
v 0.73603 1.04259 0.07069
v 0.74231 1.03190 0.07171
v 0.73684 1.04166 0.07070
v 0.74101 1.03436 0.07623
v 0.74054 1.03395 0.06693
v 0.73862 1.03679 0.06679
v 0.73927 1.03743 0.07610
v 0.71560 1.05931 0.06844
v 0.70070 1.07096 0.06632
v 0.68674 1.08353 0.06400
v 0.70687 1.04764 0.06996
v 0.68991 1.05990 0.06811
v 0.67305 1.07225 0.06520
v 0.73490 1.03974 0.07716
v 0.73472 1.03814 0.06516
v 0.73560 1.03475 0.06530
v 0.73565 1.03623 0.07725
v 0.73447 1.04354 0.07068
v 0.73668 1.03099 0.07152
v 0.72546 1.03692 0.07108
v 0.73025 1.04686 0.07044
v 0.72709 1.04128 0.07712
v 0.72587 1.03949 0.06471
v 0.72715 1.04230 0.06440
v 0.72840 1.04400 0.07722
v 0.66240 1.07610 0.05709
v 0.66290 1.07524 0.05372
v 0.66426 1.07651 0.04248
v 0.66419 1.07657 0.03744
v 0.66245 1.07769 0.02467
v 0.66190 1.07879 0.01991
v 0.70315 1.06898 0.06657
v 0.69581 1.05895 0.06142
v 0.69818 1.06169 0.06018
v 0.69562 1.05593 0.06890
v 0.70759 1.06520 0.06717
v 0.70073 1.06137 0.07561
v 0.69822 1.05708 0.06174
v 0.72475 1.04680 0.07705
v 0.72305 1.04460 0.06406
v 0.72118 1.04227 0.06470
v 0.72266 1.04446 0.07684
v 0.72771 1.04903 0.07019
v 0.71996 1.04084 0.07089
v 0.69964 1.05246 0.06927
v 0.70471 1.05805 0.07616
v 0.70741 1.06075 0.07550
v 0.70123 1.05950 0.06081
v 0.70360 1.06359 0.07516
v 0.70497 1.05696 0.06140
v 0.71034 1.06307 0.06770
v 0.70208 1.05414 0.06219
v 0.68486 1.07223 0.07414
v 0.68818 1.07555 0.07339
v 0.69233 1.07883 0.06502
v 0.68042 1.06605 0.06678
v 0.69366 1.05775 0.06864
v 0.69797 1.06355 0.07532
v 0.70009 1.06608 0.07496
v 0.68647 1.07089 0.05834
v 0.68314 1.06734 0.05888
v 0.71669 1.04909 0.06317
v 0.71513 1.04599 0.06398
v 0.72204 1.05384 0.06954
v 0.71430 1.04399 0.07062
v 0.71833 1.05247 0.07651
v 0.71658 1.04934 0.07666
v 0.71984 1.04639 0.06362
v 0.71835 1.04407 0.06457
v 0.72411 1.05201 0.06984
v 0.71750 1.04263 0.07086
v 0.72168 1.04931 0.07695
v 0.71964 1.04684 0.07671
v 0.73128 1.03335 0.07133
v 0.73138 1.03840 0.07728
v 0.73090 1.03680 0.06498
v 0.73097 1.03998 0.06475
v 0.73248 1.04506 0.07061
v 0.73175 1.04173 0.07723
v 0.67062 1.07271 0.03158
v 0.73752 1.04041 0.07085
v 0.74352 1.03345 0.07150
v 0.74160 1.03468 0.07509
v 0.74097 1.03434 0.06779
v 0.73894 1.03685 0.06784
v 0.73968 1.03736 0.07490
v 0.74000 1.03793 0.07101
v 0.74242 1.03507 0.07114
v 0.68184 1.07511 0.04141
v 0.68150 1.07551 0.05727
v 0.67950 1.07159 0.04228
v 0.67854 1.07200 0.05721
v 0.68568 1.08272 0.04934
v 0.67968 1.07864 0.02316
v 0.68178 1.07643 0.04037
v 0.67778 1.07533 0.02331
v 0.67970 1.07296 0.04078
v 0.68401 1.08412 0.03182
v 0.67305 1.08156 0.00717
v 0.67817 1.08013 0.02196
v 0.67122 1.07817 0.00735
v 0.67717 1.07706 0.02222
v 0.67764 1.08521 0.01439
v 0.61839 1.07996 0.09877
v 0.63385 1.08536 0.09469
v 0.62830 1.08867 0.09975
v 0.62058 1.08536 0.10138
v 0.61925 1.07726 0.09626
v 0.63387 1.08232 0.09274
v 0.63466 1.05710 0.12315
v 0.64271 1.05991 0.11941
v 0.63131 1.06530 0.11823
v 0.63793 1.06784 0.11642
v 0.62641 1.07134 0.11204
v 0.63549 1.07484 0.10959
v 0.63371 1.07847 0.10630
v 0.62431 1.07502 0.10889
v 0.62814 1.06855 0.11482
v 0.63722 1.07167 0.11271
v 0.63829 1.06874 0.11581
v 0.63040 1.06590 0.11789
v 0.63807 1.06988 0.11488
v 0.62955 1.06690 0.11707
v 0.63813 1.06129 0.12292
v 0.62410 1.08773 0.10139
v 0.63614 1.06441 0.12001
v 0.62728 1.07717 0.09183
v 0.67604 1.07203 0.04126
v 0.67775 1.08020 0.02286
v 0.67797 1.08441 0.02195
v 0.67623 1.07702 0.02288
v 0.67577 1.08833 0.02106
v 0.63224 1.06194 0.12049
v 0.64017 1.06500 0.11807
v 0.64212 1.06215 0.12047
v 0.63385 1.05890 0.12307
v 0.63908 1.05945 0.12494
v 0.63450 1.06754 0.11733
v 0.62486 1.06778 0.11124
v 0.63051 1.07420 0.11172
v 0.62629 1.07897 0.08877
v 0.61728 1.08035 0.09281
v 0.61930 1.08819 0.09898
v 0.61574 1.08395 0.09462
v 0.63174 1.08912 0.09133
v 0.62633 1.09146 0.09764
v 0.62246 1.09068 0.09884
v 0.63273 1.08522 0.08978
v 0.62241 1.08320 0.10424
v 0.63532 1.08185 0.09818
v 0.63542 1.07945 0.09552
v 0.62550 1.08517 0.10423
v 0.62859 1.07408 0.09395
v 0.62044 1.07629 0.10247
v 0.62893 1.08611 0.10244
v 0.62084 1.07394 0.09925
v 0.63739 1.07706 0.10268
v 0.63815 1.07432 0.10056
v 0.62875 1.07776 0.10908
v 0.63171 1.06795 0.10002
v 0.62255 1.07179 0.10669
v 0.62339 1.06890 0.10417
v 0.63957 1.07304 0.10726
v 0.64094 1.06968 0.10675
v 0.62617 1.06426 0.11026
v 0.63513 1.06206 0.10813
v 0.62237 1.07610 0.09340
v 0.67338 1.07167 0.05742
v 0.63798 1.05790 0.11583
v 0.62068 1.07832 0.09041
v 0.62367 1.07292 0.09593
v 0.62650 1.06714 0.10157
v 0.63223 1.07150 0.11409
v 0.63628 1.07110 0.09964
v 0.63312 1.07691 0.09409
v 0.62897 1.06057 0.11612
v 0.68154 1.08433 0.05699
v 0.64295 1.06544 0.11338
v 0.64121 1.06937 0.11214
v 0.63094 1.08177 0.08890
v 0.63167 1.07979 0.09196
v 0.62702 1.06460 0.11533
v 0.63049 1.06165 0.12018
v 0.64141 1.06560 0.11718
v 0.64299 1.06249 0.11939
v 0.63240 1.05842 0.12233
v 0.63389 1.06903 0.11645
v 0.63930 1.05795 0.12349
v 0.63322 1.06997 0.11562
v 0.63910 1.05730 0.12084
v 0.64328 1.06337 0.11772
v 0.64177 1.06700 0.11568
v 0.63112 1.05911 0.12047
v 0.62915 1.06271 0.11889
v 0.71481 1.05866 0.07336
v 0.71353 1.05693 0.06421
v 0.69959 1.06912 0.06339
v 0.70037 1.07060 0.06993
v 0.68399 1.08083 0.05842
v 0.68503 1.08338 0.06944
v 0.73642 1.04158 0.07488
v 0.73617 1.04073 0.06712
v 0.73733 1.04039 0.07427
v 0.73706 1.03993 0.06771
v 0.73436 1.04182 0.06700
v 0.73451 1.04265 0.07473
v 0.66501 1.07753 0.02239
v 0.66202 1.07721 0.03079
v 0.70411 1.06532 0.06376
v 0.70491 1.06667 0.07066
v 0.72961 1.04620 0.07468
v 0.72507 1.04964 0.06698
v 0.72540 1.05018 0.07338
v 0.70813 1.06064 0.06330
v 0.70939 1.06264 0.07273
v 0.72894 1.04540 0.06647
v 0.70170 1.06687 0.06336
v 0.70261 1.06871 0.07059
v 0.69114 1.07815 0.07035
v 0.69019 1.07570 0.06034
v 0.72175 1.05335 0.07273
v 0.72137 1.05282 0.06658
v 0.72363 1.05161 0.07338
v 0.72318 1.05105 0.06618
v 0.73176 1.04333 0.06681
v 0.73215 1.04424 0.07468
v 0.73736 1.03946 0.06832
v 0.73772 1.03986 0.07404
v 0.68315 1.08080 0.04284
v 0.68392 1.08053 0.05596
v 0.68118 1.08338 0.02554
v 0.68283 1.08223 0.03813
v 0.67543 1.08442 0.00970
v 0.67780 1.08419 0.01977
v 0.70833 1.04970 0.07426
v 0.69130 1.06247 0.07276
v 0.67397 1.07459 0.07042
v 0.74035 1.03148 0.06773
v 0.74119 1.03299 0.07534
v 0.70744 1.04828 0.06572
v 0.69041 1.06011 0.06360
v 0.67392 1.07139 0.05951
v 0.73628 1.03274 0.07533
v 0.72585 1.03838 0.07494
v 0.67068 1.07586 0.02226
v 0.69734 1.05814 0.07346
v 0.70146 1.05459 0.07380
v 0.72076 1.04209 0.07452
v 0.68193 1.06865 0.07168
v 0.69540 1.06024 0.07309
v 0.71499 1.04586 0.07454
v 0.71812 1.04430 0.07454
v 0.73116 1.03430 0.06724
v 0.74041 1.03179 0.07539
v 0.73125 1.03504 0.07518
v 0.71750 1.04277 0.06719
v 0.69430 1.05778 0.06434
v 0.68108 1.06595 0.06171
v 0.71445 1.04448 0.06661
v 0.66997 1.07614 0.02007
v 0.74085 1.03263 0.06800
v 0.73648 1.03209 0.06757
v 0.72001 1.04107 0.06717
v 0.72535 1.03756 0.06707
v 0.70028 1.05286 0.06496
v 0.69632 1.05602 0.06461
v 0.74228 1.03356 0.07499
v 0.74184 1.03332 0.06816
v 0.67542 1.07018 0.05544
v 0.67678 1.07085 0.04449
v 0.67686 1.07162 0.03860
v 0.67563 1.07334 0.02524
v 0.67440 1.07523 0.02020
v 0.67540 1.08565 0.07243
v 0.67117 1.08191 0.07281
v 0.68313 1.08750 0.06350
v 0.68229 1.08754 0.04891
v 0.67981 1.08944 0.03125
v 0.66743 1.08624 0.00660
v 0.66616 1.08182 0.00688
v 0.67328 1.08962 0.01396
v 0.67969 1.08786 0.06907
v 0.66965 1.08974 0.00942
v 0.66845 1.07800 0.06955
v 0.66665 1.08986 0.07198
v 0.67088 1.07491 0.02520
v 0.66217 1.08206 0.06822
v 0.67223 1.07294 0.03792
v 0.67193 1.07286 0.04428
v 0.66998 1.07171 0.05450
v 0.66883 1.07318 0.05900
v 0.66962 1.07251 0.05709
v 0.67275 1.07294 0.04104
v 0.66039 1.09086 0.00622
v 0.65945 1.08696 0.00686
v 0.65873 1.08260 0.01007
v 0.63850 1.09976 0.00455
v 0.60351 1.10981 0.07531
v 0.60244 1.10182 0.07240
v 0.64227 1.12147 0.04822
v 0.62787 1.10781 0.07505
v 0.61516 1.10171 0.03803
v 0.65137 1.08389 0.01440
v 0.65304 1.08231 0.02894
v 0.64555 1.09556 0.00537
v 0.60669 1.09568 0.06985
v 0.61388 1.09184 0.06903
v 0.67842 1.08855 0.03735
v 0.60785 1.14920 0.04481
v 0.64677 1.10043 0.00511
v 0.65294 1.11443 0.04269
v 0.65224 1.11243 0.01931
v 0.65374 1.11355 0.03525
v 0.59842 1.11717 0.06782
v 0.59771 1.10693 0.06438
v 0.60392 1.09839 0.06206
v 0.61374 1.09373 0.06139
v 0.62450 1.09242 0.06298
v 0.64989 1.11180 0.06014
v 0.64774 1.10509 0.00605
v 0.64945 1.11119 0.01175
v 0.62279 1.09160 0.06986
v 0.62949 1.09366 0.07191
v 0.65220 1.11311 0.05086
v 0.68218 1.08039 0.05723
v 0.65333 1.11470 0.02735
v 0.60252 1.13574 0.06194
v 0.64408 1.12173 0.02287
v 0.64407 1.12291 0.03019
v 0.68099 1.08136 0.04037
v 0.65340 1.11405 0.03899
v 0.64048 1.12147 0.05307
v 0.60168 1.14295 0.05340
v 0.60895 1.11855 0.00472
v 0.61141 1.13826 0.00925
v 0.61821 1.11590 0.07671
v 0.67955 1.08795 0.04224
v 0.65255 1.11412 0.04668
v 0.64196 1.12283 0.04406
v 0.60845 1.11340 0.00620
v 0.63911 1.10524 0.00409
v 0.67950 1.08581 0.03993
v 0.68039 1.07625 0.04115
v 0.64468 1.12208 0.03360
v 0.67632 1.07276 0.05668
v 0.67427 1.07568 0.02230
v 0.67962 1.07591 0.05666
v 0.67633 1.09040 0.02441
v 0.62670 1.13012 0.05738
v 0.68085 1.08701 0.05499
v 0.68094 1.08718 0.05780
v 0.67318 1.08999 0.01883
v 0.67834 1.07289 0.04149
v 0.62431 1.08367 0.08253
v 0.61354 1.08558 0.08617
v 0.61293 1.09450 0.08968
v 0.61173 1.08951 0.08802
v 0.62899 1.09471 0.08593
v 0.62406 1.09860 0.08864
v 0.61779 1.09845 0.09005
v 0.63058 1.09022 0.08398
v 0.61795 1.08321 0.08397
v 0.62907 1.08653 0.08275
v 0.62282 1.08851 0.07622
v 0.60986 1.09138 0.07789
v 0.60818 1.10219 0.08214
v 0.60704 1.09627 0.07999
v 0.62671 1.10129 0.08023
v 0.62066 1.10661 0.08238
v 0.61358 1.10706 0.08326
v 0.62901 1.09552 0.07851
v 0.61531 1.08850 0.07655
v 0.62792 1.09114 0.07706
v 0.62742 1.09413 0.04564
v 0.60038 1.10911 0.04235
v 0.59518 1.11885 0.03292
v 0.59807 1.14874 0.01003
v 0.60155 1.11340 0.01125
v 0.61976 1.11490 0.00409
v 0.65121 1.11285 0.05501
v 0.62594 1.12538 0.06450
v 0.59510 1.14717 0.04978
v 0.64922 1.10893 0.06515
v 0.61001 1.11621 0.07705
v 0.61916 1.10872 0.00511
v 0.64333 1.12309 0.03648
v 0.66387 1.08613 0.07174
v 0.63100 1.09858 0.07435
v 0.63813 1.10361 0.07304
v 0.63817 1.09705 0.07203
v 0.63499 1.09239 0.06644
v 0.63815 1.11617 0.06540
v 0.64786 1.09913 0.07226
v 0.61421 1.13526 0.06345
v 0.61088 1.10457 0.02285
v 0.59543 1.11764 0.01713
v 0.61816 1.10382 0.00771
v 0.60492 1.10162 0.04618
v 0.61513 1.09766 0.04480
v 0.61988 1.12120 0.00429
v 0.61293 1.14343 0.01602
v 0.63955 1.11028 0.00483
v 0.04836 1.62413 0.11779
v 0.04234 1.62327 0.12013
v 0.04730 1.62798 0.11786
v 0.04105 1.62682 0.11985
v 0.05401 1.62435 0.11527
v 0.05287 1.62845 0.11567
v 0.05772 1.62402 0.11309
v 0.06134 1.62890 0.11117
v 0.06044 1.62320 0.11109
v 0.06418 1.62831 0.10906
v 0.06227 1.62211 0.10924
v 0.05851 1.59125 0.00739
v 0.06409 1.61761 0.10572
v 0.06295 1.60540 0.10203
v 0.06046 1.60072 0.10428
v 0.06256 1.59887 0.10563
v 0.05736 1.59714 0.10777
v 0.05858 1.59557 0.10946
v 0.05119 1.59637 0.11130
v 0.05116 1.59447 0.11276
v 0.04458 1.59416 0.11423
v 0.04516 1.59597 0.11299
v 0.03886 1.59510 0.11422
v 0.03947 1.59647 0.11255
v 0.03349 1.59638 0.11519
v 0.03399 1.59733 0.11283
v 0.03466 1.62032 0.12107
v 0.03332 1.62390 0.12131
v 0.02885 1.61569 0.11941
v 0.02717 1.61900 0.12205
v 0.02596 1.60910 0.11632
v 0.02368 1.61198 0.12020
v 0.02576 1.60452 0.11514
v 0.02349 1.60572 0.11849
v 0.02809 1.60142 0.11416
v 0.02599 1.60134 0.11738
v 0.06007 1.59359 0.10957
v 0.05296 1.59207 0.11358
v 0.04512 1.59155 0.11578
v 0.03835 1.59277 0.11682
v 0.03235 1.59483 0.11843
v 0.06659 1.63532 0.10895
v 0.08040 1.63609 -0.00577
v 0.06435 1.59793 0.10505
v 0.04700 1.63458 0.12330
v 0.04012 1.63329 0.12642
v 0.05322 1.63561 0.11941
v 0.06318 1.63609 0.11235
v 0.03301 1.63131 0.12853
v 0.02435 1.62247 0.12595
v 0.02026 1.61406 0.12356
v 0.01984 1.60671 0.12182
v 0.02221 1.60143 0.12115
v 0.01492 1.61589 0.12716
v 0.01409 1.60748 0.12562
v 0.01494 1.60014 0.12679
v 0.00783 1.61711 0.12998
v 0.00709 1.60890 0.12848
v 0.00667 1.60229 0.13010
v 0.08590 1.67114 0.02651
v 0.06841 1.61141 0.09988
v 0.08458 1.67392 0.05490
v 0.01849 1.62612 0.13019
v 0.00946 1.62688 0.13314
v 0.07109 1.61066 -0.00231
v 0.04700 1.64758 0.12794
v 0.03791 1.64636 0.13187
v 0.05480 1.64803 0.12320
v 0.06613 1.64698 0.11175
v 0.02612 1.64211 0.13503
v 0.06512 1.59987 0.00195
v 0.06990 1.64512 0.10688
v 0.05541 1.58493 0.11264
v 0.07394 1.60860 0.09166
v 0.07171 1.60094 0.09432
v 0.06828 1.59334 0.09977
v 0.01148 1.64172 0.13819
v 0.02513 1.67535 0.13494
v 0.01231 1.67574 0.13798
v 0.06921 1.63378 0.10577
v 0.08607 1.66218 0.00802
v 0.00686 1.57894 0.14351
v 0.00917 1.57758 0.13969
v 0.01459 1.57496 0.13418
v 0.00620 1.58563 0.14065
v 0.00596 1.55767 0.13598
v 0.00263 1.55731 0.13677
v 0.01859 1.55309 0.12513
v 0.01619 1.55544 0.12893
v 0.01355 1.54812 0.12717
v 0.01402 1.49324 0.05016
v 0.01573 1.54992 0.12566
v 0.01450 1.50394 0.04985
v 0.01791 1.55310 0.12560
v 0.01523 1.55108 0.12610
v 0.00946 1.44450 0.06220
v 0.01325 1.54931 0.12760
v 0.01530 1.55454 0.12932
v 0.01243 1.55515 0.13258
v 0.01752 1.55316 0.12578
v 0.01488 1.55378 0.12869
v 0.01695 1.55335 0.12536
v 0.01441 1.55292 0.12722
v 0.01644 1.55403 0.12336
v 0.01386 1.55346 0.12558
v 0.00000 1.44115 0.06339
v 0.01499 1.55191 0.12615
v 0.01450 1.55404 0.12494
v 0.01455 1.55391 0.12379
v 0.01184 1.55388 0.13159
v 0.00595 1.55600 0.13613
v 0.00257 1.55588 0.13691
v 0.00607 1.55404 0.13436
v 0.00274 1.55426 0.13505
v 0.01107 1.55259 0.12970
v 0.00555 1.55278 0.13128
v 0.00251 1.55273 0.13176
v 0.01200 1.55357 0.12648
v 0.01304 1.55042 0.12767
v 0.01022 1.54713 0.12926
v 0.00846 1.55258 0.12861
v 0.00976 1.54917 0.12972
v 0.00563 1.54618 0.13025
v 0.00453 1.55265 0.12977
v 0.00517 1.54913 0.13073
v 0.01459 1.55329 0.12805
v 0.01718 1.55325 0.12570
v 0.04081 1.55129 0.03029
v 0.01485 1.55261 0.12596
v 0.01146 1.55316 0.13061
v 0.00587 1.55317 0.13292
v 0.00268 1.55324 0.13356
v 0.01257 1.55192 0.12745
v 0.00924 1.55082 0.12950
v 0.00486 1.55091 0.13056
v 0.01021 1.55258 0.12762
v 0.00437 1.55286 0.12836
v 0.00788 1.55296 0.12740
v 0.01163 1.55363 0.12536
v 0.00225 1.55242 0.12948
v 0.00489 1.55264 0.12889
v 0.01707 1.55493 0.12133
v 0.01371 1.55522 0.12403
v 0.01566 1.55258 0.12169
v 0.04061 1.54968 0.02340
v 0.01010 1.55443 0.12609
v 0.00414 1.55068 0.12635
v 0.00757 1.55091 0.12570
v 0.01187 1.55174 0.12387
v 0.00205 1.55405 0.12761
v 0.00468 1.55426 0.12710
v 0.01867 1.55589 0.12078
v 0.01489 1.55752 0.12386
v 0.01686 1.55151 0.12092
v 0.03845 1.54671 0.01054
v 0.01107 1.55726 0.12646
v 0.00431 1.54821 0.12633
v 0.00793 1.54853 0.12571
v 0.01291 1.54976 0.12363
v 0.00192 1.55708 0.12745
v 0.00479 1.55731 0.12709
v 0.03679 1.67454 0.12990
v 0.04728 1.67320 0.12419
v 0.05644 1.67133 0.11776
v 0.07015 1.66547 0.10487
v 0.07449 1.66132 0.09870
v 0.04000 1.54801 0.01709
v 0.07355 1.58962 0.06028
v 0.07249 1.70122 -0.02870
v 0.06013 1.71186 -0.03839
v 0.08554 1.66886 0.00279
v 0.08480 1.67584 -0.00330
v 0.08364 1.64045 0.02329
v 0.06743 1.57628 0.05920
v 0.03759 1.54061 0.01179
v 0.03821 1.54180 0.01827
v 0.08357 1.64219 0.02865
v 0.08322 1.63732 0.01821
v 0.07999 1.62541 0.01281
v 0.07141 1.59962 0.01630
v 0.07440 1.60727 0.01356
v 0.08068 1.70267 -0.00000
v 0.06099 1.72639 -0.01205
v 0.07351 1.71371 -0.00591
v 0.05212 1.73389 0.07757
v 0.00000 1.54827 -0.02094
v 0.00447 1.58000 0.14709
v 0.06302 1.58759 0.10683
v 0.07725 1.65612 0.09311
v 0.05649 1.59063 0.00134
v 0.05394 1.59001 -0.00576
v 0.04377 1.58955 -0.02135
v 0.03526 1.58940 -0.02972
v 0.02557 1.58940 -0.03793
v 0.07266 1.64249 0.10271
v 0.06378 1.59966 -0.00453
v 0.06155 1.59914 -0.01226
v 0.05087 1.59889 -0.02908
v 0.04134 1.59898 -0.03754
v 0.02996 1.59917 -0.04512
v 0.08149 1.66674 0.07719
v 0.07022 1.61082 -0.00964
v 0.06828 1.61077 -0.01795
v 0.05794 1.61108 -0.03560
v 0.04778 1.61139 -0.04398
v 0.03508 1.61173 -0.05112
v 0.07929 1.66159 0.08630
v 0.07970 1.63853 -0.01378
v 0.07811 1.64070 -0.02209
v 0.06947 1.64583 -0.04085
v 0.05961 1.64797 -0.05129
v 0.04530 1.64886 -0.05973
v 0.08396 1.66059 -0.00599
v 0.08298 1.66597 -0.01327
v 0.07801 1.67885 -0.03201
v 0.06967 1.68550 -0.04307
v 0.05645 1.69186 -0.05263
v 0.06174 1.73565 0.01404
v 0.07424 1.72268 0.01708
v 0.06602 1.72404 0.07407
v 0.08095 1.71059 0.01936
v 0.08521 1.68949 0.02298
v 0.08522 1.68354 0.00968
v 0.08583 1.67527 0.01360
v 0.03758 1.54334 0.02453
v 0.08317 1.69343 0.06122
v 0.07517 1.71345 0.06978
v 0.08579 1.68016 0.02473
v 0.08435 1.68383 0.05768
v 0.02897 1.53864 0.03921
v 0.07105 1.70827 0.08452
v 0.08061 1.68972 0.07358
v 0.08266 1.68088 0.06876
v 0.06173 1.71765 0.09060
v 0.04824 1.72611 0.09548
v 0.01575 1.73729 0.10326
v 0.02056 1.69758 -0.06533
v 0.01476 1.64871 -0.07132
v 0.02306 1.75667 0.01082
v 0.02187 1.74815 -0.01921
v 0.01060 1.61438 -0.06037
v 0.00896 1.60140 -0.05434
v 0.00780 1.59116 -0.04782
v 0.01765 1.74895 0.08319
v 0.03503 1.74286 0.08066
v 0.01653 1.59056 -0.04382
v 0.02947 1.64884 -0.06616
v 0.02226 1.61371 -0.05628
v 0.01904 1.60075 -0.05042
v 0.03927 1.69591 -0.06015
v 0.04357 1.74175 -0.01779
v 0.04415 1.75019 0.01158
v 0.03225 1.73452 0.10059
v 0.04921 1.62328 0.10664
v 0.04327 1.62263 0.10851
v 0.05463 1.62323 0.10438
v 0.05784 1.62246 0.10220
v 0.05976 1.62111 0.10022
v 0.06115 1.61929 0.09837
v 0.06267 1.61553 0.09583
v 0.06309 1.61164 0.09550
v 0.06242 1.60508 0.09647
v 0.06112 1.60041 0.09780
v 0.05816 1.59655 0.10092
v 0.05201 1.59636 0.10421
v 0.04530 1.59616 0.10606
v 0.03989 1.59675 0.10591
v 0.03433 1.59790 0.10555
v 0.03534 1.61948 0.10942
v 0.02928 1.61473 0.10884
v 0.02684 1.60792 0.10799
v 0.02676 1.60421 0.10703
v 0.02866 1.60163 0.10638
v 0.04948 1.62301 0.10148
v 0.04347 1.62244 0.10303
v 0.05483 1.62282 0.09932
v 0.05783 1.62190 0.09744
v 0.05957 1.62041 0.09533
v 0.06081 1.61864 0.09367
v 0.06257 1.61534 0.09191
v 0.06281 1.61163 0.09180
v 0.06216 1.60528 0.09278
v 0.06085 1.60087 0.09406
v 0.05813 1.59713 0.09671
v 0.05205 1.59676 0.09919
v 0.04520 1.59652 0.10084
v 0.03979 1.59722 0.10090
v 0.03433 1.59864 0.10065
v 0.03537 1.61926 0.10376
v 0.02913 1.61441 0.10307
v 0.02700 1.60757 0.10244
v 0.02705 1.60412 0.10179
v 0.02883 1.60185 0.10126
v 0.07080 1.33602 0.10688
v 0.06080 1.34542 0.11104
v 0.05198 1.35250 0.11292
v 0.04219 1.34930 0.11532
v 0.03085 1.34629 0.11812
v 0.02035 1.34424 0.11988
v 0.03083 1.29774 0.11444
v 0.03305 1.28330 0.11200
v 0.05440 1.27998 0.10405
v 0.07539 1.28503 0.09288
v 0.09163 1.29852 0.08315
v 0.08680 1.31107 0.09330
v 0.07997 1.32406 0.10111
v 0.01696 1.55201 0.12510
v 0.01670 1.55258 0.12513
v 0.01657 1.55306 0.12507
v 0.01643 1.55356 0.12460
v 0.01625 1.55377 0.12281
v 0.01766 1.55354 0.12046
v 0.01911 1.55352 0.11976
v 0.01745 1.55724 0.12224
v 0.01578 1.55549 0.12275
v 0.01579 1.55403 0.12419
v 0.01657 1.55331 0.12591
v 0.01676 1.55341 0.12644
v 0.01710 1.55365 0.12666
v 0.01762 1.55401 0.12659
v 0.05096 1.57617 0.01478
v 0.04166 1.62473 0.12053
v 0.04783 1.62558 0.11834
v 0.05369 1.62618 0.11582
v 0.05796 1.62632 0.11382
v 0.06186 1.60022 0.10490
v 0.05821 1.59611 0.10911
v 0.05105 1.59528 0.11213
v 0.04463 1.59499 0.11323
v 0.03879 1.59558 0.11307
v 0.03365 1.59668 0.11370
v 0.03410 1.62185 0.12197
v 0.02818 1.61753 0.12153
v 0.02483 1.60995 0.11783
v 0.02467 1.60447 0.11603
v 0.02742 1.60088 0.11505
v 0.04830 1.56919 0.01775
v 0.00591 1.57568 0.14639
v 0.01708 1.56857 0.13151
v 0.00411 1.57661 0.14990
v 0.01137 1.57268 0.13677
v 0.00750 1.57479 0.14275
v 0.04484 1.58330 0.11803
v 0.03483 1.58796 0.12182
v 0.00475 1.59549 0.13578
v 0.00950 1.59294 0.13386
v 0.03048 1.59906 0.11335
v 0.02938 1.59840 0.11641
v 0.02671 1.59775 0.12002
v 0.02807 1.59238 0.12338
v 0.02142 1.59545 0.12511
v 0.03071 1.59961 0.10586
v 0.03078 1.60014 0.10086
v 0.06445 1.60512 0.10213
v 0.03011 1.59849 0.11429
v 0.03618 1.56242 0.12036
v 0.05954 1.57185 0.10375
v 0.03698 1.55650 0.11775
v 0.00603 1.52446 0.12494
v 0.01196 1.52534 0.12131
v 0.02042 1.53059 0.11492
v 0.00708 1.54799 -0.01972
v 0.02923 1.53741 0.11073
v 0.03374 1.54441 0.11271
v 0.03634 1.55063 0.11565
v 0.02701 1.54576 -0.00846
v 0.02381 1.52942 0.10706
v 0.01296 1.52132 0.11695
v 0.00631 1.51943 0.12136
v 0.04252 1.55168 0.10879
v 0.03990 1.54503 0.10404
v 0.03468 1.53752 0.09854
v 0.04374 1.55790 0.11246
v 0.06563 1.57783 0.09678
v 0.07061 1.58662 0.08876
v 0.07437 1.59648 0.08347
v 0.07664 1.60580 0.08102
v 0.05025 1.68577 0.11979
v 0.07295 1.67355 0.09839
v 0.01349 1.69155 0.13574
v 0.02660 1.69077 0.13208
v 0.03903 1.68880 0.12587
v 0.05962 1.68243 0.11210
v 0.07690 1.66808 0.09199
v 0.07486 1.59403 0.07665
v 0.07739 1.60418 0.07490
v 0.07046 1.58298 0.08080
v 0.03212 1.54560 -0.00265
v 0.00741 1.52837 0.09057
v 0.01536 1.53083 0.08417
v 0.03370 1.54214 0.05794
v 0.02769 1.53099 0.09140
v 0.06509 1.69469 0.10212
v 0.07693 1.68175 0.08860
v 0.05599 1.70072 0.10924
v 0.04352 1.70622 0.11568
v 0.07997 1.67462 0.08257
v 0.07491 1.59173 0.06894
v 0.07770 1.60250 0.06809
v 0.06966 1.57950 0.07032
v 0.01518 1.71232 0.12539
v 0.02983 1.71044 0.12219
v 0.03539 1.57781 0.12278
v 0.02716 1.58283 0.12573
v 0.02028 1.58694 0.12849
v 0.01458 1.58983 0.13118
v 0.05413 1.58341 0.01149
v 0.00654 1.57524 -0.03545
v 0.01348 1.57490 -0.03180
v 0.02065 1.57436 -0.02664
v 0.02791 1.57388 -0.02025
v 0.03446 1.57355 -0.01316
v 0.04436 1.57423 0.00128
v 0.04776 1.57500 0.00827
v 0.08341 1.67167 0.06478
v 0.04167 1.56658 0.00427
v 0.03252 1.56552 -0.01021
v 0.02615 1.56600 -0.01669
v 0.01926 1.56672 -0.02234
v 0.01263 1.56747 -0.02672
v 0.00622 1.56792 -0.02991
v 0.04505 1.56762 0.01123
v 0.04347 1.56443 0.11605
v 0.00662 1.53272 0.07654
v 0.01338 1.53418 0.07167
v 0.02758 1.54052 0.05148
v 0.02049 1.53694 0.06256
v 0.04111 1.53954 0.07668
v 0.04800 1.54784 0.08987
v 0.05095 1.55490 0.09776
v 0.05253 1.56069 0.10416
v 0.05207 1.56738 0.10980
v 0.01025 1.54620 0.12871
v 0.00572 1.54558 0.12977
v 0.01752 1.55128 0.12467
v 0.01841 1.55450 0.12640
v 0.01289 1.55645 0.13240
v 0.00795 1.55729 0.12677
v 0.00920 1.55392 0.13314
v 0.00945 1.55554 0.13462
v 0.00739 1.55433 0.12656
v 0.00759 1.55266 0.12830
v 0.00871 1.55318 0.13178
v 0.00834 1.55277 0.13059
v 0.00959 1.55711 0.13451
v 0.08014 1.69196 -0.01880
v 0.02195 1.72573 -0.05022
v 0.04202 1.72341 -0.04428
v 0.08240 1.63228 0.01465
v 0.05112 1.67036 -0.05885
v 0.06549 1.66788 -0.04995
v 0.08235 1.65062 -0.01173
v 0.06634 1.62716 0.10665
v 0.07466 1.66331 -0.03886
v 0.08103 1.65439 -0.01962
v 0.01791 1.67188 -0.07132
v 0.03430 1.67146 -0.06577
v 0.07713 1.61666 0.01233
v 0.07587 1.62456 -0.01316
v 0.08340 1.64681 -0.00426
v 0.05398 1.62803 -0.04895
v 0.06425 1.62734 -0.04002
v 0.07407 1.62533 -0.02159
v 0.04028 1.62840 -0.05663
v 0.01253 1.63030 -0.06573
v 0.02590 1.62990 -0.06160
v 0.07622 1.62356 -0.00480
v 0.06663 1.61248 0.10190
v 0.08378 1.64312 0.03392
v 0.08404 1.64277 0.03941
v 0.08331 1.63244 0.04724
v 0.08183 1.62759 0.05893
v 0.06430 1.58213 0.04181
v 0.06828 1.59316 0.02111
v 0.06388 1.58478 0.03171
v 0.06322 1.58217 0.03622
v 0.07698 1.60060 0.06021
v 0.00702 1.58274 -0.04136
v 0.01470 1.58242 -0.03741
v 0.02269 1.58200 -0.03166
v 0.03082 1.58175 -0.02445
v 0.03828 1.58162 -0.01683
v 0.04825 1.58211 -0.00203
v 0.06611 1.60476 0.10159
v 0.05134 1.58270 0.00502
v 0.06548 1.58804 0.02674
v 0.04269 1.62309 0.11423
v 0.04859 1.62387 0.11201
v 0.06330 1.61670 0.10080
v 0.06153 1.62088 0.10347
v 0.05984 1.62222 0.10533
v 0.05768 1.62330 0.10747
v 0.05421 1.62396 0.10944
v 0.03489 1.62013 0.11564
v 0.02596 1.60441 0.11273
v 0.02806 1.60136 0.11189
v 0.02614 1.60872 0.11370
v 0.06126 1.60002 0.10089
v 0.03391 1.59715 0.11082
v 0.03953 1.59636 0.11120
v 0.02895 1.61545 0.11498
v 0.04517 1.59589 0.11117
v 0.05141 1.59594 0.10917
v 0.05774 1.59588 0.10458
v 0.06275 1.60511 0.09997
v 0.06372 1.61230 0.09965
v 0.03032 1.59897 0.11126
v 0.00621 1.43045 0.07102
v 0.02954 1.44995 0.05660
v 0.03125 1.44082 0.06415
v 0.04898 1.45113 0.05046
v 0.05322 1.44493 0.06008
v 0.05884 1.45169 0.04683
v 0.06374 1.44555 0.05733
v 0.07303 1.45122 0.04290
v 0.07857 1.44557 0.05338
v 0.09522 1.45368 0.03721
v 0.09908 1.44816 0.04657
v 0.10799 1.45904 0.03040
v 0.11524 1.45377 0.03566
v 0.11721 1.46388 0.02019
v 0.12702 1.46046 0.02243
v 0.04160 1.55420 0.01579
v 0.03263 1.53819 0.03215
v 0.03666 1.53538 0.01944
v 0.02986 1.50495 0.03773
v 0.03658 1.50476 0.02576
v 0.02970 1.48373 0.04212
v 0.03962 1.48534 0.03082
v 0.02918 1.46053 0.05014
v 0.04563 1.46181 0.04091
v 0.03921 1.55288 0.00907
v 0.03685 1.53432 0.01292
v 0.03813 1.50485 0.01827
v 0.04256 1.48676 0.02279
v 0.05610 1.46342 0.03366
v 0.01237 1.43365 0.06910
v 0.00406 1.45398 0.05794
v 0.00847 1.45577 0.05743
v 0.00427 1.48113 0.05334
v 0.00870 1.48146 0.05265
v 0.01869 1.48254 0.04919
v 0.04314 1.56070 0.01385
v 0.04012 1.55943 0.00696
v 0.01950 1.43959 0.06500
v 0.02217 1.45081 0.05787
v 0.02301 1.46080 0.05275
v 0.02423 1.48307 0.04612
v 0.02556 1.50486 0.04250
v 0.06234 1.47179 0.02045
v 0.07591 1.46734 0.02135
v 0.07179 1.45920 0.03269
v 0.08597 1.66713 0.01725
v 0.08505 1.65529 0.00056
v 0.04152 1.44326 0.06262
v 0.03798 1.45001 0.05403
v 0.04360 1.55600 0.02219
v 0.03522 1.53679 0.02580
v 0.03353 1.50487 0.03225
v 0.03501 1.48441 0.03702
v 0.03676 1.46086 0.04613
v 0.04611 1.56250 0.02038
v 0.06427 1.61242 0.10291
v 0.07044 1.61883 0.09923
v 0.06795 1.60397 0.10028
v 0.07069 1.62628 -0.03053
v 0.08175 1.67218 -0.02201
v 0.07723 1.69907 0.07861
v 0.07932 1.65871 -0.02867
v 0.06456 1.61083 -0.02658
v 0.07540 1.64324 -0.03112
v 0.05760 1.59881 -0.02051
v 0.05758 1.62888 0.11339
v 0.05010 1.58956 -0.01331
v 0.05874 1.63612 0.11571
v 0.03763 1.56585 -0.00302
v 0.04010 1.57368 -0.00597
v 0.06711 1.67822 0.10509
v 0.07199 1.68833 0.09513
v 0.06133 1.64784 0.11763
v 0.06408 1.66875 0.11120
v 0.08418 1.69269 0.00511
v 0.08371 1.68358 -0.01056
v 0.04413 1.58161 -0.00924
v 0.08419 1.69962 0.02134
v 0.08069 1.70327 0.06537
v 0.03051 1.55081 0.11936
v 0.06523 1.62364 0.10741
v 0.06330 1.62507 0.10950
v 0.06126 1.62604 0.11192
v 0.07110 1.63177 0.10276
v 0.07426 1.63902 0.09878
v 0.08224 1.65815 0.07295
v 0.07875 1.65020 0.08815
v 0.01805 1.53563 0.11940
v 0.06825 1.62576 0.10445
v 0.06685 1.62187 0.10506
v 0.07248 1.62817 0.09912
v 0.06995 1.62443 0.10187
v 0.06879 1.62048 0.10262
v 0.08575 1.65511 0.01352
v 0.08433 1.66342 0.05323
v 0.08535 1.66172 0.02878
v 0.08354 1.66173 0.06193
v 0.08329 1.64245 0.00337
v 0.08556 1.65883 0.02106
v 0.08506 1.64966 0.00730
v 0.07147 1.62281 0.09904
v 0.07277 1.62313 0.09684
v 0.08733 1.62471 0.03981
v 0.08657 1.62444 0.03881
v 0.08462 1.61712 0.04121
v 0.08503 1.61802 0.03973
v 0.08416 1.61525 0.03980
v 0.08474 1.61670 0.03932
v 0.08242 1.61341 0.03655
v 0.08380 1.61618 0.03624
v 0.08098 1.61349 0.03420
v 0.08326 1.61637 0.03387
v 0.09058 1.63133 0.03669
v 0.08972 1.63046 0.03623
v 0.07029 1.61052 0.09774
v 0.07216 1.61788 0.09621
v 0.07547 1.61725 0.08987
v 0.07593 1.62509 0.09101
v 0.00578 1.53083 0.12443
v 0.03012 1.56093 0.12324
v 0.03121 1.55600 0.12100
v 0.01136 1.53184 0.12263
v 0.07551 1.63318 0.09442
v 0.07939 1.64031 0.08347
v 0.02382 1.53989 0.11839
v 0.07918 1.62733 0.08035
v 0.03588 1.54588 0.00385
v 0.07846 1.61620 0.07947
v 0.08044 1.65431 0.08144
v 0.08085 1.64273 0.07705
v 0.08036 1.62785 0.07442
v 0.07934 1.61546 0.07376
v 0.08230 1.64470 0.06936
v 0.08141 1.62798 0.06745
v 0.07997 1.61432 0.06736
v 0.07983 1.61243 0.05969
v 0.07719 1.60380 0.05483
v 0.07113 1.58839 0.05251
v 0.08301 1.63276 0.05265
v 0.08322 1.64643 0.06008
v 0.00718 1.57070 0.13913
v 0.02799 1.54541 0.11838
v 0.02083 1.54648 -0.01343
v 0.01426 1.58158 0.13412
v 0.02771 1.57375 0.12636
v 0.02006 1.57838 0.13045
v 0.01010 1.58348 0.13758
v 0.00443 1.57147 0.14454
v 0.00215 1.57728 0.15263
v 0.00216 1.58089 0.14970
v 0.00271 1.58697 0.14383
v 0.00155 1.57107 0.14686
v 0.00308 1.57116 0.14603
v 0.08382 1.64761 0.05260
v 0.08462 1.65209 0.03142
v 0.08473 1.65034 0.02499
v 0.08489 1.64774 0.01875
v 0.08418 1.64358 0.01353
v 0.08286 1.63785 0.01013
v 0.08033 1.63337 0.00214
v 0.07993 1.62967 0.00840
v 0.07599 1.62191 0.00249
v 0.07648 1.61937 0.00817
v 0.07252 1.60876 0.00937
v 0.07157 1.61003 0.00401
v 0.06881 1.59982 0.01234
v 0.06667 1.59999 0.00748
v 0.06147 1.59191 0.01229
v 0.06485 1.59253 0.01696
v 0.05758 1.58469 0.01707
v 0.06138 1.58603 0.02220
v 0.05467 1.57812 0.02079
v 0.05907 1.58092 0.02650
v 0.05751 1.57589 0.03069
v 0.05225 1.57174 0.02409
v 0.05695 1.57101 0.03638
v 0.05007 1.56539 0.02718
v 0.02186 1.75831 0.03969
v 0.05012 1.56069 0.03679
v 0.07907 1.61008 0.05511
v 0.03586 1.54479 0.03095
v 0.04596 1.55831 0.02866
v 0.08029 1.61549 0.05387
v 0.06335 1.57397 0.04769
v 0.08170 1.62000 0.04876
v 0.08114 1.61870 0.05125
v 0.02692 1.53189 0.03974
v 0.02610 1.52385 0.04055
v 0.02587 1.51471 0.04145
v 0.03387 1.52976 0.02731
v 0.03317 1.52208 0.02906
v 0.03311 1.51376 0.03070
v 0.03094 1.53109 0.03354
v 0.03009 1.52314 0.03499
v 0.02988 1.51437 0.03637
v 0.03574 1.51322 0.02415
v 0.03545 1.52113 0.02249
v 0.03581 1.52852 0.02080
v 0.03711 1.51294 0.01696
v 0.03659 1.52052 0.01554
v 0.03656 1.52764 0.01409
v 0.05111 1.55011 0.05778
v 0.04164 1.55065 0.04242
v 0.09258 1.63298 0.03322
v 0.09189 1.63185 0.03317
v 0.09461 1.63322 0.02883
v 0.09375 1.63200 0.02891
v 0.09565 1.63082 0.02430
v 0.09455 1.62978 0.02469
v 0.08902 1.62901 0.03414
v 0.09025 1.62998 0.03313
v 0.08958 1.62824 0.03208
v 0.09096 1.62964 0.03083
v 0.08988 1.62684 0.02970
v 0.09144 1.62771 0.02799
v 0.09024 1.62385 0.02791
v 0.09151 1.62290 0.02513
v 0.08908 1.62136 0.02854
v 0.08961 1.61899 0.02670
v 0.08705 1.62295 0.03152
v 0.08668 1.61851 0.03067
v 0.08635 1.62349 0.03379
v 0.08476 1.61859 0.03403
v 0.08608 1.62385 0.03597
v 0.08459 1.61852 0.03653
v 0.09147 1.61778 0.02195
v 0.08971 1.61586 0.02381
v 0.08962 1.61273 0.01984
v 0.08835 1.61227 0.02190
v 0.08781 1.60803 0.01888
v 0.08660 1.60854 0.02095
v 0.08576 1.60395 0.01917
v 0.08406 1.60482 0.02115
v 0.08326 1.60026 0.02101
v 0.08113 1.60131 0.02291
v 0.08057 1.59698 0.02515
v 0.07837 1.59849 0.02717
v 0.07883 1.59500 0.03098
v 0.07709 1.59715 0.03209
v 0.07760 1.59382 0.03472
v 0.07635 1.59635 0.03519
v 0.07694 1.59340 0.03749
v 0.07582 1.59562 0.03725
v 0.07627 1.59362 0.04043
v 0.07532 1.59557 0.03970
v 0.07509 1.59650 0.04434
v 0.07438 1.59758 0.04307
v 0.09542 1.62657 0.02105
v 0.09417 1.62568 0.02119
v 0.09472 1.62053 0.01859
v 0.09340 1.62000 0.01871
v 0.09226 1.61366 0.01597
v 0.09039 1.61300 0.01650
v 0.08952 1.60724 0.01451
v 0.08814 1.60695 0.01596
v 0.08650 1.60175 0.01503
v 0.08609 1.60218 0.01665
v 0.08422 1.59761 0.01691
v 0.08401 1.59844 0.01828
v 0.08159 1.59279 0.02079
v 0.08154 1.59402 0.02187
v 0.07516 1.60006 0.04497
v 0.07470 1.59986 0.04431
v 0.07539 1.60131 0.04349
v 0.07307 1.58811 0.02821
v 0.07766 1.60570 0.05261
v 0.08176 1.61518 0.04517
v 0.07873 1.60887 0.05222
v 0.07949 1.60406 0.04252
v 0.07974 1.61265 0.05119
v 0.07993 1.60636 0.04146
v 0.08058 1.61559 0.04971
v 0.08069 1.60984 0.04208
v 0.08115 1.61740 0.04845
v 0.08203 1.61325 0.04239
v 0.07862 1.58800 0.02790
v 0.07909 1.58968 0.02876
v 0.07591 1.58566 0.03374
v 0.07692 1.58796 0.03438
v 0.07418 1.58405 0.03804
v 0.07566 1.58722 0.03849
v 0.07344 1.58352 0.04163
v 0.07490 1.58750 0.04166
v 0.07383 1.59193 0.04688
v 0.07451 1.59329 0.04628
v 0.08067 1.61190 0.04551
v 0.07793 1.60261 0.04523
v 0.07623 1.60035 0.04760
v 0.07736 1.60216 0.04382
v 0.07998 1.60866 0.04574
v 0.07598 1.60019 0.04643
v 0.08434 1.61630 0.03829
v 0.08373 1.61427 0.03846
v 0.07653 1.60179 0.04348
v 0.08611 1.62407 0.03763
v 0.08904 1.62969 0.03552
v 0.07564 1.60019 0.04578
v 0.07509 1.59510 0.04547
v 0.07599 1.59095 0.04111
v 0.07666 1.59051 0.03792
v 0.07740 1.59048 0.03430
v 0.08136 1.59515 0.02283
v 0.08390 1.59919 0.01929
v 0.08599 1.60294 0.01782
v 0.08750 1.60719 0.01735
v 0.08919 1.61279 0.01793
v 0.09182 1.61921 0.01993
v 0.09238 1.62467 0.02274
v 0.09272 1.62886 0.02621
v 0.09232 1.63088 0.02979
v 0.09088 1.63089 0.03321
v 0.08470 1.61819 0.03846
v 0.07914 1.59188 0.02944
v 0.07919 1.60593 0.04666
v 0.07080 1.58554 0.03360
v 0.07184 1.59081 0.04806
v 0.07768 1.60347 0.04822
v 0.08534 1.62735 0.04304
v 0.08728 1.63514 0.03940
v 0.08853 1.63731 0.03476
v 0.08934 1.63766 0.02934
v 0.09021 1.63555 0.02314
v 0.08956 1.63177 0.01818
v 0.08866 1.62628 0.01509
v 0.08731 1.61928 0.01373
v 0.08608 1.61129 0.01289
v 0.08270 1.60369 0.01377
v 0.07931 1.59767 0.01651
v 0.07613 1.59244 0.02131
v 0.06955 1.58170 0.04235
v 0.06968 1.58276 0.03787
v 0.08320 1.61877 0.04471
v 0.07584 1.60052 0.04964
v 0.08675 1.62617 0.04184
v 0.07605 1.58760 0.02790
v 0.07349 1.58519 0.03355
v 0.07282 1.59120 0.04756
v 0.07801 1.60306 0.04680
v 0.08196 1.61435 0.04414
v 0.08958 1.63391 0.03849
v 0.09176 1.63642 0.03397
v 0.09333 1.63703 0.02910
v 0.09432 1.63450 0.02291
v 0.09367 1.62981 0.01851
v 0.09259 1.62377 0.01568
v 0.09101 1.61652 0.01410
v 0.08854 1.60937 0.01293
v 0.08539 1.60262 0.01373
v 0.08244 1.59739 0.01617
v 0.07937 1.59222 0.02083
v 0.07149 1.58166 0.04200
v 0.07195 1.58252 0.03785
v 0.08027 1.60760 0.04353
v 0.08070 1.61105 0.04400
v 0.07974 1.60492 0.04445
v 0.08387 1.61792 0.04356
v 0.07615 1.60049 0.04866
v 0.07082 1.59147 0.04925
v 0.06763 1.58767 0.03469
v 0.07859 1.60772 0.05020
v 0.06883 1.58973 0.02980
v 0.07961 1.61094 0.04924
v 0.08049 1.61395 0.04815
v 0.08131 1.61675 0.04736
v 0.08346 1.62848 0.04451
v 0.08225 1.61991 0.04688
v 0.07581 1.60139 0.05193
v 0.07729 1.60460 0.05105
v 0.08347 1.63540 0.03981
v 0.08288 1.63587 0.03571
v 0.08244 1.63512 0.03124
v 0.08355 1.63388 0.02580
v 0.08384 1.63145 0.02029
v 0.08316 1.62732 0.01680
v 0.08149 1.62166 0.01526
v 0.07928 1.61419 0.01493
v 0.07676 1.60585 0.01608
v 0.07408 1.59938 0.01877
v 0.07137 1.59369 0.02377
v 0.06735 1.58481 0.04305
v 0.06695 1.58563 0.03862
v 0.07837 1.60342 0.04108
v 0.07879 1.60525 0.04018
v 0.08005 1.60855 0.04030
v 0.08174 1.61192 0.04055
v 0.07641 1.60338 0.04157
v 0.07699 1.60507 0.04037
v 0.07862 1.60779 0.03965
v 0.08074 1.61088 0.03938
v 0.07428 1.60304 0.04200
v 0.07542 1.60497 0.04053
v 0.07699 1.60727 0.03961
v 0.07928 1.60998 0.03854
v 0.08188 1.61279 0.02973
v 0.08125 1.61327 0.03202
v 0.08214 1.61155 0.02782
v 0.08130 1.60966 0.02646
v 0.07931 1.60748 0.02601
v 0.07605 1.60513 0.02672
v 0.07308 1.60275 0.02871
v 0.07145 1.60074 0.03135
v 0.07050 1.59932 0.03345
v 0.06975 1.59854 0.03551
v 0.06922 1.59816 0.03747
v 0.06915 1.59822 0.03929
v 0.07058 1.59948 0.04160
v 0.07282 1.60145 0.04276
v 0.08540 1.61608 0.02798
v 0.08565 1.61448 0.02506
v 0.07672 1.60236 0.02445
v 0.07437 1.59930 0.02838
v 0.07197 1.59649 0.03924
v 0.07276 1.59838 0.04205
v 0.07426 1.60053 0.04344
v 0.08290 1.60890 0.02243
v 0.08002 1.60563 0.02261
v 0.07267 1.59667 0.03446
v 0.07211 1.59626 0.03682
v 0.08475 1.61186 0.02327
v 0.07342 1.59753 0.03192
v 0.08412 1.61632 0.03111
v 0.06906 1.60603 0.03854
v 0.06911 1.60647 0.03776
v 0.06743 1.60359 0.04069
v 0.06798 1.60414 0.04027
v 0.06849 1.60477 0.03977
v 0.06886 1.60538 0.03919
v 0.06899 1.60694 0.03658
v 0.06908 1.60677 0.03711
v 0.06895 1.60702 0.03622
v 0.06880 1.60677 0.03598
v 0.06867 1.60645 0.03614
v 0.06858 1.60600 0.03650
v 0.06845 1.60537 0.03705
v 0.06824 1.60482 0.03772
v 0.06797 1.60426 0.03851
v 0.06763 1.60376 0.03918
v 0.06715 1.60333 0.03982
v 0.06681 1.60301 0.04036
v 0.06653 1.60281 0.04078
v 0.06685 1.60317 0.04098
v 0.06804 1.59986 0.03848
v 0.06688 1.60116 0.03926
v 0.06666 1.60236 0.03958
v 0.06641 1.60217 0.04035
v 0.06673 1.60107 0.04030
v 0.06797 1.59982 0.03979
v 0.07320 1.60511 0.04110
v 0.07067 1.60511 0.04141
v 0.06896 1.60475 0.04094
v 0.06981 1.60578 0.04041
v 0.07209 1.60647 0.04064
v 0.07495 1.60687 0.04009
v 0.07735 1.60811 0.02934
v 0.07249 1.60761 0.03305
v 0.06959 1.60707 0.03524
v 0.06916 1.60640 0.03516
v 0.07130 1.60659 0.03301
v 0.07549 1.60663 0.02938
v 0.07868 1.61020 0.03670
v 0.07427 1.60857 0.03828
v 0.07081 1.60730 0.03895
v 0.07047 1.60663 0.03975
v 0.07335 1.60763 0.03960
v 0.07686 1.60857 0.03869
v 0.06647 1.60241 0.04126
v 0.06716 1.60164 0.04160
v 0.06877 1.60062 0.04146
v 0.07038 1.60235 0.04238
v 0.06828 1.60291 0.04224
v 0.06717 1.60317 0.04154
v 0.06808 1.60389 0.04133
v 0.06941 1.60393 0.04204
v 0.07180 1.60365 0.04204
v 0.06879 1.60550 0.03544
v 0.07014 1.60531 0.03350
v 0.07306 1.60509 0.03034
v 0.07858 1.61064 0.03501
v 0.07433 1.60908 0.03695
v 0.07080 1.60773 0.03798
v 0.06843 1.60468 0.03604
v 0.06924 1.60411 0.03440
v 0.07111 1.60345 0.03197
v 0.07853 1.61066 0.03322
v 0.07406 1.60917 0.03576
v 0.07062 1.60789 0.03711
v 0.06802 1.60389 0.03684
v 0.06857 1.60305 0.03563
v 0.06988 1.60207 0.03369
v 0.06758 1.60321 0.03772
v 0.06802 1.60217 0.03678
v 0.06915 1.60086 0.03533
v 0.07031 1.60783 0.03632
v 0.07373 1.60893 0.03463
v 0.07871 1.61018 0.03158
v 0.06705 1.60269 0.03870
v 0.06745 1.60147 0.03796
v 0.06851 1.60017 0.03685
v 0.06999 1.60756 0.03567
v 0.07324 1.60840 0.03361
v 0.07839 1.60935 0.03014
v 0.07127 1.59090 0.04851
v 0.06937 1.58689 0.03434
v 0.07126 1.58919 0.02928
v 0.07732 1.60388 0.04960
v 0.08507 1.63469 0.03962
v 0.08528 1.63584 0.03528
v 0.08566 1.63551 0.03060
v 0.08641 1.63391 0.02507
v 0.08660 1.63089 0.01980
v 0.08554 1.62660 0.01654
v 0.08408 1.62041 0.01501
v 0.08262 1.61277 0.01431
v 0.08014 1.60467 0.01528
v 0.07675 1.59857 0.01787
v 0.07398 1.59322 0.02271
v 0.06847 1.58306 0.04268
v 0.06853 1.58468 0.03845
v 0.07874 1.60679 0.04841
v 0.07971 1.60980 0.04748
v 0.08058 1.61279 0.04682
v 0.08155 1.61595 0.04626
v 0.08425 1.62771 0.04359
v 0.08272 1.61934 0.04568
v 0.07559 1.60071 0.05056
v 0.11743 1.46272 0.00896
v 0.12906 1.46050 0.01012
v 0.09123 1.45934 0.02971
v 0.10134 1.46166 0.02641
v 0.10663 1.46546 0.01901
v 0.10618 1.46434 0.00842
v 0.03188 1.55836 -0.00716
v 0.02588 1.55856 -0.01326
v 0.01913 1.55933 -0.01825
v 0.01246 1.56023 -0.02239
v 0.00611 1.56079 -0.02527
v 0.03651 1.55859 -0.00024
v 0.03195 1.55172 -0.00460
v 0.02645 1.55179 -0.01060
v 0.02004 1.55253 -0.01518
v 0.01326 1.55333 -0.01905
v 0.00662 1.55404 -0.02180
v 0.03610 1.55202 0.00212
v 0.03223 1.53968 -0.00123
v 0.02752 1.53987 -0.00709
v 0.02157 1.54068 -0.01195
v 0.01468 1.54148 -0.01598
v 0.00756 1.54209 -0.01861
v 0.03565 1.53988 0.00519
v 0.03245 1.53365 -0.00009
v 0.02787 1.53396 -0.00588
v 0.02187 1.53446 -0.01074
v 0.01511 1.53521 -0.01470
v 0.00799 1.53578 -0.01736
v 0.03558 1.53372 0.00629
v 0.03294 1.52724 0.00092
v 0.02851 1.52762 -0.00488
v 0.02256 1.52815 -0.00994
v 0.01589 1.52872 -0.01395
v 0.00861 1.52938 -0.01665
v 0.03579 1.52720 0.00734
v 0.03369 1.52046 0.00192
v 0.02947 1.52091 -0.00415
v 0.02334 1.52148 -0.00944
v 0.01608 1.52215 -0.01355
v 0.00855 1.52258 -0.01616
v 0.03621 1.52028 0.00856
v 0.03466 1.51334 0.00253
v 0.03050 1.51389 -0.00400
v 0.02456 1.51448 -0.00955
v 0.01697 1.51511 -0.01372
v 0.00876 1.51551 -0.01628
v 0.03691 1.51299 0.00960
v 0.03601 1.50592 0.00260
v 0.03174 1.50660 -0.00450
v 0.02550 1.50721 -0.01029
v 0.01836 1.50782 -0.01445
v 0.00951 1.50822 -0.01705
v 0.03805 1.50530 0.01029
v 0.04168 1.49074 0.00287
v 0.03704 1.49200 -0.00634
v 0.03011 1.49254 -0.01292
v 0.02199 1.49257 -0.01741
v 0.01165 1.49241 -0.02025
v 0.04326 1.48883 0.01296
v 0.04819 1.48354 0.00382
v 0.04378 1.48508 -0.00652
v 0.03606 1.48542 -0.01427
v 0.02694 1.48474 -0.01947
v 0.01479 1.48367 -0.02275
v 0.04944 1.48020 0.01599
v 0.09467 1.46537 0.02025
v 0.05881 1.47705 0.00574
v 0.07748 1.47202 0.00835
v 0.09505 1.46669 0.00834
v 0.11306 1.46112 -0.00450
v 0.12602 1.45802 -0.00326
v 0.10098 1.46369 -0.00540
v 0.05354 1.47902 -0.00658
v 0.06887 1.47329 -0.00630
v 0.08826 1.46733 -0.00630
v 0.10541 1.45602 -0.01717
v 0.12031 1.45189 -0.01549
v 0.09161 1.46008 -0.01845
v 0.04556 1.47883 -0.01614
v 0.05872 1.47221 -0.01809
v 0.07702 1.46564 -0.01948
v 0.09669 1.44847 -0.02835
v 0.11240 1.44400 -0.02593
v 0.08105 1.45342 -0.03011
v 0.03485 1.47666 -0.02287
v 0.04697 1.46760 -0.02711
v 0.06534 1.45992 -0.03097
v 0.08697 1.43818 -0.03714
v 0.10449 1.43383 -0.03378
v 0.07067 1.44275 -0.03946
v 0.02019 1.47323 -0.02720
v 0.02919 1.45781 -0.03437
v 0.12608 1.35670 0.02641
v 0.05413 1.44914 -0.03948
v 0.06268 1.42720 -0.04499
v 0.09732 1.42182 -0.03881
v 0.07910 1.42461 -0.04268
v 0.02364 1.43706 -0.04218
v 0.12630 1.35542 0.01826
v 0.04570 1.43107 -0.04453
v 0.06567 1.38708 -0.04633
v 0.09716 1.39595 -0.04021
v 0.08233 1.39189 -0.04367
v 0.02490 1.38396 -0.04582
v 0.12686 1.35575 0.00099
v 0.04692 1.38292 -0.04680
v 0.07962 1.36528 -0.04223
v 0.10746 1.38333 -0.03659
v 0.09494 1.37517 -0.03954
v 0.02756 1.35451 -0.04413
v 0.12643 1.35894 0.03461
v 0.06040 1.35147 -0.04363
v 0.09939 1.34977 -0.03355
v 0.11910 1.37111 -0.02939
v 0.10782 1.36153 -0.03127
v 0.03002 1.32063 -0.04079
v 0.08605 1.31085 -0.03397
v 0.12670 1.35507 0.00986
v 0.09152 1.33548 -0.03563
v 0.11308 1.34056 -0.02124
v 0.12756 1.36088 -0.01955
v 0.11919 1.35171 -0.02011
v 0.10426 1.30698 -0.02070
v 0.12735 1.36296 0.04284
v 0.10910 1.32761 -0.02205
v 0.00788 1.42182 0.07830
v 0.03323 1.43270 0.07022
v 0.05561 1.43689 0.06592
v 0.06743 1.43757 0.06379
v 0.08563 1.43790 0.05989
v 0.13294 1.37859 0.05784
v 0.10607 1.44031 0.05302
v 0.12155 1.44650 0.04068
v 0.13708 1.45432 0.02569
v 0.01529 1.42469 0.07641
v 0.02297 1.42878 0.07327
v 0.04353 1.43520 0.06823
v 0.03555 1.47284 0.04046
v 0.02931 1.47201 0.04537
v 0.04230 1.47407 0.03497
v 0.04779 1.47617 0.02710
v 0.00409 1.46801 0.05496
v 0.00843 1.46889 0.05442
v 0.01819 1.47124 0.05140
v 0.02361 1.47166 0.04893
v 0.14144 1.45573 0.01152
v 0.14019 1.45332 -0.00170
v 0.13492 1.44722 -0.01391
v 0.12797 1.43888 -0.02381
v 0.12092 1.42883 -0.03064
v 0.03435 1.49515 0.03419
v 0.02994 1.49479 0.03955
v 0.03788 1.49554 0.02774
v 0.03972 1.49619 0.01988
v 0.00447 1.49284 0.05252
v 0.00906 1.49294 0.05173
v 0.01932 1.49367 0.04760
v 0.02508 1.49438 0.04403
v 0.01969 1.50033 -0.01566
v 0.01055 1.50060 -0.01830
v 0.03989 1.49725 0.01106
v 0.03809 1.49834 0.00246
v 0.02736 1.49985 -0.01145
v 0.03377 1.49923 -0.00539
v 0.11409 1.41775 -0.03508
v 0.10774 1.39838 -0.03762
v 0.11875 1.39090 -0.03442
v 0.13516 1.37965 -0.02779
v 0.14084 1.36591 -0.01917
v 0.12201 1.42375 0.05680
v 0.13831 1.43406 0.04273
v 0.14977 1.44194 0.02897
v 0.15524 1.44708 0.01460
v 0.15488 1.44613 0.00007
v 0.14480 1.41355 0.05295
v 0.15525 1.42343 0.04365
v 0.16483 1.43050 0.03116
v 0.16999 1.43614 0.01711
v 0.17001 1.43662 0.00122
v 0.16184 1.40521 0.05071
v 0.17152 1.41255 0.04362
v 0.17867 1.41870 0.03193
v 0.18384 1.42328 0.01796
v 0.18325 1.42489 0.00150
v 0.17648 1.39806 0.04912
v 0.18461 1.40300 0.04304
v 0.19145 1.40735 0.03171
v 0.19749 1.41032 0.01740
v 0.19550 1.41196 0.00102
v 0.15051 1.44017 -0.01255
v 0.14453 1.43241 -0.02207
v 0.13770 1.42256 -0.02815
v 0.13138 1.41183 -0.03181
v 0.16262 1.36746 0.04499
v 0.16485 1.43197 -0.01173
v 0.15810 1.42494 -0.02071
v 0.15160 1.41607 -0.02580
v 0.14611 1.40577 -0.02853
v 0.14266 1.37079 0.04651
v 0.17808 1.42123 -0.01121
v 0.17013 1.41587 -0.01933
v 0.16393 1.40916 -0.02367
v 0.16064 1.40041 -0.02535
v 0.15753 1.37631 -0.02328
v 0.18841 1.41084 -0.01108
v 0.18060 1.40771 -0.01851
v 0.17305 1.40521 -0.02199
v 0.17406 1.39803 -0.02245
v 0.17575 1.37539 -0.02098
v 0.00862 1.41237 0.08622
v 0.03619 1.42199 0.08013
v 0.06061 1.42593 0.07643
v 0.07679 1.42534 0.07331
v 0.09695 1.42434 0.06742
v 0.12952 1.36944 0.05097
v 0.01686 1.41520 0.08453
v 0.02566 1.41848 0.08236
v 0.04751 1.42435 0.07838
v 0.12425 1.38935 0.07007
v 0.13639 1.38956 0.06119
v 0.15058 1.38730 0.05559
v 0.16810 1.38365 0.05237
v 0.00933 1.38668 0.10394
v 0.03891 1.39412 0.10018
v 0.07140 1.39704 0.09714
v 0.09020 1.39249 0.09178
v 0.10982 1.38509 0.08263
v 0.05758 1.28487 -0.03509
v 0.01800 1.38852 0.10314
v 0.02741 1.39127 0.10180
v 0.05300 1.39678 0.09880
v 0.18736 1.39324 0.04842
v 0.18666 1.38073 0.05010
v 0.19523 1.39471 0.04260
v 0.20770 1.37770 0.04454
v 0.20395 1.39680 0.03139
v 0.23051 1.37344 0.03308
v 0.21157 1.39829 0.01645
v 0.23870 1.37705 0.01359
v 0.20736 1.40033 0.00005
v 0.23008 1.37763 -0.00484
v 0.19703 1.39982 -0.01163
v 0.21319 1.37665 -0.01486
v 0.18583 1.39852 -0.01855
v 0.19411 1.37532 -0.01885
v 0.14631 1.37845 0.05247
v 0.16510 1.37537 0.04991
v 0.16075 1.36063 0.03777
v 0.14030 1.36486 0.03910
v 0.15999 1.34995 0.00390
v 0.13526 1.35964 0.00672
v 0.16077 1.36321 -0.01808
v 0.18535 1.36228 0.04605
v 0.18357 1.35331 0.03844
v 0.18336 1.33636 0.00149
v 0.17885 1.36093 -0.01793
v 0.18617 1.37181 0.04898
v 0.20757 1.35518 0.04667
v 0.20594 1.34287 0.03916
v 0.20879 1.36695 0.04674
v 0.22909 1.34623 0.04604
v 0.22763 1.33015 0.03908
v 0.23109 1.36034 0.04255
v 0.25656 1.33290 0.04464
v 0.25521 1.31447 0.03870
v 0.25877 1.34961 0.04084
v 0.28435 1.31717 0.04295
v 0.28151 1.29953 0.03809
v 0.28579 1.33441 0.03765
v 0.30850 1.30202 0.04098
v 0.30391 1.28669 0.03741
v 0.30978 1.31853 0.03580
v 0.32685 1.28963 0.03897
v 0.32120 1.27736 0.03637
v 0.32860 1.30441 0.03497
v 0.34007 1.28012 0.03690
v 0.33389 1.27053 0.03488
v 0.34311 1.29190 0.03501
v 0.20447 1.32290 -0.00074
v 0.19800 1.35971 -0.01840
v 0.25986 1.35946 0.02867
v 0.25890 1.36125 0.00893
v 0.28476 1.34479 0.02497
v 0.28049 1.34713 0.00673
v 0.30642 1.33049 0.02376
v 0.30021 1.33481 0.00671
v 0.32573 1.31667 0.02477
v 0.31990 1.32303 0.00915
v 0.34236 1.30365 0.02768
v 0.33880 1.31205 0.01378
v 0.04212 1.75155 0.03910
v 0.06022 1.73929 0.03796
v 0.08571 1.67352 0.03599
v 0.08018 1.71500 0.03748
v 0.08489 1.69317 0.03614
v 0.07319 1.72704 0.03799
v 0.08558 1.68330 0.03586
v 0.08365 1.70371 0.03676
v 0.08518 1.66334 0.03672
v 0.01851 1.75524 0.06223
v 0.08453 1.65170 0.03818
v 0.05655 1.73857 0.05877
v 0.07847 1.71596 0.05407
v 0.08439 1.69448 0.04880
v 0.07035 1.72744 0.05672
v 0.08514 1.68452 0.04685
v 0.08278 1.70505 0.05131
v 0.08523 1.67445 0.04541
v 0.03758 1.74915 0.06135
v 0.08483 1.66392 0.04488
v 0.08413 1.64760 0.04566
v 0.24652 1.35505 -0.01043
v 0.21916 1.35925 -0.01717
v 0.27183 1.33991 -0.01018
v 0.24717 1.33035 -0.01718
v 0.16289 1.35416 -0.01143
v 0.13980 1.36081 -0.01031
v 0.18182 1.34818 -0.01312
v 0.20151 1.34299 -0.01546
v 0.13886 1.36095 0.03112
v 0.15930 1.35572 0.02916
v 0.18281 1.34588 0.02926
v 0.20508 1.33312 0.02939
v 0.22800 1.31776 0.02899
v 0.25552 1.30136 0.02853
v 0.27892 1.28800 0.02852
v 0.29822 1.27773 0.02896
v 0.31364 1.27024 0.02943
v 0.32635 1.26448 0.02935
v 0.35740 1.29099 0.03165
v 0.35643 1.30133 0.02016
v 0.37566 1.27669 0.03631
v 0.37630 1.28886 0.02751
v 0.39396 1.26194 0.03970
v 0.39755 1.27463 0.03387
v 0.41046 1.24894 0.04140
v 0.41573 1.26124 0.03851
v 0.42514 1.23661 0.04194
v 0.43080 1.24847 0.04107
v 0.43873 1.22525 0.04172
v 0.44422 1.23671 0.04243
v 0.45092 1.21550 0.04114
v 0.45594 1.22639 0.04285
v 0.46305 1.20680 0.04058
v 0.46721 1.21675 0.04286
v 0.22801 1.30852 -0.00241
v 0.25128 1.29589 -0.00350
v 0.18308 1.34020 -0.00632
v 0.16204 1.35098 -0.00375
v 0.20347 1.32961 -0.00937
v 0.13717 1.35967 -0.00147
v 0.22679 1.31827 -0.01181
v 0.24895 1.30860 -0.01349
v 0.29251 1.32900 -0.00901
v 0.26798 1.30144 -0.01468
v 0.27018 1.28753 -0.00449
v 0.31286 1.32002 -0.00624
v 0.28490 1.29574 -0.01528
v 0.28554 1.28164 -0.00534
v 0.33360 1.31267 -0.00133
v 0.29965 1.29117 -0.01521
v 0.29873 1.27711 -0.00580
v 0.31279 1.28661 -0.01511
v 0.31197 1.27096 -0.00602
v 0.35562 1.27159 -0.01891
v 0.26797 1.32156 -0.01755
v 0.28734 1.31430 -0.01706
v 0.30605 1.30784 -0.01530
v 0.32530 1.30143 -0.01296
v 0.22380 1.33711 -0.01724
v 0.34492 1.27683 -0.01930
v 0.34922 1.30191 -0.00607
v 0.35412 1.30569 0.00638
v 0.37466 1.29580 0.01426
v 0.33699 1.26397 -0.01745
v 0.39857 1.28276 0.02203
v 0.37371 1.27154 -0.01455
v 0.36940 1.25846 -0.01680
v 0.34722 1.25907 -0.01786
v 0.37060 1.29635 0.00097
v 0.39557 1.28457 0.00793
v 0.43565 1.24816 -0.00544
v 0.40837 1.25968 -0.01037
v 0.41980 1.26975 0.02835
v 0.42042 1.27181 0.01433
v 0.43676 1.25760 0.03295
v 0.44035 1.25997 0.01988
v 0.45096 1.24598 0.03618
v 0.45651 1.24889 0.02443
v 0.46279 1.23561 0.03824
v 0.46940 1.23907 0.02794
v 0.45700 1.23819 -0.00054
v 0.47293 1.23042 0.00388
v 0.42970 1.23722 -0.01165
v 0.45185 1.22817 -0.00790
v 0.46859 1.22112 -0.00405
v 0.13763 1.35760 0.01480
v 0.20445 1.32236 0.00913
v 0.15878 1.35043 0.01185
v 0.18298 1.33640 0.01033
v 0.22892 1.30665 0.00823
v 0.25318 1.29256 0.00770
v 0.27311 1.28260 0.00731
v 0.28856 1.27546 0.00716
v 0.40604 1.23890 0.03943
v 0.36896 1.25772 0.03611
v 0.38551 1.24354 0.03611
v 0.40243 1.23173 0.03564
v 0.41855 1.22097 0.03477
v 0.43356 1.21097 0.03387
v 0.44700 1.20259 0.03310
v 0.46032 1.19519 0.03252
v 0.32974 1.26278 -0.01337
v 0.32968 1.27609 -0.01899
v 0.34341 1.28609 -0.01659
v 0.32787 1.26855 -0.01609
v 0.33550 1.28283 -0.01891
v 0.35446 1.28180 -0.01572
v 0.33862 1.25799 -0.01383
v 0.35802 1.25035 -0.01477
v 0.32321 1.25782 -0.00089
v 0.33654 1.24704 0.00080
v 0.15807 1.35266 0.02039
v 0.18257 1.34004 0.01967
v 0.13781 1.35877 0.02291
v 0.20459 1.32625 0.01931
v 0.22854 1.31053 0.01882
v 0.25491 1.29485 0.01843
v 0.27603 1.28326 0.01845
v 0.30718 1.26804 0.02008
v 0.29299 1.27469 0.01900
v 0.35802 1.23471 0.00056
v 0.42154 1.22641 -0.01210
v 0.39260 1.23722 -0.01362
v 0.38559 1.22219 -0.00023
v 0.41073 1.21197 -0.00065
v 0.44397 1.21760 -0.00969
v 0.43148 1.20320 -0.00050
v 0.46137 1.21131 -0.00724
v 0.44872 1.19659 -0.00028
v 0.40117 1.24751 -0.01435
v 0.35146 1.26462 -0.01928
v 0.33971 1.27042 -0.01959
v 0.41633 1.26787 0.00056
v 0.32126 1.28146 -0.01749
v 0.34556 1.29353 -0.01293
v 0.38768 1.28092 -0.00464
v 0.36352 1.29044 -0.00899
v 0.44010 1.25632 0.00591
v 0.45894 1.24567 0.01107
v 0.47325 1.23676 0.01547
v 0.31997 1.27051 -0.01265
v 0.33027 1.29095 -0.01693
v 0.32596 1.26072 -0.00892
v 0.33713 1.25198 -0.00798
v 0.35725 1.24090 -0.00834
v 0.41489 1.21776 -0.00809
v 0.38781 1.22842 -0.00848
v 0.43677 1.20913 -0.00690
v 0.45409 1.20275 -0.00548
v 0.02338 1.41067 -0.04534
v 0.04303 1.40848 -0.04692
v 0.07698 1.40861 -0.04461
v 0.06038 1.40823 -0.04704
v 0.09372 1.40872 -0.04081
v 0.10953 1.40697 -0.03716
v 0.14084 1.39406 -0.02931
v 0.15830 1.38953 -0.02538
v 0.17452 1.38799 -0.02226
v 0.01767 1.40341 0.09367
v 0.08460 1.41047 0.08338
v 0.10464 1.40724 0.07641
v 0.13987 1.40146 0.05930
v 0.15539 1.39645 0.05496
v 0.02686 1.40628 0.09212
v 0.03789 1.40914 0.09048
v 0.05070 1.41177 0.08895
v 0.06616 1.41281 0.08748
v 0.17168 1.39140 0.05213
v 0.08073 1.28168 -0.02943
v 0.00911 1.40105 0.09479
v 0.12348 1.40567 0.06636
v 0.18730 1.38798 0.04974
v 0.20231 1.38673 0.04331
v 0.21597 1.38659 0.03170
v 0.22446 1.38841 0.01539
v 0.21870 1.39008 -0.00171
v 0.20541 1.38932 -0.01307
v 0.19022 1.38795 -0.01878
v 0.12537 1.40113 -0.03363
v 0.47374 1.22592 0.03965
v 0.48056 1.23015 0.03089
v 0.48566 1.22420 0.00778
v 0.48189 1.21579 -0.00080
v 0.48505 1.22926 0.01936
v 0.47551 1.20666 -0.00523
v 0.46333 1.19180 -0.00024
v 0.46840 1.19800 -0.00444
v 0.05854 1.31701 -0.04038
v 0.09733 1.27839 -0.01805
v 0.11155 1.30555 -0.00461
v 0.03037 1.28864 -0.03591
v 0.10553 1.27672 -0.00318
v 0.11925 1.33645 -0.00675
v 0.12874 1.35632 -0.00891
v 0.12306 1.34741 -0.00756
v 0.11609 1.32500 -0.00615
v 0.12386 1.37515 0.06586
v 0.12153 1.36393 0.05754
v 0.12002 1.34911 0.03052
v 0.12082 1.34760 0.02195
v 0.12257 1.34676 0.00318
v 0.11937 1.35186 0.03915
v 0.12163 1.34690 0.01299
v 0.11970 1.35648 0.04816
v 0.01053 1.34281 0.12037
v 0.01424 1.29797 0.11772
v 0.01520 1.28409 0.11572
v 0.11589 1.35508 0.06450
v 0.11618 1.36738 0.07493
v 0.11585 1.33898 0.03454
v 0.11722 1.33733 0.02541
v 0.11913 1.33635 0.00521
v 0.11443 1.34207 0.04377
v 0.11827 1.33655 0.01581
v 0.11447 1.34707 0.05372
v 0.11222 1.32622 0.03827
v 0.11402 1.32457 0.02855
v 0.11650 1.32520 0.00733
v 0.11027 1.32926 0.04816
v 0.11541 1.32388 0.01836
v 0.10987 1.33426 0.05887
v 0.10848 1.30584 0.04216
v 0.11100 1.30439 0.03156
v 0.11383 1.30577 0.00958
v 0.10607 1.30864 0.05296
v 0.11268 1.30382 0.02076
v 0.10473 1.31354 0.06418
v 0.10479 1.27771 0.04621
v 0.10878 1.27638 0.03393
v 0.10976 1.27534 0.01060
v 0.09975 1.28011 0.05926
v 0.11040 1.27608 0.02222
v 0.09583 1.28745 0.07130
v 0.00975 1.37126 0.11193
v 0.01035 1.35503 0.11782
v 0.01940 1.35739 0.11697
v 0.01864 1.37290 0.11122
v 0.02916 1.35958 0.11522
v 0.02830 1.37495 0.10969
v 0.04052 1.36191 0.11291
v 0.03985 1.37735 0.10775
v 0.05359 1.36340 0.11052
v 0.05418 1.37917 0.10570
v 0.06910 1.36060 0.10823
v 0.07195 1.37887 0.10374
v 0.08195 1.35352 0.10302
v 0.08876 1.37320 0.09823
v 0.09303 1.34366 0.09619
v 0.10283 1.36455 0.09074
v 0.10273 1.32188 0.07611
v 0.11014 1.34198 0.07040
v 0.09939 1.33231 0.08720
v 0.10902 1.35244 0.08157
v 0.03386 1.26707 0.10954
v 0.05809 1.25777 0.09878
v 0.08123 1.26830 0.08297
v 0.01516 1.27066 0.11419
v 0.02672 1.23968 0.10991
v 0.01300 1.24506 0.11235
v 0.08939 1.25056 0.06992
v 0.09070 1.25718 -0.01486
v 0.10064 1.25487 -0.00252
v 0.10093 1.24995 0.05108
v 0.10676 1.25037 0.03636
v 0.10633 1.25264 0.01044
v 0.10820 1.25151 0.02325
v 0.05289 1.26101 -0.02991
v 0.07468 1.25957 -0.02443
v 0.01362 1.24417 -0.03035
v 0.47933 1.18650 -0.00006
v 0.48438 1.19249 -0.00338
v 0.50091 1.21616 0.01144
v 0.49710 1.20920 0.00224
v 0.50005 1.21972 0.02306
v 0.49124 1.20068 -0.00300
v 0.47922 1.19625 0.03995
v 0.48247 1.20539 0.04289
v 0.48827 1.21425 0.04110
v 0.49518 1.21927 0.03387
v 0.47731 1.18584 0.03146
v 0.36253 1.25207 0.03309
v 0.47684 1.18284 0.02698
v 0.57102 1.13502 0.02993
v 0.55665 1.14275 0.02978
v 0.53808 1.15332 0.03068
v 0.51830 1.16495 0.03222
v 0.49794 1.17742 0.03427
v 0.47799 1.19009 0.03577
v 0.43560 1.21680 0.03805
v 0.38986 1.25115 0.03930
v 0.37323 1.26566 0.03806
v 0.30166 1.26982 0.00757
v 0.31925 1.26186 0.02094
v 0.31357 1.26354 0.00857
v 0.33814 1.25781 0.02903
v 0.35457 1.24771 0.02850
v 0.34651 1.24467 0.02147
v 0.34009 1.24436 0.01161
v 0.37419 1.23465 0.02748
v 0.36763 1.23201 0.02043
v 0.36176 1.23165 0.01094
v 0.39475 1.22306 0.02616
v 0.39037 1.22008 0.01885
v 0.38684 1.21949 0.00958
v 0.41364 1.21285 0.02498
v 0.41122 1.21004 0.01753
v 0.40976 1.20935 0.00850
v 0.43051 1.20361 0.02403
v 0.42937 1.20104 0.01658
v 0.42922 1.20047 0.00779
v 0.44527 1.19573 0.02344
v 0.44487 1.19353 0.01593
v 0.44555 1.19347 0.00734
v 0.45934 1.18913 0.02280
v 0.45925 1.18741 0.01516
v 0.46030 1.18804 0.00680
v 0.46119 1.19989 0.03664
v 0.44845 1.20781 0.03726
v 0.42127 1.22744 0.03884
v 0.47646 1.18225 0.00620
v 0.47583 1.18028 0.01400
v 0.47620 1.18091 0.02149
v 0.67098 1.07576 0.01001
v 0.67258 1.07429 0.01473
v 0.67530 1.07075 0.03195
v 0.67557 1.07002 0.05016
v 0.67052 1.07231 0.04954
v 0.66800 1.07506 0.06436
v 0.66789 1.07620 0.01479
v 0.66613 1.07831 0.00975
v 0.63903 1.11999 0.05938
v 0.61310 1.14768 0.02287
v 0.61318 1.15040 0.02956
v 0.61131 1.15145 0.03668
v 0.62066 1.14473 0.03718
v 0.67012 1.09296 0.06988
v 0.66197 1.09479 0.00793
v 0.67338 1.09421 0.03841
v 0.67558 1.09333 0.05612
v 0.66886 1.09571 0.02078
v 0.68007 1.09272 0.04819
v 0.67859 1.09277 0.04389
v 0.67927 1.09189 0.05231
v 0.67349 1.09745 0.04247
v 0.67455 1.09695 0.05186
v 0.67685 1.09432 0.03099
v 0.67598 1.09337 0.03473
v 0.67519 1.09490 0.02713
v 0.67185 1.09833 0.03468
v 0.66980 1.09937 0.02582
v 0.66974 1.09400 0.01364
v 0.66828 1.09418 0.01092
v 0.66992 1.09394 0.01673
v 0.66336 1.09826 0.01044
v 0.66617 1.09877 0.01727
v 0.68064 1.09174 0.06296
v 0.67928 1.09139 0.06669
v 0.67900 1.09189 0.05997
v 0.67261 1.09603 0.06651
v 0.67408 1.09670 0.05829
v 0.65345 1.11417 0.03143
v 0.65312 1.11356 0.02341
v 0.62586 1.09262 0.05436
v 0.65064 1.11198 0.01577
v 0.64843 1.10891 0.00849
v 0.67504 1.09843 0.04717
v 0.67168 1.09985 0.03042
v 0.66489 1.09944 0.01375
v 0.67447 1.09731 0.06197
v 0.64443 1.11973 0.01931
v 0.64396 1.12296 0.02646
v 0.62376 1.13608 0.01802
v 0.64227 1.12379 0.04001
v 0.61517 1.14040 0.05515
v 0.62078 1.13321 0.01064
v 0.59190 1.13307 0.05338
v 0.62009 1.14223 0.04535
v 0.62374 1.14154 0.03091
v 0.62253 1.14072 0.02459
v 0.64714 1.09392 0.07198
v 0.64557 1.08991 0.06711
v 0.61396 1.09528 0.05305
v 0.60264 1.10077 0.05381
v 0.59470 1.11273 0.05435
v 0.58969 1.12441 0.04898
v 0.64833 1.10418 0.06943
v 0.63773 1.11027 0.07008
v 0.61598 1.12646 0.07058
v 0.62655 1.11781 0.07031
v 0.60599 1.12623 0.07009
v 0.63611 1.09024 0.05720
v 0.64524 1.08716 0.05939
v 0.65400 1.08255 0.06165
v 0.64449 1.09098 0.00821
v 0.61438 1.10239 0.01725
v 0.60841 1.10885 0.00848
v 0.58922 1.15155 0.04743
v 0.65712 1.10502 0.01293
v 0.65518 1.10354 0.00956
v 0.65879 1.10551 0.01661
v 0.64513 1.08670 0.05053
v 0.65556 1.09024 0.07212
v 0.65416 1.08612 0.06813
v 0.65684 1.09436 0.07179
v 0.65100 1.08676 0.00912
v 0.65393 1.10023 0.00679
v 0.65294 1.09636 0.00540
v 0.65188 1.09162 0.00594
v 0.65575 1.08142 0.03725
v 0.62902 1.09697 0.03924
v 0.66213 1.10382 0.06082
v 0.66061 1.10197 0.06541
v 0.65879 1.09831 0.06921
v 0.65394 1.08227 0.02085
v 0.66264 1.10399 0.05665
v 0.66372 1.10325 0.05385
v 0.66440 1.10486 0.04954
v 0.66425 1.10544 0.04512
v 0.66370 1.10487 0.04093
v 0.66357 1.10405 0.03725
v 0.66335 1.10531 0.03360
v 0.66272 1.10623 0.02935
v 0.66156 1.10566 0.02501
v 0.66023 1.10470 0.01986
v 0.63025 1.11617 0.00443
v 0.62901 1.10387 0.00447
v 0.62980 1.10976 0.00376
v 0.64126 1.11788 0.01063
v 0.63113 1.12569 0.01046
v 0.61008 1.13173 0.00553
v 0.61988 1.12784 0.00631
v 0.65402 1.08203 0.04535
v 0.63728 1.09057 0.04836
v 0.65533 1.07991 0.05394
v 0.64400 1.08809 0.01379
v 0.64026 1.11474 0.00720
v 0.63030 1.12153 0.00652
v 0.64261 1.11933 0.01523
v 0.63379 1.12875 0.04640
v 0.63392 1.12917 0.02202
v 0.63369 1.13154 0.02974
v 0.62963 1.13111 0.05014
v 0.63089 1.13251 0.04282
v 0.63684 1.12893 0.03221
v 0.63298 1.13245 0.03416
v 0.63734 1.12580 0.01959
v 0.63270 1.13164 0.02583
v 0.63093 1.13395 0.03817
v 0.63332 1.12726 0.01601
v 0.66481 1.07453 0.05620
v 0.66706 1.07553 0.04011
v 0.66267 1.07630 0.04813
v 0.66145 1.07847 0.06264
v 0.65977 1.07991 0.01505
v 0.64407 1.08728 0.02043
v 0.64341 1.08779 0.02771
v 0.64376 1.08852 0.03397
v 0.64302 1.08999 0.04132
v 0.63760 1.09279 0.04251
v 0.60536 1.10849 0.01424
v 0.59944 1.11793 0.00854
v 0.61673 1.10131 0.01193
v 0.62004 1.10097 0.02927
v 0.60791 1.10764 0.02796
v 0.60899 1.10592 0.01100
v 0.59442 1.12549 0.05946
v 0.61805 1.10316 0.03365
v 0.63143 1.09684 0.03548
v 0.62460 1.09672 0.01884
v 0.59590 1.14221 0.00463
v 0.62803 1.09922 0.00733
v 0.62662 1.09658 0.01254
v 0.63233 1.09447 0.03109
v 0.59519 1.15735 0.04190
v 0.59942 1.15381 0.01764
v 0.63726 1.09506 0.00758
v 0.63635 1.09235 0.01329
v 0.63508 1.09214 0.02006
v 0.63345 1.09274 0.02639
v 0.60006 1.15748 0.02552
v 0.59881 1.15906 0.03387
v 0.58284 1.14287 0.04830
v 0.58006 1.13570 0.04440
v 0.59332 1.13560 0.00294
v 0.60106 1.12748 0.00363
v 0.60085 1.11157 0.01989
v 0.59752 1.11513 0.02616
v 0.58898 1.12419 0.01445
v 0.62205 1.09814 0.02487
v 0.70586 1.06557 0.07238
v 0.70164 1.06790 0.07308
v 0.69678 1.06988 0.06162
v 0.70037 1.06504 0.06118
v 0.69775 1.07207 0.07129
v 0.70468 1.06308 0.06255
v 0.70556 1.06667 0.06692
v 0.69776 1.07358 0.06600
v 0.74170 1.03290 0.07531
v 0.73766 1.03998 0.07410
v 0.73733 1.03963 0.06818
v 0.74123 1.03268 0.06802
v 0.74117 1.03390 0.07610
v 0.74034 1.03333 0.06688
v 0.73717 1.04107 0.07078
v 0.74299 1.03234 0.07173
v 0.73939 1.03699 0.07552
v 0.73866 1.03651 0.06724
v 0.71891 1.05300 0.06490
v 0.72191 1.04930 0.06461
v 0.71990 1.05457 0.07394
v 0.72305 1.05094 0.07539
v 0.72570 1.04765 0.06597
v 0.72639 1.04882 0.07461
v 0.72020 1.05587 0.06900
v 0.72614 1.05043 0.07000
v 0.58016 1.13772 0.00259
v 0.56377 1.14441 0.00289
v 0.54280 1.15334 0.00346
v 0.51925 1.16345 0.00442
v 0.49683 1.17345 0.00530
v 0.49747 1.17387 0.02966
v 0.51772 1.16208 0.02735
v 0.53797 1.15084 0.02537
v 0.55676 1.14050 0.02387
v 0.57161 1.13255 0.02322
v 0.57714 1.13419 0.00550
v 0.56107 1.14154 0.00672
v 0.53978 1.15090 0.00863
v 0.51766 1.16071 0.01037
v 0.49592 1.17099 0.01221
v 0.49640 1.17058 0.01933
v 0.51729 1.16004 0.01703
v 0.53848 1.14956 0.01471
v 0.55859 1.14021 0.01249
v 0.57501 1.13249 0.01024
v 0.49895 1.18281 0.03895
v 0.51930 1.16970 0.03765
v 0.53878 1.15739 0.03629
v 0.55693 1.14690 0.03611
v 0.57057 1.13857 0.03691
v 0.58389 1.14366 0.00307
v 0.56742 1.14960 0.00175
v 0.54651 1.15794 0.00081
v 0.52329 1.16768 0.00026
v 0.49973 1.17789 -0.00001
v 0.50488 1.18382 -0.00216
v 0.52815 1.17360 -0.00011
v 0.55088 1.16395 0.00214
v 0.57163 1.15564 0.00468
v 0.58767 1.15023 0.00746
v 0.51117 1.19120 -0.00046
v 0.53363 1.18049 0.00285
v 0.55545 1.17056 0.00634
v 0.57578 1.16139 0.01020
v 0.59045 1.15610 0.01404
v 0.51625 1.19936 0.00544
v 0.53812 1.18753 0.00926
v 0.55956 1.17618 0.01333
v 0.57828 1.16634 0.01772
v 0.59164 1.16061 0.02182
v 0.51979 1.20506 0.01500
v 0.54065 1.19239 0.01893
v 0.56066 1.18024 0.02288
v 0.57788 1.16970 0.02702
v 0.59047 1.16294 0.03068
v 0.51861 1.20755 0.02650
v 0.53873 1.19425 0.03009
v 0.55769 1.18148 0.03354
v 0.57444 1.17004 0.03635
v 0.58680 1.16184 0.03923
v 0.51347 1.20589 0.03657
v 0.53313 1.19189 0.03929
v 0.55160 1.17859 0.04173
v 0.56841 1.16693 0.04346
v 0.58055 1.15755 0.04504
v 0.50690 1.20002 0.04258
v 0.52658 1.18561 0.04365
v 0.54519 1.17201 0.04451
v 0.56211 1.16002 0.04534
v 0.57448 1.15042 0.04646
v 0.50175 1.19113 0.04279
v 0.52187 1.17717 0.04233
v 0.54082 1.16409 0.04186
v 0.55815 1.15258 0.04195
v 0.57087 1.14327 0.04279
v 0.71676 1.05187 0.05931
v 0.71478 1.04887 0.04526
v 0.69587 1.06384 0.04372
v 0.69711 1.06767 0.05772
v 0.69526 1.06424 0.05833
v 0.71472 1.04895 0.05960
v 0.69407 1.06054 0.04436
v 0.71308 1.04599 0.04573
v 0.74597 1.03011 0.06064
v 0.74810 1.02631 0.06071
v 0.74611 1.02934 0.04912
v 0.74827 1.02590 0.04927
v 0.75032 1.02155 0.05529
v 0.74342 1.03500 0.05427
v 0.75225 1.02239 0.05512
v 0.74439 1.03385 0.05433
v 0.74990 1.02562 0.06002
v 0.74945 1.02560 0.05029
v 0.74703 1.02870 0.05028
v 0.74745 1.02896 0.05988
v 0.71844 1.05479 0.05157
v 0.70195 1.06901 0.05028
v 0.71155 1.04407 0.05308
v 0.69224 1.05862 0.05164
v 0.74233 1.03192 0.06081
v 0.74281 1.03068 0.04845
v 0.74420 1.02704 0.04854
v 0.74350 1.02793 0.06088
v 0.74175 1.03615 0.05422
v 0.74584 1.02290 0.05517
v 0.73266 1.03049 0.05431
v 0.73651 1.04015 0.05382
v 0.73357 1.03396 0.06048
v 0.73292 1.03318 0.04762
v 0.73390 1.03576 0.04732
v 0.73476 1.03682 0.06065
v 0.70497 1.06660 0.05057
v 0.69828 1.05746 0.04475
v 0.70048 1.06003 0.04388
v 0.69849 1.05428 0.05202
v 0.70992 1.06249 0.05078
v 0.70342 1.05911 0.05885
v 0.70106 1.05516 0.04492
v 0.73053 1.04022 0.06037
v 0.72916 1.03842 0.04689
v 0.72728 1.03650 0.04737
v 0.72846 1.03785 0.05996
v 0.73363 1.04255 0.05338
v 0.72612 1.03492 0.05409
v 0.70332 1.05021 0.05242
v 0.70791 1.05499 0.05929
v 0.71021 1.05753 0.05880
v 0.70401 1.05739 0.04422
v 0.70608 1.06143 0.05834
v 0.70816 1.05398 0.04455
v 0.71290 1.05962 0.05108
v 0.70558 1.05164 0.04516
v 0.68581 1.06876 0.05791
v 0.68838 1.07215 0.05764
v 0.69203 1.07717 0.04977
v 0.68291 1.06459 0.05108
v 0.69620 1.05636 0.05177
v 0.70026 1.06172 0.05861
v 0.70222 1.06440 0.05819
v 0.68771 1.07000 0.04289
v 0.68533 1.06666 0.04328
v 0.72140 1.04384 0.04595
v 0.72044 1.04102 0.04675
v 0.72645 1.04826 0.05264
v 0.71957 1.03907 0.05378
v 0.72263 1.04670 0.05966
v 0.72124 1.04375 0.05972
v 0.72533 1.04072 0.04638
v 0.72415 1.03853 0.04722
v 0.72909 1.04608 0.05289
v 0.72305 1.03720 0.05398
v 0.72663 1.04305 0.06011
v 0.72495 1.04077 0.05978
v 0.73964 1.02619 0.05494
v 0.73853 1.03067 0.06077
v 0.73870 1.02978 0.04804
v 0.73844 1.03300 0.04793
v 0.73927 1.03792 0.05407
v 0.73867 1.03405 0.06077
v 0.74553 1.03261 0.05450
v 0.75319 1.02412 0.05505
v 0.75073 1.02578 0.05898
v 0.75026 1.02575 0.05134
v 0.74747 1.02868 0.05138
v 0.74793 1.02879 0.05855
v 0.74841 1.02967 0.05484
v 0.75154 1.02632 0.05498
v 0.71808 1.05395 0.05654
v 0.71696 1.05256 0.04724
v 0.70127 1.06759 0.04740
v 0.70162 1.06879 0.05364
v 0.74389 1.03357 0.05855
v 0.74390 1.03300 0.05070
v 0.74512 1.03253 0.05798
v 0.74503 1.03232 0.05122
v 0.74177 1.03429 0.05051
v 0.74167 1.03484 0.05834
v 0.70664 1.06306 0.04774
v 0.70712 1.06445 0.05405
v 0.73581 1.03912 0.05812
v 0.73026 1.04328 0.05029
v 0.73080 1.04385 0.05653
v 0.71098 1.05754 0.04669
v 0.71213 1.05929 0.05606
v 0.73546 1.03851 0.04969
v 0.70392 1.06506 0.04735
v 0.70431 1.06656 0.05400
v 0.69113 1.07574 0.05508
v 0.69034 1.07462 0.04471
v 0.72620 1.04766 0.05602
v 0.72574 1.04693 0.04960
v 0.72866 1.04549 0.05659
v 0.72804 1.04492 0.04962
v 0.73876 1.03634 0.05011
v 0.73893 1.03684 0.05821
v 0.74555 1.03155 0.05187
v 0.74573 1.03172 0.05776
v 0.71233 1.04539 0.05724
v 0.69318 1.06062 0.05608
v 0.74986 1.02280 0.05104
v 0.75090 1.02322 0.05909
v 0.71212 1.04484 0.04857
v 0.69294 1.05914 0.04712
v 0.74475 1.02439 0.05905
v 0.73251 1.03132 0.05815
v 0.70000 1.05612 0.05650
v 0.70461 1.05180 0.05681
v 0.72651 1.03571 0.05768
v 0.68354 1.06572 0.05557
v 0.69763 1.05837 0.05629
v 0.71988 1.04036 0.05749
v 0.72330 1.03827 0.05752
v 0.73950 1.02742 0.05049
v 0.74938 1.02272 0.05920
v 0.73890 1.02735 0.05857
v 0.72347 1.03762 0.04996
v 0.69693 1.05651 0.04753
v 0.68385 1.06547 0.04593
v 0.72004 1.03980 0.04950
v 0.75086 1.02340 0.05126
v 0.74542 1.02438 0.05071
v 0.72657 1.03553 0.04999
v 0.73271 1.03151 0.05008
v 0.70410 1.05076 0.04797
v 0.69945 1.05444 0.04771
v 0.75186 1.02418 0.05862
v 0.75158 1.02422 0.05157
v 0.70818 1.06265 0.05578
v 0.70384 1.06619 0.05594
v 0.69790 1.06851 0.04565
v 0.70264 1.06309 0.04498
v 0.69896 1.07036 0.05511
v 0.70728 1.06081 0.04628
v 0.70781 1.06433 0.05064
v 0.69844 1.07178 0.05010
v 0.75125 1.02366 0.05903
v 0.74550 1.03185 0.05781
v 0.74524 1.03175 0.05170
v 0.75106 1.02371 0.05128
v 0.75026 1.02524 0.05989
v 0.74977 1.02529 0.05061
v 0.74480 1.03333 0.05442
v 0.75280 1.02297 0.05526
v 0.74763 1.02850 0.05941
v 0.74709 1.02839 0.05087
v 0.72313 1.04768 0.04795
v 0.72697 1.04357 0.04749
v 0.72409 1.04891 0.05710
v 0.72805 1.04482 0.05857
v 0.73139 1.04141 0.04897
v 0.73204 1.04218 0.05795
v 0.72386 1.05042 0.05220
v 0.73142 1.04424 0.05317
v 0.71466 1.05472 0.04106
v 0.71323 1.05133 0.02640
v 0.69460 1.06598 0.02513
v 0.69582 1.06970 0.04034
v 0.69422 1.06639 0.04079
v 0.71260 1.05200 0.04141
v 0.69237 1.06256 0.02574
v 0.71115 1.04835 0.02705
v 0.74144 1.03310 0.04242
v 0.74318 1.02945 0.04249
v 0.74221 1.03170 0.03079
v 0.74395 1.02842 0.03101
v 0.74514 1.02462 0.03697
v 0.73980 1.03738 0.03597
v 0.74693 1.02565 0.03694
v 0.74079 1.03633 0.03600
v 0.74468 1.02877 0.04167
v 0.74514 1.02818 0.03201
v 0.74300 1.03122 0.03193
v 0.74281 1.03195 0.04151
v 0.71705 1.05737 0.03314
v 0.70079 1.07120 0.03240
v 0.70891 1.04632 0.03429
v 0.69049 1.06063 0.03315
v 0.73812 1.03478 0.04263
v 0.73909 1.03300 0.03011
v 0.74015 1.02933 0.03027
v 0.73882 1.03097 0.04264
v 0.73818 1.03864 0.03593
v 0.74070 1.02535 0.03669
v 0.72870 1.03251 0.03579
v 0.73369 1.04248 0.03557
v 0.72980 1.03700 0.04227
v 0.72976 1.03532 0.02927
v 0.73111 1.03798 0.02879
v 0.73123 1.03986 0.04250
v 0.70370 1.06879 0.03252
v 0.69680 1.05929 0.02609
v 0.69921 1.06194 0.02508
v 0.69658 1.05631 0.03374
v 0.70874 1.06470 0.03248
v 0.70190 1.06144 0.04114
v 0.69957 1.05730 0.02622
v 0.72727 1.04321 0.04216
v 0.72673 1.04102 0.02822
v 0.72470 1.03874 0.02875
v 0.72527 1.04084 0.04157
v 0.73097 1.04503 0.03520
v 0.72273 1.03726 0.03525
v 0.70108 1.05232 0.03388
v 0.70616 1.05759 0.04123
v 0.70878 1.06010 0.04090
v 0.70274 1.05944 0.02537
v 0.70474 1.06348 0.04075
v 0.70669 1.05640 0.02574
v 0.71173 1.06197 0.03272
v 0.70393 1.05375 0.02647
v 0.68471 1.07082 0.04046
v 0.68699 1.07414 0.04009
v 0.69020 1.07909 0.03214
v 0.68104 1.06644 0.03226
v 0.69463 1.05831 0.03357
v 0.69900 1.06370 0.04101
v 0.70109 1.06627 0.04075
v 0.68588 1.07273 0.02446
v 0.68328 1.06920 0.02446
v 0.71957 1.04646 0.02728
v 0.71807 1.04342 0.02802
v 0.72451 1.05083 0.03413
v 0.71670 1.04152 0.03501
v 0.72024 1.04982 0.04134
v 0.71859 1.04690 0.04134
v 0.72325 1.04328 0.02763
v 0.72151 1.04085 0.02852
v 0.72684 1.04873 0.03439
v 0.72006 1.03976 0.03529
v 0.72394 1.04612 0.04201
v 0.72205 1.04385 0.04137
v 0.73485 1.02821 0.03626
v 0.73430 1.03357 0.04256
v 0.73506 1.03191 0.02976
v 0.73526 1.03530 0.02956
v 0.73605 1.04032 0.03582
v 0.73467 1.03704 0.04262
v 0.74155 1.03511 0.03615
v 0.74808 1.02732 0.03681
v 0.74576 1.02890 0.04062
v 0.74563 1.02849 0.03293
v 0.74337 1.03124 0.03291
v 0.74338 1.03172 0.04027
v 0.74401 1.03230 0.03639
v 0.74668 1.02921 0.03659
v 0.71629 1.05677 0.03838
v 0.71551 1.05497 0.02854
v 0.69998 1.06952 0.02877
v 0.70062 1.07085 0.03615
v 0.73986 1.03642 0.04034
v 0.74032 1.03545 0.03222
v 0.74099 1.03520 0.03974
v 0.74145 1.03468 0.03275
v 0.73841 1.03662 0.03203
v 0.73785 1.03766 0.04016
v 0.70536 1.06526 0.02896
v 0.70579 1.06654 0.03613
v 0.73268 1.04202 0.03997
v 0.72824 1.04600 0.03178
v 0.72827 1.04675 0.03818
v 0.70962 1.05968 0.02796
v 0.71067 1.06178 0.03810
v 0.73283 1.04099 0.03132
v 0.70271 1.06703 0.02854
v 0.70334 1.06873 0.03641
v 0.68911 1.07784 0.03730
v 0.68829 1.07682 0.02718
v 0.72403 1.05052 0.03752
v 0.72388 1.04958 0.03093
v 0.72622 1.04850 0.03821
v 0.72607 1.04765 0.03110
v 0.73570 1.03867 0.03178
v 0.73537 1.03969 0.04005
v 0.74164 1.03401 0.03350
v 0.74145 1.03448 0.03948
v 0.71007 1.04852 0.03888
v 0.69195 1.06296 0.03833
v 0.74496 1.02555 0.03285
v 0.74547 1.02684 0.04075
v 0.70967 1.04676 0.02980
v 0.69103 1.06101 0.02845
v 0.73977 1.02732 0.04064
v 0.72880 1.03406 0.03974
v 0.69863 1.05843 0.03863
v 0.70291 1.05444 0.03874
v 0.72329 1.03867 0.03924
v 0.68267 1.06836 0.03791
v 0.69620 1.06071 0.03852
v 0.71715 1.04358 0.03909
v 0.72048 1.04126 0.03912
v 0.73508 1.02912 0.03206
v 0.74414 1.02617 0.04086
v 0.73436 1.03017 0.04018
v 0.72050 1.03988 0.03130
v 0.69520 1.05825 0.02892
v 0.68177 1.06739 0.02706
v 0.71717 1.04188 0.03080
v 0.74585 1.02644 0.03306
v 0.74081 1.02651 0.03251
v 0.72321 1.03750 0.03136
v 0.72892 1.03318 0.03163
v 0.70194 1.05264 0.02932
v 0.69745 1.05628 0.02907
v 0.74664 1.02749 0.04036
v 0.74679 1.02720 0.03317
v 0.70710 1.06516 0.03795
v 0.70259 1.06803 0.03891
v 0.69685 1.07039 0.02745
v 0.70137 1.06519 0.02634
v 0.69751 1.07224 0.03748
v 0.70602 1.06295 0.02751
v 0.70640 1.06635 0.03238
v 0.69720 1.07385 0.03230
v 0.74591 1.02697 0.04064
v 0.74134 1.03475 0.03954
v 0.74159 1.03421 0.03322
v 0.74616 1.02667 0.03289
v 0.74512 1.02840 0.04153
v 0.74519 1.02789 0.03222
v 0.74114 1.03569 0.03607
v 0.74754 1.02630 0.03690
v 0.74301 1.03148 0.04102
v 0.74303 1.03092 0.03240
v 0.72152 1.05018 0.02943
v 0.72508 1.04601 0.02882
v 0.72179 1.05186 0.03890
v 0.72537 1.04779 0.04048
v 0.72919 1.04400 0.03052
v 0.72924 1.04515 0.03977
v 0.72196 1.05307 0.03387
v 0.72900 1.04664 0.03463
v 0.70211 1.06201 0.02024
v 0.70009 1.06017 0.00887
v 0.68698 1.07030 0.00821
v 0.68871 1.07293 0.02116
v 0.68765 1.07022 0.02159
v 0.70065 1.05994 0.02056
v 0.68565 1.06744 0.00869
v 0.69855 1.05783 0.00938
v 0.71963 1.04767 0.02042
v 0.72066 1.04496 0.02024
v 0.71947 1.04717 0.01153
v 0.72065 1.04473 0.01153
v 0.72172 1.04173 0.01601
v 0.71819 1.05094 0.01559
v 0.72263 1.04259 0.01595
v 0.71880 1.05019 0.01564
v 0.72184 1.04465 0.01960
v 0.72149 1.04469 0.01258
v 0.72018 1.04675 0.01261
v 0.72059 1.04679 0.01960
v 0.70327 1.06433 0.01414
v 0.69190 1.07399 0.01421
v 0.69747 1.05592 0.01506
v 0.68474 1.06565 0.01510
v 0.71726 1.04884 0.02082
v 0.71728 1.04804 0.01093
v 0.71784 1.04528 0.01105
v 0.71772 1.04597 0.02075
v 0.71707 1.05185 0.01554
v 0.71844 1.04218 0.01593
v 0.71027 1.04682 0.01543
v 0.71417 1.05446 0.01522
v 0.71169 1.04993 0.02050
v 0.71096 1.04926 0.01017
v 0.71197 1.05135 0.00986
v 0.71276 1.05224 0.02087
v 0.69400 1.07226 0.01415
v 0.68863 1.06524 0.00905
v 0.69029 1.06729 0.00819
v 0.68915 1.06257 0.01523
v 0.69744 1.06935 0.01403
v 0.69327 1.06634 0.02115
v 0.69057 1.06373 0.00919
v 0.71015 1.05434 0.02090
v 0.70912 1.05317 0.00950
v 0.70754 1.05145 0.00994
v 0.70853 1.05259 0.02038
v 0.71243 1.05614 0.01503
v 0.70644 1.05010 0.01519
v 0.69226 1.05995 0.01510
v 0.69636 1.06362 0.02084
v 0.69820 1.06558 0.02029
v 0.69273 1.06570 0.00845
v 0.69527 1.06808 0.02054
v 0.69560 1.06346 0.00866
v 0.69960 1.06753 0.01403
v 0.69352 1.06143 0.00929
v 0.68149 1.07431 0.02178
v 0.68283 1.07686 0.02155
v 0.68367 1.08032 0.01447
v 0.67813 1.07025 0.01471
v 0.68765 1.06412 0.01522
v 0.69105 1.06829 0.02140
v 0.69244 1.07023 0.02106
v 0.68021 1.07555 0.00769
v 0.67843 1.07272 0.00805
v 0.70427 1.05689 0.00909
v 0.70323 1.05441 0.00964
v 0.70824 1.06010 0.01463
v 0.70265 1.05280 0.01515
v 0.70558 1.05870 0.02043
v 0.70439 1.05660 0.02040
v 0.70677 1.05467 0.00915
v 0.70549 1.05286 0.00985
v 0.70980 1.05858 0.01475
v 0.70482 1.05170 0.01519
v 0.70797 1.05642 0.02097
v 0.70663 1.05454 0.02038
v 0.71448 1.04407 0.01573
v 0.71457 1.04786 0.02083
v 0.71436 1.04693 0.01061
v 0.71462 1.04941 0.01044
v 0.71576 1.05297 0.01540
v 0.71497 1.05026 0.02088
v 0.71941 1.04935 0.01575
v 0.72398 1.04368 0.01574
v 0.72237 1.04486 0.01892
v 0.72185 1.04484 0.01314
v 0.72039 1.04674 0.01335
v 0.72077 1.04679 0.01879
v 0.72112 1.04744 0.01582
v 0.72280 1.04526 0.01580
v 0.70317 1.06362 0.01809
v 0.70180 1.06279 0.01062
v 0.69094 1.07298 0.01127
v 0.69184 1.07379 0.01738
v 0.71846 1.05008 0.01902
v 0.71833 1.04968 0.01271
v 0.71914 1.04933 0.01848
v 0.71899 1.04921 0.01328
v 0.71702 1.05055 0.01261
v 0.71706 1.05093 0.01888
v 0.69492 1.06983 0.01127
v 0.69575 1.07070 0.01717
v 0.71365 1.05385 0.01881
v 0.71038 1.05670 0.01245
v 0.71067 1.05710 0.01762
v 0.69772 1.06605 0.01030
v 0.69942 1.06702 0.01805
v 0.71332 1.05336 0.01184
v 0.69294 1.07123 0.01076
v 0.69394 1.07215 0.01757
v 0.68347 1.07932 0.01922
v 0.68211 1.07865 0.00995
v 0.70805 1.05968 0.01756
v 0.70762 1.05918 0.01201
v 0.70950 1.05828 0.01789
v 0.70895 1.05773 0.01180
v 0.71536 1.05188 0.01235
v 0.71558 1.05236 0.01882
v 0.71921 1.04882 0.01379
v 0.71953 1.04885 0.01832
v 0.69867 1.05730 0.01872
v 0.68597 1.06742 0.01937
v 0.72130 1.04269 0.01300
v 0.72182 1.04322 0.01895
v 0.69760 1.05653 0.01146
v 0.68481 1.06606 0.01123
v 0.71811 1.04342 0.01893
v 0.71057 1.04795 0.01865
v 0.69071 1.06422 0.01915
v 0.69372 1.06138 0.01889
v 0.70717 1.05086 0.01841
v 0.67945 1.07174 0.01941
v 0.68889 1.06570 0.01930
v 0.70323 1.05403 0.01850
v 0.70522 1.05272 0.01840
v 0.71439 1.04486 0.01249
v 0.72128 1.04255 0.01894
v 0.71439 1.04529 0.01886
v 0.70487 1.05188 0.01202
v 0.68765 1.06431 0.01151
v 0.67777 1.07111 0.01041
v 0.70270 1.05319 0.01181
v 0.72163 1.04329 0.01314
v 0.71826 1.04322 0.01280
v 0.70664 1.05035 0.01202
v 0.71026 1.04765 0.01203
v 0.69244 1.06031 0.01155
v 0.68931 1.06276 0.01159
v 0.72300 1.04365 0.01861
v 0.72263 1.04383 0.01323
v 0.69676 1.06952 0.01825
v 0.69330 1.07165 0.01945
v 0.68853 1.07359 0.01000
v 0.69184 1.06981 0.00922
v 0.68969 1.07483 0.01888
v 0.69530 1.06815 0.01008
v 0.69614 1.07060 0.01414
v 0.68900 1.07601 0.01432
v 0.72243 1.04309 0.01875
v 0.71939 1.04891 0.01836
v 0.71911 1.04884 0.01356
v 0.72210 1.04315 0.01312
v 0.72193 1.04427 0.01964
v 0.72139 1.04425 0.01258
v 0.71895 1.04984 0.01571
v 0.72329 1.04262 0.01592
v 0.72067 1.04660 0.01922
v 0.72010 1.04651 0.01299
v 0.70589 1.05955 0.01078
v 0.70811 1.05674 0.01013
v 0.70675 1.06051 0.01855
v 0.70901 1.05766 0.01969
v 0.71098 1.05531 0.01127
v 0.71147 1.05603 0.01889
v 0.70671 1.06145 0.01436
v 0.71134 1.05726 0.01488
v 0.63284 1.05786 0.11637
v 0.63957 1.06542 0.10713
v 0.63442 1.05685 0.12135
v 0.62988 1.06187 0.10927
v 0.64274 1.06024 0.12094
v 0.64208 1.06124 0.11466
v 0.63478 1.05789 0.12450
v 0.64246 1.06097 0.12239
v 0.63459 1.05745 0.12398
v 0.63081 1.06550 0.11806
v 0.63812 1.06817 0.11617
v 0.64267 1.06059 0.12185
v 0.63295 1.05812 0.12268
v 0.64285 1.06200 0.11976
v 0.63409 1.06835 0.11668
v 0.63918 1.05868 0.12457
v 0.63126 1.06130 0.12029
v 0.64106 1.06486 0.11742
v 0.62690 1.08202 0.10603
v 0.63172 1.08372 0.10251
v 0.63112 1.08800 0.09775
v 0.62734 1.09284 0.09442
v 0.61886 1.08295 0.10041
v 0.61676 1.08839 0.09614
v 0.62191 1.07980 0.10511
v 0.62078 1.09309 0.09552
v 0.16701 0.01686 0.18550
v 0.19131 0.01482 0.19089
v 0.19159 0.01587 0.18501
v 0.16684 0.01718 0.17478
v 0.16632 0.00970 0.18522
v 0.19018 0.00910 0.18634
v 0.19000 0.00835 0.19188
v 0.16506 0.00989 0.17410
v 0.17017 0.01910 0.22867
v 0.17081 0.01646 0.23391
v 0.19434 0.01792 0.22943
v 0.19423 0.01584 0.23418
v 0.18223 0.01316 0.24157
v 0.18185 0.02303 0.22353
v 0.18282 0.01775 0.24205
v 0.18190 0.02302 0.22561
v 0.17243 0.01786 0.23616
v 0.19242 0.01786 0.23616
v 0.19242 0.01888 0.23164
v 0.17196 0.01910 0.23156
v 0.18007 0.02607 0.18649
v 0.17998 0.02712 0.17800
v 0.17734 -0.00047 0.18604
v 0.17622 -0.00087 0.17641
v 0.16833 0.01757 0.22450
v 0.19585 0.01593 0.22551
v 0.19552 0.01172 0.22972
v 0.16849 0.01317 0.22872
v 0.18167 0.02277 0.22133
v 0.18165 0.00649 0.23790
v 0.18040 -0.00422 0.21531
v 0.18161 0.02313 0.21624
v 0.16687 0.00875 0.21564
v 0.19438 0.00451 0.21447
v 0.19632 0.01200 0.21466
v 0.16698 0.01624 0.21582
v 0.18550 -0.00209 0.16838
v 0.19391 0.00067 0.17286
v 0.20879 0.00118 0.17167
v 0.21528 0.00136 0.17131
v 0.23003 0.00152 0.16775
v 0.16653 0.01642 0.20973
v 0.19564 0.01105 0.20872
v 0.19300 0.00351 0.20693
v 0.16677 0.00895 0.20743
v 0.18153 0.02397 0.21288
v 0.17909 -0.00406 0.20440
v 0.19296 0.01259 0.19743
v 0.19138 0.00502 0.19780
v 0.18085 0.02536 0.19871
v 0.17810 -0.00268 0.19602
v 0.16692 0.01674 0.19683
v 0.16684 0.00956 0.19696
v 0.19472 0.01102 0.20271
v 0.19180 0.00388 0.20198
v 0.18111 0.02539 0.20443
v 0.17826 -0.00284 0.19988
v 0.16638 0.01627 0.20346
v 0.16687 0.00918 0.20220
v 0.18106 -0.00005 0.22871
v 0.16720 0.01061 0.22251
v 0.19518 0.00774 0.22260
v 0.19634 0.01370 0.22022
v 0.18160 0.02277 0.21888
v 0.16739 0.01672 0.22043
v 0.22415 0.00333 0.17458
v 0.18187 0.02248 0.22880
v 0.18333 0.02050 0.24176
v 0.17496 0.01929 0.23751
v 0.19017 0.01944 0.23751
v 0.18968 0.02010 0.23326
v 0.17468 0.02008 0.23295
v 0.18244 0.02226 0.23340
v 0.18301 0.02160 0.23812
v 0.21593 0.01592 0.18151
v 0.19587 0.01714 0.18498
v 0.21481 0.01157 0.18276
v 0.19513 0.01219 0.18690
v 0.20725 0.02811 0.17846
v 0.23561 0.01390 0.17728
v 0.21843 0.01551 0.18121
v 0.23464 0.00959 0.17828
v 0.21835 0.01136 0.18202
v 0.22831 0.02648 0.17628
v 0.21570 0.00879 0.18040
v 0.23741 0.01332 0.17533
v 0.23808 0.02012 0.17305
v 0.23659 0.00877 0.17616
v 0.23811 0.02402 0.16823
v 0.19188 0.00754 0.18396
v 0.19414 0.02610 0.17417
v 0.17117 0.02304 0.18594
v 0.18853 0.02253 0.18780
v 0.18889 0.02315 0.17947
v 0.17182 0.02361 0.17622
v 0.17394 0.02204 0.22490
v 0.19029 0.02139 0.22503
v 0.17511 0.02179 0.22705
v 0.18937 0.02161 0.22700
v 0.19090 0.02078 0.22221
v 0.17308 0.02154 0.22204
v 0.23386 0.00184 0.16777
v 0.22221 0.00137 0.16903
v 0.17221 0.02157 0.21606
v 0.18903 0.02344 0.20799
v 0.17385 0.02400 0.20884
v 0.19166 0.02006 0.21511
v 0.17340 0.02443 0.19973
v 0.18792 0.02364 0.19853
v 0.17256 0.02351 0.20433
v 0.18913 0.02302 0.20312
v 0.19139 0.02031 0.21883
v 0.17256 0.02140 0.21931
v 0.18790 0.02161 0.22940
v 0.17611 0.02163 0.22906
v 0.21426 0.02396 0.17812
v 0.19953 0.02468 0.18002
v 0.23434 0.02284 0.17550
v 0.22130 0.02342 0.17732
v 0.16951 0.00254 0.18510
v 0.16840 0.00290 0.17367
v 0.19056 0.01419 0.23838
v 0.17512 0.01704 0.23997
v 0.18599 0.00277 0.18954
v 0.18622 0.00286 0.18208
v 0.17247 0.00805 0.23461
v 0.17118 0.00022 0.21539
v 0.23544 0.00381 0.17161
v 0.17087 0.00067 0.20542
v 0.17047 0.00152 0.19685
v 0.17079 0.00143 0.20112
v 0.19016 0.00226 0.22618
v 0.17403 0.01377 0.23889
v 0.17149 0.00346 0.22628
v 0.18693 -0.00124 0.20101
v 0.18693 -0.00122 0.19657
v 0.19023 0.01739 0.23926
v 0.19087 0.00819 0.23464
v 0.18782 -0.00228 0.20545
v 0.18946 -0.00198 0.21468
v 0.17602 0.01885 0.24099
v 0.18998 0.01908 0.24033
v 0.19688 0.00827 0.18505
v 0.21173 0.00864 0.18186
v 0.21942 0.00852 0.18043
v 0.23228 0.00681 0.17773
v 0.16511 0.01801 0.16776
v 0.16323 0.01041 0.16757
v 0.17951 0.02962 0.17142
v 0.20653 0.03061 0.17111
v 0.22811 0.02875 0.16914
v 0.17088 0.02541 0.16809
v 0.16685 0.00261 0.16780
v 0.16415 0.01989 0.15812
v 0.23109 0.00369 0.17318
v 0.16460 0.00166 0.15905
v 0.21779 0.00413 0.17656
v 0.21019 0.00389 0.17767
v 0.19524 0.00376 0.17984
v 0.18540 0.00049 0.17613
v 0.19080 0.00481 0.17997
v 0.21466 0.00579 0.17797
v 0.19525 0.05866 0.12615
v 0.17617 0.03994 0.10885
v 0.22026 -0.00023 0.16057
v 0.22143 0.02866 0.16869
v 0.20362 0.05051 0.13705
v 0.23430 0.04447 0.13428
v 0.21348 0.04879 0.13765
v 0.18282 0.04611 0.13598
v 0.19402 0.04949 0.13732
v 0.19425 0.02164 0.17964
v 0.22376 0.04724 0.13608
v 0.22866 0.05373 0.12438
v 0.21749 0.05669 0.12611
v 0.21755 0.02123 0.17689
v 0.20861 0.04981 0.13729
v 0.19134 0.05810 0.12420
v 0.17919 0.04961 0.09190
v 0.21316 0.02946 0.16929
v 0.19875 0.05027 0.13717
v 0.19906 0.05984 0.12537
v 0.21753 0.02580 0.17196
v 0.21706 0.01539 0.18002
v 0.21284 0.05709 0.12736
v 0.19269 0.01122 0.18559
v 0.23616 0.00550 0.17439
v 0.19373 0.01629 0.18379
v 0.23407 0.02723 0.16660
v 0.18936 0.06537 0.10766
v 0.19913 0.02978 0.17056
v 0.18819 0.02881 0.17041
v 0.21631 0.01120 0.18115
v 0.18889 0.04846 0.13660
v 0.18370 0.05911 0.10757
v 0.17611 0.04083 0.13530
v 0.20838 0.05871 0.12611
v 0.16197 0.01161 0.15849
v 0.17236 0.03213 0.12293
v 0.18006 0.04918 0.12208
v 0.16771 0.02641 0.13616
v 0.18693 0.06955 0.09297
v 0.22528 0.00592 0.17881
v 0.20382 0.00634 0.18295
v 0.20228 0.00269 0.17788
v 0.17528 -0.00221 0.17032
v 0.18594 0.05513 0.12252
v 0.20616 0.07937 0.09894
v 0.16800 0.02610 0.15751
v 0.21616 0.03391 0.16042
v 0.19318 0.03405 0.16152
v 0.23717 0.03116 0.15681
v 0.20593 0.03387 0.16506
v 0.20993 0.03339 0.16442
v 0.20140 0.03349 0.16512
v 0.21007 0.03676 0.15794
v 0.19940 0.03675 0.15841
v 0.22755 0.03109 0.16300
v 0.22377 0.03140 0.16324
v 0.23125 0.03045 0.16190
v 0.22149 0.03484 0.15677
v 0.23135 0.03353 0.15518
v 0.17913 0.03239 0.16617
v 0.17317 0.02980 0.16497
v 0.18462 0.03230 0.16536
v 0.17212 0.03129 0.15695
v 0.18607 0.03540 0.15832
v 0.21842 0.04820 0.13683
v 0.22912 0.04579 0.13524
v 0.20485 0.03748 0.15774
v 0.22638 0.03448 0.15562
v 0.17911 0.03500 0.15787
v 0.23373 0.05156 0.12382
v 0.22293 0.05578 0.12509
v 0.23390 0.06865 0.09946
v 0.20350 0.06007 0.12517
v 0.19216 0.07518 0.09480
v 0.19843 0.07683 0.09946
v 0.21464 0.07663 0.10172
v 0.22438 0.07512 0.09889
v 0.16560 0.01745 0.13687
v 0.16739 0.00657 0.13717
v 0.17135 0.03405 0.13544
v 0.17549 0.04124 0.12243
v 0.18226 0.06089 0.09249
v 0.17914 0.05078 0.10818
v 0.17646 -0.00278 0.13962
v 0.17526 -0.00405 0.15133
v 0.19139 -0.00278 0.14534
v 0.16264 0.01372 0.14805
v 0.16469 0.00253 0.14843
v 0.16474 0.02275 0.14733
v 0.21034 0.00034 0.16375
v 0.18050 0.03915 0.14766
v 0.17286 0.03527 0.14703
v 0.16831 0.02960 0.14695
v 0.23148 -0.00130 0.15896
v 0.18732 0.04081 0.14804
v 0.19333 0.04123 0.14898
v 0.19871 0.04240 0.14843
v 0.20408 0.04290 0.14800
v 0.20929 0.04227 0.14808
v 0.21438 0.04121 0.14851
v 0.21958 0.04091 0.14725
v 0.22473 0.04011 0.14615
v 0.23004 0.03909 0.14553
v 0.23543 0.03798 0.14498
v 0.20023 -0.00009 0.16211
v 0.19008 -0.00207 0.16218
v 0.19635 0.06556 0.11595
v 0.22979 0.06242 0.11181
v 0.21681 0.06652 0.11400
v 0.19409 0.06709 0.11083
v 0.19947 0.06872 0.11212
v 0.21285 0.06434 0.11816
v 0.20972 0.06831 0.11371
v 0.23373 0.05784 0.11454
v 0.22302 0.06570 0.11202
v 0.20440 0.07017 0.11157
v 0.18996 0.00117 0.17484
v 0.21273 0.00204 0.17364
v 0.20105 0.00081 0.17103
v 0.17418 -0.00393 0.16084
v 0.22952 -0.00162 0.14661
v 0.21863 -0.00024 0.14898
v 0.20992 0.00076 0.15067
v 0.20160 -0.00065 0.14907
v 0.17551 0.01771 0.24105
v 0.17559 0.02168 0.22840
v 0.18853 0.02164 0.22863
v 0.19025 0.01802 0.24013
v 0.17321 0.01813 0.23713
v 0.19166 0.01827 0.23714
v 0.18183 0.02285 0.22720
v 0.18306 0.01893 0.24264
v 0.17279 0.01908 0.23272
v 0.19132 0.01914 0.23283
v 0.18954 0.02145 0.19566
v 0.19282 0.01894 0.20289
v 0.17063 0.02261 0.19640
v 0.16865 0.02070 0.20398
v 0.19169 0.02050 0.21006
v 0.17153 0.02191 0.21087
v 0.18021 0.02496 0.19421
v 0.18143 0.02519 0.20990
v 0.23654 0.00028 0.16467
v 0.24945 -0.00188 0.15925
v 0.25503 -0.00106 0.15911
v 0.24400 0.00007 0.16524
v 0.25369 0.01238 0.17121
v 0.23897 0.01306 0.17598
v 0.25252 0.00726 0.17005
v 0.23842 0.00820 0.17647
v 0.24760 0.02300 0.17160
v 0.26923 0.00706 0.15795
v 0.25564 0.01422 0.16888
v 0.26810 0.00221 0.16062
v 0.25535 0.00939 0.16811
v 0.26337 0.01959 0.16104
v 0.25450 0.01323 0.16963
v 0.25544 0.01869 0.16760
v 0.25419 0.00888 0.16833
v 0.25582 0.02175 0.16307
v 0.25270 -0.00097 0.16040
v 0.24270 -0.00180 0.16039
v 0.25283 0.01992 0.16947
v 0.24198 0.02079 0.17248
v 0.26800 0.01587 0.15885
v 0.25808 0.01939 0.16474
v 0.25314 0.00142 0.16379
v 0.25600 0.00225 0.16442
v 0.23969 0.00500 0.17347
v 0.25036 0.00233 0.16860
v 0.25606 0.00530 0.16636
v 0.24748 0.02573 0.16470
v 0.26984 0.00795 0.15225
v 0.26815 0.00246 0.15545
v 0.26430 0.02043 0.15677
v 0.26943 0.01712 0.15238
v 0.24987 -0.00005 0.16375
v 0.23884 0.00273 0.16960
v 0.27050 0.00963 0.14237
v 0.26871 0.00323 0.14555
v 0.26508 -0.00006 0.15217
v 0.25870 -0.00158 0.14790
v 0.24130 -0.00295 0.15361
v 0.26889 0.00524 0.12536
v 0.24182 0.02606 0.16433
v 0.27115 0.01177 0.12351
v 0.25568 0.03597 0.12922
v 0.27100 0.01825 0.12337
v 0.26456 0.02745 0.12568
v 0.24576 0.04158 0.13075
v 0.25100 0.04369 0.11863
v 0.23912 0.05026 0.12087
v 0.27078 0.01353 0.11325
v 0.25380 0.00458 0.16697
v 0.25278 0.02466 0.16145
v 0.25914 0.02222 0.15848
v 0.26876 0.02020 0.08383
v 0.26807 0.02811 0.08308
v 0.27021 0.01948 0.11294
v 0.26496 0.00137 0.16257
v 0.25991 0.00291 0.16470
v 0.24455 0.00193 0.16960
v 0.26007 0.00149 0.16344
v 0.26483 0.00074 0.16035
v 0.27047 0.01738 0.14182
v 0.25604 0.02732 0.15173
v 0.24718 0.02893 0.15805
v 0.24381 0.02924 0.15843
v 0.25054 0.02835 0.15686
v 0.24220 0.03264 0.15243
v 0.25131 0.03099 0.15023
v 0.26494 0.02185 0.15156
v 0.26855 0.02029 0.14934
v 0.26168 0.02317 0.15288
v 0.26825 0.02147 0.14202
v 0.26095 0.02585 0.14698
v 0.23996 0.04341 0.13225
v 0.25101 0.03930 0.12981
v 0.26028 0.03203 0.12759
v 0.26830 0.02310 0.12431
v 0.24676 0.03246 0.15082
v 0.26473 0.02397 0.14417
v 0.25523 0.03995 0.11882
v 0.24580 0.04713 0.11895
v 0.25129 0.05154 0.09458
v 0.25813 0.04483 0.08782
v 0.24316 0.06106 0.09571
v 0.26439 0.00148 0.12898
v 0.26467 0.02573 0.13538
v 0.26834 0.02239 0.13332
v 0.26060 0.02896 0.13768
v 0.26493 0.00022 0.14200
v 0.27102 0.01797 0.13195
v 0.27112 0.01087 0.13248
v 0.26915 0.00436 0.13578
v 0.25111 -0.00267 0.15238
v 0.24084 0.03778 0.14283
v 0.24617 0.03665 0.14137
v 0.25123 0.03487 0.14053
v 0.25597 0.03202 0.14004
v 0.26944 0.02223 0.09874
v 0.26979 0.01615 0.09937
v 0.26412 0.03001 0.11475
v 0.26227 0.03530 0.10153
v 0.26388 0.03671 0.08423
v 0.25793 -0.00014 0.13311
v 0.26790 0.02484 0.11326
v 0.26671 0.02868 0.09922
v 0.25933 0.03607 0.11683
v 0.25056 0.04787 0.10668
v 0.23789 0.05863 0.10927
v 0.25425 0.04342 0.10991
v 0.24500 0.05375 0.10635
v 0.25694 0.04168 0.10529
v 0.25984 -0.00089 0.15696
v 0.24986 -0.00167 0.13768
v 0.23983 -0.00245 0.14219
v 0.20124 0.01703 0.20406
v 0.21630 0.01313 0.20229
v 0.20005 0.01266 0.20272
v 0.21500 0.00878 0.20115
v 0.20633 0.00793 0.22707
v 0.20672 0.00507 0.22945
v 0.22103 0.00646 0.22354
v 0.22153 0.00390 0.22576
v 0.21418 0.00066 0.23113
v 0.21320 0.01096 0.22448
v 0.21516 0.00345 0.23254
v 0.21344 0.01042 0.22548
v 0.20846 0.00525 0.23068
v 0.22053 0.00457 0.22745
v 0.22007 0.00638 0.22546
v 0.20783 0.00707 0.22871
v 0.20948 0.02214 0.20443
v 0.20624 0.00415 0.19933
v 0.20462 0.00829 0.22444
v 0.22112 0.00651 0.22075
v 0.22136 0.00273 0.22191
v 0.20452 0.00448 0.22567
v 0.21268 0.01157 0.22306
v 0.21212 -0.00365 0.22653
v 0.20823 -0.00238 0.20910
v 0.21206 0.01357 0.21989
v 0.20172 0.00664 0.21616
v 0.21781 0.00390 0.21098
v 0.21926 0.00786 0.21360
v 0.20272 0.01048 0.21889
v 0.20197 0.01359 0.21412
v 0.21801 0.01006 0.20902
v 0.21625 0.00669 0.20610
v 0.20116 0.01047 0.21066
v 0.21139 0.01557 0.21651
v 0.20745 0.00285 0.20325
v 0.21670 0.01238 0.20511
v 0.21521 0.00870 0.20341
v 0.20998 0.02055 0.21032
v 0.20686 0.00484 0.20141
v 0.20173 0.01685 0.20853
v 0.20096 0.01306 0.20667
v 0.21732 0.01124 0.20659
v 0.21543 0.00822 0.20443
v 0.21035 0.01905 0.21251
v 0.20701 0.00481 0.20200
v 0.20154 0.01566 0.21106
v 0.20109 0.01233 0.20843
v 0.20983 -0.00425 0.21851
v 0.20273 0.00516 0.22119
v 0.21962 0.00287 0.21666
v 0.22038 0.00707 0.21724
v 0.21237 0.01237 0.22173
v 0.20353 0.00904 0.22180
v 0.21371 0.00922 0.22700
v 0.21579 0.00495 0.23296
v 0.21021 0.00551 0.23148
v 0.21910 0.00514 0.22907
v 0.21839 0.00656 0.22705
v 0.20970 0.00700 0.22927
v 0.21447 0.00789 0.22925
v 0.21529 0.00642 0.23156
v 0.20451 0.02097 0.20474
v 0.21401 0.01892 0.20346
v 0.20857 0.01017 0.22555
v 0.21783 0.00942 0.22314
v 0.20946 0.00954 0.22669
v 0.21757 0.00904 0.22458
v 0.21772 0.00981 0.22144
v 0.20774 0.01076 0.22387
v 0.20652 0.01304 0.22035
v 0.21400 0.01656 0.21288
v 0.20730 0.01730 0.21459
v 0.21705 0.01182 0.21719
v 0.20661 0.02031 0.21090
v 0.21323 0.01919 0.20944
v 0.20640 0.01882 0.21288
v 0.21400 0.01788 0.21096
v 0.21744 0.01063 0.21939
v 0.20697 0.01171 0.22247
v 0.21697 0.00843 0.22610
v 0.21025 0.00880 0.22746
v 0.20138 0.00799 0.20098
v 0.21916 0.00168 0.22853
v 0.21025 0.00377 0.23209
v 0.21183 0.00604 0.20006
v 0.20646 -0.00125 0.22747
v 0.20329 0.00114 0.21228
v 0.20271 0.00639 0.20643
v 0.20238 0.00836 0.20378
v 0.20267 0.00826 0.20484
v 0.21608 -0.00224 0.21747
v 0.20904 0.00193 0.23112
v 0.20441 -0.00109 0.22088
v 0.21201 0.00590 0.20285
v 0.21211 0.00631 0.20216
v 0.21921 0.00344 0.22943
v 0.21798 -0.00188 0.22470
v 0.21252 0.00399 0.20396
v 0.21410 -0.00048 0.20919
v 0.21132 0.00448 0.23293
v 0.21916 0.00404 0.23043
v 0.21067 0.00387 0.23269
v 0.20987 0.00903 0.22719
v 0.21724 0.00864 0.22547
v 0.21928 0.00359 0.23001
v 0.20901 0.00517 0.23100
v 0.21987 0.00455 0.22824
v 0.21357 0.00991 0.22636
v 0.21557 0.00401 0.23296
v 0.20846 0.00674 0.22913
v 0.21922 0.00610 0.22635
v 0.21428 0.01777 0.20716
v 0.21609 0.01541 0.20940
v 0.20491 0.01992 0.20920
v 0.20404 0.01774 0.21251
v 0.21588 0.01421 0.21318
v 0.20591 0.01579 0.21606
v 0.20970 0.02090 0.20809
v 0.21072 0.01725 0.21439
v 0.20448 0.02446 0.19350
v 0.20879 0.02568 0.19302
v 0.21307 0.02351 0.19284
v 0.21653 0.01534 0.19305
v 0.21515 0.01206 0.19303
v 0.21144 0.01023 0.19270
v 0.20578 0.00836 0.19237
v 0.20118 0.01079 0.19332
v 0.19854 0.01398 0.19433
v 0.19875 0.01756 0.19407
v 0.20528 0.02446 0.19638
v 0.20922 0.02419 0.19942
v 0.21251 0.02336 0.19583
v 0.21626 0.01450 0.19667
v 0.21502 0.01054 0.19561
v 0.21163 0.00827 0.19460
v 0.20580 0.00554 0.19406
v 0.20091 0.00945 0.19532
v 0.19912 0.01352 0.19678
v 0.19993 0.01767 0.19784
v 0.20861 0.02623 0.19006
v 0.21242 0.02432 0.19007
v 0.21609 0.01554 0.18898
v 0.21494 0.01151 0.18972
v 0.21160 0.00929 0.18962
v 0.20514 0.00696 0.18988
v 0.19983 0.00989 0.19100
v 0.19727 0.01330 0.19181
v 0.19773 0.01758 0.19047
v 0.20465 0.02504 0.19074
v 0.20172 0.02348 0.18863
v 0.20120 0.02154 0.19374
v 0.21414 0.02089 0.19788
v 0.21514 0.02055 0.19279
v 0.20339 0.02247 0.19887
v 0.20902 0.02517 0.19627
v 0.21411 0.02249 0.18749
v 0.20825 0.02634 0.18650
v 0.22080 0.01511 0.19923
v 0.23781 0.01220 0.19489
v 0.21990 0.01119 0.19671
v 0.23596 0.00783 0.19262
v 0.22547 0.00486 0.21837
v 0.22557 0.00208 0.21942
v 0.23993 0.00466 0.21540
v 0.23985 0.00194 0.21619
v 0.23225 -0.00216 0.21849
v 0.23255 0.00819 0.21715
v 0.23319 -0.00021 0.22079
v 0.23266 0.00745 0.21777
v 0.22718 0.00193 0.22013
v 0.23883 0.00209 0.21761
v 0.23883 0.00418 0.21655
v 0.22688 0.00398 0.21907
v 0.22961 0.01977 0.20112
v 0.22639 0.00533 0.19073
v 0.22378 0.00569 0.21639
v 0.24078 0.00550 0.21306
v 0.24022 0.00212 0.21256
v 0.22359 0.00245 0.21579
v 0.23231 0.00883 0.21624
v 0.23049 -0.00426 0.21240
v 0.22818 -0.00104 0.20017
v 0.23182 0.01127 0.21436
v 0.22149 0.00567 0.20879
v 0.23825 0.00491 0.20378
v 0.23984 0.00799 0.20737
v 0.22212 0.00811 0.21268
v 0.22160 0.01122 0.20942
v 0.23885 0.01018 0.20404
v 0.23686 0.00706 0.20001
v 0.22120 0.00894 0.20495
v 0.23135 0.01401 0.21238
v 0.22726 0.00169 0.19637
v 0.23800 0.01236 0.19909
v 0.23609 0.00891 0.19646
v 0.23019 0.01773 0.20748
v 0.22689 0.00588 0.19440
v 0.22139 0.01430 0.20418
v 0.22082 0.01117 0.20112
v 0.23828 0.01145 0.20146
v 0.23597 0.00831 0.19819
v 0.23053 0.01690 0.20940
v 0.22701 0.00515 0.19576
v 0.22133 0.01306 0.20684
v 0.22110 0.01047 0.20289
v 0.22907 -0.00335 0.20618
v 0.22225 0.00385 0.21242
v 0.23943 0.00354 0.20819
v 0.24064 0.00666 0.21024
v 0.23212 0.00987 0.21536
v 0.22269 0.00659 0.21457
v 0.23269 0.00630 0.21850
v 0.23367 0.00075 0.22159
v 0.22887 0.00201 0.22078
v 0.23746 0.00227 0.21889
v 0.23715 0.00399 0.21790
v 0.22871 0.00377 0.21958
v 0.23326 0.00458 0.21978
v 0.23357 0.00260 0.22111
v 0.22435 0.01837 0.20094
v 0.23488 0.01773 0.19861
v 0.22794 0.00701 0.21788
v 0.23740 0.00727 0.21597
v 0.22870 0.00635 0.21838
v 0.23690 0.00656 0.21673
v 0.23757 0.00799 0.21460
v 0.22687 0.00775 0.21683
v 0.22599 0.01009 0.21458
v 0.23436 0.01582 0.20982
v 0.22712 0.01506 0.21108
v 0.23735 0.01077 0.21196
v 0.22656 0.01701 0.20810
v 0.23379 0.01750 0.20656
v 0.22634 0.01607 0.20973
v 0.23446 0.01678 0.20815
v 0.23758 0.00911 0.21334
v 0.22632 0.00853 0.21582
v 0.23587 0.00567 0.21771
v 0.22951 0.00567 0.21891
v 0.22155 0.00757 0.19367
v 0.23770 -0.00103 0.21724
v 0.22870 0.00010 0.22074
v 0.23219 0.00581 0.19098
v 0.22525 -0.00264 0.21449
v 0.22328 0.00171 0.20348
v 0.22292 0.00536 0.19943
v 0.22252 0.00763 0.19689
v 0.22284 0.00724 0.19820
v 0.23548 -0.00111 0.20635
v 0.22721 -0.00123 0.21950
v 0.22403 -0.00109 0.20924
v 0.23229 0.00646 0.19665
v 0.23248 0.00692 0.19510
v 0.23749 0.00053 0.21855
v 0.23701 -0.00255 0.21216
v 0.23272 0.00416 0.19750
v 0.23419 0.00108 0.20085
v 0.22957 0.00057 0.22139
v 0.23726 0.00089 0.21949
v 0.22908 0.00011 0.22102
v 0.22906 0.00597 0.21877
v 0.23621 0.00605 0.21738
v 0.23741 0.00061 0.21901
v 0.22782 0.00181 0.22026
v 0.23817 0.00198 0.21801
v 0.23265 0.00689 0.21822
v 0.23343 0.00004 0.22126
v 0.22756 0.00355 0.21928
v 0.23798 0.00383 0.21720
v 0.23525 0.01652 0.20351
v 0.23681 0.01495 0.20572
v 0.22475 0.01675 0.20611
v 0.22388 0.01481 0.20895
v 0.23631 0.01387 0.20940
v 0.22571 0.01335 0.21198
v 0.22992 0.01826 0.20528
v 0.23090 0.01568 0.21094
v 0.22471 0.02350 0.18945
v 0.22846 0.02431 0.18895
v 0.23215 0.02321 0.18852
v 0.23675 0.01449 0.18688
v 0.23506 0.01124 0.18629
v 0.23145 0.00996 0.18597
v 0.22636 0.00939 0.18655
v 0.22162 0.01091 0.18834
v 0.21956 0.01317 0.18945
v 0.21909 0.01650 0.19019
v 0.22518 0.02264 0.19235
v 0.22892 0.02170 0.19574
v 0.23198 0.02247 0.19143
v 0.23697 0.01322 0.18953
v 0.23523 0.00871 0.18764
v 0.23137 0.00696 0.18681
v 0.22625 0.00688 0.18712
v 0.22147 0.00952 0.18954
v 0.21964 0.01256 0.19156
v 0.21992 0.01588 0.19330
v 0.22830 0.02491 0.18485
v 0.23164 0.02363 0.18485
v 0.23587 0.01428 0.18336
v 0.23492 0.01067 0.18399
v 0.23166 0.00882 0.18429
v 0.22616 0.00824 0.18504
v 0.22124 0.01027 0.18605
v 0.21915 0.01264 0.18679
v 0.21875 0.01649 0.18651
v 0.22471 0.02399 0.18578
v 0.22259 0.02287 0.18411
v 0.22218 0.02147 0.18992
v 0.23393 0.01966 0.19276
v 0.23453 0.02045 0.18783
v 0.22352 0.02017 0.19438
v 0.22862 0.02337 0.19239
v 0.23353 0.02208 0.18231
v 0.22836 0.02514 0.18162
v 0.23989 0.01264 0.18854
v 0.25460 0.00925 0.18596
v 0.23903 0.00839 0.18754
v 0.25317 0.00577 0.18504
v 0.24558 0.00492 0.20716
v 0.24607 0.00256 0.20863
v 0.25660 0.00446 0.20356
v 0.25683 0.00207 0.20509
v 0.25181 -0.00075 0.20868
v 0.25104 0.00800 0.20511
v 0.25246 0.00132 0.20944
v 0.25123 0.00755 0.20556
v 0.24739 0.00269 0.20900
v 0.25620 0.00247 0.20592
v 0.25595 0.00420 0.20469
v 0.24688 0.00433 0.20764
v 0.24713 0.01866 0.18794
v 0.24486 0.00373 0.18524
v 0.24377 0.00522 0.20574
v 0.25700 0.00473 0.20181
v 0.25683 0.00145 0.20259
v 0.24384 0.00203 0.20620
v 0.25071 0.00859 0.20454
v 0.25029 -0.00299 0.20542
v 0.24659 -0.00214 0.19375
v 0.25005 0.01044 0.20281
v 0.24074 0.00377 0.20014
v 0.25561 0.00221 0.19491
v 0.25662 0.00603 0.19737
v 0.24184 0.00732 0.20270
v 0.24109 0.01008 0.19925
v 0.25575 0.00742 0.19429
v 0.25427 0.00390 0.19209
v 0.23998 0.00678 0.19660
v 0.24892 0.01326 0.19990
v 0.24589 0.00107 0.19143
v 0.25485 0.00682 0.18882
v 0.25358 0.00360 0.18814
v 0.24735 0.01756 0.19234
v 0.24513 0.00258 0.18928
v 0.24048 0.01271 0.19231
v 0.23957 0.00818 0.19182
v 0.25540 0.00655 0.19150
v 0.25376 0.00400 0.19046
v 0.24789 0.01669 0.19491
v 0.24535 0.00199 0.19072
v 0.24054 0.01194 0.19529
v 0.23976 0.00789 0.19402
v 0.24831 -0.00342 0.20024
v 0.24205 0.00276 0.20339
v 0.25630 0.00173 0.19896
v 0.25686 0.00533 0.19968
v 0.25043 0.00925 0.20382
v 0.24272 0.00599 0.20449
v 0.25154 0.00650 0.20634
v 0.25290 0.00233 0.20983
v 0.24891 0.00298 0.20925
v 0.25547 0.00282 0.20692
v 0.25491 0.00426 0.20576
v 0.24843 0.00429 0.20810
v 0.25210 0.00519 0.20748
v 0.25262 0.00377 0.20893
v 0.24288 0.01684 0.18856
v 0.25181 0.01539 0.18711
v 0.24732 0.00699 0.20627
v 0.25471 0.00696 0.20376
v 0.24815 0.00647 0.20665
v 0.25446 0.00644 0.20456
v 0.25473 0.00742 0.20274
v 0.24651 0.00759 0.20550
v 0.24538 0.00967 0.20342
v 0.25121 0.01453 0.19617
v 0.24522 0.01511 0.19768
v 0.25428 0.00949 0.20026
v 0.24478 0.01703 0.19300
v 0.25042 0.01618 0.19197
v 0.24463 0.01620 0.19557
v 0.25124 0.01541 0.19394
v 0.25463 0.00827 0.20158
v 0.24583 0.00840 0.20478
v 0.25403 0.00587 0.20537
v 0.24893 0.00590 0.20697
v 0.24060 0.00504 0.18642
v 0.25609 0.00007 0.20728
v 0.24872 0.00142 0.20982
v 0.24988 0.00460 0.18475
v 0.24556 -0.00212 0.20656
v 0.24134 -0.00188 0.19662
v 0.24134 0.00114 0.19390
v 0.24105 0.00281 0.19069
v 0.24131 0.00191 0.19261
v 0.25399 -0.00191 0.19910
v 0.24752 0.00003 0.20941
v 0.24342 -0.00232 0.20230
v 0.25050 0.00259 0.19012
v 0.25037 0.00318 0.18855
v 0.25569 0.00137 0.20742
v 0.25536 -0.00180 0.20448
v 0.25119 0.00168 0.19078
v 0.25240 -0.00092 0.19315
v 0.24957 0.00198 0.21013
v 0.25553 0.00201 0.20783
v 0.24923 0.00157 0.20999
v 0.24850 0.00615 0.20686
v 0.25424 0.00607 0.20505
v 0.25558 0.00165 0.20747
v 0.24796 0.00264 0.20908
v 0.25590 0.00246 0.20634
v 0.25131 0.00700 0.20592
v 0.25269 0.00164 0.20980
v 0.24743 0.00397 0.20805
v 0.25554 0.00400 0.20521
v 0.25205 0.01408 0.19024
v 0.25356 0.01241 0.19311
v 0.24310 0.01624 0.19200
v 0.24258 0.01467 0.19569
v 0.25276 0.01227 0.19717
v 0.24445 0.01298 0.19970
v 0.24722 0.01761 0.19035
v 0.24829 0.01520 0.19768
v 0.24377 0.01970 0.18163
v 0.24698 0.02108 0.18151
v 0.25011 0.01904 0.18114
v 0.25396 0.01028 0.17958
v 0.25282 0.00772 0.17948
v 0.24947 0.00623 0.17921
v 0.24521 0.00591 0.17964
v 0.24118 0.00762 0.18108
v 0.23872 0.00968 0.18207
v 0.23896 0.01271 0.18201
v 0.24412 0.01945 0.18360
v 0.24698 0.01962 0.18549
v 0.24980 0.01914 0.18299
v 0.25402 0.00945 0.18171
v 0.25280 0.00677 0.18119
v 0.24930 0.00576 0.18112
v 0.24506 0.00518 0.18147
v 0.24088 0.00684 0.18281
v 0.23878 0.00937 0.18391
v 0.23943 0.01252 0.18462
v 0.24705 0.02158 0.17925
v 0.24996 0.01998 0.17881
v 0.25355 0.01096 0.17652
v 0.25245 0.00731 0.17653
v 0.24974 0.00514 0.17622
v 0.24502 0.00444 0.17660
v 0.24090 0.00629 0.17835
v 0.23878 0.00862 0.17968
v 0.23888 0.01278 0.17943
v 0.24404 0.02038 0.17967
v 0.24246 0.01920 0.17800
v 0.24166 0.01699 0.18182
v 0.25121 0.01656 0.18373
v 0.25207 0.01610 0.18034
v 0.24268 0.01741 0.18496
v 0.24694 0.02058 0.18375
v 0.25156 0.01783 0.17653
v 0.24722 0.02155 0.17655
v 0.25623 0.01155 0.17395
v 0.26997 0.00711 0.17056
v 0.25581 0.00834 0.17365
v 0.26796 0.00335 0.16986
v 0.25768 0.00410 0.19011
v 0.25787 0.00240 0.19078
v 0.26773 0.00273 0.19001
v 0.26733 0.00153 0.19083
v 0.26211 0.00004 0.19234
v 0.26283 0.00574 0.18992
v 0.26221 0.00138 0.19332
v 0.26270 0.00535 0.19045
v 0.25847 0.00247 0.19178
v 0.26645 0.00199 0.19176
v 0.26676 0.00274 0.19064
v 0.25835 0.00353 0.19073
v 0.26344 0.01634 0.17341
v 0.26091 0.00317 0.17127
v 0.25666 0.00447 0.18859
v 0.26883 0.00271 0.18838
v 0.26841 0.00081 0.18856
v 0.25667 0.00215 0.18859
v 0.26295 0.00624 0.18900
v 0.26195 -0.00244 0.18886
v 0.26074 -0.00084 0.17583
v 0.26340 0.00997 0.18573
v 0.25579 0.00472 0.18202
v 0.26910 0.00194 0.17972
v 0.27019 0.00445 0.18216
v 0.25623 0.00720 0.18448
v 0.25628 0.00930 0.18217
v 0.27025 0.00600 0.17935
v 0.26865 0.00372 0.17633
v 0.25599 0.00694 0.17957
v 0.26350 0.01199 0.18418
v 0.26069 0.00205 0.17306
v 0.27015 0.00722 0.17332
v 0.26796 0.00400 0.17223
v 0.26343 0.01539 0.17824
v 0.26097 0.00327 0.17273
v 0.25634 0.01171 0.17674
v 0.25605 0.00883 0.17613
v 0.27029 0.00722 0.17652
v 0.26802 0.00479 0.17442
v 0.26351 0.01470 0.18072
v 0.26088 0.00338 0.17343
v 0.25633 0.01100 0.18013
v 0.25616 0.00829 0.17800
v 0.26124 -0.00239 0.18216
v 0.25600 0.00303 0.18531
v 0.26904 0.00098 0.18404
v 0.26989 0.00318 0.18537
v 0.26314 0.00754 0.18764
v 0.25626 0.00557 0.18659
v 0.26232 0.00458 0.19099
v 0.26229 0.00199 0.19388
v 0.25935 0.00252 0.19241
v 0.26520 0.00219 0.19236
v 0.26525 0.00290 0.19127
v 0.25942 0.00346 0.19142
v 0.26232 0.00372 0.19218
v 0.26229 0.00278 0.19318
v 0.25905 0.01501 0.17403
v 0.26795 0.01314 0.17246
v 0.25932 0.00544 0.18998
v 0.26634 0.00450 0.18972
v 0.25969 0.00488 0.19044
v 0.26564 0.00419 0.19034
v 0.26688 0.00484 0.18879
v 0.25898 0.00598 0.18900
v 0.25926 0.00961 0.18539
v 0.26645 0.01282 0.18182
v 0.26074 0.01373 0.18243
v 0.26755 0.00832 0.18481
v 0.26050 0.01499 0.17881
v 0.26659 0.01406 0.17786
v 0.26031 0.01445 0.18109
v 0.26673 0.01350 0.17997
v 0.26744 0.00613 0.18702
v 0.25890 0.00725 0.18750
v 0.26472 0.00391 0.19087
v 0.26002 0.00449 0.19081
v 0.25737 0.00558 0.17269
v 0.26569 0.00052 0.19195
v 0.25937 0.00158 0.19257
v 0.26480 0.00253 0.17005
v 0.25802 -0.00113 0.18900
v 0.25627 0.00168 0.17840
v 0.25686 0.00432 0.17581
v 0.25754 0.00573 0.17421
v 0.25749 0.00556 0.17516
v 0.26682 -0.00191 0.18273
v 0.25901 0.00074 0.19181
v 0.25671 -0.00062 0.18373
v 0.26492 0.00323 0.17310
v 0.26482 0.00282 0.17187
v 0.26528 0.00142 0.19248
v 0.26643 -0.00191 0.18909
v 0.26555 0.00214 0.17344
v 0.26652 -0.00065 0.17667
v 0.25961 0.00186 0.19312
v 0.26497 0.00158 0.19293
v 0.25944 0.00155 0.19288
v 0.25985 0.00463 0.19068
v 0.26507 0.00400 0.19069
v 0.26515 0.00140 0.19268
v 0.25869 0.00238 0.19203
v 0.26593 0.00199 0.19196
v 0.26241 0.00493 0.19078
v 0.26221 0.00151 0.19372
v 0.25867 0.00321 0.19099
v 0.26604 0.00267 0.19095
v 0.26800 0.01276 0.17586
v 0.26860 0.01162 0.17902
v 0.25900 0.01441 0.17759
v 0.25840 0.01329 0.18097
v 0.26744 0.01066 0.18238
v 0.25956 0.01214 0.18343
v 0.26340 0.01567 0.17632
v 0.26357 0.01354 0.18279
v 0.26013 0.01771 0.16922
v 0.26293 0.01808 0.16843
v 0.26578 0.01668 0.16771
v 0.26957 0.00702 0.16560
v 0.26807 0.00316 0.16584
v 0.26522 0.00272 0.16696
v 0.26089 0.00365 0.16832
v 0.25761 0.00610 0.16981
v 0.25610 0.00885 0.17097
v 0.25609 0.01219 0.17126
v 0.26045 0.01730 0.17038
v 0.26326 0.01682 0.17158
v 0.26571 0.01636 0.16932
v 0.26954 0.00706 0.16796
v 0.26778 0.00314 0.16771
v 0.26502 0.00252 0.16810
v 0.26110 0.00352 0.16939
v 0.25765 0.00580 0.17100
v 0.25612 0.00864 0.17194
v 0.25623 0.01195 0.17233
v 0.26275 0.01865 0.16647
v 0.26554 0.01725 0.16584
v 0.26957 0.00684 0.16227
v 0.26834 0.00267 0.16371
v 0.26517 0.00202 0.16494
v 0.26022 0.00301 0.16622
v 0.25673 0.00555 0.16803
v 0.25562 0.00853 0.16954
v 0.25587 0.01259 0.16983
v 0.26005 0.01832 0.16787
v 0.25851 0.01784 0.16724
v 0.25817 0.01628 0.16999
v 0.26741 0.01413 0.16982
v 0.26805 0.01417 0.16701
v 0.25901 0.01581 0.17187
v 0.26307 0.01763 0.17009
v 0.26744 0.01545 0.16343
v 0.26303 0.01882 0.16391
v 0.17085 0.02208 0.12348
v 0.17193 0.01182 0.12338
v 0.17909 0.00112 0.12437
v 0.19252 0.00019 0.12787
v 0.22837 0.00142 0.13075
v 0.21883 0.00250 0.13471
v 0.21250 0.00293 0.13601
v 0.20543 0.00179 0.13355
v 0.26842 0.00726 0.11475
v 0.26348 0.00374 0.11668
v 0.25704 0.00228 0.11932
v 0.24892 0.00128 0.12244
v 0.23828 0.00065 0.12640
v 0.17499 0.02818 0.11017
v 0.17575 0.01754 0.11141
v 0.18159 0.00870 0.11302
v 0.19377 0.00658 0.11573
v 0.22966 0.00558 0.11413
v 0.22076 0.00613 0.11843
v 0.21487 0.00645 0.11991
v 0.20764 0.00640 0.11882
v 0.26723 0.01059 0.10090
v 0.26229 0.00753 0.10236
v 0.25622 0.00583 0.10335
v 0.24933 0.00498 0.10511
v 0.23910 0.00473 0.10898
v 0.17789 0.03756 0.09152
v 0.17919 0.02604 0.09154
v 0.18410 0.01824 0.09325
v 0.19493 0.01390 0.09744
v 0.23291 0.00853 0.09663
v 0.22406 0.00974 0.10016
v 0.21725 0.01054 0.10102
v 0.20843 0.01147 0.10056
v 0.26665 0.01471 0.08482
v 0.26233 0.01052 0.08635
v 0.25721 0.00808 0.08740
v 0.25088 0.00665 0.08864
v 0.24236 0.00691 0.09127
v 0.19501 0.01810 0.07344
v 0.23525 0.00960 0.07416
v 0.22635 0.01029 0.07491
v 0.21872 0.01075 0.07500
v 0.20812 0.01265 0.07459
v 0.26226 0.01382 0.06910
v 0.25670 0.00992 0.07080
v 0.25068 0.00761 0.07186
v 0.24334 0.00775 0.07281
v 0.19260 0.02121 0.05259
v 0.23122 0.00845 0.05281
v 0.22150 0.00897 0.05277
v 0.21385 0.00981 0.05265
v 0.20406 0.01320 0.05284
v 0.26051 0.01654 0.04987
v 0.25451 0.01096 0.05055
v 0.24751 0.00726 0.05073
v 0.23962 0.00724 0.05194
v 0.19035 0.01950 0.03105
v 0.22249 0.00333 0.02636
v 0.21102 0.00456 0.02776
v 0.20438 0.00655 0.02905
v 0.19755 0.01126 0.03024
v 0.25845 0.01792 0.02700
v 0.25247 0.01046 0.02710
v 0.24483 0.00478 0.02634
v 0.23400 0.00346 0.02576
v 0.23362 0.07991 0.08232
v 0.22494 0.08570 0.08358
v 0.26484 0.03658 0.06670
v 0.24830 0.06437 0.07766
v 0.25362 0.05622 0.07294
v 0.24199 0.07206 0.08034
v 0.25903 0.04669 0.06876
v 0.23286 0.09251 0.06702
v 0.22485 0.09746 0.06940
v 0.25869 0.04625 0.04981
v 0.24563 0.07825 0.06066
v 0.24981 0.06897 0.05593
v 0.24034 0.08578 0.06397
v 0.25394 0.05723 0.05195
v 0.23177 0.10645 0.05418
v 0.22435 0.11033 0.05766
v 0.25383 0.05462 0.02938
v 0.24349 0.09583 0.04340
v 0.24841 0.08973 0.03224
v 0.23823 0.10143 0.04972
v 0.25113 0.06798 0.03087
v 0.26747 0.02635 0.06617
v 0.26655 0.01960 0.06696
v 0.26307 0.03408 0.04870
v 0.26398 0.02442 0.04884
v 0.25765 0.04190 0.02792
v 0.26038 0.02820 0.02700
v 0.25562 0.01902 0.00091
v 0.25074 0.00997 0.00269
v 0.24853 0.01657 -0.02495
v 0.24546 0.00697 -0.02041
v 0.23675 0.01344 -0.03884
v 0.23531 0.00432 -0.03173
v 0.22091 0.01178 -0.04214
v 0.22221 0.00250 -0.03328
v 0.20655 0.01247 -0.03377
v 0.20942 0.00252 -0.02687
v 0.19713 0.01473 -0.01672
v 0.20091 0.00445 -0.01380
v 0.19200 0.01830 0.00742
v 0.19706 0.00814 0.00782
v 0.22135 -0.00142 -0.00217
v 0.20999 0.00007 0.00093
v 0.20294 0.00270 0.00618
v 0.24387 0.00300 0.00270
v 0.23360 -0.00058 -0.00172
v 0.22360 -0.00215 -0.02067
v 0.21321 -0.00176 -0.01781
v 0.20592 -0.00037 -0.01079
v 0.24147 0.00081 -0.01465
v 0.23379 -0.00123 -0.01982
v 0.18903 0.08197 0.07768
v 0.20795 0.09041 0.08522
v 0.19387 0.08804 0.08184
v 0.20041 0.08973 0.08455
v 0.21620 0.08871 0.08524
v 0.18491 0.07366 0.07450
v 0.18946 0.09592 0.06329
v 0.19460 0.09986 0.06895
v 0.20115 0.10180 0.07189
v 0.18539 0.08924 0.05563
v 0.18830 0.10951 0.04981
v 0.19431 0.11272 0.05784
v 0.20112 0.11420 0.06142
v 0.18201 0.10412 0.03579
v 0.18230 0.06136 0.07231
v 0.18117 0.04813 0.07129
v 0.18186 0.03434 0.07127
v 0.18592 0.02425 0.07165
v 0.18364 0.07450 0.05238
v 0.18349 0.05937 0.05124
v 0.18432 0.04415 0.05138
v 0.18683 0.03057 0.05172
v 0.18111 0.08182 0.03195
v 0.18327 0.06426 0.03133
v 0.18581 0.04783 0.03167
v 0.18772 0.03185 0.03159
v 0.22078 0.02933 -0.04636
v 0.20815 0.03029 -0.03785
v 0.19881 0.03147 -0.01855
v 0.19155 0.03334 0.00786
v 0.21928 0.04978 -0.04705
v 0.20751 0.04966 -0.03785
v 0.19781 0.04939 -0.01873
v 0.18949 0.05083 0.00782
v 0.21888 0.06908 -0.04507
v 0.20636 0.06885 -0.03652
v 0.19475 0.06813 -0.01899
v 0.18506 0.06825 0.00637
v 0.21886 0.08597 -0.04179
v 0.20480 0.08520 -0.03454
v 0.18074 0.09246 -0.01540
v 0.21930 0.10082 -0.03887
v 0.20422 0.10253 -0.03258
v 0.18169 0.10742 -0.01406
v 0.23486 0.02990 -0.04274
v 0.23194 0.05041 -0.04340
v 0.23032 0.06904 -0.04078
v 0.23051 0.08520 -0.03687
v 0.23180 0.09957 -0.03311
v 0.24662 0.03191 -0.02746
v 0.24278 0.05136 -0.02644
v 0.24132 0.06782 -0.02372
v 0.24843 0.08685 -0.01440
v 0.24876 0.09844 -0.01292
v 0.25585 0.03225 0.00145
v 0.25250 0.04923 0.00307
v 0.25086 0.06408 0.00588
v 0.23075 0.12086 0.04554
v 0.22371 0.12389 0.04966
v 0.24158 0.11358 0.03300
v 0.24556 0.11155 0.02202
v 0.23674 0.11720 0.04028
v 0.18781 0.12478 0.04129
v 0.19388 0.12642 0.05000
v 0.20079 0.12727 0.05392
v 0.18246 0.12381 0.02708
v 0.21819 0.11524 -0.03493
v 0.20386 0.11722 -0.02939
v 0.18330 0.11786 -0.01136
v 0.17977 0.11950 -0.00350
v 0.23074 0.11369 -0.02923
v 0.24721 0.10620 -0.01089
v 0.25009 0.10616 -0.00392
v 0.22955 0.13596 0.04143
v 0.22266 0.13843 0.04576
v 0.24019 0.12951 0.02760
v 0.24356 0.12749 0.01637
v 0.23540 0.13300 0.03563
v 0.18737 0.13898 0.03586
v 0.19326 0.14033 0.04449
v 0.20010 0.14105 0.04883
v 0.18318 0.13768 0.02209
v 0.21696 0.12647 -0.03298
v 0.20202 0.13056 -0.02838
v 0.18927 0.13445 -0.01499
v 0.18185 0.13764 0.00381
v 0.22951 0.12537 -0.02778
v 0.23856 0.12487 -0.01492
v 0.24356 0.12640 0.00066
v 0.22786 0.15339 0.04020
v 0.22089 0.15541 0.04438
v 0.23876 0.14780 0.02490
v 0.24185 0.14413 0.01322
v 0.23397 0.15076 0.03390
v 0.18616 0.15431 0.03149
v 0.19205 0.15595 0.04000
v 0.19875 0.15692 0.04486
v 0.18176 0.15145 0.01925
v 0.21494 0.14075 -0.03160
v 0.20061 0.14409 -0.02761
v 0.18845 0.14775 -0.01568
v 0.18225 0.15135 0.00149
v 0.22792 0.13788 -0.02679
v 0.23671 0.13863 -0.01576
v 0.24147 0.14102 -0.00149
v 0.25366 0.09765 -0.00312
v 0.25309 0.08654 -0.00208
v 0.17657 0.09327 -0.00466
v 0.17805 0.10813 0.00917
v 0.11243 0.59864 0.06966
v 0.10344 0.59773 0.06095
v 0.09976 0.61520 0.06601
v 0.10444 0.63614 0.07901
v 0.09590 0.63404 0.07031
v 0.10858 0.61688 0.07497
v 0.11693 0.61828 0.08052
v 0.11297 0.63834 0.08426
v 0.14820 0.64618 0.08450
v 0.11445 0.55541 0.04680
v 0.16843 0.57327 0.07063
v 0.15038 0.62539 0.08276
v 0.18892 0.58990 0.03910
v 0.10398 0.54982 0.01532
v 0.14945 0.69088 0.08395
v 0.15111 0.72086 0.08226
v 0.15134 0.75505 0.08014
v 0.15107 0.79108 0.07825
v 0.09629 0.67663 0.08428
v 0.08765 0.67318 0.07664
v 0.09201 0.70341 0.08605
v 0.08284 0.69944 0.07890
v 0.08656 0.73514 0.08728
v 0.07691 0.73124 0.08053
v 0.08134 0.76912 0.08847
v 0.10965 0.65789 0.08710
v 0.13736 0.66471 0.08948
v 0.13785 0.64407 0.08790
v 0.14068 0.62296 0.08553
v 0.17022 0.72772 0.02465
v 0.17720 0.66941 0.03460
v 0.17915 0.64814 0.04024
v 0.18068 0.62699 0.04659
v 0.16634 0.76375 0.02066
v 0.16349 0.80067 0.01769
v 0.09164 0.59487 0.02385
v 0.09529 0.57984 0.02299
v 0.09525 0.58135 0.03378
v 0.09178 0.59558 0.03613
v 0.08763 0.61267 0.03962
v 0.08324 0.63116 0.04379
v 0.07396 0.67063 0.05268
v 0.06775 0.69769 0.05691
v 0.14861 0.66659 0.08476
v 0.09792 0.73962 0.09230
v 0.09337 0.77323 0.09364
v 0.10581 0.68037 0.08936
v 0.10229 0.70798 0.09101
v 0.10080 0.65494 0.08202
v 0.09213 0.65214 0.07379
v 0.13872 0.78640 0.08923
v 0.13946 0.75158 0.08964
v 0.13938 0.71833 0.09008
v 0.13782 0.68876 0.09016
v 0.07888 0.64930 0.04823
v 0.11117 0.74398 0.09513
v 0.10781 0.77730 0.09648
v 0.11565 0.68375 0.09207
v 0.11388 0.71194 0.09382
v 0.12365 0.78158 0.09534
v 0.12558 0.74791 0.09458
v 0.12658 0.71536 0.09376
v 0.12631 0.68647 0.09252
v 0.08713 0.61222 0.02585
v 0.08168 0.63111 0.02887
v 0.07620 0.64974 0.03251
v 0.06988 0.67211 0.03656
v 0.06253 0.70097 0.04070
v 0.05417 0.73429 0.04463
v 0.04082 0.80649 0.05044
v 0.07591 0.80643 0.08997
v 0.14860 0.82873 0.07648
v 0.08818 0.80993 0.09502
v 0.13607 0.82387 0.08875
v 0.10331 0.81387 0.09776
v 0.12022 0.81849 0.09608
v 0.10196 0.63370 -0.00610
v 0.12248 0.56793 0.06151
v 0.14574 0.60304 0.08229
v 0.12082 0.59941 0.07574
v 0.10768 0.57135 0.04972
v 0.10639 0.58326 0.05538
v 0.09930 0.58263 0.04508
v 0.18308 0.58901 0.05322
v 0.17991 0.60668 0.05418
v 0.04733 0.76992 0.04793
v 0.04902 0.80417 0.06592
v 0.17412 0.69526 0.02933
v 0.15887 0.83768 0.01589
v 0.18138 0.60603 0.01401
v 0.17675 0.62434 0.01120
v 0.18520 0.60640 0.02449
v 0.17228 0.64411 0.00702
v 0.18071 0.62537 0.02111
v 0.17680 0.64596 0.01649
v 0.17335 0.66679 0.01129
v 0.16806 0.66483 0.00221
v 0.15976 0.57187 0.07590
v 0.12268 0.55494 0.05459
v 0.20156 0.54420 0.01626
v 0.20610 0.52695 0.01743
v 0.21331 0.48583 0.01969
v 0.21695 0.46104 0.01989
v 0.22079 0.43315 0.01777
v 0.22418 0.40333 0.01576
v 0.22648 0.36723 0.01177
v 0.22914 0.32639 0.00872
v 0.16708 0.54704 0.06855
v 0.18928 0.59024 0.02586
v 0.12805 0.52459 0.04396
v 0.12948 0.53318 0.04950
v 0.12576 0.54250 0.05075
v 0.12028 0.53972 0.04359
v 0.19664 0.55997 0.01571
v 0.17294 0.55979 0.06649
v 0.18964 0.56081 0.04879
v 0.19764 0.56074 0.02574
v 0.16487 0.55927 0.07199
v 0.16736 0.53761 0.06599
v 0.17478 0.54578 0.06313
v 0.17342 0.53033 0.06084
v 0.11615 0.51933 0.02521
v 0.10953 0.53554 0.02551
v 0.18629 0.58993 0.01525
v 0.13341 0.50767 0.04252
v 0.17412 0.51326 0.05703
v 0.13746 0.49396 0.04264
v 0.17352 0.49917 0.05540
v 0.14012 0.48470 0.04322
v 0.17239 0.48959 0.05487
v 0.19191 0.54561 0.04692
v 0.19298 0.52924 0.04589
v 0.19264 0.51154 0.04579
v 0.19101 0.49295 0.04743
v 0.18675 0.47108 0.04998
v 0.12260 0.50234 0.02569
v 0.12820 0.48451 0.02803
v 0.13439 0.46444 0.03208
v 0.09820 0.56962 0.03266
v 0.11012 0.53295 0.00641
v 0.10780 0.54872 0.00588
v 0.11354 0.51610 0.00638
v 0.10822 0.53389 0.01574
v 0.11359 0.51742 0.01582
v 0.10314 0.55254 0.02651
v 0.10092 0.56084 0.03254
v 0.10833 0.56253 0.04505
v 0.16059 0.69272 0.07357
v 0.16075 0.72326 0.07034
v 0.16002 0.75795 0.06693
v 0.15996 0.79448 0.06389
v 0.15973 0.66856 0.07607
v 0.15866 0.64857 0.07751
v 0.15951 0.62948 0.07778
v 0.16176 0.61522 0.07669
v 0.17572 0.61581 0.06155
v 0.17597 0.63013 0.05805
v 0.17037 0.72689 0.03949
v 0.17528 0.67003 0.04866
v 0.17574 0.64955 0.05345
v 0.16769 0.76237 0.03531
v 0.16534 0.79928 0.03192
v 0.17350 0.69516 0.04404
v 0.15729 0.83209 0.06118
v 0.16124 0.83621 0.02952
v 0.16852 0.69310 0.00622
v 0.16284 0.69094 -0.00275
v 0.16341 0.72638 0.00168
v 0.15772 0.72444 -0.00699
v 0.15836 0.76346 -0.00188
v 0.15267 0.76204 -0.01040
v 0.15502 0.80072 -0.00430
v 0.14914 0.79937 -0.01297
v 0.15025 0.83773 -0.00571
v 0.14449 0.83655 -0.01447
v 0.12895 0.57450 0.07071
v 0.14832 0.57721 0.07962
v 0.12893 0.56585 0.06645
v 0.15283 0.56871 0.07763
v 0.13225 0.54278 0.05789
v 0.15907 0.54591 0.07101
v 0.16086 0.53530 0.06735
v 0.13512 0.53223 0.05511
v 0.13004 0.55438 0.06159
v 0.15677 0.55753 0.07437
v 0.13728 0.52122 0.05166
v 0.16404 0.52471 0.06279
v 0.14076 0.50758 0.04935
v 0.16531 0.51107 0.05881
v 0.14345 0.49451 0.04804
v 0.16597 0.49798 0.05647
v 0.14505 0.48359 0.04703
v 0.16663 0.48685 0.05498
v 0.12411 0.58191 0.06994
v 0.15135 0.58517 0.07946
v 0.14381 0.45937 0.04185
v 0.17377 0.46322 0.05277
v 0.20142 0.54499 0.02584
v 0.20448 0.52788 0.02662
v 0.20666 0.50897 0.02789
v 0.20882 0.48806 0.02997
v 0.20975 0.50744 0.01824
v 0.11825 0.49772 0.00571
v 0.11940 0.49974 0.01595
v 0.12197 0.47748 0.00606
v 0.12408 0.48058 0.01743
v 0.12471 0.45526 0.00605
v 0.12780 0.45932 0.01874
v 0.12693 0.43113 0.00505
v 0.12996 0.43557 0.01799
v 0.18952 0.44457 0.04935
v 0.13612 0.43925 0.03019
v 0.14461 0.43991 0.04005
v 0.17650 0.44336 0.05230
v 0.21120 0.46436 0.03132
v 0.21409 0.43756 0.03049
v 0.19231 0.41733 0.04848
v 0.14662 0.41606 0.03925
v 0.17916 0.41857 0.05140
v 0.21717 0.40855 0.02931
v 0.12972 0.40471 0.00541
v 0.13231 0.40979 0.01821
v 0.13819 0.41379 0.02965
v 0.18550 0.60634 0.03793
v 0.18255 0.62583 0.03328
v 0.17914 0.64704 0.02775
v 0.17618 0.66840 0.02207
v 0.19563 0.56103 0.03735
v 0.17238 0.69453 0.01683
v 0.16776 0.72746 0.01209
v 0.16264 0.76415 0.00833
v 0.15993 0.80127 0.00576
v 0.15517 0.83824 0.00431
v 0.19835 0.54548 0.03658
v 0.20013 0.52861 0.03651
v 0.20071 0.51031 0.03730
v 0.20112 0.49042 0.03962
v 0.20128 0.46776 0.04175
v 0.20318 0.44193 0.04164
v 0.20589 0.41366 0.04084
v 0.11496 0.56937 0.05543
v 0.11498 0.58303 0.06326
v 0.15759 0.60513 0.07811
v 0.16263 0.58708 0.07471
v 0.09593 0.59666 0.04921
v 0.08830 0.63217 0.05824
v 0.08005 0.67083 0.06617
v 0.06830 0.72942 0.07205
v 0.09210 0.61375 0.05373
v 0.07482 0.69717 0.06938
v 0.08462 0.65027 0.06239
v 0.06062 0.73056 0.06056
v 0.10171 0.57091 0.04159
v 0.18136 0.56020 0.05867
v 0.11412 0.53695 0.03481
v 0.12105 0.52147 0.03434
v 0.18162 0.49715 0.05239
v 0.18341 0.51290 0.05228
v 0.18405 0.52966 0.05386
v 0.18377 0.54556 0.05577
v 0.17769 0.48363 0.05333
v 0.13244 0.49028 0.03619
v 0.13769 0.47795 0.03937
v 0.12736 0.50533 0.03445
v 0.10407 0.56113 0.03892
v 0.16927 0.61449 0.06999
v 0.16848 0.63047 0.06905
v 0.16851 0.64974 0.06657
v 0.16898 0.66984 0.06337
v 0.16882 0.69427 0.05962
v 0.16730 0.72522 0.05547
v 0.16608 0.76028 0.05139
v 0.16467 0.79711 0.04780
v 0.16126 0.83439 0.04491
v 0.14470 0.47311 0.04477
v 0.16962 0.47669 0.05385
v 0.10826 0.55132 0.03660
v 0.09853 0.56633 0.02369
v 0.18632 0.57483 0.05116
v 0.19139 0.57501 0.01567
v 0.19336 0.57556 0.02604
v 0.19230 0.57552 0.03851
v 0.17009 0.60175 0.06815
v 0.17360 0.58711 0.06556
v 0.17770 0.57391 0.06217
v 0.19590 0.38409 0.04609
v 0.15055 0.38537 0.03819
v 0.18284 0.38653 0.04932
v 0.22006 0.37307 0.02586
v 0.20949 0.37965 0.03830
v 0.20163 0.34244 0.04282
v 0.15876 0.34474 0.03743
v 0.18946 0.34518 0.04655
v 0.22387 0.33274 0.02318
v 0.21391 0.33812 0.03491
v 0.13610 0.37097 0.00527
v 0.13673 0.37800 0.01827
v 0.14233 0.38252 0.02920
v 0.14540 0.33071 0.00564
v 0.14604 0.33731 0.01859
v 0.15110 0.34187 0.02915
v 0.10677 0.61323 -0.00366
v 0.11045 0.59481 -0.00256
v 0.11511 0.53237 -0.00292
v 0.11669 0.51534 -0.00388
v 0.11438 0.54844 -0.00280
v 0.12001 0.49606 -0.00590
v 0.12299 0.47499 -0.00672
v 0.12563 0.45158 -0.00773
v 0.12801 0.42642 -0.00906
v 0.13155 0.39947 -0.00846
v 0.11397 0.56372 -0.00289
v 0.11306 0.57877 -0.00258
v 0.13924 0.36523 -0.00879
v 0.15194 0.33790 -0.02051
v 0.21490 0.48358 0.00818
v 0.21883 0.45800 0.00735
v 0.22311 0.42949 0.00445
v 0.22642 0.39915 0.00172
v 0.22787 0.36267 -0.00290
v 0.22600 0.33593 -0.01704
v 0.21060 0.50593 0.00750
v 0.16121 0.66255 -0.00521
v 0.15069 0.72227 -0.01418
v 0.14569 0.76006 -0.01758
v 0.14188 0.79743 -0.02029
v 0.13739 0.83501 -0.02210
v 0.15538 0.68864 -0.01004
v 0.20623 0.52588 0.00767
v 0.18194 0.58888 0.00703
v 0.20063 0.54323 0.00713
v 0.16607 0.64160 -0.00050
v 0.19467 0.55902 0.00675
v 0.17158 0.62223 0.00366
v 0.18796 0.57392 0.00694
v 0.17656 0.60460 0.00610
v 0.07773 0.65152 0.01660
v 0.08370 0.65369 0.00228
v 0.07025 0.67529 0.01878
v 0.07550 0.67905 0.00196
v 0.09040 0.61259 0.01372
v 0.09710 0.61311 0.00368
v 0.06163 0.70572 0.02145
v 0.06632 0.71127 0.00204
v 0.08440 0.63198 0.01483
v 0.09098 0.63304 0.00291
v 0.05212 0.73974 0.02426
v 0.05646 0.74625 0.00248
v 0.03691 0.81031 0.02867
v 0.04152 0.81569 0.00368
v 0.09513 0.59469 0.01311
v 0.10156 0.59476 0.00418
v 0.04412 0.77477 0.02669
v 0.04888 0.78116 0.00302
v 0.10099 0.56452 0.01385
v 0.10603 0.56386 0.00484
v 0.09847 0.57904 0.01307
v 0.10457 0.57881 0.00429
v 0.09446 0.65545 -0.00870
v 0.08622 0.68225 -0.01135
v 0.07699 0.71560 -0.01372
v 0.06809 0.75203 -0.01569
v 0.06094 0.78700 -0.01720
v 0.05444 0.82164 -0.01804
v 0.21815 0.17543 0.04331
v 0.21453 0.19858 0.04339
v 0.20927 0.22823 0.04476
v 0.20365 0.26175 0.04556
v 0.19749 0.30040 0.04649
v 0.19630 0.17612 0.04132
v 0.19228 0.19907 0.03949
v 0.18583 0.22836 0.03844
v 0.17850 0.26186 0.03911
v 0.16958 0.30050 0.03904
v 0.20074 0.26231 -0.03067
v 0.20351 0.23513 -0.02879
v 0.20662 0.20646 -0.02792
v 0.20993 0.18045 -0.02757
v 0.21264 0.15847 -0.02876
v 0.18663 0.26498 -0.02867
v 0.19007 0.23753 -0.02757
v 0.19341 0.20812 -0.02671
v 0.19682 0.18147 -0.02613
v 0.19909 0.16070 -0.02588
v 0.21357 0.26433 -0.02700
v 0.21620 0.23664 -0.02485
v 0.21940 0.20778 -0.02389
v 0.22250 0.18138 -0.02347
v 0.22524 0.15753 -0.02463
v 0.17264 0.27231 -0.02044
v 0.17753 0.24340 -0.02011
v 0.18181 0.21284 -0.01946
v 0.18574 0.18532 -0.01846
v 0.18768 0.16453 -0.01642
v 0.22387 0.27084 -0.01900
v 0.22636 0.24153 -0.01711
v 0.22949 0.21128 -0.01582
v 0.23216 0.18331 -0.01488
v 0.23453 0.15822 -0.01510
v 0.22552 0.17354 0.03951
v 0.22246 0.19689 0.03983
v 0.21805 0.22653 0.04136
v 0.21324 0.25997 0.04215
v 0.20825 0.29806 0.04277
v 0.23231 0.17080 0.03311
v 0.22980 0.19449 0.03285
v 0.22653 0.22406 0.03374
v 0.22274 0.25737 0.03471
v 0.21885 0.29473 0.03509
v 0.23758 0.16789 0.02343
v 0.23552 0.19170 0.02261
v 0.23299 0.22130 0.02268
v 0.23021 0.25474 0.02283
v 0.22725 0.29118 0.02324
v 0.24033 0.16435 0.01131
v 0.23840 0.18855 0.01015
v 0.23619 0.21888 0.00919
v 0.23370 0.25239 0.00821
v 0.23132 0.28681 0.00868
v 0.23951 0.16068 -0.00214
v 0.23742 0.18556 -0.00306
v 0.23517 0.21547 -0.00449
v 0.23246 0.24774 -0.00577
v 0.23023 0.28029 -0.00655
v 0.18992 0.17455 0.03612
v 0.18592 0.19764 0.03355
v 0.17936 0.22673 0.03178
v 0.17174 0.26021 0.03213
v 0.16231 0.29838 0.03140
v 0.18416 0.17258 0.02740
v 0.18049 0.19551 0.02436
v 0.17416 0.22444 0.02215
v 0.16650 0.25828 0.02195
v 0.15716 0.29524 0.02106
v 0.18060 0.17007 0.01450
v 0.17765 0.19268 0.01096
v 0.17171 0.22186 0.00869
v 0.16448 0.25551 0.00835
v 0.15596 0.29018 0.00815
v 0.18115 0.16825 -0.00168
v 0.17907 0.18968 -0.00501
v 0.17411 0.21809 -0.00662
v 0.16820 0.25022 -0.00685
v 0.16111 0.28267 -0.00692
v 0.05744 0.80303 0.07619
v 0.12488 0.86854 -0.03027
v 0.10084 0.86272 -0.03968
v 0.06480 0.85948 -0.03423
v 0.11440 0.86524 -0.03596
v 0.08373 0.86101 -0.04000
v 0.03350 0.84175 0.05210
v 0.07131 0.84486 0.09126
v 0.14455 0.86678 0.07505
v 0.08466 0.84887 0.09622
v 0.13286 0.86289 0.08818
v 0.10055 0.85340 0.09869
v 0.11773 0.85811 0.09651
v 0.15246 0.87368 0.01513
v 0.15191 0.86954 0.05912
v 0.15481 0.87254 0.02815
v 0.14491 0.87358 -0.00616
v 0.13988 0.87256 -0.01520
v 0.14888 0.87413 0.00387
v 0.15501 0.87131 0.04299
v 0.13332 0.87080 -0.02329
v 0.02947 0.84465 0.02999
v 0.03409 0.84925 0.00390
v 0.04702 0.85477 -0.01942
v 0.05116 0.84052 0.07767
v 0.11970 0.90274 -0.03243
v 0.09557 0.89752 -0.04363
v 0.05814 0.89242 -0.03803
v 0.10925 0.90000 -0.03924
v 0.07797 0.89521 -0.04420
v 0.02825 0.87477 0.05319
v 0.06708 0.88462 0.09263
v 0.13847 0.90566 0.07408
v 0.08078 0.89055 0.09747
v 0.12750 0.90330 0.08767
v 0.09655 0.89588 0.09936
v 0.11240 0.90018 0.09654
v 0.14615 0.90787 0.01502
v 0.14491 0.90667 0.05802
v 0.14814 0.90751 0.02760
v 0.13938 0.90727 -0.00607
v 0.13456 0.90621 -0.01550
v 0.14312 0.90785 0.00400
v 0.14826 0.90716 0.04201
v 0.12804 0.90474 -0.02447
v 0.02405 0.87655 0.03026
v 0.02785 0.88064 0.00290
v 0.04034 0.88683 -0.02205
v 0.04624 0.87622 0.07914
v 0.11281 0.93236 -0.03477
v 0.08850 0.92866 -0.04815
v 0.05209 0.92249 -0.04319
v 0.10244 0.93070 -0.04243
v 0.07126 0.92623 -0.04943
v 0.02505 0.90352 0.05384
v 0.06451 0.92214 0.09388
v 0.13162 0.94087 0.07335
v 0.07745 0.92990 0.09803
v 0.12060 0.94058 0.08669
v 0.09193 0.93572 0.09913
v 0.10721 0.93897 0.09563
v 0.14073 0.93737 0.01539
v 0.13858 0.93993 0.05758
v 0.14205 0.93802 0.02765
v 0.13349 0.93605 -0.00579
v 0.12812 0.93505 -0.01591
v 0.13787 0.93681 0.00453
v 0.14180 0.93882 0.04163
v 0.12141 0.93384 -0.02579
v 0.01989 0.90408 0.03011
v 0.02323 0.90790 0.00094
v 0.03496 0.91556 -0.02579
v 0.04389 0.90917 0.08014
v 0.10769 0.95503 -0.03729
v 0.08306 0.95209 -0.05295
v 0.04581 0.94465 -0.04994
v 0.09714 0.95376 -0.04583
v 0.06592 0.94930 -0.05575
v 0.02247 0.92578 0.05450
v 0.06404 0.94973 0.09461
v 0.12523 0.96880 0.07242
v 0.07621 0.95978 0.09770
v 0.11483 0.97038 0.08485
v 0.08941 0.96669 0.09772
v 0.10266 0.97003 0.09372
v 0.13666 0.96023 0.01592
v 0.13355 0.96607 0.05720
v 0.13819 0.96130 0.02783
v 0.12886 0.95822 -0.00548
v 0.12290 0.95728 -0.01638
v 0.13355 0.95923 0.00508
v 0.13750 0.96316 0.04133
v 0.11600 0.95605 -0.02717
v 0.01631 0.92428 0.03008
v 0.01869 0.92759 -0.00166
v 0.02947 0.93608 -0.03072
v 0.04411 0.93475 0.08135
v 0.10416 0.98091 -0.03888
v 0.08104 0.97780 -0.05705
v 0.03461 0.96874 -0.05904
v 0.09431 0.97981 -0.04852
v 0.06217 0.97429 -0.06301
v 0.01178 0.95294 0.04840
v 0.06301 0.97355 0.09426
v 0.12105 0.99840 0.07081
v 0.07582 0.99024 0.09627
v 0.10996 1.00229 0.08253
v 0.08778 0.99991 0.09524
v 0.09905 1.00341 0.09104
v 0.13188 0.98438 0.01665
v 0.12968 0.99320 0.05628
v 0.13397 0.98539 0.02776
v 0.12454 0.98337 -0.00518
v 0.11857 0.98251 -0.01639
v 0.12896 0.98381 0.00581
v 0.13387 0.98793 0.04043
v 0.11158 0.98171 -0.02794
v 0.00789 0.96183 -0.03536
v 0.04694 0.95864 0.08390
v 0.10138 1.00950 -0.03794
v 0.07833 1.00753 -0.05895
v 0.03116 1.00376 -0.06871
v 0.09210 1.00877 -0.04859
v 0.05846 1.00572 -0.06619
v 0.06974 1.03599 0.09180
v 0.11981 1.02179 0.06751
v 0.12774 1.00728 0.01762
v 0.12679 1.01509 0.05398
v 0.12977 1.00727 0.02784
v 0.12011 1.00935 -0.00385
v 0.11467 1.00959 -0.01528
v 0.12431 1.00834 0.00707
v 0.12990 1.00971 0.03926
v 0.10880 1.00934 -0.02692
v 0.08587 1.05030 0.08974
v 0.21610 0.12597 0.05275
v 0.20832 0.12709 0.05443
v 0.20861 0.10192 0.07245
v 0.21665 0.10040 0.07148
v 0.21521 0.14015 0.04870
v 0.20754 0.14099 0.04995
v 0.21350 0.15671 0.04665
v 0.20599 0.15717 0.04692
v 0.21650 0.11281 0.06038
v 0.20862 0.11414 0.06187
v 0.12858 0.60106 0.08013
v 0.13646 0.60238 0.08248
v 0.12091 0.64034 0.08729
v 0.12876 0.64235 0.08854
v 0.11844 0.66050 0.08997
v 0.12752 0.66274 0.09085
v 0.12443 0.61989 0.08395
v 0.13194 0.62147 0.08570
v 0.13436 0.57577 0.07507
v 0.14170 0.57700 0.07856
v 0.13628 0.56596 0.07213
v 0.14458 0.56707 0.07637
v 0.14057 0.54318 0.06516
v 0.14993 0.54433 0.06997
v 0.15235 0.53332 0.06633
v 0.14312 0.53221 0.06187
v 0.13827 0.55471 0.06851
v 0.14768 0.55579 0.07327
v 0.14580 0.52064 0.05820
v 0.15504 0.52197 0.06215
v 0.14854 0.50781 0.05478
v 0.15683 0.50902 0.05813
v 0.15053 0.49501 0.05252
v 0.15835 0.49621 0.05545
v 0.15192 0.48340 0.05099
v 0.15942 0.48458 0.05380
v 0.13190 0.58608 0.07664
v 0.14012 0.58717 0.07986
v 0.15302 0.45848 0.04809
v 0.16288 0.45973 0.05175
v 0.15437 0.44064 0.04712
v 0.16500 0.44178 0.05132
v 0.15643 0.41756 0.04627
v 0.16725 0.41840 0.05041
v 0.15248 0.47210 0.04953
v 0.16090 0.47326 0.05265
v 0.16026 0.38679 0.04480
v 0.17108 0.38739 0.04867
v 0.16801 0.34619 0.04336
v 0.17830 0.34641 0.04654
v 0.21070 0.17646 0.04479
v 0.20331 0.17670 0.04410
v 0.20678 0.19949 0.04430
v 0.19929 0.19963 0.04293
v 0.20096 0.22907 0.04511
v 0.19309 0.22910 0.04285
v 0.19462 0.26267 0.04595
v 0.18621 0.26273 0.04373
v 0.18743 0.30161 0.04681
v 0.17812 0.30164 0.04424
v 0.18036 0.08577 0.00389
v 0.19064 0.08530 -0.02000
v 0.17718 0.10893 -0.00267
v 0.19203 0.10423 -0.02241
v 0.18076 0.12518 0.00389
v 0.18899 0.12215 -0.01564
v 0.24204 0.09903 -0.02115
v 0.24226 0.08187 -0.02107
v 0.25210 0.09690 0.00897
v 0.25144 0.07893 0.00690
v 0.24163 0.11239 -0.01511
v 0.24743 0.11268 0.00263
v 0.04198 0.84053 0.06767
v 0.03692 0.87478 0.06889
v 0.03418 0.90591 0.06959
v 0.03313 0.93081 0.07045
v 0.02193 0.96227 0.06690
v 0.02383 0.98115 0.07926
v 0.06609 0.80391 0.08365
v 0.06044 0.84198 0.08500
v 0.05586 0.87944 0.08647
v 0.05366 0.91435 0.08777
v 0.05361 0.93962 0.08886
v 0.05483 0.95782 0.08986
v 0.07148 0.76598 0.08211
v 0.06267 0.76466 0.07421
v 0.05441 0.76621 0.06351
v 0.21966 0.32779 -0.02529
v 0.16661 0.30173 -0.02250
v 0.11399 1.06478 0.06806
v 0.10092 1.03874 -0.03413
v 0.07638 1.04235 -0.05421
v 0.03041 1.04493 -0.06458
v 0.09084 1.04055 -0.04443
v 0.05526 1.04423 -0.06136
v 0.12570 1.02636 0.01999
v 0.12750 1.02448 0.02835
v 0.11877 1.03266 -0.00068
v 0.11383 1.03502 -0.01222
v 0.12302 1.02962 0.01028
v 0.12816 1.02631 0.03768
v 0.10783 1.03690 -0.02346
v 0.10389 1.06294 -0.02769
v 0.07946 1.07428 -0.04573
v 0.03525 1.08428 -0.05108
v 0.09511 1.06788 -0.03752
v 0.05867 1.08159 -0.05001
v 0.12519 1.03978 0.02511
v 0.12695 1.03481 0.02947
v 0.11798 1.05111 0.00738
v 0.11334 1.05550 -0.00452
v 0.12214 1.04580 0.01749
v 0.12729 1.03775 0.03577
v 0.10960 1.05917 -0.01677
v 0.12532 1.04792 0.03456
v 0.11709 1.08970 0.04935
v 0.12660 1.04015 0.04446
v 0.12342 1.05764 0.02887
v 0.12223 1.06689 0.04447
v 0.12161 1.07713 0.03483
v 0.10926 1.10355 0.05783
v 0.12336 1.05239 0.05045
v 0.03300 1.12459 -0.03404
v 0.09602 1.13108 -0.01615
v 0.08456 1.13041 -0.02435
v 0.10318 1.12969 -0.00336
v 0.06818 1.12484 -0.03296
v 0.04241 1.11928 -0.03779
v 0.11597 1.07884 0.06035
v 0.00871 1.12987 -0.03311
v 0.05262 1.11103 -0.04225
v 0.12083 1.06553 0.01913
v 0.12649 1.03065 0.04966
v 0.12126 1.03933 0.06121
v 0.10366 1.18842 0.01571
v 0.10670 1.12580 0.01274
v 0.09742 1.19151 0.00270
v 0.08644 1.19223 -0.00863
v 0.09722 1.17487 0.05615
v 0.02351 1.11181 -0.03930
v 0.05288 1.18188 -0.02429
v 0.07225 1.18972 -0.01761
v 0.05573 0.98601 0.09036
v 0.07323 1.01438 0.09369
v 0.08685 1.02799 0.09243
v 0.10930 1.02802 0.07955
v 0.09765 1.03141 0.08825
v 0.11108 1.04830 0.07499
v 0.09805 1.05333 0.08485
v 0.10079 1.07151 0.07890
v 0.10449 1.08887 0.07045
v 0.01334 1.16338 -0.02904
v 0.07897 1.16009 -0.01877
v 0.09777 1.13930 0.06383
v 0.04186 1.13741 -0.03063
v 0.00859 1.12132 -0.03559
v 0.09877 1.15985 0.00451
v 0.05430 1.16237 -0.02581
v 0.10324 1.11481 0.06308
v 0.09491 1.09479 0.07682
v 0.02578 1.25939 -0.03142
v 0.00976 1.13876 -0.03137
v 0.02861 1.10142 -0.04416
v 0.10572 1.13654 0.01714
v 0.05833 1.13490 -0.03050
v 0.08046 1.13925 -0.02252
v 0.09372 1.14028 -0.01282
v 0.10178 1.13947 0.00077
v 0.10494 1.15639 0.01956
v 0.09176 1.16037 -0.00964
v 0.06563 1.16011 -0.02353
v 0.38035 1.23843 0.03233
v 0.39881 1.22682 0.03143
v 0.41619 1.21650 0.03040
v 0.43200 1.20690 0.02937
v 0.44609 1.19885 0.02876
v 0.45973 1.19179 0.02818
v 0.49682 1.17170 0.02483
v 0.51752 1.16044 0.02249
v 0.53800 1.14975 0.02023
v 0.55755 1.13977 0.01831
v 0.57328 1.13171 0.01664
v 0.60935 1.12459 0.00410
v 0.59086 1.13036 0.00433
v 0.58818 1.13753 0.05045
v 0.60532 1.14632 0.01334
v 0.60603 1.15090 0.02069
v 0.60489 1.15540 0.03585
v 0.60125 1.15344 0.04369
v 0.60404 1.14043 0.00724
v 0.58586 1.13023 0.04627
v 0.60642 1.15430 0.02804
v 0.60239 1.13359 0.00401
v 0.59978 1.12238 0.00559
v 0.58923 1.12687 0.00822
v 0.59178 1.12102 0.02449
v 0.58454 1.12627 0.02316
v 0.59022 1.12482 0.03178
v 0.58311 1.12952 0.03072
v 0.58091 1.13170 0.03822
v 0.58750 1.12682 0.03953
v 0.59187 1.12030 0.04077
v 0.60478 1.11064 0.03384
v 0.11481 1.09859 0.03496
v 0.11066 1.10619 0.02003
v 0.10738 1.11276 0.00416
v 0.10360 1.11828 -0.01023
v 0.09671 1.12179 -0.02069
v 0.08799 1.12378 -0.02597
v 0.08007 1.11778 -0.03304
v 0.09345 1.11220 -0.02835
v 0.10435 1.10703 -0.02064
v 0.10890 1.09997 -0.00843
v 0.11383 1.09307 0.00674
v 0.11841 1.08555 0.02176
v 0.11734 1.07221 0.00660
v 0.11362 1.07831 -0.00704
v 0.10946 1.08398 -0.01993
v 0.10202 1.09110 -0.03079
v 0.08792 1.09851 -0.03696
v 0.06917 1.10453 -0.04176
v 0.35280 1.27035 0.03585
v 0.34620 1.26335 0.03364
v 0.35646 1.27970 0.03604
v 0.33112 1.25461 0.02159
v 0.32552 1.25449 0.01080
v 0.10335 1.17955 0.04322
v 0.10544 1.18407 0.02950
v 0.11060 1.11305 0.04404
v 0.10950 1.12005 0.02933
v 0.10537 1.14658 0.05020
v 0.10806 1.15224 0.03536
v 0.10830 1.13176 0.03376
v 0.10777 1.12477 0.04849
v 0.08698 1.09588 0.08142
v 0.03369 1.22362 -0.02857
v 0.03427 1.20953 -0.02780
v 0.05309 1.22573 -0.02577
v 0.05338 1.21180 -0.02469
v 0.07156 1.22605 -0.02019
v 0.07162 1.21304 -0.01892
v 0.08659 1.22468 -0.01152
v 0.08648 1.21237 -0.01024
v 0.01618 1.22062 -0.02953
v 0.01653 1.20734 -0.02908
v 0.09714 1.22199 -0.00036
v 0.09725 1.21034 0.00087
v 0.10350 1.21883 0.01224
v 0.10351 1.20695 0.01350
v 0.10583 1.21520 0.02549
v 0.10560 1.20288 0.02687
v 0.10434 1.21188 0.03923
v 0.10383 1.19903 0.04057
v 0.09865 1.20875 0.05341
v 0.09811 1.19543 0.05422
v 0.09780 1.18216 0.00334
v 0.06269 1.17396 -0.02265
v 0.07537 1.18028 -0.01695
v 0.09697 1.16493 0.05766
v 0.08764 1.18270 -0.00818
v 0.10324 1.17919 0.01684
v 0.10349 1.17025 0.04484
v 0.10580 1.17506 0.03095
v 0.04671 1.14952 -0.02878
v 0.10028 1.14885 0.00342
v 0.09660 1.12124 0.06795
v 0.07908 1.14924 -0.02031
v 0.01109 1.14842 -0.02961
v 0.10567 1.14583 0.01937
v 0.09245 1.14945 -0.01065
v 0.06131 1.14855 -0.02643
v 0.10529 1.13433 0.05141
v 0.10845 1.14147 0.03592
v 0.01844 0.99645 0.08726
v 0.03936 1.23343 0.10617
v 0.05664 1.23117 0.09846
v 0.06375 1.20300 0.09206
v 0.06558 1.16162 0.08697
v 0.03961 1.12424 0.09862
v 0.06270 1.12362 0.08884
v 0.05121 1.10222 0.09546
v 0.06269 1.10882 0.09048
v 0.05641 1.08741 0.09576
v 0.06311 1.09688 0.09217
v 0.02778 1.14348 0.10264
v 0.06514 1.15019 0.08667
v 0.06505 1.18804 0.08974
v 0.08018 1.07033 0.08907
v 0.07785 1.09401 0.08688
v 0.08366 1.11549 0.07873
v 0.08626 1.13298 0.07411
v 0.08813 1.17023 0.06776
v 0.08755 1.15950 0.06881
v 0.08884 1.19231 0.06728
v 0.08902 1.20671 0.06759
v 0.07269 1.07132 0.09177
v 0.05944 1.04353 0.09485
v 0.08893 1.07344 0.08594
v 0.06998 1.09424 0.09029
v 0.07294 1.11187 0.08545
v 0.07483 1.12818 0.08215
v 0.07719 1.16570 0.07796
v 0.07659 1.15446 0.07837
v 0.07733 1.19038 0.07916
v 0.07663 1.20458 0.08068
v 0.07126 1.23710 0.08882
v 0.01267 1.21507 0.11055
v 0.01375 1.15827 0.10626
v 0.02708 1.15762 0.10374
v 0.00581 1.10635 0.10498
v 0.02086 1.08864 0.10405
v 0.02305 1.06514 0.10276
v 0.03808 1.20673 0.10444
v 0.03991 1.15777 0.09966
v 0.02594 1.19388 0.10690
v 0.03336 1.10841 0.10064
v 0.03713 1.09343 0.10009
v 0.04272 1.07414 0.10005
v 0.01431 0.94180 -0.00469
v 0.02162 0.95158 -0.03558
v 0.01982 0.94336 0.05282
v 0.01375 0.93912 0.02852
v 0.03294 0.95645 0.07206
v 0.04087 0.99170 0.08509
v 0.03050 1.01479 0.09308
v 0.00678 0.95314 -0.00772
v 0.00893 0.94937 0.02592
v 0.02986 1.25330 0.10984
v 0.04814 1.22709 0.10261
v 0.01407 1.25825 0.11314
v 0.05056 1.20393 0.09918
v 0.05167 1.18857 0.09718
v 0.05271 1.15907 0.09405
v 0.05261 1.14660 0.09335
v 0.04795 1.11865 0.09546
v 0.02557 1.21110 0.10823
v 0.01293 1.19709 0.10933
v 0.03870 1.19062 0.10286
v 0.01428 1.14322 0.10522
v 0.04034 1.14465 0.09865
v 0.00638 1.11292 0.10509
v 0.02961 1.12054 0.10180
v 0.03180 1.23926 -0.02969
v 0.05275 1.24159 -0.02736
v 0.07223 1.24127 -0.02189
v 0.08769 1.23942 -0.01302
v 0.01525 1.23346 -0.03002
v 0.09821 1.23676 -0.00156
v 0.10431 1.23369 0.01111
v 0.10674 1.23080 0.02419
v 0.10544 1.22825 0.03781
v 0.09987 1.22610 0.05252
v 0.04922 1.21776 0.10119
v 0.06138 1.21718 0.09488
v 0.07492 1.22082 0.08328
v 0.08931 1.22451 0.06836
v 0.03785 1.22101 0.10574
v 0.02557 1.22613 0.10928
v 0.01259 1.23079 0.11152
v 0.03396 1.19537 -0.02739
v 0.05337 1.19799 -0.02414
v 0.07190 1.20111 -0.01811
v 0.08640 1.20194 -0.00929
v 0.01634 1.19340 -0.02878
v 0.09742 1.20049 0.00189
v 0.10374 1.19718 0.01466
v 0.10562 1.19288 0.02820
v 0.10351 1.18863 0.04187
v 0.09764 1.18453 0.05508
v 0.05239 1.17317 0.09540
v 0.06561 1.17408 0.08802
v 0.08858 1.18069 0.06731
v 0.07747 1.17732 0.07826
v 0.01328 1.17705 0.10779
v 0.03932 1.17354 0.10118
v 0.02644 1.17511 0.10531
v 0.09774 1.17145 0.00417
v 0.06870 1.16892 -0.02151
v 0.07801 1.17096 -0.01701
v 0.09716 1.15325 0.06009
v 0.08976 1.17206 -0.00844
v 0.10359 1.16844 0.01829
v 0.10397 1.15922 0.04718
v 0.10643 1.16432 0.03298
v 0.05153 1.13419 0.09364
v 0.06419 1.13789 0.08727
v 0.08696 1.14728 0.07079
v 0.07575 1.14207 0.07969
v 0.04030 1.13354 0.09836
v 0.02845 1.13173 0.10210
v 0.01487 1.13061 0.10484
v 0.06467 1.07529 0.09412
v 0.05155 1.05247 0.09783
v 0.02739 1.03661 0.09904
v 0.02412 1.12847 -0.03186
v 0.01824 1.11930 -0.03594
v 0.02955 1.13893 -0.02963
v 0.04193 1.16486 -0.02714
v 0.03370 1.15020 -0.02917
v 0.01537 1.17856 -0.02872
v 0.00811 0.97709 -0.05521
v 0.01944 1.13925 -0.02983
v 0.01670 1.13029 -0.03182
v 0.01461 1.12338 -0.03446
v 0.02726 1.16440 -0.02831
v 0.02220 1.14953 -0.02909
v 0.03225 1.18011 -0.02745
v 0.04592 1.24371 0.10409
v 0.00785 1.04281 -0.05930
v 0.00671 1.00611 -0.06313
v 0.01182 1.07200 -0.05311
v 0.01185 1.10327 -0.04283
v 0.01262 1.08915 -0.04755
v 0.01008 1.11379 -0.03858
v 0.01801 1.10078 0.10495
v 0.01603 1.11786 0.10538
v 0.00837 1.10249 0.10592
v 0.00708 1.11255 0.10620
v 0.00574 1.57145 0.14251
v -0.19853 0.52293 -0.02169
v -0.19191 0.54048 -0.01857
v -0.17762 0.57074 -0.01085
v -0.16579 0.59978 -0.00601
v -0.15121 0.59624 -0.01337
v -0.13200 0.59397 -0.01104
v -0.12126 0.59439 -0.00734
v -0.16066 0.61449 -0.00606
v -0.14684 0.61129 -0.01205
v -0.12919 0.60947 -0.01094
v -0.11857 0.61221 -0.00837
v -0.12317 0.53241 -0.01321
v -0.17127 0.60248 -0.00036
v -0.16565 0.61907 -0.00211
v -0.15694 0.62639 -0.00746
v -0.14281 0.62627 -0.01256
v -0.13856 0.64194 -0.01458
v -0.15812 0.63785 -0.00664
v -0.12674 0.62241 -0.01211
v -0.11675 0.63305 -0.01184
v -0.15281 0.66040 -0.01107
v -0.13332 0.66013 -0.01813
v -0.10833 0.65678 -0.01552
v -0.12345 0.57877 -0.00801
v -0.14526 0.58021 -0.01610
v -0.19835 0.54208 -0.00445
v -0.20435 0.52466 -0.00512
v -0.20741 0.47839 -0.02601
v -0.21350 0.48122 -0.00705
v -0.21129 0.45167 -0.02634
v -0.21734 0.45506 -0.00796
v -0.21485 0.42269 -0.02681
v -0.22147 0.42625 -0.01039
v -0.21742 0.39248 -0.02685
v -0.22440 0.39612 -0.01219
v -0.21828 0.35923 -0.02696
v -0.22535 0.36339 -0.01531
v -0.22152 0.30046 -0.02093
v -0.22846 0.31978 -0.00821
v -0.19700 0.28898 -0.03251
v -0.15131 0.32278 -0.01055
v -0.16423 0.58342 -0.01353
v -0.12386 0.54856 -0.01135
v -0.13548 0.54906 -0.02010
v -0.19104 0.55754 -0.00356
v -0.18478 0.55598 -0.01471
v -0.17715 0.58723 -0.00048
v -0.17154 0.58526 -0.00770
v -0.15530 0.58166 -0.01667
v -0.12358 0.51496 -0.01581
v -0.14663 0.68652 -0.01563
v -0.12687 0.68444 -0.02238
v -0.09992 0.68386 -0.01946
v -0.14248 0.71999 -0.01975
v -0.12209 0.71673 -0.02661
v -0.09240 0.71780 -0.02329
v -0.13748 0.75789 -0.02327
v -0.11653 0.75385 -0.03047
v -0.08429 0.75521 -0.02676
v -0.13330 0.79522 -0.02620
v -0.11083 0.79040 -0.03384
v -0.07784 0.79076 -0.02957
v -0.12850 0.83266 -0.02847
v -0.10476 0.82698 -0.03669
v -0.07126 0.82573 -0.03169
v -0.13447 0.57915 -0.01294
v -0.20892 0.50420 -0.00684
v -0.20289 0.50194 -0.02446
v -0.16221 0.55204 -0.02890
v -0.13501 0.53302 -0.02489
v -0.16583 0.53603 -0.03697
v -0.13523 0.51514 -0.02999
v -0.16955 0.51807 -0.04496
v -0.13775 0.49457 -0.03504
v -0.17344 0.49699 -0.04968
v -0.14075 0.47142 -0.03872
v -0.17752 0.47284 -0.05333
v -0.14420 0.44569 -0.03992
v -0.18170 0.44584 -0.05343
v -0.14787 0.41842 -0.03932
v -0.18502 0.41706 -0.05090
v -0.15199 0.39004 -0.03634
v -0.18825 0.38669 -0.04705
v -0.15763 0.35867 -0.03241
v -0.19082 0.35307 -0.04140
v -0.19394 0.31913 -0.03624
v -0.16294 0.32830 -0.02816
v -0.12617 0.49497 -0.01966
v -0.12877 0.47280 -0.02199
v -0.13165 0.44820 -0.02344
v -0.13466 0.42208 -0.02441
v -0.13871 0.39500 -0.02268
v -0.14539 0.36438 -0.02139
v -0.15910 0.59779 -0.01060
v -0.15464 0.61256 -0.00968
v -0.15057 0.62687 -0.01034
v -0.14820 0.64168 -0.01183
v -0.14346 0.66043 -0.01548
v -0.13744 0.68508 -0.01978
v -0.13324 0.71762 -0.02401
v -0.12817 0.75515 -0.02769
v -0.12316 0.79210 -0.03079
v -0.11783 0.82914 -0.03344
v -0.17473 0.55409 -0.02409
v -0.18073 0.53830 -0.03044
v -0.18624 0.52052 -0.03682
v -0.19069 0.49938 -0.04068
v -0.19520 0.47537 -0.04352
v -0.19925 0.44830 -0.04355
v -0.20245 0.41935 -0.04202
v -0.20510 0.38887 -0.03975
v -0.20631 0.35515 -0.03647
v -0.20828 0.32163 -0.03265
v -0.21050 0.29167 -0.02901
v -0.14200 0.59490 -0.01334
v -0.13828 0.60992 -0.01236
v -0.13416 0.62471 -0.01319
v -0.12804 0.63973 -0.01487
v -0.12147 0.65893 -0.01845
v -0.18205 0.29185 -0.03022
v -0.11408 0.68422 -0.02271
v -0.10841 0.71715 -0.02697
v -0.10152 0.75439 -0.03097
v -0.09553 0.79048 -0.03421
v -0.08893 0.82626 -0.03695
v -0.14875 0.55032 -0.02691
v -0.14989 0.53421 -0.03414
v -0.15161 0.51622 -0.04193
v -0.15445 0.49529 -0.04702
v -0.15798 0.47143 -0.05111
v -0.16207 0.44473 -0.05175
v -0.16587 0.41660 -0.04973
v -0.16957 0.38699 -0.04568
v -0.17384 0.35416 -0.03992
v -0.17820 0.32122 -0.03451
v -0.12410 0.56382 -0.00955
v -0.13550 0.56437 -0.01600
v -0.18353 0.57243 -0.00171
v -0.15872 0.56709 -0.02195
v -0.16926 0.56886 -0.01817
v -0.14718 0.56541 -0.02084
v -0.71323 1.05642 0.07603
v -0.71086 1.05302 0.06226
v -0.69420 1.06525 0.05974
v -0.69588 1.06973 0.07429
v -0.68080 1.07520 0.05690
v -0.68099 1.08095 0.07278
v -0.69368 1.06650 0.07490
v -0.71103 1.05340 0.07650
v -0.67742 1.07190 0.05728
v -0.69174 1.06171 0.06067
v -0.70880 1.04982 0.06298
v -0.67706 1.07787 0.07331
v -0.73792 1.03843 0.07690
v -0.73967 1.03495 0.07695
v -0.73756 1.03725 0.06572
v -0.73946 1.03410 0.06587
v -0.74106 1.03045 0.07173
v -0.73603 1.04259 0.07069
v -0.74231 1.03190 0.07171
v -0.73684 1.04166 0.07070
v -0.74101 1.03436 0.07623
v -0.74054 1.03395 0.06693
v -0.73862 1.03679 0.06679
v -0.73927 1.03743 0.07610
v -0.71560 1.05931 0.06844
v -0.70070 1.07096 0.06632
v -0.68674 1.08353 0.06400
v -0.70687 1.04764 0.06996
v -0.68991 1.05990 0.06811
v -0.67305 1.07225 0.06520
v -0.73490 1.03974 0.07716
v -0.73472 1.03814 0.06516
v -0.73560 1.03475 0.06530
v -0.73565 1.03623 0.07725
v -0.73447 1.04354 0.07068
v -0.73668 1.03099 0.07152
v -0.72546 1.03692 0.07108
v -0.73025 1.04686 0.07044
v -0.72709 1.04128 0.07712
v -0.72587 1.03949 0.06471
v -0.72715 1.04230 0.06440
v -0.72840 1.04400 0.07722
v -0.66240 1.07610 0.05709
v -0.66290 1.07524 0.05372
v -0.66426 1.07651 0.04248
v -0.66419 1.07657 0.03744
v -0.66245 1.07769 0.02467
v -0.66190 1.07879 0.01991
v -0.70315 1.06898 0.06657
v -0.69581 1.05895 0.06142
v -0.69818 1.06169 0.06018
v -0.69562 1.05593 0.06890
v -0.70759 1.06520 0.06717
v -0.70073 1.06137 0.07561
v -0.69822 1.05708 0.06174
v -0.72475 1.04680 0.07705
v -0.72305 1.04460 0.06406
v -0.72118 1.04227 0.06470
v -0.72266 1.04446 0.07684
v -0.72771 1.04903 0.07019
v -0.71996 1.04084 0.07089
v -0.69964 1.05246 0.06927
v -0.70471 1.05805 0.07616
v -0.70741 1.06075 0.07550
v -0.70123 1.05950 0.06081
v -0.70360 1.06359 0.07516
v -0.70497 1.05696 0.06140
v -0.71034 1.06307 0.06770
v -0.70208 1.05414 0.06219
v -0.68486 1.07223 0.07414
v -0.68818 1.07555 0.07339
v -0.69233 1.07883 0.06502
v -0.68042 1.06605 0.06678
v -0.69366 1.05775 0.06864
v -0.69797 1.06355 0.07532
v -0.70009 1.06608 0.07496
v -0.68647 1.07089 0.05834
v -0.68314 1.06734 0.05888
v -0.71669 1.04909 0.06317
v -0.71513 1.04599 0.06398
v -0.72204 1.05384 0.06954
v -0.71430 1.04399 0.07062
v -0.71833 1.05247 0.07651
v -0.71658 1.04934 0.07666
v -0.71984 1.04639 0.06362
v -0.71835 1.04407 0.06457
v -0.72411 1.05201 0.06984
v -0.71750 1.04263 0.07086
v -0.72168 1.04931 0.07695
v -0.71964 1.04684 0.07671
v -0.73128 1.03335 0.07133
v -0.73138 1.03840 0.07728
v -0.73090 1.03680 0.06498
v -0.73097 1.03998 0.06475
v -0.73248 1.04506 0.07061
v -0.73175 1.04173 0.07723
v -0.67062 1.07271 0.03158
v -0.73752 1.04041 0.07085
v -0.74352 1.03345 0.07150
v -0.74160 1.03468 0.07509
v -0.74097 1.03434 0.06779
v -0.73894 1.03685 0.06784
v -0.73968 1.03736 0.07490
v -0.74000 1.03793 0.07101
v -0.74242 1.03507 0.07114
v -0.68184 1.07511 0.04141
v -0.68150 1.07551 0.05727
v -0.67950 1.07159 0.04228
v -0.67854 1.07200 0.05721
v -0.68568 1.08272 0.04934
v -0.67968 1.07864 0.02316
v -0.68178 1.07643 0.04037
v -0.67778 1.07533 0.02331
v -0.67970 1.07296 0.04078
v -0.68401 1.08412 0.03182
v -0.67305 1.08156 0.00717
v -0.67817 1.08013 0.02196
v -0.67122 1.07817 0.00735
v -0.67717 1.07706 0.02222
v -0.67764 1.08521 0.01439
v -0.61839 1.07996 0.09877
v -0.63385 1.08536 0.09469
v -0.62830 1.08867 0.09975
v -0.62058 1.08536 0.10138
v -0.61925 1.07726 0.09626
v -0.63387 1.08232 0.09274
v -0.63466 1.05710 0.12315
v -0.64271 1.05991 0.11941
v -0.63131 1.06530 0.11823
v -0.63793 1.06784 0.11642
v -0.62641 1.07134 0.11204
v -0.63549 1.07484 0.10959
v -0.63371 1.07847 0.10630
v -0.62431 1.07502 0.10889
v -0.62814 1.06855 0.11482
v -0.63722 1.07167 0.11271
v -0.63829 1.06874 0.11581
v -0.63040 1.06590 0.11789
v -0.63807 1.06988 0.11488
v -0.62955 1.06690 0.11707
v -0.63813 1.06129 0.12292
v -0.62410 1.08773 0.10139
v -0.63614 1.06441 0.12001
v -0.62728 1.07717 0.09183
v -0.67604 1.07203 0.04126
v -0.67775 1.08020 0.02286
v -0.67797 1.08441 0.02195
v -0.67623 1.07702 0.02288
v -0.67577 1.08833 0.02106
v -0.63224 1.06194 0.12049
v -0.64017 1.06500 0.11807
v -0.64212 1.06215 0.12047
v -0.63385 1.05890 0.12307
v -0.63908 1.05945 0.12494
v -0.63450 1.06754 0.11733
v -0.62486 1.06778 0.11124
v -0.63051 1.07420 0.11172
v -0.62629 1.07897 0.08877
v -0.61728 1.08035 0.09281
v -0.61930 1.08819 0.09898
v -0.61574 1.08395 0.09462
v -0.63174 1.08912 0.09133
v -0.62633 1.09146 0.09764
v -0.62246 1.09068 0.09884
v -0.63273 1.08522 0.08978
v -0.62241 1.08320 0.10424
v -0.63532 1.08185 0.09818
v -0.63542 1.07945 0.09552
v -0.62550 1.08517 0.10423
v -0.62859 1.07408 0.09395
v -0.62044 1.07629 0.10247
v -0.62893 1.08611 0.10244
v -0.62084 1.07394 0.09925
v -0.63739 1.07706 0.10268
v -0.63815 1.07432 0.10056
v -0.62875 1.07776 0.10908
v -0.63171 1.06795 0.10002
v -0.62255 1.07179 0.10669
v -0.62339 1.06890 0.10417
v -0.63957 1.07304 0.10726
v -0.64094 1.06968 0.10675
v -0.62617 1.06426 0.11026
v -0.63513 1.06206 0.10813
v -0.62237 1.07610 0.09340
v -0.67338 1.07167 0.05742
v -0.63798 1.05790 0.11583
v -0.62068 1.07832 0.09041
v -0.62367 1.07292 0.09593
v -0.62650 1.06714 0.10157
v -0.63223 1.07150 0.11409
v -0.63628 1.07110 0.09964
v -0.63312 1.07691 0.09409
v -0.62897 1.06057 0.11612
v -0.68154 1.08433 0.05699
v -0.64295 1.06544 0.11338
v -0.64121 1.06937 0.11214
v -0.63094 1.08177 0.08890
v -0.63167 1.07979 0.09196
v -0.62702 1.06460 0.11533
v -0.63049 1.06165 0.12018
v -0.64141 1.06560 0.11718
v -0.64299 1.06249 0.11939
v -0.63240 1.05842 0.12233
v -0.63389 1.06903 0.11645
v -0.63930 1.05795 0.12349
v -0.63322 1.06997 0.11562
v -0.63910 1.05730 0.12084
v -0.64328 1.06337 0.11772
v -0.64177 1.06700 0.11568
v -0.63112 1.05911 0.12047
v -0.62915 1.06271 0.11889
v -0.71481 1.05866 0.07336
v -0.71353 1.05693 0.06421
v -0.69959 1.06912 0.06339
v -0.70037 1.07060 0.06993
v -0.68399 1.08083 0.05842
v -0.68503 1.08338 0.06944
v -0.73642 1.04158 0.07488
v -0.73617 1.04073 0.06712
v -0.73733 1.04039 0.07427
v -0.73706 1.03993 0.06771
v -0.73436 1.04182 0.06700
v -0.73451 1.04265 0.07473
v -0.66501 1.07753 0.02239
v -0.66202 1.07721 0.03079
v -0.70411 1.06532 0.06376
v -0.70491 1.06667 0.07066
v -0.72961 1.04620 0.07468
v -0.72507 1.04964 0.06698
v -0.72540 1.05018 0.07338
v -0.70813 1.06064 0.06330
v -0.70939 1.06264 0.07273
v -0.72894 1.04540 0.06647
v -0.70170 1.06687 0.06336
v -0.70261 1.06871 0.07059
v -0.69114 1.07815 0.07035
v -0.69019 1.07570 0.06034
v -0.72175 1.05335 0.07273
v -0.72137 1.05282 0.06658
v -0.72363 1.05161 0.07338
v -0.72318 1.05105 0.06618
v -0.73176 1.04333 0.06681
v -0.73215 1.04424 0.07468
v -0.73736 1.03946 0.06832
v -0.73772 1.03986 0.07404
v -0.68315 1.08080 0.04284
v -0.68392 1.08053 0.05596
v -0.68118 1.08338 0.02554
v -0.68283 1.08223 0.03813
v -0.67543 1.08442 0.00970
v -0.67780 1.08419 0.01977
v -0.70833 1.04970 0.07426
v -0.69130 1.06247 0.07276
v -0.67397 1.07459 0.07042
v -0.74035 1.03148 0.06773
v -0.74119 1.03299 0.07534
v -0.70744 1.04828 0.06572
v -0.69041 1.06011 0.06360
v -0.67392 1.07139 0.05951
v -0.73628 1.03274 0.07533
v -0.72585 1.03838 0.07494
v -0.67068 1.07586 0.02226
v -0.69734 1.05814 0.07346
v -0.70146 1.05459 0.07380
v -0.72076 1.04209 0.07452
v -0.68193 1.06865 0.07168
v -0.69540 1.06024 0.07309
v -0.71499 1.04586 0.07454
v -0.71812 1.04430 0.07454
v -0.73116 1.03430 0.06724
v -0.74041 1.03179 0.07539
v -0.73125 1.03504 0.07518
v -0.71750 1.04277 0.06719
v -0.69430 1.05778 0.06434
v -0.68108 1.06595 0.06171
v -0.71445 1.04448 0.06661
v -0.66997 1.07614 0.02007
v -0.74085 1.03263 0.06800
v -0.73648 1.03209 0.06757
v -0.72001 1.04107 0.06717
v -0.72535 1.03756 0.06707
v -0.70028 1.05286 0.06496
v -0.69632 1.05602 0.06461
v -0.74228 1.03356 0.07499
v -0.74184 1.03332 0.06816
v -0.67542 1.07018 0.05544
v -0.67678 1.07085 0.04449
v -0.67686 1.07162 0.03860
v -0.67563 1.07334 0.02524
v -0.67440 1.07523 0.02020
v -0.67540 1.08565 0.07243
v -0.67117 1.08191 0.07281
v -0.68313 1.08750 0.06350
v -0.68229 1.08754 0.04891
v -0.67981 1.08944 0.03125
v -0.66743 1.08624 0.00660
v -0.66616 1.08182 0.00688
v -0.67328 1.08962 0.01396
v -0.67969 1.08786 0.06907
v -0.66965 1.08974 0.00942
v -0.66845 1.07800 0.06955
v -0.66665 1.08986 0.07198
v -0.67088 1.07491 0.02520
v -0.66217 1.08206 0.06822
v -0.67223 1.07294 0.03792
v -0.67193 1.07286 0.04428
v -0.66998 1.07171 0.05450
v -0.66883 1.07318 0.05900
v -0.66962 1.07251 0.05709
v -0.67275 1.07294 0.04104
v -0.66039 1.09086 0.00622
v -0.65945 1.08696 0.00686
v -0.65873 1.08260 0.01007
v -0.63850 1.09976 0.00455
v -0.60351 1.10981 0.07531
v -0.60244 1.10182 0.07240
v -0.64227 1.12147 0.04822
v -0.62787 1.10781 0.07505
v -0.61516 1.10171 0.03803
v -0.65137 1.08389 0.01440
v -0.65304 1.08231 0.02894
v -0.64555 1.09556 0.00537
v -0.60669 1.09568 0.06985
v -0.61388 1.09184 0.06903
v -0.67842 1.08855 0.03735
v -0.60785 1.14920 0.04481
v -0.64677 1.10043 0.00511
v -0.65294 1.11443 0.04269
v -0.65224 1.11243 0.01931
v -0.65374 1.11355 0.03525
v -0.59842 1.11717 0.06782
v -0.59771 1.10693 0.06438
v -0.60392 1.09839 0.06206
v -0.61374 1.09373 0.06139
v -0.62450 1.09242 0.06298
v -0.64989 1.11180 0.06014
v -0.64774 1.10509 0.00605
v -0.64945 1.11119 0.01175
v -0.62279 1.09160 0.06986
v -0.62949 1.09366 0.07191
v -0.65220 1.11311 0.05086
v -0.68218 1.08039 0.05723
v -0.65333 1.11470 0.02735
v -0.60252 1.13574 0.06194
v -0.64408 1.12173 0.02287
v -0.64407 1.12291 0.03019
v -0.68099 1.08136 0.04037
v -0.65340 1.11405 0.03899
v -0.64048 1.12147 0.05307
v -0.60168 1.14295 0.05340
v -0.60895 1.11855 0.00472
v -0.61141 1.13826 0.00925
v -0.61821 1.11590 0.07671
v -0.67955 1.08795 0.04224
v -0.65255 1.11412 0.04668
v -0.64196 1.12283 0.04406
v -0.60845 1.11340 0.00620
v -0.63911 1.10524 0.00409
v -0.67950 1.08581 0.03993
v -0.68039 1.07625 0.04115
v -0.64468 1.12208 0.03360
v -0.67632 1.07276 0.05668
v -0.67427 1.07568 0.02230
v -0.67962 1.07591 0.05666
v -0.67633 1.09040 0.02441
v -0.62670 1.13012 0.05738
v -0.68085 1.08701 0.05499
v -0.68094 1.08718 0.05780
v -0.67318 1.08999 0.01883
v -0.67834 1.07289 0.04149
v -0.62431 1.08367 0.08253
v -0.61354 1.08558 0.08617
v -0.61293 1.09450 0.08968
v -0.61173 1.08951 0.08802
v -0.62899 1.09471 0.08593
v -0.62406 1.09860 0.08864
v -0.61779 1.09845 0.09005
v -0.63058 1.09022 0.08398
v -0.61795 1.08321 0.08397
v -0.62907 1.08653 0.08275
v -0.62282 1.08851 0.07622
v -0.60986 1.09138 0.07789
v -0.60818 1.10219 0.08214
v -0.60704 1.09627 0.07999
v -0.62671 1.10129 0.08023
v -0.62066 1.10661 0.08238
v -0.61358 1.10706 0.08326
v -0.62901 1.09552 0.07851
v -0.61531 1.08850 0.07655
v -0.62792 1.09114 0.07706
v -0.62742 1.09413 0.04564
v -0.60038 1.10911 0.04235
v -0.59518 1.11885 0.03292
v -0.59807 1.14874 0.01003
v -0.60155 1.11340 0.01125
v -0.61976 1.11490 0.00409
v -0.65121 1.11285 0.05501
v -0.62594 1.12538 0.06450
v -0.59510 1.14717 0.04978
v -0.64922 1.10893 0.06515
v -0.61001 1.11621 0.07705
v -0.61916 1.10872 0.00511
v -0.64333 1.12309 0.03648
v -0.66387 1.08613 0.07174
v -0.63100 1.09858 0.07435
v -0.63813 1.10361 0.07304
v -0.63817 1.09705 0.07203
v -0.63499 1.09239 0.06644
v -0.63815 1.11617 0.06540
v -0.64786 1.09913 0.07226
v -0.61421 1.13526 0.06345
v -0.61088 1.10457 0.02285
v -0.59543 1.11764 0.01713
v -0.61816 1.10382 0.00771
v -0.60492 1.10162 0.04618
v -0.61513 1.09766 0.04480
v -0.61988 1.12120 0.00429
v -0.61293 1.14343 0.01602
v -0.63955 1.11028 0.00483
v 0.00000 1.61761 0.13115
v 0.00000 1.60958 0.12955
v 0.00000 1.60318 0.13107
v 0.00000 1.62709 0.13434
v 0.00000 1.64192 0.13913
v 0.00000 1.67565 0.13884
v 0.00000 1.58747 0.14452
v 0.00000 1.57108 0.14695
v 0.00000 1.55707 0.13680
v 0.00000 1.55583 0.13692
v 0.00000 1.55453 0.13524
v 0.00000 1.55269 0.13185
v 0.00000 1.54631 0.13060
v 0.00000 1.55229 0.13019
v 0.00000 1.54917 0.13115
v 0.00000 1.55333 0.13381
v 0.00000 1.55074 0.13101
v 0.00000 1.55231 0.12961
v 0.00000 1.55259 0.12863
v 0.00000 1.55399 0.12783
v 0.00000 1.55054 0.12649
v 0.00000 1.55705 0.12770
v 0.00000 1.54804 0.12644
v 0.00466 1.50346 0.05251
v 0.00000 1.74942 -0.02016
v 0.00000 1.75974 0.01030
v 0.00000 1.75094 0.08390
v 0.00000 1.59139 -0.04924
v 0.00000 1.60166 -0.05566
v 0.00000 1.61460 -0.06172
v 0.00000 1.64828 -0.07245
v 0.00000 1.69669 -0.06560
v 0.00000 1.73811 0.10425
v 0.00000 1.57741 0.15365
v 0.00000 1.59669 0.13621
v 0.00000 1.58090 0.15130
v 0.00000 1.52433 0.12565
v 0.00000 1.51892 0.12238
v 0.00000 1.69162 0.13701
v 0.00000 1.52735 0.09288
v 0.00000 1.71272 0.12698
v 0.00000 1.57542 -0.03679
v 0.00000 1.56808 -0.03120
v 0.00000 1.53223 0.07816
v 0.00000 1.54568 0.13011
v 0.00000 1.72484 -0.04979
v 0.00000 1.67155 -0.07225
v 0.00000 1.63035 -0.06708
v 0.00000 1.58292 -0.04283
v -0.07080 1.33602 0.10688
v -0.06080 1.34542 0.11104
v -0.05198 1.35250 0.11292
v -0.04219 1.34930 0.11532
v -0.03085 1.34629 0.11812
v -0.02035 1.34424 0.11988
v -0.03083 1.29774 0.11444
v -0.03305 1.28330 0.11200
v -0.05440 1.27998 0.10405
v -0.07539 1.28503 0.09288
v -0.09163 1.29852 0.08315
v -0.08680 1.31107 0.09330
v -0.07997 1.32406 0.10111
v 0.00000 1.42950 0.07157
v 0.00000 1.45340 0.05803
v 0.00457 1.44196 0.06316
v 0.00000 1.48103 0.05354
v 0.00000 1.53079 0.12513
v 0.00000 1.56099 -0.02631
v 0.00000 1.55433 -0.02279
v 0.00000 1.54235 -0.01968
v 0.00000 1.53600 -0.01830
v 0.00000 1.52957 -0.01757
v 0.00000 1.52273 -0.01720
v 0.00000 1.51567 -0.01731
v 0.00000 1.50840 -0.01797
v 0.00000 1.49239 -0.02117
v 0.00000 1.48331 -0.02381
v -0.12608 1.35670 0.02641
v 0.00000 1.47243 -0.02832
v 0.00000 1.43858 -0.04166
v 0.00000 1.45759 -0.03489
v -0.12630 1.35542 0.01826
v -0.06567 1.38708 -0.04633
v -0.09716 1.39595 -0.04021
v -0.08233 1.39189 -0.04367
v 0.00000 1.38526 -0.04316
v -0.02490 1.38396 -0.04582
v -0.12686 1.35575 0.00099
v -0.04692 1.38292 -0.04680
v -0.07962 1.36528 -0.04223
v -0.10746 1.38333 -0.03659
v -0.09494 1.37517 -0.03954
v 0.00000 1.35542 -0.04107
v -0.02756 1.35451 -0.04413
v -0.12643 1.35894 0.03461
v -0.06040 1.35147 -0.04363
v -0.09939 1.34977 -0.03355
v -0.11910 1.37111 -0.02939
v -0.10782 1.36153 -0.03127
v -0.03002 1.32063 -0.04079
v -0.08605 1.31085 -0.03397
v -0.12670 1.35507 0.00986
v -0.09152 1.33548 -0.03563
v -0.11308 1.34056 -0.02124
v -0.12756 1.36088 -0.01955
v -0.11919 1.35171 -0.02011
v 0.00000 1.32260 -0.03774
v -0.10426 1.30698 -0.02070
v -0.12735 1.36296 0.04284
v -0.10910 1.32761 -0.02205
v -0.13294 1.37859 0.05784
v 0.00000 1.42065 0.07890
v 0.00000 1.46772 0.05510
v 0.00000 1.49283 0.05276
v 0.00000 1.50075 -0.01921
v -0.10774 1.39838 -0.03762
v -0.11875 1.39090 -0.03442
v -0.13516 1.37965 -0.02779
v -0.14084 1.36591 -0.01917
v -0.16262 1.36746 0.04499
v -0.14266 1.37079 0.04651
v -0.15753 1.37631 -0.02328
v -0.17575 1.37539 -0.02098
v -0.12952 1.36944 0.05097
v 0.00000 1.41106 0.08687
v -0.12425 1.38935 0.07007
v -0.13639 1.38956 0.06119
v -0.15058 1.38730 0.05559
v -0.16810 1.38365 0.05237
v -0.00933 1.38668 0.10394
v -0.03891 1.39412 0.10018
v -0.07140 1.39704 0.09714
v -0.09020 1.39249 0.09178
v -0.10982 1.38509 0.08263
v -0.05758 1.28487 -0.03509
v 0.00000 1.38587 0.10391
v -0.01800 1.38852 0.10314
v -0.02741 1.39127 0.10180
v -0.05300 1.39678 0.09880
v -0.18666 1.38073 0.05010
v -0.20770 1.37770 0.04454
v -0.23051 1.37344 0.03308
v -0.23870 1.37705 0.01359
v -0.23008 1.37763 -0.00484
v -0.21319 1.37665 -0.01486
v -0.19411 1.37532 -0.01885
v -0.14631 1.37845 0.05247
v -0.16510 1.37537 0.04991
v -0.16075 1.36063 0.03777
v -0.14030 1.36486 0.03910
v -0.15999 1.34995 0.00390
v -0.13526 1.35964 0.00672
v -0.16077 1.36321 -0.01808
v -0.18535 1.36228 0.04605
v -0.18357 1.35331 0.03844
v -0.18336 1.33636 0.00149
v -0.17885 1.36093 -0.01793
v -0.18617 1.37181 0.04898
v -0.20757 1.35518 0.04667
v -0.20594 1.34287 0.03916
v -0.20879 1.36695 0.04674
v -0.22909 1.34623 0.04604
v -0.22763 1.33015 0.03908
v -0.23109 1.36034 0.04255
v -0.25656 1.33290 0.04464
v -0.25521 1.31447 0.03870
v -0.25877 1.34961 0.04084
v -0.28435 1.31717 0.04295
v -0.28151 1.29953 0.03809
v -0.28579 1.33441 0.03765
v -0.30850 1.30202 0.04098
v -0.30391 1.28669 0.03741
v -0.30978 1.31853 0.03580
v -0.32685 1.28963 0.03897
v -0.32120 1.27736 0.03637
v -0.32860 1.30441 0.03497
v -0.34007 1.28012 0.03690
v -0.33389 1.27053 0.03488
v -0.34311 1.29190 0.03501
v -0.20447 1.32290 -0.00074
v -0.19800 1.35971 -0.01840
v -0.25986 1.35946 0.02867
v -0.25890 1.36125 0.00893
v -0.28476 1.34479 0.02497
v -0.28049 1.34713 0.00673
v -0.30642 1.33049 0.02376
v -0.30021 1.33481 0.00671
v -0.32573 1.31667 0.02477
v -0.31990 1.32303 0.00915
v -0.34236 1.30365 0.02768
v -0.33880 1.31205 0.01378
v 0.00000 1.76034 0.03899
v 0.00000 1.75695 0.06236
v -0.24652 1.35505 -0.01043
v -0.21916 1.35925 -0.01717
v -0.27183 1.33991 -0.01018
v -0.24717 1.33035 -0.01718
v -0.16289 1.35416 -0.01143
v -0.13980 1.36081 -0.01031
v -0.18182 1.34818 -0.01312
v -0.20151 1.34299 -0.01546
v -0.13886 1.36095 0.03112
v -0.15930 1.35572 0.02916
v -0.18281 1.34588 0.02926
v -0.20508 1.33312 0.02939
v -0.22800 1.31776 0.02899
v -0.25552 1.30136 0.02853
v -0.27892 1.28800 0.02852
v -0.29822 1.27773 0.02896
v -0.31364 1.27024 0.02943
v -0.32635 1.26448 0.02935
v -0.35740 1.29099 0.03165
v -0.35643 1.30133 0.02016
v -0.37566 1.27669 0.03631
v -0.37630 1.28886 0.02751
v -0.39396 1.26194 0.03970
v -0.39755 1.27463 0.03387
v -0.41046 1.24894 0.04140
v -0.41573 1.26124 0.03851
v -0.42514 1.23661 0.04194
v -0.43080 1.24847 0.04107
v -0.43873 1.22525 0.04172
v -0.44422 1.23671 0.04243
v -0.45092 1.21550 0.04114
v -0.45594 1.22639 0.04285
v -0.46305 1.20680 0.04058
v -0.46721 1.21675 0.04286
v -0.22801 1.30852 -0.00241
v -0.25128 1.29589 -0.00350
v -0.18308 1.34020 -0.00632
v -0.16204 1.35098 -0.00375
v -0.20347 1.32961 -0.00937
v -0.13717 1.35967 -0.00147
v -0.22679 1.31827 -0.01181
v -0.24895 1.30860 -0.01349
v -0.29251 1.32900 -0.00901
v -0.26798 1.30144 -0.01468
v -0.27018 1.28753 -0.00449
v -0.31286 1.32002 -0.00624
v -0.28490 1.29574 -0.01528
v -0.28554 1.28164 -0.00534
v -0.33360 1.31267 -0.00133
v -0.29965 1.29117 -0.01521
v -0.29873 1.27711 -0.00580
v -0.31279 1.28661 -0.01511
v -0.31197 1.27096 -0.00602
v -0.35562 1.27159 -0.01891
v -0.26797 1.32156 -0.01755
v -0.28734 1.31430 -0.01706
v -0.30605 1.30784 -0.01530
v -0.32530 1.30143 -0.01296
v -0.22380 1.33711 -0.01724
v -0.34492 1.27683 -0.01930
v -0.34922 1.30191 -0.00607
v -0.35412 1.30569 0.00638
v -0.37466 1.29580 0.01426
v -0.33699 1.26397 -0.01745
v -0.39857 1.28276 0.02203
v -0.37371 1.27154 -0.01455
v -0.36940 1.25846 -0.01680
v -0.34722 1.25907 -0.01786
v -0.37060 1.29635 0.00097
v -0.39557 1.28457 0.00793
v -0.43565 1.24816 -0.00544
v -0.40837 1.25968 -0.01037
v -0.41980 1.26975 0.02835
v -0.42042 1.27181 0.01433
v -0.43676 1.25760 0.03295
v -0.44035 1.25997 0.01988
v -0.45096 1.24598 0.03618
v -0.45651 1.24889 0.02443
v -0.46279 1.23561 0.03824
v -0.46940 1.23907 0.02794
v -0.45700 1.23819 -0.00054
v -0.47293 1.23042 0.00388
v -0.42970 1.23722 -0.01165
v -0.45185 1.22817 -0.00790
v -0.46859 1.22112 -0.00405
v -0.13763 1.35760 0.01480
v -0.20445 1.32236 0.00913
v -0.15878 1.35043 0.01185
v -0.18298 1.33640 0.01033
v -0.22892 1.30665 0.00823
v -0.25318 1.29256 0.00770
v -0.27311 1.28260 0.00731
v -0.28856 1.27546 0.00716
v -0.40604 1.23890 0.03943
v -0.36896 1.25772 0.03611
v -0.38551 1.24354 0.03611
v -0.40243 1.23173 0.03564
v -0.41855 1.22097 0.03477
v -0.43356 1.21097 0.03387
v -0.44700 1.20259 0.03310
v -0.46032 1.19519 0.03252
v -0.32974 1.26278 -0.01337
v -0.32968 1.27609 -0.01899
v -0.34341 1.28609 -0.01659
v -0.32787 1.26855 -0.01609
v -0.33550 1.28283 -0.01891
v -0.35446 1.28180 -0.01572
v -0.33862 1.25799 -0.01383
v -0.35802 1.25035 -0.01477
v -0.32321 1.25782 -0.00089
v -0.33654 1.24704 0.00080
v -0.15807 1.35266 0.02039
v -0.18257 1.34004 0.01967
v -0.13781 1.35877 0.02291
v -0.20459 1.32625 0.01931
v -0.22854 1.31053 0.01882
v -0.25491 1.29485 0.01843
v -0.27603 1.28326 0.01845
v -0.30718 1.26804 0.02008
v -0.29299 1.27469 0.01900
v -0.35802 1.23471 0.00056
v -0.42154 1.22641 -0.01210
v -0.39260 1.23722 -0.01362
v -0.38559 1.22219 -0.00023
v -0.41073 1.21197 -0.00065
v -0.44397 1.21760 -0.00969
v -0.43148 1.20320 -0.00050
v -0.46137 1.21131 -0.00724
v -0.44872 1.19659 -0.00028
v -0.40117 1.24751 -0.01435
v -0.35146 1.26462 -0.01928
v -0.33971 1.27042 -0.01959
v -0.41633 1.26787 0.00056
v -0.32126 1.28146 -0.01749
v -0.34556 1.29353 -0.01293
v -0.38768 1.28092 -0.00464
v -0.36352 1.29044 -0.00899
v -0.44010 1.25632 0.00591
v -0.45894 1.24567 0.01107
v -0.47325 1.23676 0.01547
v -0.31997 1.27051 -0.01265
v -0.33027 1.29095 -0.01693
v -0.32596 1.26072 -0.00892
v -0.33713 1.25198 -0.00798
v -0.35725 1.24090 -0.00834
v -0.41489 1.21776 -0.00809
v -0.38781 1.22842 -0.00848
v -0.43677 1.20913 -0.00690
v -0.45409 1.20275 -0.00548
v 0.00000 1.29280 -0.03346
v -0.02338 1.41067 -0.04534
v -0.04303 1.40848 -0.04692
v 0.00000 1.41166 -0.04461
v -0.07698 1.40861 -0.04461
v -0.06038 1.40823 -0.04704
v -0.09372 1.40872 -0.04081
v -0.10953 1.40697 -0.03716
v -0.14084 1.39406 -0.02931
v -0.15830 1.38953 -0.02538
v -0.17452 1.38799 -0.02226
v -0.01767 1.40341 0.09367
v -0.08460 1.41047 0.08338
v -0.10464 1.40724 0.07641
v -0.13987 1.40146 0.05930
v -0.15539 1.39645 0.05496
v -0.02686 1.40628 0.09212
v -0.03789 1.40914 0.09048
v -0.05070 1.41177 0.08895
v -0.06616 1.41281 0.08748
v -0.17168 1.39140 0.05213
v -0.08073 1.28168 -0.02943
v 0.00000 1.39994 0.09521
v -0.00911 1.40105 0.09479
v -0.12348 1.40567 0.06636
v -0.18730 1.38798 0.04974
v -0.20231 1.38673 0.04331
v -0.21597 1.38659 0.03170
v -0.22446 1.38841 0.01539
v -0.21870 1.39008 -0.00171
v -0.20541 1.38932 -0.01307
v -0.19022 1.38795 -0.01878
v -0.12537 1.40113 -0.03363
v -0.47374 1.22592 0.03965
v -0.48056 1.23015 0.03089
v -0.48566 1.22420 0.00778
v -0.48189 1.21579 -0.00080
v -0.48505 1.22926 0.01936
v -0.47551 1.20666 -0.00523
v -0.46333 1.19180 -0.00024
v -0.46840 1.19800 -0.00444
v -0.05854 1.31701 -0.04038
v -0.09733 1.27839 -0.01805
v -0.11155 1.30555 -0.00461
v -0.03037 1.28864 -0.03591
v -0.10553 1.27672 -0.00318
v -0.11925 1.33645 -0.00675
v -0.12874 1.35632 -0.00891
v -0.12306 1.34741 -0.00756
v -0.11609 1.32500 -0.00615
v -0.12386 1.37515 0.06586
v -0.12153 1.36393 0.05754
v -0.06967 1.29989 0.10067
v -0.04979 1.29593 0.10886
v 0.06967 1.29989 0.10067
v 0.04979 1.29593 0.10886
v -0.12002 1.34911 0.03052
v -0.12082 1.34760 0.02195
v -0.12257 1.34676 0.00318
v -0.11937 1.35186 0.03915
v -0.12163 1.34690 0.01299
v -0.11970 1.35648 0.04816
v -0.01053 1.34281 0.12037
v 0.00000 1.34216 0.12005
v -0.01424 1.29797 0.11772
v 0.00000 1.29771 0.11870
v -0.01520 1.28409 0.11572
v 0.00000 1.28405 0.11695
v -0.11589 1.35508 0.06450
v -0.11618 1.36738 0.07493
v -0.11585 1.33898 0.03454
v -0.11722 1.33733 0.02541
v -0.11913 1.33635 0.00521
v -0.11443 1.34207 0.04377
v -0.11827 1.33655 0.01581
v -0.11447 1.34707 0.05372
v -0.11222 1.32622 0.03827
v -0.11402 1.32457 0.02855
v -0.11650 1.32520 0.00733
v -0.11027 1.32926 0.04816
v -0.11541 1.32388 0.01836
v -0.10987 1.33426 0.05887
v -0.10848 1.30584 0.04216
v -0.11100 1.30439 0.03156
v -0.11383 1.30577 0.00958
v -0.10607 1.30864 0.05296
v -0.11268 1.30382 0.02076
v -0.10473 1.31354 0.06418
v -0.10479 1.27771 0.04621
v -0.10878 1.27638 0.03393
v -0.10976 1.27534 0.01060
v -0.09975 1.28011 0.05926
v -0.11040 1.27608 0.02222
v -0.09583 1.28745 0.07130
v -0.00975 1.37126 0.11193
v -0.01035 1.35503 0.11782
v 0.00000 1.37029 0.11130
v 0.00000 1.35370 0.11727
v -0.01940 1.35739 0.11697
v -0.01864 1.37290 0.11122
v -0.02916 1.35958 0.11522
v -0.02830 1.37495 0.10969
v -0.04052 1.36191 0.11291
v -0.03985 1.37735 0.10775
v -0.05359 1.36340 0.11052
v -0.05418 1.37917 0.10570
v -0.06910 1.36060 0.10823
v -0.07195 1.37887 0.10374
v -0.08195 1.35352 0.10302
v -0.08876 1.37320 0.09823
v -0.09303 1.34366 0.09619
v -0.10283 1.36455 0.09074
v -0.10273 1.32188 0.07611
v -0.11014 1.34198 0.07040
v -0.09939 1.33231 0.08720
v -0.10902 1.35244 0.08157
v -0.03386 1.26707 0.10954
v -0.05809 1.25777 0.09878
v -0.08123 1.26830 0.08297
v -0.01516 1.27066 0.11419
v 0.00000 1.27108 0.11546
v -0.02672 1.23968 0.10991
v -0.01300 1.24506 0.11235
v -0.08939 1.25056 0.06992
v 0.00000 1.25969 0.11414
v -0.09070 1.25718 -0.01486
v -0.10064 1.25487 -0.00252
v -0.10093 1.24995 0.05108
v -0.10676 1.25037 0.03636
v -0.10633 1.25264 0.01044
v -0.10820 1.25151 0.02325
v -0.05289 1.26101 -0.02991
v 0.00000 1.26466 -0.03028
v -0.07468 1.25957 -0.02443
v -0.01362 1.24417 -0.03035
v -0.47933 1.18650 -0.00006
v -0.48438 1.19249 -0.00338
v -0.50091 1.21616 0.01144
v -0.49710 1.20920 0.00224
v -0.50005 1.21972 0.02306
v -0.49124 1.20068 -0.00300
v -0.47922 1.19625 0.03995
v -0.48247 1.20539 0.04289
v -0.48827 1.21425 0.04110
v -0.49518 1.21927 0.03387
v -0.47731 1.18584 0.03146
v -0.36253 1.25207 0.03309
v -0.47684 1.18284 0.02698
v -0.57102 1.13502 0.02993
v -0.55665 1.14275 0.02978
v -0.53808 1.15332 0.03068
v -0.51830 1.16495 0.03222
v -0.49794 1.17742 0.03427
v -0.47799 1.19009 0.03577
v -0.43560 1.21680 0.03805
v -0.38986 1.25115 0.03930
v -0.37323 1.26566 0.03806
v -0.30166 1.26982 0.00757
v -0.31925 1.26186 0.02094
v -0.31357 1.26354 0.00857
v -0.33814 1.25781 0.02903
v -0.35457 1.24771 0.02850
v -0.34651 1.24467 0.02147
v -0.34009 1.24436 0.01161
v -0.37419 1.23465 0.02748
v -0.36763 1.23201 0.02043
v -0.36176 1.23165 0.01094
v -0.39475 1.22306 0.02616
v -0.39037 1.22008 0.01885
v -0.38684 1.21949 0.00958
v -0.41364 1.21285 0.02498
v -0.41122 1.21004 0.01753
v -0.40976 1.20935 0.00850
v -0.43051 1.20361 0.02403
v -0.42937 1.20104 0.01658
v -0.42922 1.20047 0.00779
v -0.44527 1.19573 0.02344
v -0.44487 1.19353 0.01593
v -0.44555 1.19347 0.00734
v -0.45934 1.18913 0.02280
v -0.45925 1.18741 0.01516
v -0.46030 1.18804 0.00680
v -0.46119 1.19989 0.03664
v -0.44845 1.20781 0.03726
v -0.42127 1.22744 0.03884
v -0.47646 1.18225 0.00620
v -0.47583 1.18028 0.01400
v -0.47620 1.18091 0.02149
v -0.67098 1.07576 0.01001
v -0.67258 1.07429 0.01473
v -0.67530 1.07075 0.03195
v -0.67557 1.07002 0.05016
v -0.67052 1.07231 0.04954
v -0.66800 1.07506 0.06436
v -0.66789 1.07620 0.01479
v -0.66613 1.07831 0.00975
v -0.63903 1.11999 0.05938
v -0.61310 1.14768 0.02287
v -0.61318 1.15040 0.02956
v -0.61131 1.15145 0.03668
v -0.62066 1.14473 0.03718
v -0.67012 1.09296 0.06988
v -0.66197 1.09479 0.00793
v -0.67338 1.09421 0.03841
v -0.67558 1.09333 0.05612
v -0.66886 1.09571 0.02078
v -0.68007 1.09272 0.04819
v -0.67859 1.09277 0.04389
v -0.67927 1.09189 0.05231
v -0.67349 1.09745 0.04247
v -0.67455 1.09695 0.05186
v -0.67685 1.09432 0.03099
v -0.67598 1.09337 0.03473
v -0.67519 1.09490 0.02713
v -0.67185 1.09833 0.03468
v -0.66980 1.09937 0.02582
v -0.66974 1.09400 0.01364
v -0.66828 1.09418 0.01092
v -0.66992 1.09394 0.01673
v -0.66336 1.09826 0.01044
v -0.66617 1.09877 0.01727
v -0.68064 1.09174 0.06296
v -0.67928 1.09139 0.06669
v -0.67900 1.09189 0.05997
v -0.67261 1.09603 0.06651
v -0.67408 1.09670 0.05829
v -0.65345 1.11417 0.03143
v -0.65312 1.11356 0.02341
v -0.62586 1.09262 0.05436
v -0.65064 1.11198 0.01577
v -0.64843 1.10891 0.00849
v -0.67504 1.09843 0.04717
v -0.67168 1.09985 0.03042
v -0.66489 1.09944 0.01375
v -0.67447 1.09731 0.06197
v -0.64443 1.11973 0.01931
v -0.64396 1.12296 0.02646
v -0.62376 1.13608 0.01802
v -0.64227 1.12379 0.04001
v -0.61517 1.14040 0.05515
v -0.62078 1.13321 0.01064
v -0.59190 1.13307 0.05338
v -0.62009 1.14223 0.04535
v -0.62374 1.14154 0.03091
v -0.62253 1.14072 0.02459
v -0.64714 1.09392 0.07198
v -0.64557 1.08991 0.06711
v -0.61396 1.09528 0.05305
v -0.60264 1.10077 0.05381
v -0.59470 1.11273 0.05435
v -0.58969 1.12441 0.04898
v -0.64833 1.10418 0.06943
v -0.63773 1.11027 0.07008
v -0.61598 1.12646 0.07058
v -0.62655 1.11781 0.07031
v -0.60599 1.12623 0.07009
v -0.63611 1.09024 0.05720
v -0.64524 1.08716 0.05939
v -0.65400 1.08255 0.06165
v -0.64449 1.09098 0.00821
v -0.61438 1.10239 0.01725
v -0.60841 1.10885 0.00848
v -0.58922 1.15155 0.04743
v -0.65712 1.10502 0.01293
v -0.65518 1.10354 0.00956
v -0.65879 1.10551 0.01661
v -0.64513 1.08670 0.05053
v -0.65556 1.09024 0.07212
v -0.65416 1.08612 0.06813
v -0.65684 1.09436 0.07179
v -0.65100 1.08676 0.00912
v -0.65393 1.10023 0.00679
v -0.65294 1.09636 0.00540
v -0.65188 1.09162 0.00594
v -0.65575 1.08142 0.03725
v -0.62902 1.09697 0.03924
v -0.66213 1.10382 0.06082
v -0.66061 1.10197 0.06541
v -0.65879 1.09831 0.06921
v -0.65394 1.08227 0.02085
v -0.66264 1.10399 0.05665
v -0.66372 1.10325 0.05385
v -0.66440 1.10486 0.04954
v -0.66425 1.10544 0.04512
v -0.66370 1.10487 0.04093
v -0.66357 1.10405 0.03725
v -0.66335 1.10531 0.03360
v -0.66272 1.10623 0.02935
v -0.66156 1.10566 0.02501
v -0.66023 1.10470 0.01986
v -0.63025 1.11617 0.00443
v -0.62901 1.10387 0.00447
v -0.62980 1.10976 0.00376
v -0.64126 1.11788 0.01063
v -0.63113 1.12569 0.01046
v -0.61008 1.13173 0.00553
v -0.61988 1.12784 0.00631
v -0.65402 1.08203 0.04535
v -0.63728 1.09057 0.04836
v -0.65533 1.07991 0.05394
v -0.64400 1.08809 0.01379
v -0.64026 1.11474 0.00720
v -0.63030 1.12153 0.00652
v -0.64261 1.11933 0.01523
v -0.63379 1.12875 0.04640
v -0.63392 1.12917 0.02202
v -0.63369 1.13154 0.02974
v -0.62963 1.13111 0.05014
v -0.63089 1.13251 0.04282
v -0.63684 1.12893 0.03221
v -0.63298 1.13245 0.03416
v -0.63734 1.12580 0.01959
v -0.63270 1.13164 0.02583
v -0.63093 1.13395 0.03817
v -0.63332 1.12726 0.01601
v -0.66481 1.07453 0.05620
v -0.66706 1.07553 0.04011
v -0.66267 1.07630 0.04813
v -0.66145 1.07847 0.06264
v -0.65977 1.07991 0.01505
v -0.64407 1.08728 0.02043
v -0.64341 1.08779 0.02771
v -0.64376 1.08852 0.03397
v -0.64302 1.08999 0.04132
v -0.63760 1.09279 0.04251
v -0.60536 1.10849 0.01424
v -0.59944 1.11793 0.00854
v -0.61673 1.10131 0.01193
v -0.62004 1.10097 0.02927
v -0.60791 1.10764 0.02796
v -0.60899 1.10592 0.01100
v -0.59442 1.12549 0.05946
v -0.61805 1.10316 0.03365
v -0.63143 1.09684 0.03548
v -0.62460 1.09672 0.01884
v -0.59590 1.14221 0.00463
v -0.62803 1.09922 0.00733
v -0.62662 1.09658 0.01254
v -0.63233 1.09447 0.03109
v -0.59519 1.15735 0.04190
v -0.59942 1.15381 0.01764
v -0.63726 1.09506 0.00758
v -0.63635 1.09235 0.01329
v -0.63508 1.09214 0.02006
v -0.63345 1.09274 0.02639
v -0.60006 1.15748 0.02552
v -0.59881 1.15906 0.03387
v -0.58284 1.14287 0.04830
v -0.58006 1.13570 0.04440
v -0.59332 1.13560 0.00294
v -0.60106 1.12748 0.00363
v -0.60085 1.11157 0.01989
v -0.59752 1.11513 0.02616
v -0.58898 1.12419 0.01445
v -0.62205 1.09814 0.02487
v -0.70586 1.06557 0.07238
v -0.70164 1.06790 0.07308
v -0.69678 1.06988 0.06162
v -0.70037 1.06504 0.06118
v -0.69775 1.07207 0.07129
v -0.70468 1.06308 0.06255
v -0.70556 1.06667 0.06692
v -0.69776 1.07358 0.06600
v -0.74170 1.03290 0.07531
v -0.73766 1.03998 0.07410
v -0.73733 1.03963 0.06818
v -0.74123 1.03268 0.06802
v -0.74117 1.03390 0.07610
v -0.74034 1.03333 0.06688
v -0.73717 1.04107 0.07078
v -0.74299 1.03234 0.07173
v -0.73939 1.03699 0.07552
v -0.73866 1.03651 0.06724
v -0.71891 1.05300 0.06490
v -0.72191 1.04930 0.06461
v -0.71990 1.05457 0.07394
v -0.72305 1.05094 0.07539
v -0.72570 1.04765 0.06597
v -0.72639 1.04882 0.07461
v -0.72020 1.05587 0.06900
v -0.72614 1.05043 0.07000
v -0.58016 1.13772 0.00259
v -0.56377 1.14441 0.00289
v -0.54280 1.15334 0.00346
v -0.51925 1.16345 0.00442
v -0.49683 1.17345 0.00530
v -0.49747 1.17387 0.02966
v -0.51772 1.16208 0.02735
v -0.53797 1.15084 0.02537
v -0.55676 1.14050 0.02387
v -0.57161 1.13255 0.02322
v -0.57714 1.13419 0.00550
v -0.56107 1.14154 0.00672
v -0.53978 1.15090 0.00863
v -0.51766 1.16071 0.01037
v -0.49592 1.17099 0.01221
v -0.49640 1.17058 0.01933
v -0.51729 1.16004 0.01703
v -0.53848 1.14956 0.01471
v -0.55859 1.14021 0.01249
v -0.57501 1.13249 0.01024
v -0.49895 1.18281 0.03895
v -0.51930 1.16970 0.03765
v -0.53878 1.15739 0.03629
v -0.55693 1.14690 0.03611
v -0.57057 1.13857 0.03691
v -0.58389 1.14366 0.00307
v -0.56742 1.14960 0.00175
v -0.54651 1.15794 0.00081
v -0.52329 1.16768 0.00026
v -0.49973 1.17789 -0.00001
v -0.50488 1.18382 -0.00216
v -0.52815 1.17360 -0.00011
v -0.55088 1.16395 0.00214
v -0.57163 1.15564 0.00468
v -0.58767 1.15023 0.00746
v -0.51117 1.19120 -0.00046
v -0.53363 1.18049 0.00285
v -0.55545 1.17056 0.00634
v -0.57578 1.16139 0.01020
v -0.59045 1.15610 0.01404
v -0.51625 1.19936 0.00544
v -0.53812 1.18753 0.00926
v -0.55956 1.17618 0.01333
v -0.57828 1.16634 0.01772
v -0.59164 1.16061 0.02182
v -0.51979 1.20506 0.01500
v -0.54065 1.19239 0.01893
v -0.56066 1.18024 0.02288
v -0.57788 1.16970 0.02702
v -0.59047 1.16294 0.03068
v -0.51861 1.20755 0.02650
v -0.53873 1.19425 0.03009
v -0.55769 1.18148 0.03354
v -0.57444 1.17004 0.03635
v -0.58680 1.16184 0.03923
v -0.51347 1.20589 0.03657
v -0.53313 1.19189 0.03929
v -0.55160 1.17859 0.04173
v -0.56841 1.16693 0.04346
v -0.58055 1.15755 0.04504
v -0.50690 1.20002 0.04258
v -0.52658 1.18561 0.04365
v -0.54519 1.17201 0.04451
v -0.56211 1.16002 0.04534
v -0.57448 1.15042 0.04646
v -0.50175 1.19113 0.04279
v -0.52187 1.17717 0.04233
v -0.54082 1.16409 0.04186
v -0.55815 1.15258 0.04195
v -0.57087 1.14327 0.04279
v -0.71676 1.05187 0.05931
v -0.71478 1.04887 0.04526
v -0.69587 1.06384 0.04372
v -0.69711 1.06767 0.05772
v -0.69526 1.06424 0.05833
v -0.71472 1.04895 0.05960
v -0.69407 1.06054 0.04436
v -0.71308 1.04599 0.04573
v -0.74597 1.03011 0.06064
v -0.74810 1.02631 0.06071
v -0.74611 1.02934 0.04912
v -0.74827 1.02590 0.04927
v -0.75032 1.02155 0.05529
v -0.74342 1.03500 0.05427
v -0.75225 1.02239 0.05512
v -0.74439 1.03385 0.05433
v -0.74990 1.02562 0.06002
v -0.74945 1.02560 0.05029
v -0.74703 1.02870 0.05028
v -0.74745 1.02896 0.05988
v -0.71844 1.05479 0.05157
v -0.70195 1.06901 0.05028
v -0.71155 1.04407 0.05308
v -0.69224 1.05862 0.05164
v -0.74233 1.03192 0.06081
v -0.74281 1.03068 0.04845
v -0.74420 1.02704 0.04854
v -0.74350 1.02793 0.06088
v -0.74175 1.03615 0.05422
v -0.74584 1.02290 0.05517
v -0.73266 1.03049 0.05431
v -0.73651 1.04015 0.05382
v -0.73357 1.03396 0.06048
v -0.73292 1.03318 0.04762
v -0.73390 1.03576 0.04732
v -0.73476 1.03682 0.06065
v -0.70497 1.06660 0.05057
v -0.69828 1.05746 0.04475
v -0.70048 1.06003 0.04388
v -0.69849 1.05428 0.05202
v -0.70992 1.06249 0.05078
v -0.70342 1.05911 0.05885
v -0.70106 1.05516 0.04492
v -0.73053 1.04022 0.06037
v -0.72916 1.03842 0.04689
v -0.72728 1.03650 0.04737
v -0.72846 1.03785 0.05996
v -0.73363 1.04255 0.05338
v -0.72612 1.03492 0.05409
v -0.70332 1.05021 0.05242
v -0.70791 1.05499 0.05929
v -0.71021 1.05753 0.05880
v -0.70401 1.05739 0.04422
v -0.70608 1.06143 0.05834
v -0.70816 1.05398 0.04455
v -0.71290 1.05962 0.05108
v -0.70558 1.05164 0.04516
v -0.68581 1.06876 0.05791
v -0.68838 1.07215 0.05764
v -0.69203 1.07717 0.04977
v -0.68291 1.06459 0.05108
v -0.69620 1.05636 0.05177
v -0.70026 1.06172 0.05861
v -0.70222 1.06440 0.05819
v -0.68771 1.07000 0.04289
v -0.68533 1.06666 0.04328
v -0.72140 1.04384 0.04595
v -0.72044 1.04102 0.04675
v -0.72645 1.04826 0.05264
v -0.71957 1.03907 0.05378
v -0.72263 1.04670 0.05966
v -0.72124 1.04375 0.05972
v -0.72533 1.04072 0.04638
v -0.72415 1.03853 0.04722
v -0.72909 1.04608 0.05289
v -0.72305 1.03720 0.05398
v -0.72663 1.04305 0.06011
v -0.72495 1.04077 0.05978
v -0.73964 1.02619 0.05494
v -0.73853 1.03067 0.06077
v -0.73870 1.02978 0.04804
v -0.73844 1.03300 0.04793
v -0.73927 1.03792 0.05407
v -0.73867 1.03405 0.06077
v -0.74553 1.03261 0.05450
v -0.75319 1.02412 0.05505
v -0.75073 1.02578 0.05898
v -0.75026 1.02575 0.05134
v -0.74747 1.02868 0.05138
v -0.74793 1.02879 0.05855
v -0.74841 1.02967 0.05484
v -0.75154 1.02632 0.05498
v -0.71808 1.05395 0.05654
v -0.71696 1.05256 0.04724
v -0.70127 1.06759 0.04740
v -0.70162 1.06879 0.05364
v -0.74389 1.03357 0.05855
v -0.74390 1.03300 0.05070
v -0.74512 1.03253 0.05798
v -0.74503 1.03232 0.05122
v -0.74177 1.03429 0.05051
v -0.74167 1.03484 0.05834
v -0.70664 1.06306 0.04774
v -0.70712 1.06445 0.05405
v -0.73581 1.03912 0.05812
v -0.73026 1.04328 0.05029
v -0.73080 1.04385 0.05653
v -0.71098 1.05754 0.04669
v -0.71213 1.05929 0.05606
v -0.73546 1.03851 0.04969
v -0.70392 1.06506 0.04735
v -0.70431 1.06656 0.05400
v -0.69113 1.07574 0.05508
v -0.69034 1.07462 0.04471
v -0.72620 1.04766 0.05602
v -0.72574 1.04693 0.04960
v -0.72866 1.04549 0.05659
v -0.72804 1.04492 0.04962
v -0.73876 1.03634 0.05011
v -0.73893 1.03684 0.05821
v -0.74555 1.03155 0.05187
v -0.74573 1.03172 0.05776
v -0.71233 1.04539 0.05724
v -0.69318 1.06062 0.05608
v -0.74986 1.02280 0.05104
v -0.75090 1.02322 0.05909
v -0.71212 1.04484 0.04857
v -0.69294 1.05914 0.04712
v -0.74475 1.02439 0.05905
v -0.73251 1.03132 0.05815
v -0.70000 1.05612 0.05650
v -0.70461 1.05180 0.05681
v -0.72651 1.03571 0.05768
v -0.68354 1.06572 0.05557
v -0.69763 1.05837 0.05629
v -0.71988 1.04036 0.05749
v -0.72330 1.03827 0.05752
v -0.73950 1.02742 0.05049
v -0.74938 1.02272 0.05920
v -0.73890 1.02735 0.05857
v -0.72347 1.03762 0.04996
v -0.69693 1.05651 0.04753
v -0.68385 1.06547 0.04593
v -0.72004 1.03980 0.04950
v -0.75086 1.02340 0.05126
v -0.74542 1.02438 0.05071
v -0.72657 1.03553 0.04999
v -0.73271 1.03151 0.05008
v -0.70410 1.05076 0.04797
v -0.69945 1.05444 0.04771
v -0.75186 1.02418 0.05862
v -0.75158 1.02422 0.05157
v -0.70818 1.06265 0.05578
v -0.70384 1.06619 0.05594
v -0.69790 1.06851 0.04565
v -0.70264 1.06309 0.04498
v -0.69896 1.07036 0.05511
v -0.70728 1.06081 0.04628
v -0.70781 1.06433 0.05064
v -0.69844 1.07178 0.05010
v -0.75125 1.02366 0.05903
v -0.74550 1.03185 0.05781
v -0.74524 1.03175 0.05170
v -0.75106 1.02371 0.05128
v -0.75026 1.02524 0.05989
v -0.74977 1.02529 0.05061
v -0.74480 1.03333 0.05442
v -0.75280 1.02297 0.05526
v -0.74763 1.02850 0.05941
v -0.74709 1.02839 0.05087
v -0.72313 1.04768 0.04795
v -0.72697 1.04357 0.04749
v -0.72409 1.04891 0.05710
v -0.72805 1.04482 0.05857
v -0.73139 1.04141 0.04897
v -0.73204 1.04218 0.05795
v -0.72386 1.05042 0.05220
v -0.73142 1.04424 0.05317
v -0.71466 1.05472 0.04106
v -0.71323 1.05133 0.02640
v -0.69460 1.06598 0.02513
v -0.69582 1.06970 0.04034
v -0.69422 1.06639 0.04079
v -0.71260 1.05200 0.04141
v -0.69237 1.06256 0.02574
v -0.71115 1.04835 0.02705
v -0.74144 1.03310 0.04242
v -0.74318 1.02945 0.04249
v -0.74221 1.03170 0.03079
v -0.74395 1.02842 0.03101
v -0.74514 1.02462 0.03697
v -0.73980 1.03738 0.03597
v -0.74693 1.02565 0.03694
v -0.74079 1.03633 0.03600
v -0.74468 1.02877 0.04167
v -0.74514 1.02818 0.03201
v -0.74300 1.03122 0.03193
v -0.74281 1.03195 0.04151
v -0.71705 1.05737 0.03314
v -0.70079 1.07120 0.03240
v -0.70891 1.04632 0.03429
v -0.69049 1.06063 0.03315
v -0.73812 1.03478 0.04263
v -0.73909 1.03300 0.03011
v -0.74015 1.02933 0.03027
v -0.73882 1.03097 0.04264
v -0.73818 1.03864 0.03593
v -0.74070 1.02535 0.03669
v -0.72870 1.03251 0.03579
v -0.73369 1.04248 0.03557
v -0.72980 1.03700 0.04227
v -0.72976 1.03532 0.02927
v -0.73111 1.03798 0.02879
v -0.73123 1.03986 0.04250
v -0.70370 1.06879 0.03252
v -0.69680 1.05929 0.02609
v -0.69921 1.06194 0.02508
v -0.69658 1.05631 0.03374
v -0.70874 1.06470 0.03248
v -0.70190 1.06144 0.04114
v -0.69957 1.05730 0.02622
v -0.72727 1.04321 0.04216
v -0.72673 1.04102 0.02822
v -0.72470 1.03874 0.02875
v -0.72527 1.04084 0.04157
v -0.73097 1.04503 0.03520
v -0.72273 1.03726 0.03525
v -0.70108 1.05232 0.03388
v -0.70616 1.05759 0.04123
v -0.70878 1.06010 0.04090
v -0.70274 1.05944 0.02537
v -0.70474 1.06348 0.04075
v -0.70669 1.05640 0.02574
v -0.71173 1.06197 0.03272
v -0.70393 1.05375 0.02647
v -0.68471 1.07082 0.04046
v -0.68699 1.07414 0.04009
v -0.69020 1.07909 0.03214
v -0.68104 1.06644 0.03226
v -0.69463 1.05831 0.03357
v -0.69900 1.06370 0.04101
v -0.70109 1.06627 0.04075
v -0.68588 1.07273 0.02446
v -0.68328 1.06920 0.02446
v -0.71957 1.04646 0.02728
v -0.71807 1.04342 0.02802
v -0.72451 1.05083 0.03413
v -0.71670 1.04152 0.03501
v -0.72024 1.04982 0.04134
v -0.71859 1.04690 0.04134
v -0.72325 1.04328 0.02763
v -0.72151 1.04085 0.02852
v -0.72684 1.04873 0.03439
v -0.72006 1.03976 0.03529
v -0.72394 1.04612 0.04201
v -0.72205 1.04385 0.04137
v -0.73485 1.02821 0.03626
v -0.73430 1.03357 0.04256
v -0.73506 1.03191 0.02976
v -0.73526 1.03530 0.02956
v -0.73605 1.04032 0.03582
v -0.73467 1.03704 0.04262
v -0.74155 1.03511 0.03615
v -0.74808 1.02732 0.03681
v -0.74576 1.02890 0.04062
v -0.74563 1.02849 0.03293
v -0.74337 1.03124 0.03291
v -0.74338 1.03172 0.04027
v -0.74401 1.03230 0.03639
v -0.74668 1.02921 0.03659
v -0.71629 1.05677 0.03838
v -0.71551 1.05497 0.02854
v -0.69998 1.06952 0.02877
v -0.70062 1.07085 0.03615
v -0.73986 1.03642 0.04034
v -0.74032 1.03545 0.03222
v -0.74099 1.03520 0.03974
v -0.74145 1.03468 0.03275
v -0.73841 1.03662 0.03203
v -0.73785 1.03766 0.04016
v -0.70536 1.06526 0.02896
v -0.70579 1.06654 0.03613
v -0.73268 1.04202 0.03997
v -0.72824 1.04600 0.03178
v -0.72827 1.04675 0.03818
v -0.70962 1.05968 0.02796
v -0.71067 1.06178 0.03810
v -0.73283 1.04099 0.03132
v -0.70271 1.06703 0.02854
v -0.70334 1.06873 0.03641
v -0.68911 1.07784 0.03730
v -0.68829 1.07682 0.02718
v -0.72403 1.05052 0.03752
v -0.72388 1.04958 0.03093
v -0.72622 1.04850 0.03821
v -0.72607 1.04765 0.03110
v -0.73570 1.03867 0.03178
v -0.73537 1.03969 0.04005
v -0.74164 1.03401 0.03350
v -0.74145 1.03448 0.03948
v -0.71007 1.04852 0.03888
v -0.69195 1.06296 0.03833
v -0.74496 1.02555 0.03285
v -0.74547 1.02684 0.04075
v -0.70967 1.04676 0.02980
v -0.69103 1.06101 0.02845
v -0.73977 1.02732 0.04064
v -0.72880 1.03406 0.03974
v -0.69863 1.05843 0.03863
v -0.70291 1.05444 0.03874
v -0.72329 1.03867 0.03924
v -0.68267 1.06836 0.03791
v -0.69620 1.06071 0.03852
v -0.71715 1.04358 0.03909
v -0.72048 1.04126 0.03912
v -0.73508 1.02912 0.03206
v -0.74414 1.02617 0.04086
v -0.73436 1.03017 0.04018
v -0.72050 1.03988 0.03130
v -0.69520 1.05825 0.02892
v -0.68177 1.06739 0.02706
v -0.71717 1.04188 0.03080
v -0.74585 1.02644 0.03306
v -0.74081 1.02651 0.03251
v -0.72321 1.03750 0.03136
v -0.72892 1.03318 0.03163
v -0.70194 1.05264 0.02932
v -0.69745 1.05628 0.02907
v -0.74664 1.02749 0.04036
v -0.74679 1.02720 0.03317
v -0.70710 1.06516 0.03795
v -0.70259 1.06803 0.03891
v -0.69685 1.07039 0.02745
v -0.70137 1.06519 0.02634
v -0.69751 1.07224 0.03748
v -0.70602 1.06295 0.02751
v -0.70640 1.06635 0.03238
v -0.69720 1.07385 0.03230
v -0.74591 1.02697 0.04064
v -0.74134 1.03475 0.03954
v -0.74159 1.03421 0.03322
v -0.74616 1.02667 0.03289
v -0.74512 1.02840 0.04153
v -0.74519 1.02789 0.03222
v -0.74114 1.03569 0.03607
v -0.74754 1.02630 0.03690
v -0.74301 1.03148 0.04102
v -0.74303 1.03092 0.03240
v -0.72152 1.05018 0.02943
v -0.72508 1.04601 0.02882
v -0.72179 1.05186 0.03890
v -0.72537 1.04779 0.04048
v -0.72919 1.04400 0.03052
v -0.72924 1.04515 0.03977
v -0.72196 1.05307 0.03387
v -0.72900 1.04664 0.03463
v -0.70211 1.06201 0.02024
v -0.70009 1.06017 0.00887
v -0.68698 1.07030 0.00821
v -0.68871 1.07293 0.02116
v -0.68765 1.07022 0.02159
v -0.70065 1.05994 0.02056
v -0.68565 1.06744 0.00869
v -0.69855 1.05783 0.00938
v -0.71963 1.04767 0.02042
v -0.72066 1.04496 0.02024
v -0.71947 1.04717 0.01153
v -0.72065 1.04473 0.01153
v -0.72172 1.04173 0.01601
v -0.71819 1.05094 0.01559
v -0.72263 1.04259 0.01595
v -0.71880 1.05019 0.01564
v -0.72184 1.04465 0.01960
v -0.72149 1.04469 0.01258
v -0.72018 1.04675 0.01261
v -0.72059 1.04679 0.01960
v -0.70327 1.06433 0.01414
v -0.69190 1.07399 0.01421
v -0.69747 1.05592 0.01506
v -0.68474 1.06565 0.01510
v -0.71726 1.04884 0.02082
v -0.71728 1.04804 0.01093
v -0.71784 1.04528 0.01105
v -0.71772 1.04597 0.02075
v -0.71707 1.05185 0.01554
v -0.71844 1.04218 0.01593
v -0.71027 1.04682 0.01543
v -0.71417 1.05446 0.01522
v -0.71169 1.04993 0.02050
v -0.71096 1.04926 0.01017
v -0.71197 1.05135 0.00986
v -0.71276 1.05224 0.02087
v -0.69400 1.07226 0.01415
v -0.68863 1.06524 0.00905
v -0.69029 1.06729 0.00819
v -0.68915 1.06257 0.01523
v -0.69744 1.06935 0.01403
v -0.69327 1.06634 0.02115
v -0.69057 1.06373 0.00919
v -0.71015 1.05434 0.02090
v -0.70912 1.05317 0.00950
v -0.70754 1.05145 0.00994
v -0.70853 1.05259 0.02038
v -0.71243 1.05614 0.01503
v -0.70644 1.05010 0.01519
v -0.69226 1.05995 0.01510
v -0.69636 1.06362 0.02084
v -0.69820 1.06558 0.02029
v -0.69273 1.06570 0.00845
v -0.69527 1.06808 0.02054
v -0.69560 1.06346 0.00866
v -0.69960 1.06753 0.01403
v -0.69352 1.06143 0.00929
v -0.68149 1.07431 0.02178
v -0.68283 1.07686 0.02155
v -0.68367 1.08032 0.01447
v -0.67813 1.07025 0.01471
v -0.68765 1.06412 0.01522
v -0.69105 1.06829 0.02140
v -0.69244 1.07023 0.02106
v -0.68021 1.07555 0.00769
v -0.67843 1.07272 0.00805
v -0.70427 1.05689 0.00909
v -0.70323 1.05441 0.00964
v -0.70824 1.06010 0.01463
v -0.70265 1.05280 0.01515
v -0.70558 1.05870 0.02043
v -0.70439 1.05660 0.02040
v -0.70677 1.05467 0.00915
v -0.70549 1.05286 0.00985
v -0.70980 1.05858 0.01475
v -0.70482 1.05170 0.01519
v -0.70797 1.05642 0.02097
v -0.70663 1.05454 0.02038
v -0.71448 1.04407 0.01573
v -0.71457 1.04786 0.02083
v -0.71436 1.04693 0.01061
v -0.71462 1.04941 0.01044
v -0.71576 1.05297 0.01540
v -0.71497 1.05026 0.02088
v -0.71941 1.04935 0.01575
v -0.72398 1.04368 0.01574
v -0.72237 1.04486 0.01892
v -0.72185 1.04484 0.01314
v -0.72039 1.04674 0.01335
v -0.72077 1.04679 0.01879
v -0.72112 1.04744 0.01582
v -0.72280 1.04526 0.01580
v -0.70317 1.06362 0.01809
v -0.70180 1.06279 0.01062
v -0.69094 1.07298 0.01127
v -0.69184 1.07379 0.01738
v -0.71846 1.05008 0.01902
v -0.71833 1.04968 0.01271
v -0.71914 1.04933 0.01848
v -0.71899 1.04921 0.01328
v -0.71702 1.05055 0.01261
v -0.71706 1.05093 0.01888
v -0.69492 1.06983 0.01127
v -0.69575 1.07070 0.01717
v -0.71365 1.05385 0.01881
v -0.71038 1.05670 0.01245
v -0.71067 1.05710 0.01762
v -0.69772 1.06605 0.01030
v -0.69942 1.06702 0.01805
v -0.71332 1.05336 0.01184
v -0.69294 1.07123 0.01076
v -0.69394 1.07215 0.01757
v -0.68347 1.07932 0.01922
v -0.68211 1.07865 0.00995
v -0.70805 1.05968 0.01756
v -0.70762 1.05918 0.01201
v -0.70950 1.05828 0.01789
v -0.70895 1.05773 0.01180
v -0.71536 1.05188 0.01235
v -0.71558 1.05236 0.01882
v -0.71921 1.04882 0.01379
v -0.71953 1.04885 0.01832
v -0.69867 1.05730 0.01872
v -0.68597 1.06742 0.01937
v -0.72130 1.04269 0.01300
v -0.72182 1.04322 0.01895
v -0.69760 1.05653 0.01146
v -0.68481 1.06606 0.01123
v -0.71811 1.04342 0.01893
v -0.71057 1.04795 0.01865
v -0.69071 1.06422 0.01915
v -0.69372 1.06138 0.01889
v -0.70717 1.05086 0.01841
v -0.67945 1.07174 0.01941
v -0.68889 1.06570 0.01930
v -0.70323 1.05403 0.01850
v -0.70522 1.05272 0.01840
v -0.71439 1.04486 0.01249
v -0.72128 1.04255 0.01894
v -0.71439 1.04529 0.01886
v -0.70487 1.05188 0.01202
v -0.68765 1.06431 0.01151
v -0.67777 1.07111 0.01041
v -0.70270 1.05319 0.01181
v -0.72163 1.04329 0.01314
v -0.71826 1.04322 0.01280
v -0.70664 1.05035 0.01202
v -0.71026 1.04765 0.01203
v -0.69244 1.06031 0.01155
v -0.68931 1.06276 0.01159
v -0.72300 1.04365 0.01861
v -0.72263 1.04383 0.01323
v -0.69676 1.06952 0.01825
v -0.69330 1.07165 0.01945
v -0.68853 1.07359 0.01000
v -0.69184 1.06981 0.00922
v -0.68969 1.07483 0.01888
v -0.69530 1.06815 0.01008
v -0.69614 1.07060 0.01414
v -0.68900 1.07601 0.01432
v -0.72243 1.04309 0.01875
v -0.71939 1.04891 0.01836
v -0.71911 1.04884 0.01356
v -0.72210 1.04315 0.01312
v -0.72193 1.04427 0.01964
v -0.72139 1.04425 0.01258
v -0.71895 1.04984 0.01571
v -0.72329 1.04262 0.01592
v -0.72067 1.04660 0.01922
v -0.72010 1.04651 0.01299
v -0.70589 1.05955 0.01078
v -0.70811 1.05674 0.01013
v -0.70675 1.06051 0.01855
v -0.70901 1.05766 0.01969
v -0.71098 1.05531 0.01127
v -0.71147 1.05603 0.01889
v -0.70671 1.06145 0.01436
v -0.71134 1.05726 0.01488
v -0.63284 1.05786 0.11637
v -0.63957 1.06542 0.10713
v -0.63442 1.05685 0.12135
v -0.62988 1.06187 0.10927
v -0.64274 1.06024 0.12094
v -0.64208 1.06124 0.11466
v -0.63478 1.05789 0.12450
v -0.64246 1.06097 0.12239
v -0.63459 1.05745 0.12398
v -0.63081 1.06550 0.11806
v -0.63812 1.06817 0.11617
v -0.64267 1.06059 0.12185
v -0.63295 1.05812 0.12268
v -0.64285 1.06200 0.11976
v -0.63409 1.06835 0.11668
v -0.63918 1.05868 0.12457
v -0.63126 1.06130 0.12029
v -0.64106 1.06486 0.11742
v -0.62690 1.08202 0.10603
v -0.63172 1.08372 0.10251
v -0.63112 1.08800 0.09775
v -0.62734 1.09284 0.09442
v -0.61886 1.08295 0.10041
v -0.61676 1.08839 0.09614
v -0.62191 1.07980 0.10511
v -0.62078 1.09309 0.09552
v -0.16701 0.01686 0.18550
v -0.19131 0.01482 0.19089
v -0.19159 0.01587 0.18501
v -0.16684 0.01718 0.17478
v -0.16632 0.00970 0.18522
v -0.19018 0.00910 0.18634
v -0.19000 0.00835 0.19188
v -0.16506 0.00989 0.17410
v -0.17017 0.01910 0.22867
v -0.17081 0.01646 0.23391
v -0.19434 0.01792 0.22943
v -0.19423 0.01584 0.23418
v -0.18223 0.01316 0.24157
v -0.18185 0.02303 0.22353
v -0.18282 0.01775 0.24205
v -0.18190 0.02302 0.22561
v -0.17243 0.01786 0.23616
v -0.19242 0.01786 0.23616
v -0.19242 0.01888 0.23164
v -0.17196 0.01910 0.23156
v -0.18007 0.02607 0.18649
v -0.17998 0.02712 0.17800
v -0.17734 -0.00047 0.18604
v -0.17622 -0.00087 0.17641
v -0.16833 0.01757 0.22450
v -0.19585 0.01593 0.22551
v -0.19552 0.01172 0.22972
v -0.16849 0.01317 0.22872
v -0.18167 0.02277 0.22133
v -0.18165 0.00649 0.23790
v -0.18040 -0.00422 0.21531
v -0.18161 0.02313 0.21624
v -0.16687 0.00875 0.21564
v -0.19438 0.00451 0.21447
v -0.19632 0.01200 0.21466
v -0.16698 0.01624 0.21582
v -0.18550 -0.00209 0.16838
v -0.19391 0.00067 0.17286
v -0.20879 0.00118 0.17167
v -0.21528 0.00136 0.17131
v -0.23003 0.00152 0.16775
v -0.16653 0.01642 0.20973
v -0.19564 0.01105 0.20872
v -0.19300 0.00351 0.20693
v -0.16677 0.00895 0.20743
v -0.18153 0.02397 0.21288
v -0.17909 -0.00406 0.20440
v -0.19296 0.01259 0.19743
v -0.19138 0.00502 0.19780
v -0.18085 0.02536 0.19871
v -0.17810 -0.00268 0.19602
v -0.16692 0.01674 0.19683
v -0.16684 0.00956 0.19696
v -0.19472 0.01102 0.20271
v -0.19180 0.00388 0.20198
v -0.18111 0.02539 0.20443
v -0.17826 -0.00284 0.19988
v -0.16638 0.01627 0.20346
v -0.16687 0.00918 0.20220
v -0.18106 -0.00005 0.22871
v -0.16720 0.01061 0.22251
v -0.19518 0.00774 0.22260
v -0.19634 0.01370 0.22022
v -0.18160 0.02277 0.21888
v -0.16739 0.01672 0.22043
v -0.22415 0.00333 0.17458
v -0.18187 0.02248 0.22880
v -0.18333 0.02050 0.24176
v -0.17496 0.01929 0.23751
v -0.19017 0.01944 0.23751
v -0.18968 0.02010 0.23326
v -0.17468 0.02008 0.23295
v -0.18244 0.02226 0.23340
v -0.18301 0.02160 0.23812
v -0.21593 0.01592 0.18151
v -0.19587 0.01714 0.18498
v -0.21481 0.01157 0.18276
v -0.19513 0.01219 0.18690
v -0.20725 0.02811 0.17846
v -0.23561 0.01390 0.17728
v -0.21843 0.01551 0.18121
v -0.23464 0.00959 0.17828
v -0.21835 0.01136 0.18202
v -0.22831 0.02648 0.17628
v -0.21570 0.00879 0.18040
v -0.23741 0.01332 0.17533
v -0.23808 0.02012 0.17305
v -0.23659 0.00877 0.17616
v -0.23811 0.02402 0.16823
v -0.19188 0.00754 0.18396
v -0.19414 0.02610 0.17417
v -0.17117 0.02304 0.18594
v -0.18853 0.02253 0.18780
v -0.18889 0.02315 0.17947
v -0.17182 0.02361 0.17622
v -0.17394 0.02204 0.22490
v -0.19029 0.02139 0.22503
v -0.17511 0.02179 0.22705
v -0.18937 0.02161 0.22700
v -0.19090 0.02078 0.22221
v -0.17308 0.02154 0.22204
v -0.23386 0.00184 0.16777
v -0.22221 0.00137 0.16903
v -0.17221 0.02157 0.21606
v -0.18903 0.02344 0.20799
v -0.17385 0.02400 0.20884
v -0.19166 0.02006 0.21511
v -0.17340 0.02443 0.19973
v -0.18792 0.02364 0.19853
v -0.17256 0.02351 0.20433
v -0.18913 0.02302 0.20312
v -0.19139 0.02031 0.21883
v -0.17256 0.02140 0.21931
v -0.18790 0.02161 0.22940
v -0.17611 0.02163 0.22906
v -0.21426 0.02396 0.17812
v -0.19953 0.02468 0.18002
v -0.23434 0.02284 0.17550
v -0.22130 0.02342 0.17732
v -0.16951 0.00254 0.18510
v -0.16840 0.00290 0.17367
v -0.19056 0.01419 0.23838
v -0.17512 0.01704 0.23997
v -0.18599 0.00277 0.18954
v -0.18622 0.00286 0.18208
v -0.17247 0.00805 0.23461
v -0.17118 0.00022 0.21539
v -0.23544 0.00381 0.17161
v -0.17087 0.00067 0.20542
v -0.17047 0.00152 0.19685
v -0.17079 0.00143 0.20112
v -0.19016 0.00226 0.22618
v -0.17403 0.01377 0.23889
v -0.17149 0.00346 0.22628
v -0.18693 -0.00124 0.20101
v -0.18693 -0.00122 0.19657
v -0.19023 0.01739 0.23926
v -0.19087 0.00819 0.23464
v -0.18782 -0.00228 0.20545
v -0.18946 -0.00198 0.21468
v -0.17602 0.01885 0.24099
v -0.18998 0.01908 0.24033
v -0.19688 0.00827 0.18505
v -0.21173 0.00864 0.18186
v -0.21942 0.00852 0.18043
v -0.23228 0.00681 0.17773
v -0.16511 0.01801 0.16776
v -0.16323 0.01041 0.16757
v -0.17951 0.02962 0.17142
v -0.20653 0.03061 0.17111
v -0.22811 0.02875 0.16914
v -0.17088 0.02541 0.16809
v -0.16685 0.00261 0.16780
v -0.16415 0.01989 0.15812
v -0.23109 0.00369 0.17318
v -0.16460 0.00166 0.15905
v -0.21779 0.00413 0.17656
v -0.21019 0.00389 0.17767
v -0.19524 0.00376 0.17984
v -0.18540 0.00049 0.17613
v -0.19080 0.00481 0.17997
v -0.21466 0.00579 0.17797
v -0.19525 0.05866 0.12615
v -0.17617 0.03994 0.10885
v -0.22026 -0.00023 0.16057
v -0.22143 0.02866 0.16869
v -0.20362 0.05051 0.13705
v -0.23430 0.04447 0.13428
v -0.21348 0.04879 0.13765
v -0.18282 0.04611 0.13598
v -0.19402 0.04949 0.13732
v -0.19425 0.02164 0.17964
v -0.22376 0.04724 0.13608
v -0.22866 0.05373 0.12438
v -0.21749 0.05669 0.12611
v -0.21755 0.02123 0.17689
v -0.20861 0.04981 0.13729
v -0.19134 0.05810 0.12420
v -0.17919 0.04961 0.09190
v -0.21316 0.02946 0.16929
v -0.19875 0.05027 0.13717
v -0.19906 0.05984 0.12537
v -0.21753 0.02580 0.17196
v -0.21706 0.01539 0.18002
v -0.21284 0.05709 0.12736
v -0.19269 0.01122 0.18559
v -0.23616 0.00550 0.17439
v -0.19373 0.01629 0.18379
v -0.23407 0.02723 0.16660
v -0.18936 0.06537 0.10766
v -0.19913 0.02978 0.17056
v -0.18819 0.02881 0.17041
v -0.21631 0.01120 0.18115
v -0.18889 0.04846 0.13660
v -0.18370 0.05911 0.10757
v -0.17611 0.04083 0.13530
v -0.20838 0.05871 0.12611
v -0.16197 0.01161 0.15849
v -0.17236 0.03213 0.12293
v -0.18006 0.04918 0.12208
v -0.16771 0.02641 0.13616
v -0.18693 0.06955 0.09297
v -0.22528 0.00592 0.17881
v -0.20382 0.00634 0.18295
v -0.20228 0.00269 0.17788
v -0.17528 -0.00221 0.17032
v -0.18594 0.05513 0.12252
v -0.20616 0.07937 0.09894
v -0.16800 0.02610 0.15751
v -0.21616 0.03391 0.16042
v -0.19318 0.03405 0.16152
v -0.23717 0.03116 0.15681
v -0.20593 0.03387 0.16506
v -0.20993 0.03339 0.16442
v -0.20140 0.03349 0.16512
v -0.21007 0.03676 0.15794
v -0.19940 0.03675 0.15841
v -0.22755 0.03109 0.16300
v -0.22377 0.03140 0.16324
v -0.23125 0.03045 0.16190
v -0.22149 0.03484 0.15677
v -0.23135 0.03353 0.15518
v -0.17913 0.03239 0.16617
v -0.17317 0.02980 0.16497
v -0.18462 0.03230 0.16536
v -0.17212 0.03129 0.15695
v -0.18607 0.03540 0.15832
v -0.21842 0.04820 0.13683
v -0.22912 0.04579 0.13524
v -0.20485 0.03748 0.15774
v -0.22638 0.03448 0.15562
v -0.17911 0.03500 0.15787
v -0.23373 0.05156 0.12382
v -0.22293 0.05578 0.12509
v -0.23390 0.06865 0.09946
v -0.20350 0.06007 0.12517
v -0.19216 0.07518 0.09480
v -0.19843 0.07683 0.09946
v -0.21464 0.07663 0.10172
v -0.22438 0.07512 0.09889
v -0.16560 0.01745 0.13687
v -0.16739 0.00657 0.13717
v -0.17135 0.03405 0.13544
v -0.17549 0.04124 0.12243
v -0.18226 0.06089 0.09249
v -0.17914 0.05078 0.10818
v -0.17646 -0.00278 0.13962
v -0.17526 -0.00405 0.15133
v -0.19139 -0.00278 0.14534
v -0.16264 0.01372 0.14805
v -0.16469 0.00253 0.14843
v -0.16474 0.02275 0.14733
v -0.21034 0.00034 0.16375
v -0.18050 0.03915 0.14766
v -0.17286 0.03527 0.14703
v -0.16831 0.02960 0.14695
v -0.23148 -0.00130 0.15896
v -0.18732 0.04081 0.14804
v -0.19333 0.04123 0.14898
v -0.19871 0.04240 0.14843
v -0.20408 0.04290 0.14800
v -0.20929 0.04227 0.14808
v -0.21438 0.04121 0.14851
v -0.21958 0.04091 0.14725
v -0.22473 0.04011 0.14615
v -0.23004 0.03909 0.14553
v -0.23543 0.03798 0.14498
v -0.20023 -0.00009 0.16211
v -0.19008 -0.00207 0.16218
v -0.19635 0.06556 0.11595
v -0.22979 0.06242 0.11181
v -0.21681 0.06652 0.11400
v -0.19409 0.06709 0.11083
v -0.19947 0.06872 0.11212
v -0.21285 0.06434 0.11816
v -0.20972 0.06831 0.11371
v -0.23373 0.05784 0.11454
v -0.22302 0.06570 0.11202
v -0.20440 0.07017 0.11157
v -0.18996 0.00117 0.17484
v -0.21273 0.00204 0.17364
v -0.20105 0.00081 0.17103
v -0.17418 -0.00393 0.16084
v -0.22952 -0.00162 0.14661
v -0.21863 -0.00024 0.14898
v -0.20992 0.00076 0.15067
v -0.20160 -0.00065 0.14907
v -0.17551 0.01771 0.24105
v -0.17559 0.02168 0.22840
v -0.18853 0.02164 0.22863
v -0.19025 0.01802 0.24013
v -0.17321 0.01813 0.23713
v -0.19166 0.01827 0.23714
v -0.18183 0.02285 0.22720
v -0.18306 0.01893 0.24264
v -0.17279 0.01908 0.23272
v -0.19132 0.01914 0.23283
v -0.18954 0.02145 0.19566
v -0.19282 0.01894 0.20289
v -0.17063 0.02261 0.19640
v -0.16865 0.02070 0.20398
v -0.19169 0.02050 0.21006
v -0.17153 0.02191 0.21087
v -0.18021 0.02496 0.19421
v -0.18143 0.02519 0.20990
v -0.23654 0.00028 0.16467
v -0.24945 -0.00188 0.15925
v -0.25503 -0.00106 0.15911
v -0.24400 0.00007 0.16524
v -0.25369 0.01238 0.17121
v -0.23897 0.01306 0.17598
v -0.25252 0.00726 0.17005
v -0.23842 0.00820 0.17647
v -0.24760 0.02300 0.17160
v -0.26923 0.00706 0.15795
v -0.25564 0.01422 0.16888
v -0.26810 0.00221 0.16062
v -0.25535 0.00939 0.16811
v -0.26337 0.01959 0.16104
v -0.25450 0.01323 0.16963
v -0.25544 0.01869 0.16760
v -0.25419 0.00888 0.16833
v -0.25582 0.02175 0.16307
v -0.25270 -0.00097 0.16040
v -0.24270 -0.00180 0.16039
v -0.25283 0.01992 0.16947
v -0.24198 0.02079 0.17248
v -0.26800 0.01587 0.15885
v -0.25808 0.01939 0.16474
v -0.25314 0.00142 0.16379
v -0.25600 0.00225 0.16442
v -0.23969 0.00500 0.17347
v -0.25036 0.00233 0.16860
v -0.25606 0.00530 0.16636
v -0.24748 0.02573 0.16470
v -0.26984 0.00795 0.15225
v -0.26815 0.00246 0.15545
v -0.26430 0.02043 0.15677
v -0.26943 0.01712 0.15238
v -0.24987 -0.00005 0.16375
v -0.23884 0.00273 0.16960
v -0.27050 0.00963 0.14237
v -0.26871 0.00323 0.14555
v -0.26508 -0.00006 0.15217
v -0.25870 -0.00158 0.14790
v -0.24130 -0.00295 0.15361
v -0.26889 0.00524 0.12536
v -0.24182 0.02606 0.16433
v -0.27115 0.01177 0.12351
v -0.25568 0.03597 0.12922
v -0.27100 0.01825 0.12337
v -0.26456 0.02745 0.12568
v -0.24576 0.04158 0.13075
v -0.25100 0.04369 0.11863
v -0.23912 0.05026 0.12087
v -0.27078 0.01353 0.11325
v -0.25380 0.00458 0.16697
v -0.25278 0.02466 0.16145
v -0.25914 0.02222 0.15848
v -0.26876 0.02020 0.08383
v -0.26807 0.02811 0.08308
v -0.27021 0.01948 0.11294
v -0.26496 0.00137 0.16257
v -0.25991 0.00291 0.16470
v -0.24455 0.00193 0.16960
v -0.26007 0.00149 0.16344
v -0.26483 0.00074 0.16035
v -0.27047 0.01738 0.14182
v -0.25604 0.02732 0.15173
v -0.24718 0.02893 0.15805
v -0.24381 0.02924 0.15843
v -0.25054 0.02835 0.15686
v -0.24220 0.03264 0.15243
v -0.25131 0.03099 0.15023
v -0.26494 0.02185 0.15156
v -0.26855 0.02029 0.14934
v -0.26168 0.02317 0.15288
v -0.26825 0.02147 0.14202
v -0.26095 0.02585 0.14698
v -0.23996 0.04341 0.13225
v -0.25101 0.03930 0.12981
v -0.26028 0.03203 0.12759
v -0.26830 0.02310 0.12431
v -0.24676 0.03246 0.15082
v -0.26473 0.02397 0.14417
v -0.25523 0.03995 0.11882
v -0.24580 0.04713 0.11895
v -0.25129 0.05154 0.09458
v -0.25813 0.04483 0.08782
v -0.24316 0.06106 0.09571
v -0.26439 0.00148 0.12898
v -0.26467 0.02573 0.13538
v -0.26834 0.02239 0.13332
v -0.26060 0.02896 0.13768
v -0.26493 0.00022 0.14200
v -0.27102 0.01797 0.13195
v -0.27112 0.01087 0.13248
v -0.26915 0.00436 0.13578
v -0.25111 -0.00267 0.15238
v -0.24084 0.03778 0.14283
v -0.24617 0.03665 0.14137
v -0.25123 0.03487 0.14053
v -0.25597 0.03202 0.14004
v -0.26944 0.02223 0.09874
v -0.26979 0.01615 0.09937
v -0.26412 0.03001 0.11475
v -0.26227 0.03530 0.10153
v -0.26388 0.03671 0.08423
v -0.25793 -0.00014 0.13311
v -0.26790 0.02484 0.11326
v -0.26671 0.02868 0.09922
v -0.25933 0.03607 0.11683
v -0.25056 0.04787 0.10668
v -0.23789 0.05863 0.10927
v -0.25425 0.04342 0.10991
v -0.24500 0.05375 0.10635
v -0.25694 0.04168 0.10529
v -0.25984 -0.00089 0.15696
v -0.24986 -0.00167 0.13768
v -0.23983 -0.00245 0.14219
v -0.20124 0.01703 0.20406
v -0.21630 0.01313 0.20229
v -0.20005 0.01266 0.20272
v -0.21500 0.00878 0.20115
v -0.20633 0.00793 0.22707
v -0.20672 0.00507 0.22945
v -0.22103 0.00646 0.22354
v -0.22153 0.00390 0.22576
v -0.21418 0.00066 0.23113
v -0.21320 0.01096 0.22448
v -0.21516 0.00345 0.23254
v -0.21344 0.01042 0.22548
v -0.20846 0.00525 0.23068
v -0.22053 0.00457 0.22745
v -0.22007 0.00638 0.22546
v -0.20783 0.00707 0.22871
v -0.20948 0.02214 0.20443
v -0.20624 0.00415 0.19933
v -0.20462 0.00829 0.22444
v -0.22112 0.00651 0.22075
v -0.22136 0.00273 0.22191
v -0.20452 0.00448 0.22567
v -0.21268 0.01157 0.22306
v -0.21212 -0.00365 0.22653
v -0.20823 -0.00238 0.20910
v -0.21206 0.01357 0.21989
v -0.20172 0.00664 0.21616
v -0.21781 0.00390 0.21098
v -0.21926 0.00786 0.21360
v -0.20272 0.01048 0.21889
v -0.20197 0.01359 0.21412
v -0.21801 0.01006 0.20902
v -0.21625 0.00669 0.20610
v -0.20116 0.01047 0.21066
v -0.21139 0.01557 0.21651
v -0.20745 0.00285 0.20325
v -0.21670 0.01238 0.20511
v -0.21521 0.00870 0.20341
v -0.20998 0.02055 0.21032
v -0.20686 0.00484 0.20141
v -0.20173 0.01685 0.20853
v -0.20096 0.01306 0.20667
v -0.21732 0.01124 0.20659
v -0.21543 0.00822 0.20443
v -0.21035 0.01905 0.21251
v -0.20701 0.00481 0.20200
v -0.20154 0.01566 0.21106
v -0.20109 0.01233 0.20843
v -0.20983 -0.00425 0.21851
v -0.20273 0.00516 0.22119
v -0.21962 0.00287 0.21666
v -0.22038 0.00707 0.21724
v -0.21237 0.01237 0.22173
v -0.20353 0.00904 0.22180
v -0.21371 0.00922 0.22700
v -0.21579 0.00495 0.23296
v -0.21021 0.00551 0.23148
v -0.21910 0.00514 0.22907
v -0.21839 0.00656 0.22705
v -0.20970 0.00700 0.22927
v -0.21447 0.00789 0.22925
v -0.21529 0.00642 0.23156
v -0.20451 0.02097 0.20474
v -0.21401 0.01892 0.20346
v -0.20857 0.01017 0.22555
v -0.21783 0.00942 0.22314
v -0.20946 0.00954 0.22669
v -0.21757 0.00904 0.22458
v -0.21772 0.00981 0.22144
v -0.20774 0.01076 0.22387
v -0.20652 0.01304 0.22035
v -0.21400 0.01656 0.21288
v -0.20730 0.01730 0.21459
v -0.21705 0.01182 0.21719
v -0.20661 0.02031 0.21090
v -0.21323 0.01919 0.20944
v -0.20640 0.01882 0.21288
v -0.21400 0.01788 0.21096
v -0.21744 0.01063 0.21939
v -0.20697 0.01171 0.22247
v -0.21697 0.00843 0.22610
v -0.21025 0.00880 0.22746
v -0.20138 0.00799 0.20098
v -0.21916 0.00168 0.22853
v -0.21025 0.00377 0.23209
v -0.21183 0.00604 0.20006
v -0.20646 -0.00125 0.22747
v -0.20329 0.00114 0.21228
v -0.20271 0.00639 0.20643
v -0.20238 0.00836 0.20378
v -0.20267 0.00826 0.20484
v -0.21608 -0.00224 0.21747
v -0.20904 0.00193 0.23112
v -0.20441 -0.00109 0.22088
v -0.21201 0.00590 0.20285
v -0.21211 0.00631 0.20216
v -0.21921 0.00344 0.22943
v -0.21798 -0.00188 0.22470
v -0.21252 0.00399 0.20396
v -0.21410 -0.00048 0.20919
v -0.21132 0.00448 0.23293
v -0.21916 0.00404 0.23043
v -0.21067 0.00387 0.23269
v -0.20987 0.00903 0.22719
v -0.21724 0.00864 0.22547
v -0.21928 0.00359 0.23001
v -0.20901 0.00517 0.23100
v -0.21987 0.00455 0.22824
v -0.21357 0.00991 0.22636
v -0.21557 0.00401 0.23296
v -0.20846 0.00674 0.22913
v -0.21922 0.00610 0.22635
v -0.21428 0.01777 0.20716
v -0.21609 0.01541 0.20940
v -0.20491 0.01992 0.20920
v -0.20404 0.01774 0.21251
v -0.21588 0.01421 0.21318
v -0.20591 0.01579 0.21606
v -0.20970 0.02090 0.20809
v -0.21072 0.01725 0.21439
v -0.20448 0.02446 0.19350
v -0.20879 0.02568 0.19302
v -0.21307 0.02351 0.19284
v -0.21653 0.01534 0.19305
v -0.21515 0.01206 0.19303
v -0.21144 0.01023 0.19270
v -0.20578 0.00836 0.19237
v -0.20118 0.01079 0.19332
v -0.19854 0.01398 0.19433
v -0.19875 0.01756 0.19407
v -0.20528 0.02446 0.19638
v -0.20922 0.02419 0.19942
v -0.21251 0.02336 0.19583
v -0.21626 0.01450 0.19667
v -0.21502 0.01054 0.19561
v -0.21163 0.00827 0.19460
v -0.20580 0.00554 0.19406
v -0.20091 0.00945 0.19532
v -0.19912 0.01352 0.19678
v -0.19993 0.01767 0.19784
v -0.20861 0.02623 0.19006
v -0.21242 0.02432 0.19007
v -0.21609 0.01554 0.18898
v -0.21494 0.01151 0.18972
v -0.21160 0.00929 0.18962
v -0.20514 0.00696 0.18988
v -0.19983 0.00989 0.19100
v -0.19727 0.01330 0.19181
v -0.19773 0.01758 0.19047
v -0.20465 0.02504 0.19074
v -0.20172 0.02348 0.18863
v -0.20120 0.02154 0.19374
v -0.21414 0.02089 0.19788
v -0.21514 0.02055 0.19279
v -0.20339 0.02247 0.19887
v -0.20902 0.02517 0.19627
v -0.21411 0.02249 0.18749
v -0.20825 0.02634 0.18650
v -0.22080 0.01511 0.19923
v -0.23781 0.01220 0.19489
v -0.21990 0.01119 0.19671
v -0.23596 0.00783 0.19262
v -0.22547 0.00486 0.21837
v -0.22557 0.00208 0.21942
v -0.23993 0.00466 0.21540
v -0.23985 0.00194 0.21619
v -0.23225 -0.00216 0.21849
v -0.23255 0.00819 0.21715
v -0.23319 -0.00021 0.22079
v -0.23266 0.00745 0.21777
v -0.22718 0.00193 0.22013
v -0.23883 0.00209 0.21761
v -0.23883 0.00418 0.21655
v -0.22688 0.00398 0.21907
v -0.22961 0.01977 0.20112
v -0.22639 0.00533 0.19073
v -0.22378 0.00569 0.21639
v -0.24078 0.00550 0.21306
v -0.24022 0.00212 0.21256
v -0.22359 0.00245 0.21579
v -0.23231 0.00883 0.21624
v -0.23049 -0.00426 0.21240
v -0.22818 -0.00104 0.20017
v -0.23182 0.01127 0.21436
v -0.22149 0.00567 0.20879
v -0.23825 0.00491 0.20378
v -0.23984 0.00799 0.20737
v -0.22212 0.00811 0.21268
v -0.22160 0.01122 0.20942
v -0.23885 0.01018 0.20404
v -0.23686 0.00706 0.20001
v -0.22120 0.00894 0.20495
v -0.23135 0.01401 0.21238
v -0.22726 0.00169 0.19637
v -0.23800 0.01236 0.19909
v -0.23609 0.00891 0.19646
v -0.23019 0.01773 0.20748
v -0.22689 0.00588 0.19440
v -0.22139 0.01430 0.20418
v -0.22082 0.01117 0.20112
v -0.23828 0.01145 0.20146
v -0.23597 0.00831 0.19819
v -0.23053 0.01690 0.20940
v -0.22701 0.00515 0.19576
v -0.22133 0.01306 0.20684
v -0.22110 0.01047 0.20289
v -0.22907 -0.00335 0.20618
v -0.22225 0.00385 0.21242
v -0.23943 0.00354 0.20819
v -0.24064 0.00666 0.21024
v -0.23212 0.00987 0.21536
v -0.22269 0.00659 0.21457
v -0.23269 0.00630 0.21850
v -0.23367 0.00075 0.22159
v -0.22887 0.00201 0.22078
v -0.23746 0.00227 0.21889
v -0.23715 0.00399 0.21790
v -0.22871 0.00377 0.21958
v -0.23326 0.00458 0.21978
v -0.23357 0.00260 0.22111
v -0.22435 0.01837 0.20094
v -0.23488 0.01773 0.19861
v -0.22794 0.00701 0.21788
v -0.23740 0.00727 0.21597
v -0.22870 0.00635 0.21838
v -0.23690 0.00656 0.21673
v -0.23757 0.00799 0.21460
v -0.22687 0.00775 0.21683
v -0.22599 0.01009 0.21458
v -0.23436 0.01582 0.20982
v -0.22712 0.01506 0.21108
v -0.23735 0.01077 0.21196
v -0.22656 0.01701 0.20810
v -0.23379 0.01750 0.20656
v -0.22634 0.01607 0.20973
v -0.23446 0.01678 0.20815
v -0.23758 0.00911 0.21334
v -0.22632 0.00853 0.21582
v -0.23587 0.00567 0.21771
v -0.22951 0.00567 0.21891
v -0.22155 0.00757 0.19367
v -0.23770 -0.00103 0.21724
v -0.22870 0.00010 0.22074
v -0.23219 0.00581 0.19098
v -0.22525 -0.00264 0.21449
v -0.22328 0.00171 0.20348
v -0.22292 0.00536 0.19943
v -0.22252 0.00763 0.19689
v -0.22284 0.00724 0.19820
v -0.23548 -0.00111 0.20635
v -0.22721 -0.00123 0.21950
v -0.22403 -0.00109 0.20924
v -0.23229 0.00646 0.19665
v -0.23248 0.00692 0.19510
v -0.23749 0.00053 0.21855
v -0.23701 -0.00255 0.21216
v -0.23272 0.00416 0.19750
v -0.23419 0.00108 0.20085
v -0.22957 0.00057 0.22139
v -0.23726 0.00089 0.21949
v -0.22908 0.00011 0.22102
v -0.22906 0.00597 0.21877
v -0.23621 0.00605 0.21738
v -0.23741 0.00061 0.21901
v -0.22782 0.00181 0.22026
v -0.23817 0.00198 0.21801
v -0.23265 0.00689 0.21822
v -0.23343 0.00004 0.22126
v -0.22756 0.00355 0.21928
v -0.23798 0.00383 0.21720
v -0.23525 0.01652 0.20351
v -0.23681 0.01495 0.20572
v -0.22475 0.01675 0.20611
v -0.22388 0.01481 0.20895
v -0.23631 0.01387 0.20940
v -0.22571 0.01335 0.21198
v -0.22992 0.01826 0.20528
v -0.23090 0.01568 0.21094
v -0.22471 0.02350 0.18945
v -0.22846 0.02431 0.18895
v -0.23215 0.02321 0.18852
v -0.23675 0.01449 0.18688
v -0.23506 0.01124 0.18629
v -0.23145 0.00996 0.18597
v -0.22636 0.00939 0.18655
v -0.22162 0.01091 0.18834
v -0.21956 0.01317 0.18945
v -0.21909 0.01650 0.19019
v -0.22518 0.02264 0.19235
v -0.22892 0.02170 0.19574
v -0.23198 0.02247 0.19143
v -0.23697 0.01322 0.18953
v -0.23523 0.00871 0.18764
v -0.23137 0.00696 0.18681
v -0.22625 0.00688 0.18712
v -0.22147 0.00952 0.18954
v -0.21964 0.01256 0.19156
v -0.21992 0.01588 0.19330
v -0.22830 0.02491 0.18485
v -0.23164 0.02363 0.18485
v -0.23587 0.01428 0.18336
v -0.23492 0.01067 0.18399
v -0.23166 0.00882 0.18429
v -0.22616 0.00824 0.18504
v -0.22124 0.01027 0.18605
v -0.21915 0.01264 0.18679
v -0.21875 0.01649 0.18651
v -0.22471 0.02399 0.18578
v -0.22259 0.02287 0.18411
v -0.22218 0.02147 0.18992
v -0.23393 0.01966 0.19276
v -0.23453 0.02045 0.18783
v -0.22352 0.02017 0.19438
v -0.22862 0.02337 0.19239
v -0.23353 0.02208 0.18231
v -0.22836 0.02514 0.18162
v -0.23989 0.01264 0.18854
v -0.25460 0.00925 0.18596
v -0.23903 0.00839 0.18754
v -0.25317 0.00577 0.18504
v -0.24558 0.00492 0.20716
v -0.24607 0.00256 0.20863
v -0.25660 0.00446 0.20356
v -0.25683 0.00207 0.20509
v -0.25181 -0.00075 0.20868
v -0.25104 0.00800 0.20511
v -0.25246 0.00132 0.20944
v -0.25123 0.00755 0.20556
v -0.24739 0.00269 0.20900
v -0.25620 0.00247 0.20592
v -0.25595 0.00420 0.20469
v -0.24688 0.00433 0.20764
v -0.24713 0.01866 0.18794
v -0.24486 0.00373 0.18524
v -0.24377 0.00522 0.20574
v -0.25700 0.00473 0.20181
v -0.25683 0.00145 0.20259
v -0.24384 0.00203 0.20620
v -0.25071 0.00859 0.20454
v -0.25029 -0.00299 0.20542
v -0.24659 -0.00214 0.19375
v -0.25005 0.01044 0.20281
v -0.24074 0.00377 0.20014
v -0.25561 0.00221 0.19491
v -0.25662 0.00603 0.19737
v -0.24184 0.00732 0.20270
v -0.24109 0.01008 0.19925
v -0.25575 0.00742 0.19429
v -0.25427 0.00390 0.19209
v -0.23998 0.00678 0.19660
v -0.24892 0.01326 0.19990
v -0.24589 0.00107 0.19143
v -0.25485 0.00682 0.18882
v -0.25358 0.00360 0.18814
v -0.24735 0.01756 0.19234
v -0.24513 0.00258 0.18928
v -0.24048 0.01271 0.19231
v -0.23957 0.00818 0.19182
v -0.25540 0.00655 0.19150
v -0.25376 0.00400 0.19046
v -0.24789 0.01669 0.19491
v -0.24535 0.00199 0.19072
v -0.24054 0.01194 0.19529
v -0.23976 0.00789 0.19402
v -0.24831 -0.00342 0.20024
v -0.24205 0.00276 0.20339
v -0.25630 0.00173 0.19896
v -0.25686 0.00533 0.19968
v -0.25043 0.00925 0.20382
v -0.24272 0.00599 0.20449
v -0.25154 0.00650 0.20634
v -0.25290 0.00233 0.20983
v -0.24891 0.00298 0.20925
v -0.25547 0.00282 0.20692
v -0.25491 0.00426 0.20576
v -0.24843 0.00429 0.20810
v -0.25210 0.00519 0.20748
v -0.25262 0.00377 0.20893
v -0.24288 0.01684 0.18856
v -0.25181 0.01539 0.18711
v -0.24732 0.00699 0.20627
v -0.25471 0.00696 0.20376
v -0.24815 0.00647 0.20665
v -0.25446 0.00644 0.20456
v -0.25473 0.00742 0.20274
v -0.24651 0.00759 0.20550
v -0.24538 0.00967 0.20342
v -0.25121 0.01453 0.19617
v -0.24522 0.01511 0.19768
v -0.25428 0.00949 0.20026
v -0.24478 0.01703 0.19300
v -0.25042 0.01618 0.19197
v -0.24463 0.01620 0.19557
v -0.25124 0.01541 0.19394
v -0.25463 0.00827 0.20158
v -0.24583 0.00840 0.20478
v -0.25403 0.00587 0.20537
v -0.24893 0.00590 0.20697
v -0.24060 0.00504 0.18642
v -0.25609 0.00007 0.20728
v -0.24872 0.00142 0.20982
v -0.24988 0.00460 0.18475
v -0.24556 -0.00212 0.20656
v -0.24134 -0.00188 0.19662
v -0.24134 0.00114 0.19390
v -0.24105 0.00281 0.19069
v -0.24131 0.00191 0.19261
v -0.25399 -0.00191 0.19910
v -0.24752 0.00003 0.20941
v -0.24342 -0.00232 0.20230
v -0.25050 0.00259 0.19012
v -0.25037 0.00318 0.18855
v -0.25569 0.00137 0.20742
v -0.25536 -0.00180 0.20448
v -0.25119 0.00168 0.19078
v -0.25240 -0.00092 0.19315
v -0.24957 0.00198 0.21013
v -0.25553 0.00201 0.20783
v -0.24923 0.00157 0.20999
v -0.24850 0.00615 0.20686
v -0.25424 0.00607 0.20505
v -0.25558 0.00165 0.20747
v -0.24796 0.00264 0.20908
v -0.25590 0.00246 0.20634
v -0.25131 0.00700 0.20592
v -0.25269 0.00164 0.20980
v -0.24743 0.00397 0.20805
v -0.25554 0.00400 0.20521
v -0.25205 0.01408 0.19024
v -0.25356 0.01241 0.19311
v -0.24310 0.01624 0.19200
v -0.24258 0.01467 0.19569
v -0.25276 0.01227 0.19717
v -0.24445 0.01298 0.19970
v -0.24722 0.01761 0.19035
v -0.24829 0.01520 0.19768
v -0.24377 0.01970 0.18163
v -0.24698 0.02108 0.18151
v -0.25011 0.01904 0.18114
v -0.25396 0.01028 0.17958
v -0.25282 0.00772 0.17948
v -0.24947 0.00623 0.17921
v -0.24521 0.00591 0.17964
v -0.24118 0.00762 0.18108
v -0.23872 0.00968 0.18207
v -0.23896 0.01271 0.18201
v -0.24412 0.01945 0.18360
v -0.24698 0.01962 0.18549
v -0.24980 0.01914 0.18299
v -0.25402 0.00945 0.18171
v -0.25280 0.00677 0.18119
v -0.24930 0.00576 0.18112
v -0.24506 0.00518 0.18147
v -0.24088 0.00684 0.18281
v -0.23878 0.00937 0.18391
v -0.23943 0.01252 0.18462
v -0.24705 0.02158 0.17925
v -0.24996 0.01998 0.17881
v -0.25355 0.01096 0.17652
v -0.25245 0.00731 0.17653
v -0.24974 0.00514 0.17622
v -0.24502 0.00444 0.17660
v -0.24090 0.00629 0.17835
v -0.23878 0.00862 0.17968
v -0.23888 0.01278 0.17943
v -0.24404 0.02038 0.17967
v -0.24246 0.01920 0.17800
v -0.24166 0.01699 0.18182
v -0.25121 0.01656 0.18373
v -0.25207 0.01610 0.18034
v -0.24268 0.01741 0.18496
v -0.24694 0.02058 0.18375
v -0.25156 0.01783 0.17653
v -0.24722 0.02155 0.17655
v -0.25623 0.01155 0.17395
v -0.26997 0.00711 0.17056
v -0.25581 0.00834 0.17365
v -0.26796 0.00335 0.16986
v -0.25768 0.00410 0.19011
v -0.25787 0.00240 0.19078
v -0.26773 0.00273 0.19001
v -0.26733 0.00153 0.19083
v -0.26211 0.00004 0.19234
v -0.26283 0.00574 0.18992
v -0.26221 0.00138 0.19332
v -0.26270 0.00535 0.19045
v -0.25847 0.00247 0.19178
v -0.26645 0.00199 0.19176
v -0.26676 0.00274 0.19064
v -0.25835 0.00353 0.19073
v -0.26344 0.01634 0.17341
v -0.26091 0.00317 0.17127
v -0.25666 0.00447 0.18859
v -0.26883 0.00271 0.18838
v -0.26841 0.00081 0.18856
v -0.25667 0.00215 0.18859
v -0.26295 0.00624 0.18900
v -0.26195 -0.00244 0.18886
v -0.26074 -0.00084 0.17583
v -0.26340 0.00997 0.18573
v -0.25579 0.00472 0.18202
v -0.26910 0.00194 0.17972
v -0.27019 0.00445 0.18216
v -0.25623 0.00720 0.18448
v -0.25628 0.00930 0.18217
v -0.27025 0.00600 0.17935
v -0.26865 0.00372 0.17633
v -0.25599 0.00694 0.17957
v -0.26350 0.01199 0.18418
v -0.26069 0.00205 0.17306
v -0.27015 0.00722 0.17332
v -0.26796 0.00400 0.17223
v -0.26343 0.01539 0.17824
v -0.26097 0.00327 0.17273
v -0.25634 0.01171 0.17674
v -0.25605 0.00883 0.17613
v -0.27029 0.00722 0.17652
v -0.26802 0.00479 0.17442
v -0.26351 0.01470 0.18072
v -0.26088 0.00338 0.17343
v -0.25633 0.01100 0.18013
v -0.25616 0.00829 0.17800
v -0.26124 -0.00239 0.18216
v -0.25600 0.00303 0.18531
v -0.26904 0.00098 0.18404
v -0.26989 0.00318 0.18537
v -0.26314 0.00754 0.18764
v -0.25626 0.00557 0.18659
v -0.26232 0.00458 0.19099
v -0.26229 0.00199 0.19388
v -0.25935 0.00252 0.19241
v -0.26520 0.00219 0.19236
v -0.26525 0.00290 0.19127
v -0.25942 0.00346 0.19142
v -0.26232 0.00372 0.19218
v -0.26229 0.00278 0.19318
v -0.25905 0.01501 0.17403
v -0.26795 0.01314 0.17246
v -0.25932 0.00544 0.18998
v -0.26634 0.00450 0.18972
v -0.25969 0.00488 0.19044
v -0.26564 0.00419 0.19034
v -0.26688 0.00484 0.18879
v -0.25898 0.00598 0.18900
v -0.25926 0.00961 0.18539
v -0.26645 0.01282 0.18182
v -0.26074 0.01373 0.18243
v -0.26755 0.00832 0.18481
v -0.26050 0.01499 0.17881
v -0.26659 0.01406 0.17786
v -0.26031 0.01445 0.18109
v -0.26673 0.01350 0.17997
v -0.26744 0.00613 0.18702
v -0.25890 0.00725 0.18750
v -0.26472 0.00391 0.19087
v -0.26002 0.00449 0.19081
v -0.25737 0.00558 0.17269
v -0.26569 0.00052 0.19195
v -0.25937 0.00158 0.19257
v -0.26480 0.00253 0.17005
v -0.25802 -0.00113 0.18900
v -0.25627 0.00168 0.17840
v -0.25686 0.00432 0.17581
v -0.25754 0.00573 0.17421
v -0.25749 0.00556 0.17516
v -0.26682 -0.00191 0.18273
v -0.25901 0.00074 0.19181
v -0.25671 -0.00062 0.18373
v -0.26492 0.00323 0.17310
v -0.26482 0.00282 0.17187
v -0.26528 0.00142 0.19248
v -0.26643 -0.00191 0.18909
v -0.26555 0.00214 0.17344
v -0.26652 -0.00065 0.17667
v -0.25961 0.00186 0.19312
v -0.26497 0.00158 0.19293
v -0.25944 0.00155 0.19288
v -0.25985 0.00463 0.19068
v -0.26507 0.00400 0.19069
v -0.26515 0.00140 0.19268
v -0.25869 0.00238 0.19203
v -0.26593 0.00199 0.19196
v -0.26241 0.00493 0.19078
v -0.26221 0.00151 0.19372
v -0.25867 0.00321 0.19099
v -0.26604 0.00267 0.19095
v -0.26800 0.01276 0.17586
v -0.26860 0.01162 0.17902
v -0.25900 0.01441 0.17759
v -0.25840 0.01329 0.18097
v -0.26744 0.01066 0.18238
v -0.25956 0.01214 0.18343
v -0.26340 0.01567 0.17632
v -0.26357 0.01354 0.18279
v -0.26013 0.01771 0.16922
v -0.26293 0.01808 0.16843
v -0.26578 0.01668 0.16771
v -0.26957 0.00702 0.16560
v -0.26807 0.00316 0.16584
v -0.26522 0.00272 0.16696
v -0.26089 0.00365 0.16832
v -0.25761 0.00610 0.16981
v -0.25610 0.00885 0.17097
v -0.25609 0.01219 0.17126
v -0.26045 0.01730 0.17038
v -0.26326 0.01682 0.17158
v -0.26571 0.01636 0.16932
v -0.26954 0.00706 0.16796
v -0.26778 0.00314 0.16771
v -0.26502 0.00252 0.16810
v -0.26110 0.00352 0.16939
v -0.25765 0.00580 0.17100
v -0.25612 0.00864 0.17194
v -0.25623 0.01195 0.17233
v -0.26275 0.01865 0.16647
v -0.26554 0.01725 0.16584
v -0.26957 0.00684 0.16227
v -0.26834 0.00267 0.16371
v -0.26517 0.00202 0.16494
v -0.26022 0.00301 0.16622
v -0.25673 0.00555 0.16803
v -0.25562 0.00853 0.16954
v -0.25587 0.01259 0.16983
v -0.26005 0.01832 0.16787
v -0.25851 0.01784 0.16724
v -0.25817 0.01628 0.16999
v -0.26741 0.01413 0.16982
v -0.26805 0.01417 0.16701
v -0.25901 0.01581 0.17187
v -0.26307 0.01763 0.17009
v -0.26744 0.01545 0.16343
v -0.26303 0.01882 0.16391
v -0.17085 0.02208 0.12348
v -0.17193 0.01182 0.12338
v -0.17909 0.00112 0.12437
v -0.19252 0.00019 0.12787
v -0.22837 0.00142 0.13075
v -0.21883 0.00250 0.13471
v -0.21250 0.00293 0.13601
v -0.20543 0.00179 0.13355
v -0.26842 0.00726 0.11475
v -0.26348 0.00374 0.11668
v -0.25704 0.00228 0.11932
v -0.24892 0.00128 0.12244
v -0.23828 0.00065 0.12640
v -0.17499 0.02818 0.11017
v -0.17575 0.01754 0.11141
v -0.18159 0.00870 0.11302
v -0.19377 0.00658 0.11573
v -0.22966 0.00558 0.11413
v -0.22076 0.00613 0.11843
v -0.21487 0.00645 0.11991
v -0.20764 0.00640 0.11882
v -0.26723 0.01059 0.10090
v -0.26229 0.00753 0.10236
v -0.25622 0.00583 0.10335
v -0.24933 0.00498 0.10511
v -0.23910 0.00473 0.10898
v -0.17789 0.03756 0.09152
v -0.17919 0.02604 0.09154
v -0.18410 0.01824 0.09325
v -0.19493 0.01390 0.09744
v -0.23291 0.00853 0.09663
v -0.22406 0.00974 0.10016
v -0.21725 0.01054 0.10102
v -0.20843 0.01147 0.10056
v -0.26665 0.01471 0.08482
v -0.26233 0.01052 0.08635
v -0.25721 0.00808 0.08740
v -0.25088 0.00665 0.08864
v -0.24236 0.00691 0.09127
v -0.19501 0.01810 0.07344
v -0.23525 0.00960 0.07416
v -0.22635 0.01029 0.07491
v -0.21872 0.01075 0.07500
v -0.20812 0.01265 0.07459
v -0.26226 0.01382 0.06910
v -0.25670 0.00992 0.07080
v -0.25068 0.00761 0.07186
v -0.24334 0.00775 0.07281
v -0.19260 0.02121 0.05259
v -0.23122 0.00845 0.05281
v -0.22150 0.00897 0.05277
v -0.21385 0.00981 0.05265
v -0.20406 0.01320 0.05284
v -0.26051 0.01654 0.04987
v -0.25451 0.01096 0.05055
v -0.24751 0.00726 0.05073
v -0.23962 0.00724 0.05194
v -0.19035 0.01950 0.03105
v -0.22249 0.00333 0.02636
v -0.21102 0.00456 0.02776
v -0.20438 0.00655 0.02905
v -0.19755 0.01126 0.03024
v -0.25845 0.01792 0.02700
v -0.25247 0.01046 0.02710
v -0.24483 0.00478 0.02634
v -0.23400 0.00346 0.02576
v -0.23362 0.07991 0.08232
v -0.22494 0.08570 0.08358
v -0.26484 0.03658 0.06670
v -0.24830 0.06437 0.07766
v -0.25362 0.05622 0.07294
v -0.24199 0.07206 0.08034
v -0.25903 0.04669 0.06876
v -0.23286 0.09251 0.06702
v -0.22485 0.09746 0.06940
v -0.25869 0.04625 0.04981
v -0.24563 0.07825 0.06066
v -0.24981 0.06897 0.05593
v -0.24034 0.08578 0.06397
v -0.25394 0.05723 0.05195
v -0.23177 0.10645 0.05418
v -0.22435 0.11033 0.05766
v -0.25383 0.05462 0.02938
v -0.24349 0.09583 0.04340
v -0.24841 0.08973 0.03224
v -0.23823 0.10143 0.04972
v -0.25113 0.06798 0.03087
v -0.26747 0.02635 0.06617
v -0.26655 0.01960 0.06696
v -0.26307 0.03408 0.04870
v -0.26398 0.02442 0.04884
v -0.25765 0.04190 0.02792
v -0.26038 0.02820 0.02700
v -0.25562 0.01902 0.00091
v -0.25074 0.00997 0.00269
v -0.24853 0.01657 -0.02495
v -0.24546 0.00697 -0.02041
v -0.23675 0.01344 -0.03884
v -0.23531 0.00432 -0.03173
v -0.22091 0.01178 -0.04214
v -0.22221 0.00250 -0.03328
v -0.20655 0.01247 -0.03377
v -0.20942 0.00252 -0.02687
v -0.19713 0.01473 -0.01672
v -0.20091 0.00445 -0.01380
v -0.19200 0.01830 0.00742
v -0.19706 0.00814 0.00782
v -0.22135 -0.00142 -0.00217
v -0.20999 0.00007 0.00093
v -0.20294 0.00270 0.00618
v -0.24387 0.00300 0.00270
v -0.23360 -0.00058 -0.00172
v -0.22360 -0.00215 -0.02067
v -0.21321 -0.00176 -0.01781
v -0.20592 -0.00037 -0.01079
v -0.24147 0.00081 -0.01465
v -0.23379 -0.00123 -0.01982
v -0.18903 0.08197 0.07768
v -0.20795 0.09041 0.08522
v -0.19387 0.08804 0.08184
v -0.20041 0.08973 0.08455
v -0.21620 0.08871 0.08524
v -0.18491 0.07366 0.07450
v -0.18946 0.09592 0.06329
v -0.19460 0.09986 0.06895
v -0.20115 0.10180 0.07189
v -0.18539 0.08924 0.05563
v -0.18830 0.10951 0.04981
v -0.19431 0.11272 0.05784
v -0.20112 0.11420 0.06142
v -0.18201 0.10412 0.03579
v -0.18230 0.06136 0.07231
v -0.18117 0.04813 0.07129
v -0.18186 0.03434 0.07127
v -0.18592 0.02425 0.07165
v -0.18364 0.07450 0.05238
v -0.18349 0.05937 0.05124
v -0.18432 0.04415 0.05138
v -0.18683 0.03057 0.05172
v -0.18111 0.08182 0.03195
v -0.18327 0.06426 0.03133
v -0.18581 0.04783 0.03167
v -0.18772 0.03185 0.03159
v -0.22078 0.02933 -0.04636
v -0.20815 0.03029 -0.03785
v -0.19881 0.03147 -0.01855
v -0.19155 0.03334 0.00786
v -0.21928 0.04978 -0.04705
v -0.20751 0.04966 -0.03785
v -0.19781 0.04939 -0.01873
v -0.18949 0.05083 0.00782
v -0.21888 0.06908 -0.04507
v -0.20636 0.06885 -0.03652
v -0.19475 0.06813 -0.01899
v -0.18506 0.06825 0.00637
v -0.21886 0.08597 -0.04179
v -0.20480 0.08520 -0.03454
v -0.18074 0.09246 -0.01540
v -0.21930 0.10082 -0.03887
v -0.20422 0.10253 -0.03258
v -0.18169 0.10742 -0.01406
v -0.23486 0.02990 -0.04274
v -0.23194 0.05041 -0.04340
v -0.23032 0.06904 -0.04078
v -0.23051 0.08520 -0.03687
v -0.23180 0.09957 -0.03311
v -0.24662 0.03191 -0.02746
v -0.24278 0.05136 -0.02644
v -0.24132 0.06782 -0.02372
v -0.24843 0.08685 -0.01440
v -0.24876 0.09844 -0.01292
v -0.25585 0.03225 0.00145
v -0.25250 0.04923 0.00307
v -0.25086 0.06408 0.00588
v -0.23075 0.12086 0.04554
v -0.22371 0.12389 0.04966
v -0.24158 0.11358 0.03300
v -0.24556 0.11155 0.02202
v -0.23674 0.11720 0.04028
v -0.18781 0.12478 0.04129
v -0.19388 0.12642 0.05000
v -0.20079 0.12727 0.05392
v -0.18246 0.12381 0.02708
v -0.21819 0.11524 -0.03493
v -0.20386 0.11722 -0.02939
v -0.18330 0.11786 -0.01136
v -0.17977 0.11950 -0.00350
v -0.23074 0.11369 -0.02923
v -0.24721 0.10620 -0.01089
v -0.25009 0.10616 -0.00392
v -0.22955 0.13596 0.04143
v -0.22266 0.13843 0.04576
v -0.24019 0.12951 0.02760
v -0.24356 0.12749 0.01637
v -0.23540 0.13300 0.03563
v -0.18737 0.13898 0.03586
v -0.19326 0.14033 0.04449
v -0.20010 0.14105 0.04883
v -0.18318 0.13768 0.02209
v -0.21696 0.12647 -0.03298
v -0.20202 0.13056 -0.02838
v -0.18927 0.13445 -0.01499
v -0.18185 0.13764 0.00381
v -0.22951 0.12537 -0.02778
v -0.23856 0.12487 -0.01492
v -0.24356 0.12640 0.00066
v -0.22786 0.15339 0.04020
v -0.22089 0.15541 0.04438
v -0.23876 0.14780 0.02490
v -0.24185 0.14413 0.01322
v -0.23397 0.15076 0.03390
v -0.18616 0.15431 0.03149
v -0.19205 0.15595 0.04000
v -0.19875 0.15692 0.04486
v -0.18176 0.15145 0.01925
v -0.21494 0.14075 -0.03160
v -0.20061 0.14409 -0.02761
v -0.18845 0.14775 -0.01568
v -0.18225 0.15135 0.00149
v -0.22792 0.13788 -0.02679
v -0.23671 0.13863 -0.01576
v -0.24147 0.14102 -0.00149
v -0.25366 0.09765 -0.00312
v -0.25309 0.08654 -0.00208
v -0.17657 0.09327 -0.00466
v -0.17805 0.10813 0.00917
v -0.11243 0.59864 0.06966
v -0.10344 0.59773 0.06095
v -0.09976 0.61520 0.06601
v -0.10444 0.63614 0.07901
v -0.09590 0.63404 0.07031
v -0.10858 0.61688 0.07497
v -0.11693 0.61828 0.08052
v -0.11297 0.63834 0.08426
v -0.14820 0.64618 0.08450
v -0.11445 0.55541 0.04680
v -0.16843 0.57327 0.07063
v -0.15038 0.62539 0.08276
v -0.18892 0.58990 0.03910
v -0.10398 0.54982 0.01532
v -0.14945 0.69088 0.08395
v -0.15111 0.72086 0.08226
v -0.15134 0.75505 0.08014
v -0.15107 0.79108 0.07825
v -0.09629 0.67663 0.08428
v -0.08765 0.67318 0.07664
v -0.09201 0.70341 0.08605
v -0.08284 0.69944 0.07890
v -0.08656 0.73514 0.08728
v -0.07691 0.73124 0.08053
v -0.08134 0.76912 0.08847
v -0.10965 0.65789 0.08710
v -0.13736 0.66471 0.08948
v -0.13785 0.64407 0.08790
v -0.14068 0.62296 0.08553
v -0.17022 0.72772 0.02465
v -0.17720 0.66941 0.03460
v -0.17915 0.64814 0.04024
v -0.18068 0.62699 0.04659
v -0.16634 0.76375 0.02066
v -0.16349 0.80067 0.01769
v -0.09164 0.59487 0.02385
v -0.09529 0.57984 0.02299
v -0.09525 0.58135 0.03378
v -0.09178 0.59558 0.03613
v -0.08763 0.61267 0.03962
v -0.08324 0.63116 0.04379
v -0.07396 0.67063 0.05268
v -0.06775 0.69769 0.05691
v -0.14861 0.66659 0.08476
v -0.09792 0.73962 0.09230
v -0.09337 0.77323 0.09364
v -0.10581 0.68037 0.08936
v -0.10229 0.70798 0.09101
v -0.10080 0.65494 0.08202
v -0.09213 0.65214 0.07379
v -0.13872 0.78640 0.08923
v -0.13946 0.75158 0.08964
v -0.13938 0.71833 0.09008
v -0.13782 0.68876 0.09016
v -0.07888 0.64930 0.04823
v -0.11117 0.74398 0.09513
v -0.10781 0.77730 0.09648
v -0.11565 0.68375 0.09207
v -0.11388 0.71194 0.09382
v -0.12365 0.78158 0.09534
v -0.12558 0.74791 0.09458
v -0.12658 0.71536 0.09376
v -0.12631 0.68647 0.09252
v -0.08713 0.61222 0.02585
v -0.08168 0.63111 0.02887
v -0.07620 0.64974 0.03251
v -0.06988 0.67211 0.03656
v -0.06253 0.70097 0.04070
v -0.05417 0.73429 0.04463
v -0.04082 0.80649 0.05044
v -0.07591 0.80643 0.08997
v -0.14860 0.82873 0.07648
v -0.08818 0.80993 0.09502
v -0.13607 0.82387 0.08875
v -0.10331 0.81387 0.09776
v -0.12022 0.81849 0.09608
v -0.10196 0.63370 -0.00610
v -0.12248 0.56793 0.06151
v -0.14574 0.60304 0.08229
v -0.12082 0.59941 0.07574
v -0.10768 0.57135 0.04972
v -0.10639 0.58326 0.05538
v -0.09930 0.58263 0.04508
v -0.18308 0.58901 0.05322
v -0.17991 0.60668 0.05418
v -0.04733 0.76992 0.04793
v -0.04902 0.80417 0.06592
v -0.17412 0.69526 0.02933
v -0.15887 0.83768 0.01589
v -0.18138 0.60603 0.01401
v -0.17675 0.62434 0.01120
v -0.18520 0.60640 0.02449
v -0.17228 0.64411 0.00702
v -0.18071 0.62537 0.02111
v -0.17680 0.64596 0.01649
v -0.17335 0.66679 0.01129
v -0.16806 0.66483 0.00221
v -0.15976 0.57187 0.07590
v -0.12268 0.55494 0.05459
v -0.20156 0.54420 0.01626
v -0.20610 0.52695 0.01743
v -0.21331 0.48583 0.01969
v -0.21695 0.46104 0.01989
v -0.22079 0.43315 0.01777
v -0.22418 0.40333 0.01576
v -0.22648 0.36723 0.01177
v -0.22914 0.32639 0.00872
v -0.16708 0.54704 0.06855
v -0.18928 0.59024 0.02586
v -0.12805 0.52459 0.04396
v -0.12948 0.53318 0.04950
v -0.12576 0.54250 0.05075
v -0.12028 0.53972 0.04359
v -0.19664 0.55997 0.01571
v -0.17294 0.55979 0.06649
v -0.18964 0.56081 0.04879
v -0.19764 0.56074 0.02574
v -0.16487 0.55927 0.07199
v -0.16736 0.53761 0.06599
v -0.17478 0.54578 0.06313
v -0.17342 0.53033 0.06084
v -0.11615 0.51933 0.02521
v -0.10953 0.53554 0.02551
v -0.18629 0.58993 0.01525
v -0.13341 0.50767 0.04252
v -0.17412 0.51326 0.05703
v -0.13746 0.49396 0.04264
v -0.17352 0.49917 0.05540
v -0.14012 0.48470 0.04322
v -0.17239 0.48959 0.05487
v -0.19191 0.54561 0.04692
v -0.19298 0.52924 0.04589
v -0.19264 0.51154 0.04579
v -0.19101 0.49295 0.04743
v -0.18675 0.47108 0.04998
v -0.12260 0.50234 0.02569
v -0.12820 0.48451 0.02803
v -0.13439 0.46444 0.03208
v -0.09820 0.56962 0.03266
v -0.11012 0.53295 0.00641
v -0.10780 0.54872 0.00588
v -0.11354 0.51610 0.00638
v -0.10822 0.53389 0.01574
v -0.11359 0.51742 0.01582
v -0.10314 0.55254 0.02651
v -0.10092 0.56084 0.03254
v -0.10833 0.56253 0.04505
v -0.16059 0.69272 0.07357
v -0.16075 0.72326 0.07034
v -0.16002 0.75795 0.06693
v -0.15996 0.79448 0.06389
v -0.15973 0.66856 0.07607
v -0.15866 0.64857 0.07751
v -0.15951 0.62948 0.07778
v -0.16176 0.61522 0.07669
v -0.17572 0.61581 0.06155
v -0.17597 0.63013 0.05805
v -0.17037 0.72689 0.03949
v -0.17528 0.67003 0.04866
v -0.17574 0.64955 0.05345
v -0.16769 0.76237 0.03531
v -0.16534 0.79928 0.03192
v -0.17350 0.69516 0.04404
v -0.15729 0.83209 0.06118
v -0.16124 0.83621 0.02952
v -0.16852 0.69310 0.00622
v -0.16284 0.69094 -0.00275
v -0.16341 0.72638 0.00168
v -0.15772 0.72444 -0.00699
v -0.15836 0.76346 -0.00188
v -0.15267 0.76204 -0.01040
v -0.15502 0.80072 -0.00430
v -0.14914 0.79937 -0.01297
v -0.15025 0.83773 -0.00571
v -0.14449 0.83655 -0.01447
v -0.12895 0.57450 0.07071
v -0.14832 0.57721 0.07962
v -0.12893 0.56585 0.06645
v -0.15283 0.56871 0.07763
v -0.13225 0.54278 0.05789
v -0.15907 0.54591 0.07101
v -0.16086 0.53530 0.06735
v -0.13512 0.53223 0.05511
v -0.13004 0.55438 0.06159
v -0.15677 0.55753 0.07437
v -0.13728 0.52122 0.05166
v -0.16404 0.52471 0.06279
v -0.14076 0.50758 0.04935
v -0.16531 0.51107 0.05881
v -0.14345 0.49451 0.04804
v -0.16597 0.49798 0.05647
v -0.14505 0.48359 0.04703
v -0.16663 0.48685 0.05498
v -0.12411 0.58191 0.06994
v -0.15135 0.58517 0.07946
v -0.14381 0.45937 0.04185
v -0.17377 0.46322 0.05277
v -0.20142 0.54499 0.02584
v -0.20448 0.52788 0.02662
v -0.20666 0.50897 0.02789
v -0.20882 0.48806 0.02997
v -0.20975 0.50744 0.01824
v -0.11825 0.49772 0.00571
v -0.11940 0.49974 0.01595
v -0.12197 0.47748 0.00606
v -0.12408 0.48058 0.01743
v -0.12471 0.45526 0.00605
v -0.12780 0.45932 0.01874
v -0.12693 0.43113 0.00505
v -0.12996 0.43557 0.01799
v -0.18952 0.44457 0.04935
v -0.13612 0.43925 0.03019
v -0.14461 0.43991 0.04005
v -0.17650 0.44336 0.05230
v -0.21120 0.46436 0.03132
v -0.21409 0.43756 0.03049
v -0.19231 0.41733 0.04848
v -0.14662 0.41606 0.03925
v -0.17916 0.41857 0.05140
v -0.21717 0.40855 0.02931
v -0.12972 0.40471 0.00541
v -0.13231 0.40979 0.01821
v -0.13819 0.41379 0.02965
v -0.18550 0.60634 0.03793
v -0.18255 0.62583 0.03328
v -0.17914 0.64704 0.02775
v -0.17618 0.66840 0.02207
v -0.19563 0.56103 0.03735
v -0.17238 0.69453 0.01683
v -0.16776 0.72746 0.01209
v -0.16264 0.76415 0.00833
v -0.15993 0.80127 0.00576
v -0.15517 0.83824 0.00431
v -0.19835 0.54548 0.03658
v -0.20013 0.52861 0.03651
v -0.20071 0.51031 0.03730
v -0.20112 0.49042 0.03962
v -0.20128 0.46776 0.04175
v -0.20318 0.44193 0.04164
v -0.20589 0.41366 0.04084
v -0.11496 0.56937 0.05543
v -0.11498 0.58303 0.06326
v -0.15759 0.60513 0.07811
v -0.16263 0.58708 0.07471
v -0.09593 0.59666 0.04921
v -0.08830 0.63217 0.05824
v -0.08005 0.67083 0.06617
v -0.06830 0.72942 0.07205
v -0.09210 0.61375 0.05373
v -0.07482 0.69717 0.06938
v -0.08462 0.65027 0.06239
v -0.06062 0.73056 0.06056
v -0.10171 0.57091 0.04159
v -0.18136 0.56020 0.05867
v -0.11412 0.53695 0.03481
v -0.12105 0.52147 0.03434
v -0.18162 0.49715 0.05239
v -0.18341 0.51290 0.05228
v -0.18405 0.52966 0.05386
v -0.18377 0.54556 0.05577
v -0.17769 0.48363 0.05333
v -0.13244 0.49028 0.03619
v -0.13769 0.47795 0.03937
v -0.12736 0.50533 0.03445
v -0.10407 0.56113 0.03892
v -0.16927 0.61449 0.06999
v -0.16848 0.63047 0.06905
v -0.16851 0.64974 0.06657
v -0.16898 0.66984 0.06337
v -0.16882 0.69427 0.05962
v -0.16730 0.72522 0.05547
v -0.16608 0.76028 0.05139
v -0.16467 0.79711 0.04780
v -0.16126 0.83439 0.04491
v -0.14470 0.47311 0.04477
v -0.16962 0.47669 0.05385
v -0.10826 0.55132 0.03660
v -0.09853 0.56633 0.02369
v -0.18632 0.57483 0.05116
v -0.19139 0.57501 0.01567
v -0.19336 0.57556 0.02604
v -0.19230 0.57552 0.03851
v -0.17009 0.60175 0.06815
v -0.17360 0.58711 0.06556
v -0.17770 0.57391 0.06217
v -0.19590 0.38409 0.04609
v -0.15055 0.38537 0.03819
v -0.18284 0.38653 0.04932
v -0.22006 0.37307 0.02586
v -0.20949 0.37965 0.03830
v -0.20163 0.34244 0.04282
v -0.15876 0.34474 0.03743
v -0.18946 0.34518 0.04655
v -0.22387 0.33274 0.02318
v -0.21391 0.33812 0.03491
v -0.13610 0.37097 0.00527
v -0.13673 0.37800 0.01827
v -0.14233 0.38252 0.02920
v -0.14540 0.33071 0.00564
v -0.14604 0.33731 0.01859
v -0.15110 0.34187 0.02915
v -0.10677 0.61323 -0.00366
v -0.11045 0.59481 -0.00256
v -0.11511 0.53237 -0.00292
v -0.11669 0.51534 -0.00388
v -0.11438 0.54844 -0.00280
v -0.12001 0.49606 -0.00590
v -0.12299 0.47499 -0.00672
v -0.12563 0.45158 -0.00773
v -0.12801 0.42642 -0.00906
v -0.13155 0.39947 -0.00846
v -0.11397 0.56372 -0.00289
v -0.11306 0.57877 -0.00258
v -0.13924 0.36523 -0.00879
v -0.15194 0.33790 -0.02051
v -0.21490 0.48358 0.00818
v -0.21883 0.45800 0.00735
v -0.22311 0.42949 0.00445
v -0.22642 0.39915 0.00172
v -0.22787 0.36267 -0.00290
v -0.22600 0.33593 -0.01704
v -0.21060 0.50593 0.00750
v -0.16121 0.66255 -0.00521
v -0.15069 0.72227 -0.01418
v -0.14569 0.76006 -0.01758
v -0.14188 0.79743 -0.02029
v -0.13739 0.83501 -0.02210
v -0.15538 0.68864 -0.01004
v -0.20623 0.52588 0.00767
v -0.18194 0.58888 0.00703
v -0.20063 0.54323 0.00713
v -0.16607 0.64160 -0.00050
v -0.19467 0.55902 0.00675
v -0.17158 0.62223 0.00366
v -0.18796 0.57392 0.00694
v -0.17656 0.60460 0.00610
v -0.07773 0.65152 0.01660
v -0.08370 0.65369 0.00228
v -0.07025 0.67529 0.01878
v -0.07550 0.67905 0.00196
v -0.09040 0.61259 0.01372
v -0.09710 0.61311 0.00368
v -0.06163 0.70572 0.02145
v -0.06632 0.71127 0.00204
v -0.08440 0.63198 0.01483
v -0.09098 0.63304 0.00291
v -0.05212 0.73974 0.02426
v -0.05646 0.74625 0.00248
v -0.03691 0.81031 0.02867
v -0.04152 0.81569 0.00368
v -0.09513 0.59469 0.01311
v -0.10156 0.59476 0.00418
v -0.04412 0.77477 0.02669
v -0.04888 0.78116 0.00302
v -0.10099 0.56452 0.01385
v -0.10603 0.56386 0.00484
v -0.09847 0.57904 0.01307
v -0.10457 0.57881 0.00429
v -0.09446 0.65545 -0.00870
v -0.08622 0.68225 -0.01135
v -0.07699 0.71560 -0.01372
v -0.06809 0.75203 -0.01569
v -0.06094 0.78700 -0.01720
v -0.05444 0.82164 -0.01804
v -0.21815 0.17543 0.04331
v -0.21453 0.19858 0.04339
v -0.20927 0.22823 0.04476
v -0.20365 0.26175 0.04556
v -0.19749 0.30040 0.04649
v -0.19630 0.17612 0.04132
v -0.19228 0.19907 0.03949
v -0.18583 0.22836 0.03844
v -0.17850 0.26186 0.03911
v -0.16958 0.30050 0.03904
v -0.20074 0.26231 -0.03067
v -0.20351 0.23513 -0.02879
v -0.20662 0.20646 -0.02792
v -0.20993 0.18045 -0.02757
v -0.21264 0.15847 -0.02876
v -0.18663 0.26498 -0.02867
v -0.19007 0.23753 -0.02757
v -0.19341 0.20812 -0.02671
v -0.19682 0.18147 -0.02613
v -0.19909 0.16070 -0.02588
v -0.21357 0.26433 -0.02700
v -0.21620 0.23664 -0.02485
v -0.21940 0.20778 -0.02389
v -0.22250 0.18138 -0.02347
v -0.22524 0.15753 -0.02463
v -0.17264 0.27231 -0.02044
v -0.17753 0.24340 -0.02011
v -0.18181 0.21284 -0.01946
v -0.18574 0.18532 -0.01846
v -0.18768 0.16453 -0.01642
v -0.22387 0.27084 -0.01900
v -0.22636 0.24153 -0.01711
v -0.22949 0.21128 -0.01582
v -0.23216 0.18331 -0.01488
v -0.23453 0.15822 -0.01510
v -0.22552 0.17354 0.03951
v -0.22246 0.19689 0.03983
v -0.21805 0.22653 0.04136
v -0.21324 0.25997 0.04215
v -0.20825 0.29806 0.04277
v -0.23231 0.17080 0.03311
v -0.22980 0.19449 0.03285
v -0.22653 0.22406 0.03374
v -0.22274 0.25737 0.03471
v -0.21885 0.29473 0.03509
v -0.23758 0.16789 0.02343
v -0.23552 0.19170 0.02261
v -0.23299 0.22130 0.02268
v -0.23021 0.25474 0.02283
v -0.22725 0.29118 0.02324
v -0.24033 0.16435 0.01131
v -0.23840 0.18855 0.01015
v -0.23619 0.21888 0.00919
v -0.23370 0.25239 0.00821
v -0.23132 0.28681 0.00868
v -0.23951 0.16068 -0.00214
v -0.23742 0.18556 -0.00306
v -0.23517 0.21547 -0.00449
v -0.23246 0.24774 -0.00577
v -0.23023 0.28029 -0.00655
v -0.18992 0.17455 0.03612
v -0.18592 0.19764 0.03355
v -0.17936 0.22673 0.03178
v -0.17174 0.26021 0.03213
v -0.16231 0.29838 0.03140
v -0.18416 0.17258 0.02740
v -0.18049 0.19551 0.02436
v -0.17416 0.22444 0.02215
v -0.16650 0.25828 0.02195
v -0.15716 0.29524 0.02106
v -0.18060 0.17007 0.01450
v -0.17765 0.19268 0.01096
v -0.17171 0.22186 0.00869
v -0.16448 0.25551 0.00835
v -0.15596 0.29018 0.00815
v -0.18115 0.16825 -0.00168
v -0.17907 0.18968 -0.00501
v -0.17411 0.21809 -0.00662
v -0.16820 0.25022 -0.00685
v -0.16111 0.28267 -0.00692
v -0.05744 0.80303 0.07619
v -0.12488 0.86854 -0.03027
v -0.10084 0.86272 -0.03968
v -0.06480 0.85948 -0.03423
v -0.11440 0.86524 -0.03596
v -0.08373 0.86101 -0.04000
v -0.03350 0.84175 0.05210
v -0.07131 0.84486 0.09126
v -0.14455 0.86678 0.07505
v -0.08466 0.84887 0.09622
v -0.13286 0.86289 0.08818
v -0.10055 0.85340 0.09869
v -0.11773 0.85811 0.09651
v -0.15246 0.87368 0.01513
v -0.15191 0.86954 0.05912
v -0.15481 0.87254 0.02815
v -0.14491 0.87358 -0.00616
v -0.13988 0.87256 -0.01520
v -0.14888 0.87413 0.00387
v -0.15501 0.87131 0.04299
v -0.13332 0.87080 -0.02329
v -0.02947 0.84465 0.02999
v -0.03409 0.84925 0.00390
v -0.04702 0.85477 -0.01942
v -0.05116 0.84052 0.07767
v -0.11970 0.90274 -0.03243
v -0.09557 0.89752 -0.04363
v -0.05814 0.89242 -0.03803
v -0.10925 0.90000 -0.03924
v -0.07797 0.89521 -0.04420
v -0.02825 0.87477 0.05319
v -0.06708 0.88462 0.09263
v -0.13847 0.90566 0.07408
v -0.08078 0.89055 0.09747
v -0.12750 0.90330 0.08767
v -0.09655 0.89588 0.09936
v -0.11240 0.90018 0.09654
v -0.14615 0.90787 0.01502
v -0.14491 0.90667 0.05802
v -0.14814 0.90751 0.02760
v -0.13938 0.90727 -0.00607
v -0.13456 0.90621 -0.01550
v -0.14312 0.90785 0.00400
v -0.14826 0.90716 0.04201
v -0.12804 0.90474 -0.02447
v -0.02405 0.87655 0.03026
v -0.02785 0.88064 0.00290
v -0.04034 0.88683 -0.02205
v -0.04624 0.87622 0.07914
v -0.11281 0.93236 -0.03477
v -0.08850 0.92866 -0.04815
v -0.05209 0.92249 -0.04319
v -0.10244 0.93070 -0.04243
v -0.07126 0.92623 -0.04943
v -0.02505 0.90352 0.05384
v -0.06451 0.92214 0.09388
v -0.13162 0.94087 0.07335
v -0.07745 0.92990 0.09803
v -0.12060 0.94058 0.08669
v -0.09193 0.93572 0.09913
v -0.10721 0.93897 0.09563
v -0.14073 0.93737 0.01539
v -0.13858 0.93993 0.05758
v -0.14205 0.93802 0.02765
v -0.13349 0.93605 -0.00579
v -0.12812 0.93505 -0.01591
v -0.13787 0.93681 0.00453
v -0.14180 0.93882 0.04163
v -0.12141 0.93384 -0.02579
v -0.01989 0.90408 0.03011
v -0.02323 0.90790 0.00094
v -0.03496 0.91556 -0.02579
v -0.04389 0.90917 0.08014
v -0.10769 0.95503 -0.03729
v -0.08306 0.95209 -0.05295
v -0.04581 0.94465 -0.04994
v -0.09714 0.95376 -0.04583
v -0.06592 0.94930 -0.05575
v -0.02247 0.92578 0.05450
v -0.06404 0.94973 0.09461
v -0.12523 0.96880 0.07242
v -0.07621 0.95978 0.09770
v -0.11483 0.97038 0.08485
v -0.08941 0.96669 0.09772
v -0.10266 0.97003 0.09372
v -0.13666 0.96023 0.01592
v -0.13355 0.96607 0.05720
v -0.13819 0.96130 0.02783
v -0.12886 0.95822 -0.00548
v -0.12290 0.95728 -0.01638
v -0.13355 0.95923 0.00508
v -0.13750 0.96316 0.04133
v -0.11600 0.95605 -0.02717
v -0.01631 0.92428 0.03008
v -0.01869 0.92759 -0.00166
v -0.02947 0.93608 -0.03072
v -0.04411 0.93475 0.08135
v -0.10416 0.98091 -0.03888
v -0.08104 0.97780 -0.05705
v -0.03461 0.96874 -0.05904
v -0.09431 0.97981 -0.04852
v -0.06217 0.97429 -0.06301
v -0.01178 0.95294 0.04840
v -0.06301 0.97355 0.09426
v -0.12105 0.99840 0.07081
v -0.07582 0.99024 0.09627
v -0.10996 1.00229 0.08253
v -0.08778 0.99991 0.09524
v -0.09905 1.00341 0.09104
v -0.13188 0.98438 0.01665
v -0.12968 0.99320 0.05628
v -0.13397 0.98539 0.02776
v -0.12454 0.98337 -0.00518
v -0.11857 0.98251 -0.01639
v -0.12896 0.98381 0.00581
v -0.13387 0.98793 0.04043
v -0.11158 0.98171 -0.02794
v -0.00789 0.96183 -0.03536
v -0.04694 0.95864 0.08390
v -0.10138 1.00950 -0.03794
v -0.07833 1.00753 -0.05895
v -0.03116 1.00376 -0.06871
v -0.09210 1.00877 -0.04859
v -0.05846 1.00572 -0.06619
v -0.06974 1.03599 0.09180
v -0.11981 1.02179 0.06751
v -0.12774 1.00728 0.01762
v -0.12679 1.01509 0.05398
v -0.12977 1.00727 0.02784
v -0.12011 1.00935 -0.00385
v -0.11467 1.00959 -0.01528
v -0.12431 1.00834 0.00707
v -0.12990 1.00971 0.03926
v -0.10880 1.00934 -0.02692
v 0.00000 1.00699 -0.05305
v -0.08587 1.05030 0.08974
v -0.21610 0.12597 0.05275
v -0.20832 0.12709 0.05443
v -0.20861 0.10192 0.07245
v -0.21665 0.10040 0.07148
v -0.21521 0.14015 0.04870
v -0.20754 0.14099 0.04995
v -0.21350 0.15671 0.04665
v -0.20599 0.15717 0.04692
v -0.21650 0.11281 0.06038
v -0.20862 0.11414 0.06187
v -0.12858 0.60106 0.08013
v -0.13646 0.60238 0.08248
v -0.12091 0.64034 0.08729
v -0.12876 0.64235 0.08854
v -0.11844 0.66050 0.08997
v -0.12752 0.66274 0.09085
v -0.12443 0.61989 0.08395
v -0.13194 0.62147 0.08570
v -0.13436 0.57577 0.07507
v -0.14170 0.57700 0.07856
v -0.13628 0.56596 0.07213
v -0.14458 0.56707 0.07637
v -0.14057 0.54318 0.06516
v -0.14993 0.54433 0.06997
v -0.15235 0.53332 0.06633
v -0.14312 0.53221 0.06187
v -0.13827 0.55471 0.06851
v -0.14768 0.55579 0.07327
v -0.14580 0.52064 0.05820
v -0.15504 0.52197 0.06215
v -0.14854 0.50781 0.05478
v -0.15683 0.50902 0.05813
v -0.15053 0.49501 0.05252
v -0.15835 0.49621 0.05545
v -0.15192 0.48340 0.05099
v -0.15942 0.48458 0.05380
v -0.13190 0.58608 0.07664
v -0.14012 0.58717 0.07986
v -0.15302 0.45848 0.04809
v -0.16288 0.45973 0.05175
v -0.15437 0.44064 0.04712
v -0.16500 0.44178 0.05132
v -0.15643 0.41756 0.04627
v -0.16725 0.41840 0.05041
v -0.15248 0.47210 0.04953
v -0.16090 0.47326 0.05265
v -0.16026 0.38679 0.04480
v -0.17108 0.38739 0.04867
v -0.16801 0.34619 0.04336
v -0.17830 0.34641 0.04654
v -0.21070 0.17646 0.04479
v -0.20331 0.17670 0.04410
v -0.20678 0.19949 0.04430
v -0.19929 0.19963 0.04293
v -0.20096 0.22907 0.04511
v -0.19309 0.22910 0.04285
v -0.19462 0.26267 0.04595
v -0.18621 0.26273 0.04373
v -0.18743 0.30161 0.04681
v -0.17812 0.30164 0.04424
v -0.18036 0.08577 0.00389
v -0.19064 0.08530 -0.02000
v -0.17718 0.10893 -0.00267
v -0.19203 0.10423 -0.02241
v -0.18076 0.12518 0.00389
v -0.18899 0.12215 -0.01564
v -0.24204 0.09903 -0.02115
v -0.24226 0.08187 -0.02107
v -0.25210 0.09690 0.00897
v -0.25144 0.07893 0.00690
v -0.24163 0.11239 -0.01511
v -0.24743 0.11268 0.00263
v -0.04198 0.84053 0.06767
v -0.03692 0.87478 0.06889
v -0.03418 0.90591 0.06959
v -0.03313 0.93081 0.07045
v -0.02193 0.96227 0.06690
v -0.02383 0.98115 0.07926
v -0.06609 0.80391 0.08365
v -0.06044 0.84198 0.08500
v -0.05586 0.87944 0.08647
v -0.05366 0.91435 0.08777
v -0.05361 0.93962 0.08886
v -0.05483 0.95782 0.08986
v -0.07148 0.76598 0.08211
v -0.06267 0.76466 0.07421
v -0.05441 0.76621 0.06351
v -0.21966 0.32779 -0.02529
v -0.16661 0.30173 -0.02250
v -0.11399 1.06478 0.06806
v -0.10092 1.03874 -0.03413
v -0.07638 1.04235 -0.05421
v -0.03041 1.04493 -0.06458
v -0.09084 1.04055 -0.04443
v -0.05526 1.04423 -0.06136
v -0.12570 1.02636 0.01999
v -0.12750 1.02448 0.02835
v -0.11877 1.03266 -0.00068
v -0.11383 1.03502 -0.01222
v -0.12302 1.02962 0.01028
v -0.12816 1.02631 0.03768
v -0.10783 1.03690 -0.02346
v 0.00000 1.03921 -0.05012
v -0.10389 1.06294 -0.02769
v -0.07946 1.07428 -0.04573
v -0.03525 1.08428 -0.05108
v -0.09511 1.06788 -0.03752
v -0.05867 1.08159 -0.05001
v -0.12519 1.03978 0.02511
v -0.12695 1.03481 0.02947
v -0.11798 1.05111 0.00738
v -0.11334 1.05550 -0.00452
v -0.12214 1.04580 0.01749
v -0.12729 1.03775 0.03577
v -0.10960 1.05917 -0.01677
v 0.00000 1.06543 -0.05268
v -0.12532 1.04792 0.03456
v -0.11709 1.08970 0.04935
v -0.12660 1.04015 0.04446
v -0.12342 1.05764 0.02887
v -0.12223 1.06689 0.04447
v -0.12161 1.07713 0.03483
v 0.00000 1.12942 -0.03404
v -0.10926 1.10355 0.05783
v -0.12336 1.05239 0.05045
v -0.03300 1.12459 -0.03404
v -0.09602 1.13108 -0.01615
v -0.08456 1.13041 -0.02435
v -0.10318 1.12969 -0.00336
v -0.06818 1.12484 -0.03296
v -0.04241 1.11928 -0.03779
v -0.11597 1.07884 0.06035
v -0.00871 1.12987 -0.03311
v -0.05262 1.11103 -0.04225
v -0.12083 1.06553 0.01913
v -0.12649 1.03065 0.04966
v -0.12126 1.03933 0.06121
v -0.10366 1.18842 0.01571
v -0.10670 1.12580 0.01274
v -0.09742 1.19151 0.00270
v -0.08644 1.19223 -0.00863
v -0.09722 1.17487 0.05615
v 0.00000 1.08242 -0.04878
v -0.02351 1.11181 -0.03930
v 0.00000 1.12018 -0.03643
v -0.05288 1.18188 -0.02429
v -0.07225 1.18972 -0.01761
v -0.05573 0.98601 0.09036
v -0.07323 1.01438 0.09369
v -0.08685 1.02799 0.09243
v -0.10930 1.02802 0.07955
v -0.09765 1.03141 0.08825
v -0.11108 1.04830 0.07499
v -0.09805 1.05333 0.08485
v -0.10079 1.07151 0.07890
v -0.10449 1.08887 0.07045
v -0.01334 1.16338 -0.02904
v -0.07897 1.16009 -0.01877
v -0.09777 1.13930 0.06383
v -0.04186 1.13741 -0.03063
v -0.00859 1.12132 -0.03559
v -0.09877 1.15985 0.00451
v -0.05430 1.16237 -0.02581
v -0.10324 1.11481 0.06308
v -0.09491 1.09479 0.07682
v 0.00000 1.16289 -0.02933
v -0.02578 1.25939 -0.03142
v 0.00000 1.24058 -0.02924
v -0.00976 1.13876 -0.03137
v 0.00000 1.13839 -0.03220
v 0.00000 1.09965 -0.04367
v -0.02861 1.10142 -0.04416
v -0.10572 1.13654 0.01714
v -0.05833 1.13490 -0.03050
v -0.08046 1.13925 -0.02252
v -0.09372 1.14028 -0.01282
v -0.10178 1.13947 0.00077
v -0.10494 1.15639 0.01956
v -0.09176 1.16037 -0.00964
v -0.06563 1.16011 -0.02353
v -0.38035 1.23843 0.03233
v -0.39881 1.22682 0.03143
v -0.41619 1.21650 0.03040
v -0.43200 1.20690 0.02937
v -0.44609 1.19885 0.02876
v -0.45973 1.19179 0.02818
v -0.49682 1.17170 0.02483
v -0.51752 1.16044 0.02249
v -0.53800 1.14975 0.02023
v -0.55755 1.13977 0.01831
v -0.57328 1.13171 0.01664
v -0.60935 1.12459 0.00410
v -0.59086 1.13036 0.00433
v -0.58818 1.13753 0.05045
v -0.60532 1.14632 0.01334
v -0.60603 1.15090 0.02069
v -0.60489 1.15540 0.03585
v -0.60125 1.15344 0.04369
v -0.60404 1.14043 0.00724
v -0.58586 1.13023 0.04627
v -0.60642 1.15430 0.02804
v -0.60239 1.13359 0.00401
v -0.59978 1.12238 0.00559
v -0.58923 1.12687 0.00822
v -0.59178 1.12102 0.02449
v -0.58454 1.12627 0.02316
v -0.59022 1.12482 0.03178
v -0.58311 1.12952 0.03072
v -0.58091 1.13170 0.03822
v -0.58750 1.12682 0.03953
v -0.59187 1.12030 0.04077
v -0.60478 1.11064 0.03384
v -0.11481 1.09859 0.03496
v -0.11066 1.10619 0.02003
v -0.10738 1.11276 0.00416
v -0.10360 1.11828 -0.01023
v -0.09671 1.12179 -0.02069
v -0.08799 1.12378 -0.02597
v -0.08007 1.11778 -0.03304
v -0.09345 1.11220 -0.02835
v -0.10435 1.10703 -0.02064
v -0.10890 1.09997 -0.00843
v -0.11383 1.09307 0.00674
v -0.11841 1.08555 0.02176
v -0.11734 1.07221 0.00660
v -0.11362 1.07831 -0.00704
v -0.10946 1.08398 -0.01993
v -0.10202 1.09110 -0.03079
v -0.08792 1.09851 -0.03696
v -0.06917 1.10453 -0.04176
v -0.35280 1.27035 0.03585
v -0.34620 1.26335 0.03364
v -0.35646 1.27970 0.03604
v -0.33112 1.25461 0.02159
v -0.32552 1.25449 0.01080
v 0.00000 0.98349 -0.04510
v -0.10335 1.17955 0.04322
v -0.10544 1.18407 0.02950
v -0.11060 1.11305 0.04404
v -0.10950 1.12005 0.02933
v -0.10537 1.14658 0.05020
v -0.10806 1.15224 0.03536
v -0.10830 1.13176 0.03376
v -0.10777 1.12477 0.04849
v -0.08698 1.09588 0.08142
v -0.03369 1.22362 -0.02857
v -0.03427 1.20953 -0.02780
v -0.05309 1.22573 -0.02577
v -0.05338 1.21180 -0.02469
v -0.07156 1.22605 -0.02019
v -0.07162 1.21304 -0.01892
v -0.08659 1.22468 -0.01152
v -0.08648 1.21237 -0.01024
v -0.01618 1.22062 -0.02953
v -0.01653 1.20734 -0.02908
v 0.00000 1.21943 -0.02967
v 0.00000 1.20649 -0.02938
v -0.09714 1.22199 -0.00036
v -0.09725 1.21034 0.00087
v -0.10350 1.21883 0.01224
v -0.10351 1.20695 0.01350
v -0.10583 1.21520 0.02549
v -0.10560 1.20288 0.02687
v -0.10434 1.21188 0.03923
v -0.10383 1.19903 0.04057
v -0.09865 1.20875 0.05341
v -0.09811 1.19543 0.05422
v -0.09780 1.18216 0.00334
v -0.06269 1.17396 -0.02265
v -0.07537 1.18028 -0.01695
v -0.09697 1.16493 0.05766
v -0.08764 1.18270 -0.00818
v -0.10324 1.17919 0.01684
v -0.10349 1.17025 0.04484
v -0.10580 1.17506 0.03095
v -0.04671 1.14952 -0.02878
v 0.00000 1.14778 -0.03011
v -0.10028 1.14885 0.00342
v -0.09660 1.12124 0.06795
v -0.07908 1.14924 -0.02031
v -0.01109 1.14842 -0.02961
v -0.10567 1.14583 0.01937
v -0.09245 1.14945 -0.01065
v -0.06131 1.14855 -0.02643
v -0.10529 1.13433 0.05141
v -0.10845 1.14147 0.03592
v 0.00000 1.01213 0.09320
v -0.01844 0.99645 0.08726
v -0.03936 1.23343 0.10617
v -0.05664 1.23117 0.09846
v -0.06375 1.20300 0.09206
v -0.06558 1.16162 0.08697
v -0.03961 1.12424 0.09862
v -0.06270 1.12362 0.08884
v -0.05121 1.10222 0.09546
v -0.06269 1.10882 0.09048
v -0.05641 1.08741 0.09576
v -0.06311 1.09688 0.09217
v -0.02778 1.14348 0.10264
v -0.06514 1.15019 0.08667
v -0.06505 1.18804 0.08974
v -0.08018 1.07033 0.08907
v -0.07785 1.09401 0.08688
v -0.08366 1.11549 0.07873
v -0.08626 1.13298 0.07411
v -0.08813 1.17023 0.06776
v -0.08755 1.15950 0.06881
v -0.08884 1.19231 0.06728
v -0.08902 1.20671 0.06759
v -0.07269 1.07132 0.09177
v -0.05944 1.04353 0.09485
v -0.08893 1.07344 0.08594
v -0.06998 1.09424 0.09029
v -0.07294 1.11187 0.08545
v -0.07483 1.12818 0.08215
v -0.07719 1.16570 0.07796
v -0.07659 1.15446 0.07837
v -0.07733 1.19038 0.07916
v -0.07663 1.20458 0.08068
v -0.07126 1.23710 0.08882
v 0.00000 1.21767 0.11133
v 0.00000 1.19934 0.11014
v 0.00000 1.15934 0.10711
v 0.00000 1.14388 0.10611
v 0.00000 1.09484 0.10649
v 0.00000 1.08582 0.10584
v 0.00000 1.06109 0.10414
v -0.01267 1.21507 0.11055
v -0.01375 1.15827 0.10626
v -0.02708 1.15762 0.10374
v -0.00581 1.10635 0.10498
v -0.02086 1.08864 0.10405
v -0.02305 1.06514 0.10276
v -0.03808 1.20673 0.10444
v -0.03991 1.15777 0.09966
v -0.02594 1.19388 0.10690
v -0.03336 1.10841 0.10064
v -0.03713 1.09343 0.10009
v -0.04272 1.07414 0.10005
v -0.01431 0.94180 -0.00469
v -0.02162 0.95158 -0.03558
v -0.01982 0.94336 0.05282
v -0.01375 0.93912 0.02852
v -0.03294 0.95645 0.07206
v -0.04087 0.99170 0.08509
v 0.00000 0.95073 0.02243
v 0.00000 0.95758 -0.01664
v 0.00000 0.97839 0.07719
v 0.00000 0.96385 0.06623
v 0.00000 0.95490 0.05306
v 0.00000 0.99475 0.08651
v 0.00000 0.96859 -0.03271
v -0.03050 1.01479 0.09308
v -0.00678 0.95314 -0.00772
v -0.00893 0.94937 0.02592
v -0.02986 1.25330 0.10984
v -0.04814 1.22709 0.10261
v -0.01407 1.25825 0.11314
v -0.05056 1.20393 0.09918
v 0.00000 1.24778 0.11315
v -0.05167 1.18857 0.09718
v -0.05271 1.15907 0.09405
v -0.05261 1.14660 0.09335
v -0.04795 1.11865 0.09546
v 0.00000 1.12153 0.10629
v -0.02557 1.21110 0.10823
v -0.01293 1.19709 0.10933
v -0.03870 1.19062 0.10286
v -0.01428 1.14322 0.10522
v -0.04034 1.14465 0.09865
v -0.00638 1.11292 0.10509
v -0.02961 1.12054 0.10180
v -0.03180 1.23926 -0.02969
v -0.05275 1.24159 -0.02736
v -0.07223 1.24127 -0.02189
v -0.08769 1.23942 -0.01302
v -0.01525 1.23346 -0.03002
v 0.00000 1.23140 -0.02982
v -0.09821 1.23676 -0.00156
v -0.10431 1.23369 0.01111
v -0.10674 1.23080 0.02419
v -0.10544 1.22825 0.03781
v -0.09987 1.22610 0.05252
v -0.04922 1.21776 0.10119
v -0.06138 1.21718 0.09488
v -0.07492 1.22082 0.08328
v -0.08931 1.22451 0.06836
v -0.03785 1.22101 0.10574
v -0.02557 1.22613 0.10928
v -0.01259 1.23079 0.11152
v 0.00000 1.23354 0.11227
v -0.03396 1.19537 -0.02739
v -0.05337 1.19799 -0.02414
v -0.07190 1.20111 -0.01811
v -0.08640 1.20194 -0.00929
v -0.01634 1.19340 -0.02878
v 0.00000 1.19267 -0.02914
v -0.09742 1.20049 0.00189
v -0.10374 1.19718 0.01466
v -0.10562 1.19288 0.02820
v -0.10351 1.18863 0.04187
v -0.09764 1.18453 0.05508
v -0.05239 1.17317 0.09540
v -0.06561 1.17408 0.08802
v -0.08858 1.18069 0.06731
v -0.07747 1.17732 0.07826
v 0.00000 1.17872 0.10862
v -0.01328 1.17705 0.10779
v -0.03932 1.17354 0.10118
v -0.02644 1.17511 0.10531
v -0.09774 1.17145 0.00417
v -0.06870 1.16892 -0.02151
v -0.07801 1.17096 -0.01701
v -0.09716 1.15325 0.06009
v -0.08976 1.17206 -0.00844
v -0.10359 1.16844 0.01829
v 0.00000 1.11152 -0.03942
v -0.10397 1.15922 0.04718
v -0.10643 1.16432 0.03298
v -0.05153 1.13419 0.09364
v -0.06419 1.13789 0.08727
v -0.08696 1.14728 0.07079
v -0.07575 1.14207 0.07969
v -0.04030 1.13354 0.09836
v -0.02845 1.13173 0.10210
v -0.01487 1.13061 0.10484
v 0.00000 1.13142 0.10576
v 0.00000 1.03153 0.09882
v -0.06467 1.07529 0.09412
v -0.05155 1.05247 0.09783
v -0.02739 1.03661 0.09904
v -0.02412 1.12847 -0.03186
v -0.01824 1.11930 -0.03594
v -0.02955 1.13893 -0.02963
v -0.04193 1.16486 -0.02714
v -0.03370 1.15020 -0.02917
v -0.01537 1.17856 -0.02872
v 0.00000 1.17796 -0.02906
v -0.00811 0.97709 -0.05521
v -0.01944 1.13925 -0.02983
v -0.01670 1.13029 -0.03182
v -0.01461 1.12338 -0.03446
v -0.02726 1.16440 -0.02831
v -0.02220 1.14953 -0.02909
v -0.03225 1.18011 -0.02745
v -0.04592 1.24371 0.10409
v -0.00785 1.04281 -0.05930
v -0.00671 1.00611 -0.06313
v -0.01182 1.07200 -0.05311
v -0.01185 1.10327 -0.04283
v -0.01262 1.08915 -0.04755
v -0.01008 1.11379 -0.03858
v -0.01801 1.10078 0.10495
v 0.00000 1.09911 0.10653
v -0.01603 1.11786 0.10538
v 0.00000 1.11556 0.10628
v 0.00000 1.10563 0.10525
v 0.00000 1.11395 0.10504
v -0.00837 1.10249 0.10592
v -0.00708 1.11255 0.10620
v 0.05653 1.56185 0.04453
v 0.03325 1.54460 0.03949
v 0.00940 1.50353 0.05161
v 0.01982 1.50431 0.04680
v 0.00000 1.50347 0.05278
v 0.00481 1.51344 0.05336
v 0.00959 1.51348 0.05240
v 0.02027 1.51425 0.04648
v 0.00000 1.51345 0.05366
v 0.00450 1.52281 0.05503
v 0.00947 1.52280 0.05409
v 0.02048 1.52345 0.04653
v 0.00000 1.52279 0.05536
v 0.00502 1.53200 0.05882
v 0.00967 1.53140 0.05681
v 0.02120 1.53131 0.04682
v 0.00000 1.53235 0.06020
v 0.00570 1.53390 0.06594
v 0.01136 1.53442 0.06207
v 0.02352 1.53688 0.04814
v 0.00000 1.53378 0.06729
v 0.06513 1.57295 0.08824
v 0.05946 1.56609 0.09623
v 0.05813 1.56019 0.08683
v 0.06419 1.56802 0.07708
v 0.05490 1.55461 0.07483
v 0.06150 1.56369 0.06204
v 0.01812 1.52557 0.10220
v 0.00756 1.52358 0.10631
v 0.00000 1.52349 0.10692
v 0.01421 1.54726 -0.01711
v 0.01318 1.47017 0.05323
v 0.01352 1.48200 0.05132
v 0.01498 1.51381 0.05023
v 0.01499 1.52315 0.05136
v 0.01503 1.53135 0.05276
v 0.01730 1.53548 0.05622
v 0.02442 1.53382 0.07523
v 0.01781 1.46084 0.05431
v 0.01321 1.45849 0.05613
v 0.01772 1.45335 0.05733
v 0.01449 1.44869 0.06007
v -0.04836 1.62413 0.11779
v -0.04234 1.62327 0.12013
v -0.04730 1.62798 0.11786
v -0.04105 1.62682 0.11985
v -0.05401 1.62435 0.11527
v -0.05287 1.62845 0.11567
v -0.05772 1.62402 0.11309
v -0.06134 1.62890 0.11117
v -0.06044 1.62320 0.11109
v -0.06418 1.62831 0.10906
v -0.06227 1.62211 0.10924
v -0.05851 1.59125 0.00739
v -0.06409 1.61761 0.10572
v -0.06295 1.60540 0.10203
v -0.06046 1.60072 0.10428
v -0.06256 1.59887 0.10563
v -0.05736 1.59714 0.10777
v -0.05858 1.59557 0.10946
v -0.05119 1.59637 0.11130
v -0.05116 1.59447 0.11276
v -0.04458 1.59416 0.11423
v -0.04516 1.59597 0.11299
v -0.03886 1.59510 0.11422
v -0.03947 1.59647 0.11255
v -0.03349 1.59638 0.11519
v -0.03399 1.59733 0.11283
v -0.03466 1.62032 0.12107
v -0.03332 1.62390 0.12131
v -0.02885 1.61569 0.11941
v -0.02717 1.61900 0.12205
v -0.02596 1.60910 0.11632
v -0.02368 1.61198 0.12020
v -0.02576 1.60452 0.11514
v -0.02349 1.60572 0.11849
v -0.02809 1.60142 0.11416
v -0.02599 1.60134 0.11738
v -0.06007 1.59359 0.10957
v -0.05296 1.59207 0.11358
v -0.04512 1.59155 0.11578
v -0.03835 1.59277 0.11682
v -0.03235 1.59483 0.11843
v -0.06659 1.63532 0.10895
v -0.08040 1.63609 -0.00577
v -0.06435 1.59793 0.10505
v -0.04700 1.63458 0.12330
v -0.04012 1.63329 0.12642
v -0.05322 1.63561 0.11941
v -0.06318 1.63609 0.11235
v -0.03301 1.63131 0.12853
v -0.02435 1.62247 0.12595
v -0.02026 1.61406 0.12356
v -0.01984 1.60671 0.12182
v -0.02221 1.60143 0.12115
v -0.01492 1.61589 0.12716
v -0.01409 1.60748 0.12562
v -0.01494 1.60014 0.12679
v -0.00783 1.61711 0.12998
v -0.00709 1.60890 0.12848
v -0.00667 1.60229 0.13010
v -0.08590 1.67114 0.02651
v -0.06841 1.61141 0.09988
v -0.08458 1.67392 0.05490
v -0.01849 1.62612 0.13019
v -0.00946 1.62688 0.13314
v -0.07109 1.61066 -0.00231
v -0.04700 1.64758 0.12794
v -0.03791 1.64636 0.13187
v -0.05480 1.64803 0.12320
v -0.06613 1.64698 0.11175
v -0.02612 1.64211 0.13503
v -0.06512 1.59987 0.00195
v -0.06990 1.64512 0.10688
v -0.05541 1.58493 0.11264
v -0.07394 1.60860 0.09166
v -0.07171 1.60094 0.09432
v -0.06828 1.59334 0.09977
v -0.01148 1.64172 0.13819
v -0.02513 1.67535 0.13494
v -0.01231 1.67574 0.13798
v -0.06921 1.63378 0.10577
v -0.08607 1.66218 0.00802
v -0.00686 1.57894 0.14351
v -0.00917 1.57758 0.13969
v -0.01459 1.57496 0.13418
v -0.00620 1.58563 0.14065
v -0.00596 1.55767 0.13598
v -0.00263 1.55731 0.13677
v -0.01859 1.55309 0.12513
v -0.01619 1.55544 0.12893
v -0.01355 1.54812 0.12717
v -0.01402 1.49324 0.05016
v -0.01573 1.54992 0.12566
v -0.01450 1.50394 0.04985
v -0.01791 1.55310 0.12560
v -0.01523 1.55108 0.12610
v -0.00946 1.44450 0.06220
v -0.01325 1.54931 0.12760
v -0.01530 1.55454 0.12932
v -0.01243 1.55515 0.13258
v -0.01752 1.55316 0.12578
v -0.01488 1.55378 0.12869
v -0.01695 1.55335 0.12536
v -0.01441 1.55292 0.12722
v -0.01644 1.55403 0.12336
v -0.01386 1.55346 0.12558
v -0.01499 1.55191 0.12615
v -0.01450 1.55404 0.12494
v -0.01455 1.55391 0.12379
v -0.01184 1.55388 0.13159
v -0.00595 1.55600 0.13613
v -0.00257 1.55588 0.13691
v -0.00607 1.55404 0.13436
v -0.00274 1.55426 0.13505
v -0.01107 1.55259 0.12970
v -0.00555 1.55278 0.13128
v -0.00251 1.55273 0.13176
v -0.01200 1.55357 0.12648
v -0.01304 1.55042 0.12767
v -0.01022 1.54713 0.12926
v -0.00846 1.55258 0.12861
v -0.00976 1.54917 0.12972
v -0.00563 1.54618 0.13025
v -0.00453 1.55265 0.12977
v -0.00517 1.54913 0.13073
v -0.01459 1.55329 0.12805
v -0.01718 1.55325 0.12570
v -0.04081 1.55129 0.03029
v -0.01485 1.55261 0.12596
v -0.01146 1.55316 0.13061
v -0.00587 1.55317 0.13292
v -0.00268 1.55324 0.13356
v -0.01257 1.55192 0.12745
v -0.00924 1.55082 0.12950
v -0.00486 1.55091 0.13056
v -0.01021 1.55258 0.12762
v -0.00437 1.55286 0.12836
v -0.00788 1.55296 0.12740
v -0.01163 1.55363 0.12536
v -0.00225 1.55242 0.12948
v -0.00489 1.55264 0.12889
v -0.01707 1.55493 0.12133
v -0.01371 1.55522 0.12403
v -0.01566 1.55258 0.12169
v -0.04061 1.54968 0.02340
v -0.01010 1.55443 0.12609
v -0.00414 1.55068 0.12635
v -0.00757 1.55091 0.12570
v -0.01187 1.55174 0.12387
v -0.00205 1.55405 0.12761
v -0.00468 1.55426 0.12710
v -0.01867 1.55589 0.12078
v -0.01489 1.55752 0.12386
v -0.01686 1.55151 0.12092
v -0.03845 1.54671 0.01054
v -0.01107 1.55726 0.12646
v -0.00431 1.54821 0.12633
v -0.00793 1.54853 0.12571
v -0.01291 1.54976 0.12363
v -0.00192 1.55708 0.12745
v -0.00479 1.55731 0.12709
v -0.03679 1.67454 0.12990
v -0.04728 1.67320 0.12419
v -0.05644 1.67133 0.11776
v -0.07015 1.66547 0.10487
v -0.07449 1.66132 0.09870
v -0.04000 1.54801 0.01709
v -0.07355 1.58962 0.06028
v -0.07249 1.70122 -0.02870
v -0.06013 1.71186 -0.03839
v -0.08554 1.66886 0.00279
v -0.08480 1.67584 -0.00330
v -0.08364 1.64045 0.02329
v -0.06743 1.57628 0.05920
v -0.03759 1.54061 0.01179
v -0.03821 1.54180 0.01827
v -0.08357 1.64219 0.02865
v -0.08322 1.63732 0.01821
v -0.07999 1.62541 0.01281
v -0.07141 1.59962 0.01630
v -0.07440 1.60727 0.01356
v -0.08068 1.70267 -0.00000
v -0.06099 1.72639 -0.01205
v -0.07351 1.71371 -0.00591
v -0.05212 1.73389 0.07757
v -0.00447 1.58000 0.14709
v -0.06302 1.58759 0.10683
v -0.07725 1.65612 0.09311
v -0.05649 1.59063 0.00134
v -0.05394 1.59001 -0.00576
v -0.04377 1.58955 -0.02135
v -0.03526 1.58940 -0.02972
v -0.02557 1.58940 -0.03793
v -0.07266 1.64249 0.10271
v -0.06378 1.59966 -0.00453
v -0.06155 1.59914 -0.01226
v -0.05087 1.59889 -0.02908
v -0.04134 1.59898 -0.03754
v -0.02996 1.59917 -0.04512
v -0.08149 1.66674 0.07719
v -0.07022 1.61082 -0.00964
v -0.06828 1.61077 -0.01795
v -0.05794 1.61108 -0.03560
v -0.04778 1.61139 -0.04398
v -0.03508 1.61173 -0.05112
v -0.07929 1.66159 0.08630
v -0.07970 1.63853 -0.01378
v -0.07811 1.64070 -0.02209
v -0.06947 1.64583 -0.04085
v -0.05961 1.64797 -0.05129
v -0.04530 1.64886 -0.05973
v -0.08396 1.66059 -0.00599
v -0.08298 1.66597 -0.01327
v -0.07801 1.67885 -0.03201
v -0.06967 1.68550 -0.04307
v -0.05645 1.69186 -0.05263
v -0.06174 1.73565 0.01404
v -0.07424 1.72268 0.01708
v -0.06602 1.72404 0.07407
v -0.08095 1.71059 0.01936
v -0.08521 1.68949 0.02298
v -0.08522 1.68354 0.00968
v -0.08583 1.67527 0.01360
v -0.03758 1.54334 0.02453
v -0.08317 1.69343 0.06122
v -0.07517 1.71345 0.06978
v -0.08579 1.68016 0.02473
v -0.08435 1.68383 0.05768
v -0.02897 1.53864 0.03921
v -0.07105 1.70827 0.08452
v -0.08061 1.68972 0.07358
v -0.08266 1.68088 0.06876
v -0.06173 1.71765 0.09060
v -0.04824 1.72611 0.09548
v -0.01575 1.73729 0.10326
v -0.02056 1.69758 -0.06533
v -0.01476 1.64871 -0.07132
v -0.02306 1.75667 0.01082
v -0.02187 1.74815 -0.01921
v -0.01060 1.61438 -0.06037
v -0.00896 1.60140 -0.05434
v -0.00780 1.59116 -0.04782
v -0.01765 1.74895 0.08319
v -0.03503 1.74286 0.08066
v -0.01653 1.59056 -0.04382
v -0.02947 1.64884 -0.06616
v -0.02226 1.61371 -0.05628
v -0.01904 1.60075 -0.05042
v -0.03927 1.69591 -0.06015
v -0.04357 1.74175 -0.01779
v -0.04415 1.75019 0.01158
v -0.03225 1.73452 0.10059
v -0.04921 1.62328 0.10664
v -0.04327 1.62263 0.10851
v -0.05463 1.62323 0.10438
v -0.05784 1.62246 0.10220
v -0.05976 1.62111 0.10022
v -0.06115 1.61929 0.09837
v -0.06267 1.61553 0.09583
v -0.06309 1.61164 0.09550
v -0.06242 1.60508 0.09647
v -0.06112 1.60041 0.09780
v -0.05816 1.59655 0.10092
v -0.05201 1.59636 0.10421
v -0.04530 1.59616 0.10606
v -0.03989 1.59675 0.10591
v -0.03433 1.59790 0.10555
v -0.03534 1.61948 0.10942
v -0.02928 1.61473 0.10884
v -0.02684 1.60792 0.10799
v -0.02676 1.60421 0.10703
v -0.02866 1.60163 0.10638
v -0.04948 1.62301 0.10148
v -0.04347 1.62244 0.10303
v -0.05483 1.62282 0.09932
v -0.05783 1.62190 0.09744
v -0.05957 1.62041 0.09533
v -0.06081 1.61864 0.09367
v -0.06257 1.61534 0.09191
v -0.06281 1.61163 0.09180
v -0.06216 1.60528 0.09278
v -0.06085 1.60087 0.09406
v -0.05813 1.59713 0.09671
v -0.05205 1.59676 0.09919
v -0.04520 1.59652 0.10084
v -0.03979 1.59722 0.10090
v -0.03433 1.59864 0.10065
v -0.03537 1.61926 0.10376
v -0.02913 1.61441 0.10307
v -0.02700 1.60757 0.10244
v -0.02705 1.60412 0.10179
v -0.02883 1.60185 0.10126
v -0.01696 1.55201 0.12510
v -0.01670 1.55258 0.12513
v -0.01657 1.55306 0.12507
v -0.01643 1.55356 0.12460
v -0.01625 1.55377 0.12281
v -0.01766 1.55354 0.12046
v -0.01911 1.55352 0.11976
v -0.01745 1.55724 0.12224
v -0.01578 1.55549 0.12275
v -0.01579 1.55403 0.12419
v -0.01657 1.55331 0.12591
v -0.01676 1.55341 0.12644
v -0.01710 1.55365 0.12666
v -0.01762 1.55401 0.12659
v -0.05096 1.57617 0.01478
v -0.04166 1.62473 0.12053
v -0.04783 1.62558 0.11834
v -0.05369 1.62618 0.11582
v -0.05796 1.62632 0.11382
v -0.06186 1.60022 0.10490
v -0.05821 1.59611 0.10911
v -0.05105 1.59528 0.11213
v -0.04463 1.59499 0.11323
v -0.03879 1.59558 0.11307
v -0.03365 1.59668 0.11370
v -0.03410 1.62185 0.12197
v -0.02818 1.61753 0.12153
v -0.02483 1.60995 0.11783
v -0.02467 1.60447 0.11603
v -0.02742 1.60088 0.11505
v -0.04830 1.56919 0.01775
v -0.00591 1.57568 0.14639
v -0.01708 1.56857 0.13151
v -0.00411 1.57661 0.14990
v -0.01137 1.57268 0.13677
v -0.00750 1.57479 0.14275
v -0.04484 1.58330 0.11803
v -0.03483 1.58796 0.12182
v -0.00475 1.59549 0.13578
v -0.00950 1.59294 0.13386
v -0.03048 1.59906 0.11335
v -0.02938 1.59840 0.11641
v -0.02671 1.59775 0.12002
v -0.02807 1.59238 0.12338
v -0.02142 1.59545 0.12511
v -0.03071 1.59961 0.10586
v -0.03078 1.60014 0.10086
v -0.06445 1.60512 0.10213
v -0.03011 1.59849 0.11429
v -0.03618 1.56242 0.12036
v -0.05954 1.57185 0.10375
v -0.03698 1.55650 0.11775
v -0.00603 1.52446 0.12494
v -0.01196 1.52534 0.12131
v -0.02042 1.53059 0.11492
v -0.00708 1.54799 -0.01972
v -0.02923 1.53741 0.11073
v -0.03374 1.54441 0.11271
v -0.03634 1.55063 0.11565
v -0.02701 1.54576 -0.00846
v -0.02381 1.52942 0.10706
v -0.01296 1.52132 0.11695
v -0.00631 1.51943 0.12136
v -0.04252 1.55168 0.10879
v -0.03990 1.54503 0.10404
v -0.03468 1.53752 0.09854
v -0.04374 1.55790 0.11246
v -0.06563 1.57783 0.09678
v -0.07061 1.58662 0.08876
v -0.07437 1.59648 0.08347
v -0.07664 1.60580 0.08102
v -0.05025 1.68577 0.11979
v -0.07295 1.67355 0.09839
v -0.01349 1.69155 0.13574
v -0.02660 1.69077 0.13208
v -0.03903 1.68880 0.12587
v -0.05962 1.68243 0.11210
v -0.07690 1.66808 0.09199
v -0.07486 1.59403 0.07665
v -0.07739 1.60418 0.07490
v -0.07046 1.58298 0.08080
v -0.03212 1.54560 -0.00265
v -0.00741 1.52837 0.09057
v -0.01536 1.53083 0.08417
v -0.03370 1.54214 0.05794
v -0.02769 1.53099 0.09140
v -0.06509 1.69469 0.10212
v -0.07693 1.68175 0.08860
v -0.05599 1.70072 0.10924
v -0.04352 1.70622 0.11568
v -0.07997 1.67462 0.08257
v -0.07491 1.59173 0.06894
v -0.07770 1.60250 0.06809
v -0.06966 1.57950 0.07032
v -0.01518 1.71232 0.12539
v -0.02983 1.71044 0.12219
v -0.03539 1.57781 0.12278
v -0.02716 1.58283 0.12573
v -0.02028 1.58694 0.12849
v -0.01458 1.58983 0.13118
v -0.05413 1.58341 0.01149
v -0.00654 1.57524 -0.03545
v -0.01348 1.57490 -0.03180
v -0.02065 1.57436 -0.02664
v -0.02791 1.57388 -0.02025
v -0.03446 1.57355 -0.01316
v -0.04436 1.57423 0.00128
v -0.04776 1.57500 0.00827
v -0.08341 1.67167 0.06478
v -0.04167 1.56658 0.00427
v -0.03252 1.56552 -0.01021
v -0.02615 1.56600 -0.01669
v -0.01926 1.56672 -0.02234
v -0.01263 1.56747 -0.02672
v -0.00622 1.56792 -0.02991
v -0.04505 1.56762 0.01123
v -0.04347 1.56443 0.11605
v -0.00662 1.53272 0.07654
v -0.01338 1.53418 0.07167
v -0.02758 1.54052 0.05148
v -0.02049 1.53694 0.06256
v -0.04111 1.53954 0.07668
v -0.04800 1.54784 0.08987
v -0.05095 1.55490 0.09776
v -0.05253 1.56069 0.10416
v -0.05207 1.56738 0.10980
v -0.01025 1.54620 0.12871
v -0.00572 1.54558 0.12977
v -0.01752 1.55128 0.12467
v -0.01841 1.55450 0.12640
v -0.01289 1.55645 0.13240
v -0.00795 1.55729 0.12677
v -0.00920 1.55392 0.13314
v -0.00945 1.55554 0.13462
v -0.00739 1.55433 0.12656
v -0.00759 1.55266 0.12830
v -0.00871 1.55318 0.13178
v -0.00834 1.55277 0.13059
v -0.00959 1.55711 0.13451
v -0.08014 1.69196 -0.01880
v -0.02195 1.72573 -0.05022
v -0.04202 1.72341 -0.04428
v -0.08240 1.63228 0.01465
v -0.05112 1.67036 -0.05885
v -0.06549 1.66788 -0.04995
v -0.08235 1.65062 -0.01173
v -0.06634 1.62716 0.10665
v -0.07466 1.66331 -0.03886
v -0.08103 1.65439 -0.01962
v -0.01791 1.67188 -0.07132
v -0.03430 1.67146 -0.06577
v -0.07713 1.61666 0.01233
v -0.07587 1.62456 -0.01316
v -0.08340 1.64681 -0.00426
v -0.05398 1.62803 -0.04895
v -0.06425 1.62734 -0.04002
v -0.07407 1.62533 -0.02159
v -0.04028 1.62840 -0.05663
v -0.01253 1.63030 -0.06573
v -0.02590 1.62990 -0.06160
v -0.07622 1.62356 -0.00480
v -0.06663 1.61248 0.10190
v -0.08378 1.64312 0.03392
v -0.08404 1.64277 0.03941
v -0.08331 1.63244 0.04724
v -0.08183 1.62759 0.05893
v -0.06430 1.58213 0.04181
v -0.06828 1.59316 0.02111
v -0.06388 1.58478 0.03171
v -0.06322 1.58217 0.03622
v -0.07698 1.60060 0.06021
v -0.00702 1.58274 -0.04136
v -0.01470 1.58242 -0.03741
v -0.02269 1.58200 -0.03166
v -0.03082 1.58175 -0.02445
v -0.03828 1.58162 -0.01683
v -0.04825 1.58211 -0.00203
v -0.06611 1.60476 0.10159
v -0.05134 1.58270 0.00502
v -0.06548 1.58804 0.02674
v -0.04269 1.62309 0.11423
v -0.04859 1.62387 0.11201
v -0.06330 1.61670 0.10080
v -0.06153 1.62088 0.10347
v -0.05984 1.62222 0.10533
v -0.05768 1.62330 0.10747
v -0.05421 1.62396 0.10944
v -0.03489 1.62013 0.11564
v -0.02596 1.60441 0.11273
v -0.02806 1.60136 0.11189
v -0.02614 1.60872 0.11370
v -0.06126 1.60002 0.10089
v -0.03391 1.59715 0.11082
v -0.03953 1.59636 0.11120
v -0.02895 1.61545 0.11498
v -0.04517 1.59589 0.11117
v -0.05141 1.59594 0.10917
v -0.05774 1.59588 0.10458
v -0.06275 1.60511 0.09997
v -0.06372 1.61230 0.09965
v -0.03032 1.59897 0.11126
v -0.00621 1.43045 0.07102
v -0.02954 1.44995 0.05660
v -0.03125 1.44082 0.06415
v -0.04898 1.45113 0.05046
v -0.05322 1.44493 0.06008
v -0.05884 1.45169 0.04683
v -0.06374 1.44555 0.05733
v -0.07303 1.45122 0.04290
v -0.07857 1.44557 0.05338
v -0.09522 1.45368 0.03721
v -0.09908 1.44816 0.04657
v -0.10799 1.45904 0.03040
v -0.11524 1.45377 0.03566
v -0.11721 1.46388 0.02019
v -0.12702 1.46046 0.02243
v -0.04160 1.55420 0.01579
v -0.03263 1.53819 0.03215
v -0.03666 1.53538 0.01944
v -0.02986 1.50495 0.03773
v -0.03658 1.50476 0.02576
v -0.02970 1.48373 0.04212
v -0.03962 1.48534 0.03082
v -0.02918 1.46053 0.05014
v -0.04563 1.46181 0.04091
v -0.03921 1.55288 0.00907
v -0.03685 1.53432 0.01292
v -0.03813 1.50485 0.01827
v -0.04256 1.48676 0.02279
v -0.05610 1.46342 0.03366
v -0.01237 1.43365 0.06910
v -0.00406 1.45398 0.05794
v -0.00847 1.45577 0.05743
v -0.00427 1.48113 0.05334
v -0.00870 1.48146 0.05265
v -0.01869 1.48254 0.04919
v -0.04314 1.56070 0.01385
v -0.04012 1.55943 0.00696
v -0.01950 1.43959 0.06500
v -0.02217 1.45081 0.05787
v -0.02301 1.46080 0.05275
v -0.02423 1.48307 0.04612
v -0.02556 1.50486 0.04250
v -0.06234 1.47179 0.02045
v -0.07591 1.46734 0.02135
v -0.07179 1.45920 0.03269
v -0.08597 1.66713 0.01725
v -0.08505 1.65529 0.00056
v -0.04152 1.44326 0.06262
v -0.03798 1.45001 0.05403
v -0.04360 1.55600 0.02219
v -0.03522 1.53679 0.02580
v -0.03353 1.50487 0.03225
v -0.03501 1.48441 0.03702
v -0.03676 1.46086 0.04613
v -0.04611 1.56250 0.02038
v -0.06427 1.61242 0.10291
v -0.07044 1.61883 0.09923
v -0.06795 1.60397 0.10028
v -0.07069 1.62628 -0.03053
v -0.08175 1.67218 -0.02201
v -0.07723 1.69907 0.07861
v -0.07932 1.65871 -0.02867
v -0.06456 1.61083 -0.02658
v -0.07540 1.64324 -0.03112
v -0.05760 1.59881 -0.02051
v -0.05758 1.62888 0.11339
v -0.05010 1.58956 -0.01331
v -0.05874 1.63612 0.11571
v -0.03763 1.56585 -0.00302
v -0.04010 1.57368 -0.00597
v -0.06711 1.67822 0.10509
v -0.07199 1.68833 0.09513
v -0.06133 1.64784 0.11763
v -0.06408 1.66875 0.11120
v -0.08418 1.69269 0.00511
v -0.08371 1.68358 -0.01056
v -0.04413 1.58161 -0.00924
v -0.08419 1.69962 0.02134
v -0.08069 1.70327 0.06537
v -0.03051 1.55081 0.11936
v -0.06523 1.62364 0.10741
v -0.06330 1.62507 0.10950
v -0.06126 1.62604 0.11192
v -0.07110 1.63177 0.10276
v -0.07426 1.63902 0.09878
v -0.08224 1.65815 0.07295
v -0.07875 1.65020 0.08815
v -0.01805 1.53563 0.11940
v -0.06825 1.62576 0.10445
v -0.06685 1.62187 0.10506
v -0.07248 1.62817 0.09912
v -0.06995 1.62443 0.10187
v -0.06879 1.62048 0.10262
v -0.08575 1.65511 0.01352
v -0.08433 1.66342 0.05323
v -0.08535 1.66172 0.02878
v -0.08354 1.66173 0.06193
v -0.08329 1.64245 0.00337
v -0.08556 1.65883 0.02106
v -0.08506 1.64966 0.00730
v -0.07147 1.62281 0.09904
v -0.07277 1.62313 0.09684
v -0.08733 1.62471 0.03981
v -0.08657 1.62444 0.03881
v -0.08462 1.61712 0.04121
v -0.08503 1.61802 0.03973
v -0.08416 1.61525 0.03980
v -0.08474 1.61670 0.03932
v -0.08242 1.61341 0.03655
v -0.08380 1.61618 0.03624
v -0.08098 1.61349 0.03420
v -0.08326 1.61637 0.03387
v -0.09058 1.63133 0.03669
v -0.08972 1.63046 0.03623
v -0.07029 1.61052 0.09774
v -0.07216 1.61788 0.09621
v -0.07547 1.61725 0.08987
v -0.07593 1.62509 0.09101
v -0.00578 1.53083 0.12443
v -0.03012 1.56093 0.12324
v -0.03121 1.55600 0.12100
v -0.01136 1.53184 0.12263
v -0.07551 1.63318 0.09442
v -0.07939 1.64031 0.08347
v -0.02382 1.53989 0.11839
v -0.07918 1.62733 0.08035
v -0.03588 1.54588 0.00385
v -0.07846 1.61620 0.07947
v -0.08044 1.65431 0.08144
v -0.08085 1.64273 0.07705
v -0.08036 1.62785 0.07442
v -0.07934 1.61546 0.07376
v -0.08230 1.64470 0.06936
v -0.08141 1.62798 0.06745
v -0.07997 1.61432 0.06736
v -0.07983 1.61243 0.05969
v -0.07719 1.60380 0.05483
v -0.07113 1.58839 0.05251
v -0.08301 1.63276 0.05265
v -0.08322 1.64643 0.06008
v -0.00718 1.57070 0.13913
v -0.02799 1.54541 0.11838
v -0.02083 1.54648 -0.01343
v -0.01426 1.58158 0.13412
v -0.02771 1.57375 0.12636
v -0.02006 1.57838 0.13045
v -0.01010 1.58348 0.13758
v -0.00443 1.57147 0.14454
v -0.00215 1.57728 0.15263
v -0.00216 1.58089 0.14970
v -0.00271 1.58697 0.14383
v -0.00155 1.57107 0.14686
v -0.00308 1.57116 0.14603
v -0.08382 1.64761 0.05260
v -0.08462 1.65209 0.03142
v -0.08473 1.65034 0.02499
v -0.08489 1.64774 0.01875
v -0.08418 1.64358 0.01353
v -0.08286 1.63785 0.01013
v -0.08033 1.63337 0.00214
v -0.07993 1.62967 0.00840
v -0.07599 1.62191 0.00249
v -0.07648 1.61937 0.00817
v -0.07252 1.60876 0.00937
v -0.07157 1.61003 0.00401
v -0.06881 1.59982 0.01234
v -0.06667 1.59999 0.00748
v -0.06147 1.59191 0.01229
v -0.06485 1.59253 0.01696
v -0.05758 1.58469 0.01707
v -0.06138 1.58603 0.02220
v -0.05467 1.57812 0.02079
v -0.05907 1.58092 0.02650
v -0.05751 1.57589 0.03069
v -0.05225 1.57174 0.02409
v -0.05695 1.57101 0.03638
v -0.05007 1.56539 0.02718
v -0.02186 1.75831 0.03969
v -0.05012 1.56069 0.03679
v -0.07907 1.61008 0.05511
v -0.03586 1.54479 0.03095
v -0.04596 1.55831 0.02866
v -0.08029 1.61549 0.05387
v -0.06335 1.57397 0.04769
v -0.08170 1.62000 0.04876
v -0.08114 1.61870 0.05125
v -0.02692 1.53189 0.03974
v -0.02610 1.52385 0.04055
v -0.02587 1.51471 0.04145
v -0.03387 1.52976 0.02731
v -0.03317 1.52208 0.02906
v -0.03311 1.51376 0.03070
v -0.03094 1.53109 0.03354
v -0.03009 1.52314 0.03499
v -0.02988 1.51437 0.03637
v -0.03574 1.51322 0.02415
v -0.03545 1.52113 0.02249
v -0.03581 1.52852 0.02080
v -0.03711 1.51294 0.01696
v -0.03659 1.52052 0.01554
v -0.03656 1.52764 0.01409
v -0.05111 1.55011 0.05778
v -0.04164 1.55065 0.04242
v -0.09258 1.63298 0.03322
v -0.09189 1.63185 0.03317
v -0.09461 1.63322 0.02883
v -0.09375 1.63200 0.02891
v -0.09565 1.63082 0.02430
v -0.09455 1.62978 0.02469
v -0.08902 1.62901 0.03414
v -0.09025 1.62998 0.03313
v -0.08958 1.62824 0.03208
v -0.09096 1.62964 0.03083
v -0.08988 1.62684 0.02970
v -0.09144 1.62771 0.02799
v -0.09024 1.62385 0.02791
v -0.09151 1.62290 0.02513
v -0.08908 1.62136 0.02854
v -0.08961 1.61899 0.02670
v -0.08705 1.62295 0.03152
v -0.08668 1.61851 0.03067
v -0.08635 1.62349 0.03379
v -0.08476 1.61859 0.03403
v -0.08608 1.62385 0.03597
v -0.08459 1.61852 0.03653
v -0.09147 1.61778 0.02195
v -0.08971 1.61586 0.02381
v -0.08962 1.61273 0.01984
v -0.08835 1.61227 0.02190
v -0.08781 1.60803 0.01888
v -0.08660 1.60854 0.02095
v -0.08576 1.60395 0.01917
v -0.08406 1.60482 0.02115
v -0.08326 1.60026 0.02101
v -0.08113 1.60131 0.02291
v -0.08057 1.59698 0.02515
v -0.07837 1.59849 0.02717
v -0.07883 1.59500 0.03098
v -0.07709 1.59715 0.03209
v -0.07760 1.59382 0.03472
v -0.07635 1.59635 0.03519
v -0.07694 1.59340 0.03749
v -0.07582 1.59562 0.03725
v -0.07627 1.59362 0.04043
v -0.07532 1.59557 0.03970
v -0.07509 1.59650 0.04434
v -0.07438 1.59758 0.04307
v -0.09542 1.62657 0.02105
v -0.09417 1.62568 0.02119
v -0.09472 1.62053 0.01859
v -0.09340 1.62000 0.01871
v -0.09226 1.61366 0.01597
v -0.09039 1.61300 0.01650
v -0.08952 1.60724 0.01451
v -0.08814 1.60695 0.01596
v -0.08650 1.60175 0.01503
v -0.08609 1.60218 0.01665
v -0.08422 1.59761 0.01691
v -0.08401 1.59844 0.01828
v -0.08159 1.59279 0.02079
v -0.08154 1.59402 0.02187
v -0.07516 1.60006 0.04497
v -0.07470 1.59986 0.04431
v -0.07539 1.60131 0.04349
v -0.07307 1.58811 0.02821
v -0.07766 1.60570 0.05261
v -0.08176 1.61518 0.04517
v -0.07873 1.60887 0.05222
v -0.07949 1.60406 0.04252
v -0.07974 1.61265 0.05119
v -0.07993 1.60636 0.04146
v -0.08058 1.61559 0.04971
v -0.08069 1.60984 0.04208
v -0.08115 1.61740 0.04845
v -0.08203 1.61325 0.04239
v -0.07862 1.58800 0.02790
v -0.07909 1.58968 0.02876
v -0.07591 1.58566 0.03374
v -0.07692 1.58796 0.03438
v -0.07418 1.58405 0.03804
v -0.07566 1.58722 0.03849
v -0.07344 1.58352 0.04163
v -0.07490 1.58750 0.04166
v -0.07383 1.59193 0.04688
v -0.07451 1.59329 0.04628
v -0.08067 1.61190 0.04551
v -0.07793 1.60261 0.04523
v -0.07623 1.60035 0.04760
v -0.07736 1.60216 0.04382
v -0.07998 1.60866 0.04574
v -0.07598 1.60019 0.04643
v -0.08434 1.61630 0.03829
v -0.08373 1.61427 0.03846
v -0.07653 1.60179 0.04348
v -0.08611 1.62407 0.03763
v -0.08904 1.62969 0.03552
v -0.07564 1.60019 0.04578
v -0.07509 1.59510 0.04547
v -0.07599 1.59095 0.04111
v -0.07666 1.59051 0.03792
v -0.07740 1.59048 0.03430
v -0.08136 1.59515 0.02283
v -0.08390 1.59919 0.01929
v -0.08599 1.60294 0.01782
v -0.08750 1.60719 0.01735
v -0.08919 1.61279 0.01793
v -0.09182 1.61921 0.01993
v -0.09238 1.62467 0.02274
v -0.09272 1.62886 0.02621
v -0.09232 1.63088 0.02979
v -0.09088 1.63089 0.03321
v -0.08470 1.61819 0.03846
v -0.07914 1.59188 0.02944
v -0.07919 1.60593 0.04666
v -0.07080 1.58554 0.03360
v -0.07184 1.59081 0.04806
v -0.07768 1.60347 0.04822
v -0.08534 1.62735 0.04304
v -0.08728 1.63514 0.03940
v -0.08853 1.63731 0.03476
v -0.08934 1.63766 0.02934
v -0.09021 1.63555 0.02314
v -0.08956 1.63177 0.01818
v -0.08866 1.62628 0.01509
v -0.08731 1.61928 0.01373
v -0.08608 1.61129 0.01289
v -0.08270 1.60369 0.01377
v -0.07931 1.59767 0.01651
v -0.07613 1.59244 0.02131
v -0.06955 1.58170 0.04235
v -0.06968 1.58276 0.03787
v -0.08320 1.61877 0.04471
v -0.07584 1.60052 0.04964
v -0.08675 1.62617 0.04184
v -0.07605 1.58760 0.02790
v -0.07349 1.58519 0.03355
v -0.07282 1.59120 0.04756
v -0.07801 1.60306 0.04680
v -0.08196 1.61435 0.04414
v -0.08958 1.63391 0.03849
v -0.09176 1.63642 0.03397
v -0.09333 1.63703 0.02910
v -0.09432 1.63450 0.02291
v -0.09367 1.62981 0.01851
v -0.09259 1.62377 0.01568
v -0.09101 1.61652 0.01410
v -0.08854 1.60937 0.01293
v -0.08539 1.60262 0.01373
v -0.08244 1.59739 0.01617
v -0.07937 1.59222 0.02083
v -0.07149 1.58166 0.04200
v -0.07195 1.58252 0.03785
v -0.08027 1.60760 0.04353
v -0.08070 1.61105 0.04400
v -0.07974 1.60492 0.04445
v -0.08387 1.61792 0.04356
v -0.07615 1.60049 0.04866
v -0.07082 1.59147 0.04925
v -0.06763 1.58767 0.03469
v -0.07859 1.60772 0.05020
v -0.06883 1.58973 0.02980
v -0.07961 1.61094 0.04924
v -0.08049 1.61395 0.04815
v -0.08131 1.61675 0.04736
v -0.08346 1.62848 0.04451
v -0.08225 1.61991 0.04688
v -0.07581 1.60139 0.05193
v -0.07729 1.60460 0.05105
v -0.08347 1.63540 0.03981
v -0.08288 1.63587 0.03571
v -0.08244 1.63512 0.03124
v -0.08355 1.63388 0.02580
v -0.08384 1.63145 0.02029
v -0.08316 1.62732 0.01680
v -0.08149 1.62166 0.01526
v -0.07928 1.61419 0.01493
v -0.07676 1.60585 0.01608
v -0.07408 1.59938 0.01877
v -0.07137 1.59369 0.02377
v -0.06735 1.58481 0.04305
v -0.06695 1.58563 0.03862
v -0.07837 1.60342 0.04108
v -0.07879 1.60525 0.04018
v -0.08005 1.60855 0.04030
v -0.08174 1.61192 0.04055
v -0.07641 1.60338 0.04157
v -0.07699 1.60507 0.04037
v -0.07862 1.60779 0.03965
v -0.08074 1.61088 0.03938
v -0.07428 1.60304 0.04200
v -0.07542 1.60497 0.04053
v -0.07699 1.60727 0.03961
v -0.07928 1.60998 0.03854
v -0.08188 1.61279 0.02973
v -0.08125 1.61327 0.03202
v -0.08214 1.61155 0.02782
v -0.08130 1.60966 0.02646
v -0.07931 1.60748 0.02601
v -0.07605 1.60513 0.02672
v -0.07308 1.60275 0.02871
v -0.07145 1.60074 0.03135
v -0.07050 1.59932 0.03345
v -0.06975 1.59854 0.03551
v -0.06922 1.59816 0.03747
v -0.06915 1.59822 0.03929
v -0.07058 1.59948 0.04160
v -0.07282 1.60145 0.04276
v -0.08540 1.61608 0.02798
v -0.08565 1.61448 0.02506
v -0.07672 1.60236 0.02445
v -0.07437 1.59930 0.02838
v -0.07197 1.59649 0.03924
v -0.07276 1.59838 0.04205
v -0.07426 1.60053 0.04344
v -0.08290 1.60890 0.02243
v -0.08002 1.60563 0.02261
v -0.07267 1.59667 0.03446
v -0.07211 1.59626 0.03682
v -0.08475 1.61186 0.02327
v -0.07342 1.59753 0.03192
v -0.08412 1.61632 0.03111
v -0.06906 1.60603 0.03854
v -0.06911 1.60647 0.03776
v -0.06743 1.60359 0.04069
v -0.06798 1.60414 0.04027
v -0.06849 1.60477 0.03977
v -0.06886 1.60538 0.03919
v -0.06899 1.60694 0.03658
v -0.06908 1.60677 0.03711
v -0.06895 1.60702 0.03622
v -0.06880 1.60677 0.03598
v -0.06867 1.60645 0.03614
v -0.06858 1.60600 0.03650
v -0.06845 1.60537 0.03705
v -0.06824 1.60482 0.03772
v -0.06797 1.60426 0.03851
v -0.06763 1.60376 0.03918
v -0.06715 1.60333 0.03982
v -0.06681 1.60301 0.04036
v -0.06653 1.60281 0.04078
v -0.06685 1.60317 0.04098
v -0.06804 1.59986 0.03848
v -0.06688 1.60116 0.03926
v -0.06666 1.60236 0.03958
v -0.06641 1.60217 0.04035
v -0.06673 1.60107 0.04030
v -0.06797 1.59982 0.03979
v -0.07320 1.60511 0.04110
v -0.07067 1.60511 0.04141
v -0.06896 1.60475 0.04094
v -0.06981 1.60578 0.04041
v -0.07209 1.60647 0.04064
v -0.07495 1.60687 0.04009
v -0.07735 1.60811 0.02934
v -0.07249 1.60761 0.03305
v -0.06959 1.60707 0.03524
v -0.06916 1.60640 0.03516
v -0.07130 1.60659 0.03301
v -0.07549 1.60663 0.02938
v -0.07868 1.61020 0.03670
v -0.07427 1.60857 0.03828
v -0.07081 1.60730 0.03895
v -0.07047 1.60663 0.03975
v -0.07335 1.60763 0.03960
v -0.07686 1.60857 0.03869
v -0.06647 1.60241 0.04126
v -0.06716 1.60164 0.04160
v -0.06877 1.60062 0.04146
v -0.07038 1.60235 0.04238
v -0.06828 1.60291 0.04224
v -0.06717 1.60317 0.04154
v -0.06808 1.60389 0.04133
v -0.06941 1.60393 0.04204
v -0.07180 1.60365 0.04204
v -0.06879 1.60550 0.03544
v -0.07014 1.60531 0.03350
v -0.07306 1.60509 0.03034
v -0.07858 1.61064 0.03501
v -0.07433 1.60908 0.03695
v -0.07080 1.60773 0.03798
v -0.06843 1.60468 0.03604
v -0.06924 1.60411 0.03440
v -0.07111 1.60345 0.03197
v -0.07853 1.61066 0.03322
v -0.07406 1.60917 0.03576
v -0.07062 1.60789 0.03711
v -0.06802 1.60389 0.03684
v -0.06857 1.60305 0.03563
v -0.06988 1.60207 0.03369
v -0.06758 1.60321 0.03772
v -0.06802 1.60217 0.03678
v -0.06915 1.60086 0.03533
v -0.07031 1.60783 0.03632
v -0.07373 1.60893 0.03463
v -0.07871 1.61018 0.03158
v -0.06705 1.60269 0.03870
v -0.06745 1.60147 0.03796
v -0.06851 1.60017 0.03685
v -0.06999 1.60756 0.03567
v -0.07324 1.60840 0.03361
v -0.07839 1.60935 0.03014
v -0.07127 1.59090 0.04851
v -0.06937 1.58689 0.03434
v -0.07126 1.58919 0.02928
v -0.07732 1.60388 0.04960
v -0.08507 1.63469 0.03962
v -0.08528 1.63584 0.03528
v -0.08566 1.63551 0.03060
v -0.08641 1.63391 0.02507
v -0.08660 1.63089 0.01980
v -0.08554 1.62660 0.01654
v -0.08408 1.62041 0.01501
v -0.08262 1.61277 0.01431
v -0.08014 1.60467 0.01528
v -0.07675 1.59857 0.01787
v -0.07398 1.59322 0.02271
v -0.06847 1.58306 0.04268
v -0.06853 1.58468 0.03845
v -0.07874 1.60679 0.04841
v -0.07971 1.60980 0.04748
v -0.08058 1.61279 0.04682
v -0.08155 1.61595 0.04626
v -0.08425 1.62771 0.04359
v -0.08272 1.61934 0.04568
v -0.07559 1.60071 0.05056
v -0.11743 1.46272 0.00896
v -0.12906 1.46050 0.01012
v -0.09123 1.45934 0.02971
v -0.10134 1.46166 0.02641
v -0.10663 1.46546 0.01901
v -0.10618 1.46434 0.00842
v -0.03188 1.55836 -0.00716
v -0.02588 1.55856 -0.01326
v -0.01913 1.55933 -0.01825
v -0.01246 1.56023 -0.02239
v -0.00611 1.56079 -0.02527
v -0.03651 1.55859 -0.00024
v -0.03195 1.55172 -0.00460
v -0.02645 1.55179 -0.01060
v -0.02004 1.55253 -0.01518
v -0.01326 1.55333 -0.01905
v -0.00662 1.55404 -0.02180
v -0.03610 1.55202 0.00212
v -0.03223 1.53968 -0.00123
v -0.02752 1.53987 -0.00709
v -0.02157 1.54068 -0.01195
v -0.01468 1.54148 -0.01598
v -0.00756 1.54209 -0.01861
v -0.03565 1.53988 0.00519
v -0.03245 1.53365 -0.00009
v -0.02787 1.53396 -0.00588
v -0.02187 1.53446 -0.01074
v -0.01511 1.53521 -0.01470
v -0.00799 1.53578 -0.01736
v -0.03558 1.53372 0.00629
v -0.03294 1.52724 0.00092
v -0.02851 1.52762 -0.00488
v -0.02256 1.52815 -0.00994
v -0.01589 1.52872 -0.01395
v -0.00861 1.52938 -0.01665
v -0.03579 1.52720 0.00734
v -0.03369 1.52046 0.00192
v -0.02947 1.52091 -0.00415
v -0.02334 1.52148 -0.00944
v -0.01608 1.52215 -0.01355
v -0.00855 1.52258 -0.01616
v -0.03621 1.52028 0.00856
v -0.03466 1.51334 0.00253
v -0.03050 1.51389 -0.00400
v -0.02456 1.51448 -0.00955
v -0.01697 1.51511 -0.01372
v -0.00876 1.51551 -0.01628
v -0.03691 1.51299 0.00960
v -0.03601 1.50592 0.00260
v -0.03174 1.50660 -0.00450
v -0.02550 1.50721 -0.01029
v -0.01836 1.50782 -0.01445
v -0.00951 1.50822 -0.01705
v -0.03805 1.50530 0.01029
v -0.04168 1.49074 0.00287
v -0.03704 1.49200 -0.00634
v -0.03011 1.49254 -0.01292
v -0.02199 1.49257 -0.01741
v -0.01165 1.49241 -0.02025
v -0.04326 1.48883 0.01296
v -0.04819 1.48354 0.00382
v -0.04378 1.48508 -0.00652
v -0.03606 1.48542 -0.01427
v -0.02694 1.48474 -0.01947
v -0.01479 1.48367 -0.02275
v -0.04944 1.48020 0.01599
v -0.09467 1.46537 0.02025
v -0.05881 1.47705 0.00574
v -0.07748 1.47202 0.00835
v -0.09505 1.46669 0.00834
v -0.11306 1.46112 -0.00450
v -0.12602 1.45802 -0.00326
v -0.10098 1.46369 -0.00540
v -0.05354 1.47902 -0.00658
v -0.06887 1.47329 -0.00630
v -0.08826 1.46733 -0.00630
v -0.10541 1.45602 -0.01717
v -0.12031 1.45189 -0.01549
v -0.09161 1.46008 -0.01845
v -0.04556 1.47883 -0.01614
v -0.05872 1.47221 -0.01809
v -0.07702 1.46564 -0.01948
v -0.09669 1.44847 -0.02835
v -0.11240 1.44400 -0.02593
v -0.08105 1.45342 -0.03011
v -0.03485 1.47666 -0.02287
v -0.04697 1.46760 -0.02711
v -0.06534 1.45992 -0.03097
v -0.08697 1.43818 -0.03714
v -0.10449 1.43383 -0.03378
v -0.07067 1.44275 -0.03946
v -0.02019 1.47323 -0.02720
v -0.02919 1.45781 -0.03437
v -0.05413 1.44914 -0.03948
v -0.06268 1.42720 -0.04499
v -0.09732 1.42182 -0.03881
v -0.07910 1.42461 -0.04268
v -0.02364 1.43706 -0.04218
v -0.04570 1.43107 -0.04453
v -0.00788 1.42182 0.07830
v -0.03323 1.43270 0.07022
v -0.05561 1.43689 0.06592
v -0.06743 1.43757 0.06379
v -0.08563 1.43790 0.05989
v -0.10607 1.44031 0.05302
v -0.12155 1.44650 0.04068
v -0.13708 1.45432 0.02569
v -0.01529 1.42469 0.07641
v -0.02297 1.42878 0.07327
v -0.04353 1.43520 0.06823
v -0.03555 1.47284 0.04046
v -0.02931 1.47201 0.04537
v -0.04230 1.47407 0.03497
v -0.04779 1.47617 0.02710
v -0.00409 1.46801 0.05496
v -0.00843 1.46889 0.05442
v -0.01819 1.47124 0.05140
v -0.02361 1.47166 0.04893
v -0.14144 1.45573 0.01152
v -0.14019 1.45332 -0.00170
v -0.13492 1.44722 -0.01391
v -0.12797 1.43888 -0.02381
v -0.12092 1.42883 -0.03064
v -0.03435 1.49515 0.03419
v -0.02994 1.49479 0.03955
v -0.03788 1.49554 0.02774
v -0.03972 1.49619 0.01988
v -0.00447 1.49284 0.05252
v -0.00906 1.49294 0.05173
v -0.01932 1.49367 0.04760
v -0.02508 1.49438 0.04403
v -0.01969 1.50033 -0.01566
v -0.01055 1.50060 -0.01830
v -0.03989 1.49725 0.01106
v -0.03809 1.49834 0.00246
v -0.02736 1.49985 -0.01145
v -0.03377 1.49923 -0.00539
v -0.11409 1.41775 -0.03508
v -0.12201 1.42375 0.05680
v -0.13831 1.43406 0.04273
v -0.14977 1.44194 0.02897
v -0.15524 1.44708 0.01460
v -0.15488 1.44613 0.00007
v -0.14480 1.41355 0.05295
v -0.15525 1.42343 0.04365
v -0.16483 1.43050 0.03116
v -0.16999 1.43614 0.01711
v -0.17001 1.43662 0.00122
v -0.16184 1.40521 0.05071
v -0.17152 1.41255 0.04362
v -0.17867 1.41870 0.03193
v -0.18384 1.42328 0.01796
v -0.18325 1.42489 0.00150
v -0.17648 1.39806 0.04912
v -0.18461 1.40300 0.04304
v -0.19145 1.40735 0.03171
v -0.19749 1.41032 0.01740
v -0.19550 1.41196 0.00102
v -0.15051 1.44017 -0.01255
v -0.14453 1.43241 -0.02207
v -0.13770 1.42256 -0.02815
v -0.13138 1.41183 -0.03181
v -0.16485 1.43197 -0.01173
v -0.15810 1.42494 -0.02071
v -0.15160 1.41607 -0.02580
v -0.14611 1.40577 -0.02853
v -0.17808 1.42123 -0.01121
v -0.17013 1.41587 -0.01933
v -0.16393 1.40916 -0.02367
v -0.16064 1.40041 -0.02535
v -0.18841 1.41084 -0.01108
v -0.18060 1.40771 -0.01851
v -0.17305 1.40521 -0.02199
v -0.17406 1.39803 -0.02245
v -0.00862 1.41237 0.08622
v -0.03619 1.42199 0.08013
v -0.06061 1.42593 0.07643
v -0.07679 1.42534 0.07331
v -0.09695 1.42434 0.06742
v -0.01686 1.41520 0.08453
v -0.02566 1.41848 0.08236
v -0.04751 1.42435 0.07838
v -0.18736 1.39324 0.04842
v -0.19523 1.39471 0.04260
v -0.20395 1.39680 0.03139
v -0.21157 1.39829 0.01645
v -0.20736 1.40033 0.00005
v -0.19703 1.39982 -0.01163
v -0.18583 1.39852 -0.01855
v -0.04212 1.75155 0.03910
v -0.06022 1.73929 0.03796
v -0.08571 1.67352 0.03599
v -0.08018 1.71500 0.03748
v -0.08489 1.69317 0.03614
v -0.07319 1.72704 0.03799
v -0.08558 1.68330 0.03586
v -0.08365 1.70371 0.03676
v -0.08518 1.66334 0.03672
v -0.01851 1.75524 0.06223
v -0.08453 1.65170 0.03818
v -0.05655 1.73857 0.05877
v -0.07847 1.71596 0.05407
v -0.08439 1.69448 0.04880
v -0.07035 1.72744 0.05672
v -0.08514 1.68452 0.04685
v -0.08278 1.70505 0.05131
v -0.08523 1.67445 0.04541
v -0.03758 1.74915 0.06135
v -0.08483 1.66392 0.04488
v -0.08413 1.64760 0.04566
v -0.00574 1.57145 0.14251
v -0.00466 1.50346 0.05251
v -0.00457 1.44196 0.06316
v -0.05653 1.56185 0.04453
v -0.03325 1.54460 0.03949
v -0.00940 1.50353 0.05161
v -0.01982 1.50431 0.04680
v -0.00481 1.51344 0.05336
v -0.00959 1.51348 0.05240
v -0.02027 1.51425 0.04648
v -0.00450 1.52281 0.05503
v -0.00947 1.52280 0.05409
v -0.02048 1.52345 0.04653
v -0.00502 1.53200 0.05882
v -0.00967 1.53140 0.05681
v -0.02120 1.53131 0.04682
v -0.00570 1.53390 0.06594
v -0.01136 1.53442 0.06207
v -0.02352 1.53688 0.04814
v -0.06513 1.57295 0.08824
v -0.05946 1.56609 0.09623
v 0.02168 1.57076 0.12928
v -0.05813 1.56019 0.08683
v -0.06419 1.56802 0.07708
v -0.02168 1.57076 0.12928
v -0.05490 1.55461 0.07483
v -0.06150 1.56369 0.06204
v -0.01812 1.52557 0.10220
v -0.00756 1.52358 0.10631
v -0.01421 1.54726 -0.01711
v -0.01318 1.47017 0.05323
v -0.01352 1.48200 0.05132
v -0.01498 1.51381 0.05023
v -0.01499 1.52315 0.05136
v -0.01503 1.53135 0.05276
v -0.01730 1.53548 0.05622
v -0.02442 1.53382 0.07523
v -0.01781 1.46084 0.05431
v -0.01321 1.45849 0.05613
v -0.01772 1.45335 0.05733
v -0.01449 1.44869 0.06007
v 0.03600 1.60791 0.11278
v 0.03509 1.61247 0.11315
v 0.03802 1.60450 0.11242
v 0.03572 1.61714 0.11353
v 0.03742 1.62063 0.11352
v 0.05244 1.61745 0.10781
v 0.05342 1.61297 0.10711
v 0.05292 1.60822 0.10685
v 0.04728 1.62298 0.11068
v 0.05040 1.62095 0.10891
v 0.04022 1.62255 0.11313
v 0.04376 1.62347 0.11219
v 0.04845 1.60288 0.10875
v 0.04486 1.60187 0.11033
v 0.04106 1.60268 0.11169
v 0.05108 1.60475 0.10745
v -0.04106 1.60268 0.11169
v -0.03802 1.60450 0.11242
v -0.04486 1.60187 0.11033
v -0.05108 1.60475 0.10745
v -0.05342 1.61297 0.10711
v -0.05292 1.60822 0.10685
v -0.04845 1.60288 0.10875
v -0.05244 1.61745 0.10781
v -0.04022 1.62255 0.11313
v -0.04376 1.62347 0.11219
v -0.03572 1.61714 0.11353
v -0.03742 1.62063 0.11352
v -0.05040 1.62095 0.10891
v -0.04728 1.62298 0.11068
v -0.03509 1.61247 0.11315
v -0.03600 1.60791 0.11278
v 0.03141 1.62042 0.11861
v 0.02805 1.61505 0.11828
v -0.04919 1.62656 0.11555
v -0.04287 1.62581 0.11708
v -0.05433 1.62698 0.11323
v -0.05898 1.62652 0.11041
v -0.06351 1.62513 0.10751
v -0.06710 1.62324 0.10486
v -0.06955 1.62160 0.10343
v -0.03673 1.62419 0.11893
v -0.03141 1.62042 0.11861
v -0.02805 1.61505 0.11828
v 0.03673 1.62419 0.11893
v 0.06955 1.62160 0.10343
v 0.06710 1.62324 0.10486
v 0.06351 1.62513 0.10751
v 0.05898 1.62652 0.11041
v 0.05433 1.62698 0.11323
v 0.04287 1.62581 0.11708
v 0.04919 1.62656 0.11555
v 0.06318 1.59644 0.10312
v 0.05983 1.59415 0.10539
v 0.05516 1.59342 0.10842
v 0.04979 1.59307 0.10995
v 0.04416 1.59328 0.11015
v 0.03801 1.59444 0.10931
v 0.03314 1.59593 0.10886
v 0.02689 1.60099 0.11083
v 0.06634 1.59882 0.10121
v 0.02948 1.59767 0.10890
v -0.06318 1.59644 0.10312
v -0.05983 1.59415 0.10539
v -0.05516 1.59342 0.10842
v -0.04979 1.59307 0.10995
v -0.04416 1.59328 0.11015
v -0.03801 1.59444 0.10931
v -0.03314 1.59593 0.10886
v -0.02689 1.60099 0.11083
v -0.06634 1.59882 0.10121
v -0.02948 1.59767 0.10890
v 0.02465 1.56628 0.09048
v 0.01749 1.55606 0.11791
v -0.01749 1.55606 0.11791
v 0.01343 1.55532 0.12129
v -0.02298 1.56095 0.10319
v 0.00754 1.55388 0.12379
v -0.00158 1.55327 0.12452
v 0.00158 1.55327 0.12452
v 0.02164 1.55793 0.11139
v -0.01563 1.55493 0.11974
v 0.02388 1.56266 0.10008
v 0.01563 1.55493 0.11974
v -0.00754 1.55388 0.12379
v 0.00000 1.55351 0.12457
v -0.02465 1.56628 0.09048
v 0.02298 1.56095 0.10319
v -0.01121 1.55464 0.12292
v -0.02482 1.57009 0.08928
v -0.02418 1.56390 0.09605
v 0.00402 1.55332 0.12457
v -0.02435 1.56508 0.09205
v -0.02388 1.56266 0.10008
v -0.02470 1.57013 0.08691
v 0.02418 1.56390 0.09605
v 0.02196 1.55885 0.10895
v -0.02283 1.55952 0.10657
v 0.01898 1.55655 0.11557
v 0.02013 1.55721 0.11373
v -0.01343 1.55532 0.12129
v -0.02464 1.56901 0.08952
v -0.02495 1.56826 0.08927
v -0.02461 1.56687 0.08891
v -0.02493 1.56760 0.08901
v -0.02440 1.56983 0.08975
v -0.02013 1.55721 0.11373
v 0.02470 1.57013 0.08691
v 0.01121 1.55464 0.12292
v 0.02283 1.55952 0.10657
v -0.01898 1.55655 0.11557
v 0.02482 1.57009 0.08928
v 0.02435 1.56508 0.09205
v -0.02196 1.55885 0.10895
v -0.02164 1.55793 0.11139
v 0.02461 1.56687 0.08891
v 0.02493 1.56760 0.08901
v 0.02464 1.56901 0.08952
v -0.00402 1.55332 0.12457
v 0.02440 1.56983 0.08975
v 0.02495 1.56826 0.08927
v 0.00133 1.56867 0.14265
v 0.00000 1.56869 0.14261
v -0.00133 1.56867 0.14265
v 0.00309 1.56901 0.14217
v -0.00309 1.56901 0.14217
v 0.00440 1.56994 0.14082
v -0.00440 1.56994 0.14082
v 0.02054 1.55811 0.12715
v 0.02164 1.55247 0.12339
v 0.01055 1.54206 0.12616
v 0.00572 1.54115 0.12706
v 0.01473 1.54437 0.12475
v 0.01804 1.54686 0.12345
v 0.00000 1.54094 0.12750
v 0.02047 1.54939 0.12294
v 0.02193 1.55528 0.12482
v -0.02054 1.55811 0.12715
v -0.02164 1.55247 0.12339
v 0.01533 1.56290 0.13181
v -0.01055 1.54206 0.12616
v -0.00572 1.54115 0.12706
v -0.01473 1.54437 0.12475
v -0.01804 1.54686 0.12345
v -0.02047 1.54939 0.12294
v -0.02193 1.55528 0.12482
v -0.01533 1.56290 0.13181
v -0.00776 1.56630 0.13679
v 0.00208 1.56525 0.13808
v 0.00000 1.56520 0.13802
v -0.00208 1.56525 0.13808
v 0.00449 1.56559 0.13789
v -0.00449 1.56559 0.13789
v 0.00776 1.56630 0.13679
v -0.01193 1.56671 0.13477
v 0.01193 1.56671 0.13477
v 0.02357 1.54737 0.12098
v 0.02549 1.55164 0.12163
v 0.02040 1.54359 0.12123
v 0.00574 1.53649 0.12484
v 0.01090 1.53769 0.12384
v 0.02597 1.55573 0.12318
v 0.01602 1.54045 0.12234
v 0.02499 1.55975 0.12531
v 0.00000 1.53609 0.12558
v -0.00914 1.56264 0.13565
v 0.00245 1.56214 0.13712
v 0.00000 1.56213 0.13712
v -0.00245 1.56214 0.13712
v 0.00520 1.56230 0.13679
v -0.00520 1.56230 0.13679
v 0.00914 1.56264 0.13565
v -0.02499 1.55975 0.12531
v -0.01602 1.54045 0.12234
v -0.02597 1.55573 0.12318
v -0.01090 1.53769 0.12384
v -0.00574 1.53649 0.12484
v -0.02040 1.54359 0.12123
v -0.02549 1.55164 0.12163
v -0.02357 1.54737 0.12098
v 0.06229 1.65917 0.11495
v 0.07378 1.59843 0.08872
v 0.07025 1.58953 0.09430
v 0.07585 1.60707 0.08607
v 0.05827 1.57787 0.10904
v 0.07543 1.65020 0.09852
v 0.06503 1.58224 0.10217
v 0.07687 1.64532 0.09381
v 0.07774 1.63732 0.08904
v 0.04089 1.57100 0.11958
v 0.00000 1.65926 0.13982
v 0.07794 1.62656 0.08541
v 0.04626 1.66119 0.12678
v 0.02485 1.65973 0.13623
v 0.07737 1.61679 0.08431
v 0.01163 1.65921 0.13900
v 0.06824 1.65716 0.10911
v 0.05488 1.66058 0.12094
v 0.03639 1.66118 0.13178
v 0.07259 1.65414 0.10373
v 0.04995 1.57446 0.11473
v 0.02709 1.56590 0.12599
v 0.03312 1.56810 0.12328
v -0.06229 1.65917 0.11495
v -0.07378 1.59843 0.08872
v -0.07025 1.58953 0.09430
v -0.07585 1.60707 0.08607
v -0.05827 1.57787 0.10904
v -0.07543 1.65020 0.09852
v -0.06503 1.58224 0.10217
v -0.07687 1.64532 0.09381
v -0.07774 1.63732 0.08904
v -0.04089 1.57100 0.11958
v -0.07794 1.62656 0.08541
v -0.04626 1.66119 0.12678
v -0.02485 1.65973 0.13623
v -0.07737 1.61679 0.08431
v -0.01163 1.65921 0.13900
v -0.06824 1.65716 0.10911
v -0.05488 1.66058 0.12094
v -0.03639 1.66118 0.13178
v -0.07259 1.65414 0.10373
v -0.04995 1.57446 0.11473
v -0.02709 1.56590 0.12599
v -0.03312 1.56810 0.12328
v -0.02191 1.56391 0.12815
v 0.02191 1.56391 0.12815
v -0.06314 1.31374 0.10661
v -0.04476 1.31088 0.11262
v 0.06314 1.31374 0.10661
v 0.04476 1.31088 0.11262
v -0.02764 1.31121 0.11692
v 0.02764 1.31121 0.11692
v 0.01289 1.31094 0.11912
v 0.00000 1.31078 0.11972
v -0.01289 1.31094 0.11912
v -0.03437 1.33459 0.11806
v 0.03437 1.33459 0.11806
v -0.02191 1.33307 0.12029
v 0.02191 1.33307 0.12029
v 0.01081 1.33274 0.12065
v 0.00000 1.33289 0.12049
v -0.01081 1.33274 0.12065
v -0.04787 1.33838 0.11419
v 0.04787 1.33838 0.11419
v 0.03916 1.32305 0.11616
v -0.03916 1.32305 0.11616
v -0.02400 1.32236 0.11904
v 0.02400 1.32236 0.11904
v 0.01125 1.32223 0.11978
v 0.00000 1.32246 0.11980
v -0.01125 1.32223 0.11978
v -0.05536 1.32700 0.11116
v 0.05536 1.32700 0.11116
f 14 13 12 11
f 15 14 11 10
f 41 15 10 4
f 37 8 9 16
f 48 76 77 49
f 50 78 80 52
f 47 75 76 48
f 46 74 75 47
f 40 5 6 39
f 38 7 8 37
f 43 44 1 2
f 51 52 80 79
f 42 41 4 3
f 21 48 49 20
f 42 3 5 40
f 49 77 78 50
f 53 54 41 42
f 18 17 52 51
f 61 62 13 14
f 26 25 44 43
f 55 40 39 56
f 56 39 38 57
f 53 42 40 55
f 58 37 16 59
f 25 24 45 44
f 23 46 47 22
f 19 50 52 17
f 60 61 14 15
f 22 47 48 21
f 57 38 37 58
f 54 60 15 41
f 20 49 50 19
f 24 18 51 45
f 39 6 7 38
f 45 51 79 73
f 44 45 73 1
f 67 95 96 68
f 33 87 86 32
f 28 82 81 27
f 65 93 94 66
f 31 85 84 30
f 68 96 97 69
f 63 91 92 64
f 29 83 82 28
f 36 90 87 33
f 63 71 99 91
f 34 88 90 36
f 30 84 83 29
f 72 100 98 70
f 64 92 93 65
f 69 97 100 72
f 66 94 95 67
f 32 86 85 31
f 35 27 81 89
f 91 111 112 92
f 87 107 106 86
f 92 112 113 93
f 85 105 104 84
f 93 113 114 94
f 86 106 105 85
f 89 81 101 109
f 88 108 110 90
f 100 120 118 98
f 90 110 107 87
f 96 116 117 97
f 82 102 101 81
f 97 117 120 100
f 94 114 115 95
f 84 104 103 83
f 91 99 119 111
f 95 115 116 96
f 83 103 102 82
f 121 122 123 124
f 617 476 489 616
f 124 123 127 128
f 126 125 129 130
f 128 127 131 132
f 130 129 133 134
f 132 131 135 136
f 134 133 137 138
f 136 135 139 140
f 138 137 141 142
f 140 139 143 144
f 142 141 145 146
f 146 145 122 121
f 131 147 148 135
f 133 149 150 137
f 135 148 151 139
f 137 150 152 141
f 139 151 153 143
f 141 152 154 145
f 13442 367 368 13445
f 145 154 157 122
f 122 157 158 123
f 354 369 125 126
f 123 158 160 127
f 125 159 161 129
f 127 160 147 131
f 129 161 149 133
f 149 162 163 150
f 148 164 165 151
f 150 163 166 152
f 151 165 167 153
f 152 166 168 154
f 13456 13452 527 513
f 154 168 170 157
f 157 170 171 158
f 369 368 159 125
f 158 171 173 160
f 159 172 174 161
f 160 173 175 147
f 161 174 162 149
f 147 175 164 148
f 164 176 177 165
f 163 178 179 166
f 165 177 180 167
f 166 179 181 168
f 13438 354 355 13437
f 168 181 183 170
f 170 183 184 171
f 355 354 126 341
f 171 184 186 173
f 172 185 187 174
f 173 186 188 175
f 174 187 189 162
f 175 188 176 164
f 162 189 178 163
f 178 190 191 179
f 177 192 193 180
f 179 191 194 181
f 13441 363 364 13440
f 181 194 196 183
f 183 196 197 184
f 364 363 222 211
f 184 197 199 186
f 185 198 200 187
f 186 199 201 188
f 187 200 202 189
f 188 201 203 176
f 189 202 190 178
f 176 203 192 177
f 192 204 205 193
f 191 206 207 194
f 13438 13444 369 354
f 194 207 209 196
f 196 209 210 197
f 368 367 172 159
f 197 210 212 199
f 198 211 213 200
f 199 212 214 201
f 200 213 215 202
f 201 214 216 203
f 202 215 217 190
f 203 216 204 192
f 190 217 206 191
f 13440 364 365 13439
f 207 219 220 209
f 209 220 221 210
f 365 364 211 198
f 210 221 223 212
f 211 222 224 213
f 212 223 225 214
f 213 224 226 215
f 214 225 227 216
f 215 226 228 217
f 216 227 229 204
f 217 228 230 206
f 204 229 231 205
f 206 230 219 207
f 219 232 233 220
f 220 233 234 221
f 356 355 341 328
f 221 234 236 223
f 222 235 237 224
f 223 236 238 225
f 224 237 239 226
f 225 238 240 227
f 226 239 241 228
f 227 240 242 229
f 228 241 243 230
f 229 242 244 231
f 230 243 232 219
f 13439 365 366 13443
f 233 246 247 234
f 357 356 328 315
f 234 247 249 236
f 235 248 250 237
f 236 249 251 238
f 237 250 252 239
f 238 251 253 240
f 239 252 254 241
f 240 253 255 242
f 241 254 256 243
f 242 255 257 244
f 243 256 258 232
f 13435 13434 312 325
f 232 258 246 233
f 246 260 261 247
f 358 357 315 288
f 247 261 263 249
f 248 262 264 250
f 249 263 265 251
f 250 264 266 252
f 251 265 267 253
f 252 266 268 254
f 253 267 269 255
f 254 268 270 256
f 255 269 271 257
f 256 270 272 258
f 13437 355 356 13435
f 258 272 260 246
f 261 274 275 263
f 262 276 277 264
f 263 275 278 265
f 264 277 279 266
f 265 278 280 267
f 266 279 281 268
f 267 280 282 269
f 268 281 283 270
f 269 282 284 271
f 270 283 285 272
f 13436 358 359 13448
f 272 285 287 260
f 260 287 274 261
f 359 358 288 276
f 276 288 289 277
f 275 290 291 278
f 277 289 292 279
f 278 291 293 280
f 279 292 294 281
f 280 293 295 282
f 281 294 296 283
f 282 295 297 284
f 283 296 298 285
f 13434 13436 299 312
f 285 298 300 287
f 287 300 301 274
f 361 360 262 248
f 274 301 290 275
f 290 302 303 291
f 289 304 305 292
f 291 303 306 293
f 292 305 307 294
f 293 306 308 295
f 294 307 309 296
f 295 308 310 297
f 296 309 311 298
f 13447 360 361 13446
f 298 311 313 300
f 300 313 314 301
f 363 362 235 222
f 301 314 302 290
f 288 315 304 289
f 304 316 317 305
f 303 318 319 306
f 305 317 320 307
f 306 319 321 308
f 307 320 322 309
f 308 321 323 310
f 309 322 324 311
f 13443 366 367 13442
f 311 324 326 313
f 313 326 327 314
f 367 366 185 172
f 314 327 329 302
f 315 328 316 304
f 302 329 318 303
f 318 330 331 319
f 317 332 333 320
f 319 331 334 321
f 320 333 335 322
f 321 334 336 323
f 322 335 337 324
f 13446 361 362 13449
f 324 337 339 326
f 326 339 340 327
f 362 361 248 235
f 327 340 342 329
f 328 341 343 316
f 329 342 330 318
f 316 343 332 317
f 331 136 140 334
f 333 138 142 335
f 334 140 144 336
f 335 142 146 337
f 337 146 121 339
f 339 121 124 340
f 366 365 198 185
f 340 124 128 342
f 341 126 130 343
f 342 128 132 330
f 343 130 134 332
f 330 132 136 331
f 332 134 138 333
f 13449 362 363 13441
f 156 155 345 346
f 345 338 325 347
f 348 347 325 312
f 259 349 350 273
f 273 350 348 286
f 218 208 351 349
f 349 351 352 350
f 350 352 347 348
f 195 353 351 208
f 353 346 352 351
f 346 345 347 352
f 286 348 312 299
f 169 156 346 353
f 245 218 349 259
f 155 344 338 345
f 182 169 353 195
f 13445 13444 155 156
f 370 336 144 371
f 370 372 323 336
f 372 373 310 323
f 374 297 310 373
f 244 374 373 231
f 205 231 373 372
f 193 205 372 370
f 193 370 371 180
f 153 167 180 371
f 144 143 153 371
f 244 257 271 374
f 284 297 374 271
f 375 378 377 376
f 615 502 516 614
f 378 382 381 377
f 380 384 383 379
f 382 386 385 381
f 384 388 387 383
f 386 390 389 385
f 388 392 391 387
f 390 394 393 389
f 392 396 395 391
f 394 398 397 393
f 396 400 399 395
f 400 375 376 399
f 385 389 402 401
f 387 391 404 403
f 389 393 405 402
f 391 395 406 404
f 393 397 407 405
f 395 399 408 406
f 13459 13463 423 410
f 399 376 411 408
f 376 377 412 411
f 622 413 426 621
f 377 381 414 412
f 379 383 415 413
f 381 385 401 414
f 383 387 403 415
f 403 404 417 416
f 402 405 419 418
f 404 406 420 417
f 405 407 421 419
f 406 408 422 420
f 13465 611 610 13464
f 408 411 424 422
f 411 412 425 424
f 609 595 380 608
f 412 414 427 425
f 413 415 428 426
f 414 401 429 427
f 415 403 416 428
f 401 402 418 429
f 418 419 431 430
f 417 420 433 432
f 419 421 434 431
f 420 422 435 433
f 13453 616 615 13456
f 422 424 437 435
f 424 425 438 437
f 616 489 502 615
f 425 427 440 438
f 426 428 441 439
f 427 429 442 440
f 428 416 443 441
f 429 418 430 442
f 416 417 432 443
f 432 433 445 444
f 431 434 447 446
f 433 435 448 445
f 13464 13460 592 579
f 435 437 450 448
f 437 438 451 450
f 611 569 582 610
f 438 440 453 451
f 439 441 454 452
f 440 442 455 453
f 441 443 456 454
f 442 430 457 455
f 443 432 444 456
f 430 431 446 457
f 446 447 459 458
f 445 448 461 460
f 13451 13465 566 553
f 448 450 463 461
f 450 451 464 463
f 613 530 542 612
f 451 453 466 464
f 452 454 467 465
f 453 455 468 466
f 454 456 469 467
f 455 457 470 468
f 456 444 471 469
f 457 446 458 470
f 444 445 460 471
f 13450 13451 553 540
f 461 463 474 473
f 463 464 475 474
f 608 380 379 623
f 464 466 477 475
f 465 467 478 476
f 466 468 479 477
f 467 469 480 478
f 468 470 481 479
f 469 471 482 480
f 470 458 483 481
f 471 460 484 482
f 458 459 485 483
f 460 461 473 484
f 473 474 487 486
f 474 475 488 487
f 614 516 530 613
f 475 477 490 488
f 476 478 491 489
f 477 479 492 490
f 478 480 493 491
f 479 481 494 492
f 480 482 495 493
f 481 483 496 494
f 482 484 497 495
f 483 485 498 496
f 484 473 486 497
f 13454 618 617 13455
f 487 488 501 500
f 488 490 503 501
f 489 491 504 502
f 490 492 505 503
f 491 493 506 504
f 492 494 507 505
f 493 495 508 506
f 494 496 509 507
f 495 497 510 508
f 496 498 511 509
f 497 486 512 510
f 486 487 500 512
f 500 501 515 514
f 623 379 413 622
f 501 503 517 515
f 502 504 518 516
f 503 505 519 517
f 504 506 520 518
f 505 507 521 519
f 506 508 522 520
f 507 509 523 521
f 508 510 524 522
f 509 511 525 523
f 510 512 526 524
f 13452 614 613 13450
f 512 500 514 526
f 515 517 529 528
f 516 518 531 530
f 517 519 532 529
f 518 520 533 531
f 519 521 534 532
f 520 522 535 533
f 521 523 536 534
f 522 524 537 535
f 523 525 538 536
f 524 526 539 537
f 13457 619 618 13454
f 526 514 541 539
f 514 515 528 541
f 612 542 569 611
f 530 531 543 542
f 529 532 545 544
f 531 533 546 543
f 532 534 547 545
f 533 535 548 546
f 534 536 549 547
f 535 537 550 548
f 536 538 551 549
f 537 539 552 550
f 13461 608 623 13458
f 539 541 554 552
f 541 528 555 554
f 618 465 476 617
f 528 529 544 555
f 544 545 557 556
f 543 546 559 558
f 545 547 560 557
f 546 548 561 559
f 547 549 562 560
f 548 550 563 561
f 549 551 564 562
f 550 552 565 563
f 13455 617 616 13453
f 552 554 567 565
f 554 555 568 567
f 619 452 465 618
f 555 544 556 568
f 542 543 558 569
f 558 559 571 570
f 557 560 573 572
f 559 561 574 571
f 560 562 575 573
f 561 563 576 574
f 562 564 577 575
f 563 565 578 576
f 13462 13457 449 436
f 565 567 580 578
f 567 568 581 580
f 610 582 595 609
f 568 556 583 581
f 569 558 570 582
f 556 557 572 583
f 572 573 585 584
f 571 574 587 586
f 573 575 588 585
f 574 576 589 587
f 575 577 590 588
f 576 578 591 589
f 13463 13462 436 423
f 578 580 593 591
f 580 581 594 593
f 621 426 439 620
f 581 583 596 594
f 582 570 597 595
f 583 572 584 596
f 570 571 586 597
f 585 588 394 390
f 587 589 396 392
f 588 590 398 394
f 589 591 400 396
f 591 593 375 400
f 593 594 378 375
f 620 439 452 619
f 594 596 382 378
f 595 597 384 380
f 596 584 386 382
f 597 586 388 384
f 584 585 390 386
f 586 587 392 388
f 13458 13459 410 409
f 410 600 599 409
f 599 601 579 592
f 602 566 579 601
f 513 527 604 603
f 527 540 602 604
f 472 603 605 462
f 603 604 606 605
f 604 602 601 606
f 449 462 605 607
f 607 605 606 600
f 600 606 601 599
f 540 553 566 602
f 423 607 600 410
f 499 513 603 472
f 409 599 592 598
f 436 449 607 423
f 13460 609 608 13461
f 624 625 398 590
f 624 590 577 626
f 626 577 564 627
f 628 627 564 551
f 498 485 627 628
f 459 626 627 485
f 447 624 626 459
f 447 434 625 624
f 407 625 434 421
f 398 625 407 397
f 498 628 525 511
f 538 525 628 551
f 915 898 2294 2295
f 641 640 647 649
f 2435 1453 648 646
f 13552 13518 1484 1458
f 666 638 639 665
f 668 636 637 667
f 667 637 638 666
f 669 635 636 668
f 640 2435 646 647
f 652 2293 2297 657
f 656 642 1455 655
f 2293 652 653 643
f 1711 1728 2295 2294
f 1369 1368 2302 1892
f 652 657 644 639
f 1454 643 653 654
f 671 645 635 669
f 13515 13508 1539 1526
f 635 645 658 656
f 655 1455 1454 654
f 635 656 655 636
f 637 654 653 638
f 636 655 654 637
f 638 653 652 639
f 633 634 651 650
f 633 650 649 632
f 632 649 647 631
f 630 646 648 629
f 631 647 646 630
f 630 629 660 659
f 639 644 670 665
f 633 661 664 634
f 633 632 662 661
f 632 631 663 662
f 631 630 659 663
f 705 706 690 687
f 13546 850 837 13506
f 692 681 682 691
f 694 679 680 693
f 693 680 681 692
f 695 678 679 694
f 681 666 665 682
f 13553 13545 869 871
f 665 670 683 682
f 712 696 893 895
f 697 684 678 695
f 678 684 671 669
f 678 669 668 679
f 680 667 666 681
f 679 668 667 680
f 676 677 664 661
f 676 661 662 675
f 675 662 663 674
f 673 659 660 672
f 674 663 659 673
f 673 672 686 685
f 682 683 696 691
f 706 884 700 690
f 676 687 690 677
f 676 675 688 687
f 675 674 689 688
f 674 673 685 689
f 683 670 699 894
f 892 808 831 818
f 13551 865 864 13553
f 13532 13507 726 740
f 721 710 711 720
f 723 708 709 722
f 722 709 710 721
f 724 707 708 723
f 710 692 691 711
f 705 687 688 704
f 13517 13509 697 713
f 726 713 707 724
f 13545 851 1382 13541
f 707 713 697 695
f 707 695 694 708
f 709 693 692 710
f 708 694 693 709
f 704 688 689 703
f 702 685 686 701
f 703 689 685 702
f 702 701 715 714
f 711 712 725 720
f 705 716 719 706
f 705 704 717 716
f 704 703 718 717
f 703 702 714 718
f 788 891 810 801
f 13542 684 697 13509
f 748 737 738 747
f 750 735 736 749
f 749 736 737 748
f 751 734 735 750
f 734 740 726 724
f 735 723 722 736
f 734 724 723 735
f 729 714 715 728
f 13506 13549 875 848
f 739 725 887 896
f 753 740 734 751
f 13532 740 753 13533
f 737 721 720 738
f 731 717 718 730
f 730 718 714 729
f 729 728 742 741
f 738 739 752 747
f 732 743 746 733
f 732 731 744 743
f 731 730 745 744
f 730 729 741 745
f 775 762 809 882
f 13543 13530 755 794
f 776 775 746 743
f 777 744 745 778
f 773 750 749 772
f 774 751 750 773
f 776 743 744 777
f 755 768 774 757
f 830 783 784 829
f 760 771 770 761
f 779 741 742 780
f 747 752 769 770
f 772 749 748 771
f 777 778 763 764
f 778 779 767 763
f 759 772 771 760
f 774 768 753 751
f 757 774 773 758
f 758 773 772 759
f 779 780 766 767
f 770 769 756 761
f 776 765 762 775
f 776 777 764 765
f 778 745 741 779
f 754 807 870 844
f 832 831 788 791
f 13543 794 781 13521
f 802 801 762 765
f 803 764 763 804
f 799 758 759 798
f 800 757 758 799
f 802 765 764 803
f 781 794 800 783
f 13514 13533 753 768
f 761 756 795 796
f 786 797 796 787
f 13516 824 811 13529
f 805 767 766 806
f 797 760 761 796
f 798 759 760 797
f 803 804 789 790
f 804 805 793 789
f 785 798 797 786
f 800 794 755 757
f 783 800 799 784
f 784 799 798 785
f 805 806 792 793
f 796 795 782 787
f 802 791 788 801
f 802 803 790 791
f 804 763 767 805
f 835 793 792 836
f 833 790 789 834
f 901 852 812 902
f 903 825 782 890
f 13516 13521 781 824
f 811 824 830 813
f 732 716 717 731
f 13514 768 755 13530
f 787 782 825 826
f 816 827 826 817
f 733 883 727 719
f 829 784 785 828
f 827 786 787 826
f 828 785 786 827
f 833 834 819 820
f 834 835 823 819
f 815 828 827 816
f 830 824 781 783
f 813 830 829 814
f 814 829 828 815
f 835 836 822 823
f 826 825 812 817
f 832 821 818 831
f 832 833 820 821
f 834 789 793 835
f 1384 13541 1393 1395
f 864 859 853 851
f 876 870 818 821
f 877 820 819 878
f 857 814 815 856
f 858 813 814 857
f 876 821 820 877
f 849 848 875 874
f 837 850 858 839
f 13550 867 866 13554
f 817 812 852 854
f 865 860 859 864
f 842 855 854 843
f 866 861 860 865
f 13554 13551 872 873
f 847 846 872 871
f 847 871 869 844
f 879 823 822 880
f 855 816 817 854
f 856 815 816 855
f 877 878 845 846
f 878 879 849 845
f 841 856 855 842
f 845 849 874 873
f 858 850 811 813
f 846 845 873 872
f 839 858 857 840
f 868 863 862 867
f 840 857 856 841
f 867 862 861 866
f 879 880 848 849
f 860 842 843 859
f 854 852 838 843
f 876 847 844 870
f 861 841 842 860
f 876 877 846 847
f 878 819 823 879
f 868 837 839 863
f 863 839 840 862
f 862 840 841 861
f 843 838 853 859
f 677 690 700 885
f 832 791 790 833
f 746 881 883 733
f 886 634 664 698
f 13542 13511 671 684
f 732 733 719 716
f 736 722 721 737
f 720 725 739 738
f 771 748 747 770
f 706 719 727 884
f 657 898 899 644
f 644 899 699 670
f 812 825 903 902
f 901 900 838 852
f 691 696 712 711
f 712 895 887 725
f 808 891 788 831
f 769 897 889 756
f 683 894 893 696
f 807 892 818 870
f 795 904 890 782
f 739 896 888 752
f 897 914 908 889
f 699 905 911 894
f 893 910 912 895
f 888 907 914 897
f 904 921 909 890
f 887 906 913 896
f 903 920 919 902
f 896 913 907 888
f 902 919 918 901
f 898 915 916 899
f 889 908 921 904
f 895 912 906 887
f 899 916 905 699
f 901 918 917 900
f 894 911 910 893
f 890 909 920 903
f 920 937 936 919
f 913 930 924 907
f 919 936 935 918
f 912 929 923 906
f 915 932 933 916
f 916 933 922 905
f 914 931 925 908
f 918 935 934 917
f 921 938 926 909
f 911 928 927 910
f 908 925 938 921
f 905 922 928 911
f 909 926 937 920
f 910 927 929 912
f 907 924 931 914
f 906 923 930 913
f 928 945 944 927
f 925 942 955 938
f 922 939 945 928
f 926 943 954 937
f 927 944 946 929
f 924 941 948 931
f 923 940 947 930
f 937 954 953 936
f 930 947 941 924
f 936 953 952 935
f 929 946 940 923
f 932 949 950 933
f 933 950 939 922
f 931 948 942 925
f 935 952 951 934
f 938 955 943 926
f 807 960 971 892
f 700 957 968 885
f 754 959 960 807
f 882 965 964 881
f 881 964 966 883
f 891 970 963 810
f 883 966 958 727
f 727 958 967 884
f 809 962 965 882
f 698 956 969 886
f 808 961 970 891
f 884 967 957 700
f 885 968 956 698
f 810 963 962 809
f 892 971 961 808
f 960 976 987 971
f 957 973 984 968
f 961 977 986 970
f 956 972 985 969
f 963 979 978 962
f 968 984 972 956
f 964 980 982 966
f 965 981 980 964
f 966 982 974 958
f 970 986 979 963
f 962 978 981 965
f 959 975 976 960
f 958 974 983 967
f 971 987 977 961
f 967 983 973 957
f 988 651 634 886
f 985 990 989 969
f 969 989 988 886
f 954 2273 2272 953
f 947 2268 2262 941
f 953 2272 2271 952
f 946 2267 2261 940
f 948 2269 2263 942
f 952 2271 2270 951
f 955 2274 2264 943
f 945 2266 2265 944
f 942 2263 2274 955
f 943 2264 2273 954
f 944 2265 2267 946
f 941 2262 2269 948
f 940 2261 2268 947
f 992 991 996 997
f 993 992 997 998
f 995 1000 1002 1001
f 994 993 998 999
f 1818 1817 2187 1823
f 1026 1025 1007 1006
f 1028 1027 1005 1004
f 1027 1026 1006 1005
f 1029 1028 1004 1003
f 1327 2309 2303 1371
f 1006 1007 1012 1011
f 1002 1000 2298 2301
f 1000 999 2434 2298
f 999 998 2433 2434
f 998 997 2431 2433
f 997 996 2299 2431
f 1826 1809 2299 1832
f 2432 1009 1830 1832
f 1015 1016 1279 1374
f 1011 1827 1828 1010
f 995 994 999 1000
f 1005 1006 1011 1010
f 1018 1017 1009 2432
f 1031 1029 1003 1017
f 1032 1031 1017 1018
f 992 1019 1020 991
f 1007 1025 1030 1016
f 991 1020 1032 1018
f 995 1001 1024 1021
f 995 1021 1022 994
f 994 1022 1023 993
f 993 1023 1019 992
f 1054 1053 1043 1042
f 1056 1055 1041 1040
f 1055 1054 1042 1041
f 1057 1056 1040 1039
f 1025 1043 1044 1030
f 1059 1057 1039 1045
f 1060 1059 1045 1046
f 1046 1045 1031 1032
f 1039 1029 1031 1045
f 1039 1040 1028 1029
f 1041 1042 1026 1027
f 1040 1041 1027 1028
f 1042 1043 1025 1026
f 1037 1021 1024 1038
f 1033 1046 1032 1020
f 1037 1036 1022 1021
f 1036 1035 1023 1022
f 1034 1033 1020 1019
f 1035 1034 1019 1023
f 1034 1047 1048 1033
f 1043 1053 1058 1044
f 1033 1048 1060 1046
f 1037 1038 1052 1049
f 1037 1049 1050 1036
f 1036 1050 1051 1035
f 1035 1051 1047 1034
f 1166 1284 1270 1124
f 1273 1190 1204 1179
f 1085 1084 1074 1073
f 1087 1086 1072 1071
f 1086 1085 1073 1072
f 1088 1087 1071 1070
f 1053 1074 1075 1058
f 1090 1088 1070 1076
f 1091 1090 1076 1077
f 1077 1076 1059 1060
f 1070 1057 1059 1076
f 1070 1071 1056 1057
f 1072 1073 1054 1055
f 1071 1072 1055 1056
f 1073 1074 1053 1054
f 1068 1049 1052 1069
f 1064 1077 1060 1048
f 1068 1067 1050 1049
f 1067 1066 1051 1050
f 1065 1064 1048 1047
f 1066 1065 1047 1051
f 1065 1078 1079 1064
f 1074 1084 1089 1075
f 1064 1079 1091 1077
f 1068 1069 1083 1080
f 1068 1080 1081 1067
f 1067 1081 1082 1066
f 1066 1082 1078 1065
f 1158 1172 1181 1272
f 1114 1113 1103 1102
f 1116 1115 1101 1100
f 1115 1114 1102 1101
f 1117 1116 1100 1099
f 1084 1103 1104 1089
f 1119 1117 1099 1105
f 1120 1119 1105 1106
f 1106 1105 1090 1091
f 1099 1088 1090 1105
f 1099 1100 1087 1088
f 1101 1102 1085 1086
f 1100 1101 1086 1087
f 1102 1103 1084 1085
f 1097 1080 1083 1098
f 1093 1106 1091 1079
f 1097 1096 1081 1080
f 1096 1095 1082 1081
f 1094 1093 1079 1078
f 1095 1094 1078 1082
f 1094 1107 1108 1093
f 1103 1113 1118 1104
f 1093 1108 1120 1106
f 1097 1098 1112 1109
f 1097 1109 1110 1096
f 1096 1110 1111 1095
f 1095 1111 1107 1094
f 1144 1263 1180 1130
f 1145 1109 1112 1144
f 1146 1147 1111 1110
f 1142 1141 1115 1116
f 1143 1142 1116 1117
f 1145 1146 1110 1109
f 1123 1125 1143 1137
f 1136 1137 1119 1120
f 1122 1123 1137 1136
f 1113 1139 1138 1118
f 1128 1129 1139 1140
f 1148 1149 1108 1107
f 1149 1136 1120 1108
f 1140 1139 1113 1114
f 1141 1140 1114 1115
f 1146 1132 1131 1147
f 1147 1131 1135 1148
f 1127 1128 1140 1141
f 1143 1117 1119 1137
f 1125 1126 1142 1143
f 1126 1127 1141 1142
f 1148 1135 1134 1149
f 1139 1129 1124 1138
f 1145 1144 1130 1133
f 1145 1133 1132 1146
f 1149 1134 1122 1136
f 1147 1148 1107 1111
f 1121 1218 1251 1178
f 1283 1271 1152 1198
f 1173 1133 1130 1172
f 1174 1175 1131 1132
f 1170 1169 1127 1126
f 1171 1170 1126 1125
f 1173 1174 1132 1133
f 1151 1153 1171 1165
f 1164 1165 1123 1122
f 1075 1276 1274 1058
f 1150 1151 1165 1164
f 1129 1167 1166 1124
f 1156 1157 1167 1168
f 1176 1177 1134 1135
f 1177 1164 1122 1134
f 1168 1167 1129 1128
f 1169 1168 1128 1127
f 1174 1160 1159 1175
f 1175 1159 1163 1176
f 1155 1156 1168 1169
f 1171 1125 1123 1165
f 1153 1154 1170 1171
f 1154 1155 1169 1170
f 1176 1163 1162 1177
f 1167 1157 1152 1166
f 1173 1172 1158 1161
f 1173 1161 1160 1174
f 1177 1162 1150 1164
f 1175 1176 1135 1131
f 1205 1161 1158 1204
f 1206 1207 1159 1160
f 1202 1201 1155 1154
f 1203 1202 1154 1153
f 1205 1206 1160 1161
f 1183 1185 1203 1197
f 1196 1197 1151 1150
f 1182 1183 1197 1196
f 1157 1199 1198 1152
f 1188 1189 1199 1200
f 1208 1209 1162 1163
f 1209 1196 1150 1162
f 1200 1199 1157 1156
f 1201 1200 1156 1155
f 1206 1192 1191 1207
f 1207 1191 1195 1208
f 1187 1188 1200 1201
f 1203 1153 1151 1197
f 1185 1186 1202 1203
f 1186 1187 1201 1202
f 1208 1195 1194 1209
f 1199 1189 1184 1198
f 1205 1204 1190 1193
f 1205 1193 1192 1206
f 1209 1194 1182 1196
f 1207 1208 1163 1159
f 1250 1227 1245 1252
f 1240 1226 1229 1235
f 1257 1193 1190 1251
f 1258 1259 1191 1192
f 1233 1232 1187 1186
f 1234 1233 1186 1185
f 1257 1258 1192 1193
f 1223 1255 1256 1222
f 1211 1213 1234 1225
f 1224 1225 1183 1182
f 1210 1211 1225 1224
f 1189 1230 1228 1184
f 1241 1240 1235 1236
f 1216 1217 1230 1231
f 1242 1241 1236 1237
f 1256 1255 1248 1249
f 1222 1256 1249 1210
f 1246 1245 1240 1241
f 1253 1252 1245 1246
f 1254 1253 1246 1247
f 1248 1247 1242 1243
f 1221 1252 1253 1220
f 1221 1218 1250 1252
f 1178 1251 1190 1273
f 1261 1224 1182 1194
f 1231 1230 1189 1188
f 1232 1231 1188 1187
f 1258 1220 1219 1259
f 1247 1246 1241 1242
f 1240 1245 1227 1226
f 1259 1219 1223 1260
f 1255 1254 1247 1248
f 1215 1216 1231 1232
f 1219 1254 1255 1223
f 1234 1185 1183 1225
f 1220 1253 1254 1219
f 1213 1214 1233 1234
f 1244 1243 1238 1239
f 1214 1215 1232 1233
f 1243 1242 1237 1238
f 1260 1223 1222 1261
f 1236 1235 1217 1216
f 1249 1244 1211 1210
f 1230 1217 1212 1228
f 1257 1251 1218 1221
f 1237 1236 1216 1215
f 1257 1221 1220 1258
f 1249 1248 1243 1244
f 1281 1282 1184 1228
f 1259 1260 1195 1191
f 1261 1222 1210 1224
f 1179 1204 1158 1272
f 1244 1239 1213 1211
f 1239 1238 1214 1213
f 1238 1237 1215 1214
f 1217 1235 1229 1212
f 1038 1266 1063 1052
f 1144 1112 1262 1263
f 1112 1098 1264 1262
f 1267 1061 1024 1001
f 1893 1875 2092 2094
f 1069 1052 1063 1265
f 1138 1278 1269 1118
f 1069 1265 1092 1083
f 1016 1030 1062 1279
f 1184 1282 1283 1198
f 1104 1277 1268 1089
f 1038 1024 1061 1266
f 1281 1228 1212 1280
f 1044 1275 1062 1030
f 1260 1261 1194 1195
f 1075 1089 1268 1276
f 1180 1181 1172 1130
f 1098 1083 1092 1264
f 1138 1124 1270 1278
f 1044 1058 1274 1275
f 1166 1152 1271 1284
f 1104 1118 1269 1277
f 1278 1270 1288 1294
f 1062 1275 1291 1285
f 1274 1276 1292 1290
f 1269 1278 1294 1287
f 1284 1271 1289 1300
f 1268 1277 1293 1286
f 1283 1282 1298 1299
f 1277 1269 1287 1293
f 1282 1281 1297 1298
f 1270 1284 1300 1288
f 1276 1268 1286 1292
f 1279 1062 1285 1295
f 1281 1280 1296 1297
f 1275 1274 1290 1291
f 1271 1283 1299 1289
f 1299 1298 1314 1315
f 1293 1287 1303 1309
f 1298 1297 1313 1314
f 1292 1286 1302 1308
f 1815 1814 2085 2188
f 1295 1285 1301 1311
f 1294 1288 1304 1310
f 1297 1296 1312 1313
f 1300 1289 1305 1316
f 1291 1290 1306 1307
f 1288 1300 1316 1304
f 1285 1291 1307 1301
f 1289 1299 1315 1305
f 1290 1292 1308 1306
f 1287 1294 1310 1303
f 1286 1293 1309 1302
f 1307 1306 1322 1323
f 1304 1316 1332 1320
f 1301 1307 1323 1317
f 1305 1315 1331 1321
f 1306 1308 1324 1322
f 1303 1310 1326 1319
f 1302 1309 1325 1318
f 1315 1314 1330 1331
f 1309 1303 1319 1325
f 1314 1313 1329 1330
f 1308 1302 1318 1324
f 1311 1301 1317 1327
f 1310 1304 1320 1326
f 1313 1312 1328 1329
f 1316 1305 1321 1332
f 1178 1273 1348 1337
f 1063 1266 1345 1334
f 1121 1178 1337 1336
f 1263 1262 1341 1342
f 1262 1264 1343 1341
f 1272 1181 1340 1347
f 1264 1092 1335 1343
f 1092 1265 1344 1335
f 1180 1263 1342 1339
f 1061 1267 1346 1333
f 1179 1272 1347 1338
f 1265 1063 1334 1344
f 1266 1061 1333 1345
f 1181 1180 1339 1340
f 1273 1179 1338 1348
f 1337 1348 1364 1353
f 1334 1345 1361 1350
f 1338 1347 1363 1354
f 1333 1346 1362 1349
f 1340 1339 1355 1356
f 1345 1333 1349 1361
f 1341 1343 1359 1357
f 1342 1341 1357 1358
f 1343 1335 1351 1359
f 1347 1340 1356 1363
f 1339 1342 1358 1355
f 1336 1337 1353 1352
f 1335 1344 1360 1351
f 1348 1338 1354 1364
f 1344 1334 1350 1360
f 2308 2187 1821 1829
f 1805 1810 1809 1804
f 1002 1368 1267 1001
f 1331 1330 2286 2287
f 1325 1319 2276 2282
f 1330 1329 2285 2286
f 1324 1318 2275 2281
f 1326 1320 2277 2283
f 1329 1328 2284 2285
f 1332 1321 2278 2288
f 1323 1322 2279 2280
f 1320 1332 2288 2277
f 1321 1331 2287 2278
f 1322 1324 2281 2279
f 1319 1326 2283 2276
f 1318 1325 2282 2275
f 1336 1352 1367 1366
f 1121 1336 1366 1365
f 1121 1365 1250 1218
f 2297 2294 898 657
f 988 989 2290 2291
f 989 990 2289 2290
f 1456 658 13513 13519
f 651 988 2291 2292
f 1456 642 656 658
f 2293 1465 1470 2297
f 1373 1295 1311 1372
f 1327 1371 1372 1311
f 1010 1828 2308 2186
f 2193 2113 2097 2194
f 1892 2302 2188 2189
f 1373 1372 2304 2305
f 1370 1369 1892 2300
f 1374 1373 2305 2306
f 2301 2298 1813 1815
f 1015 1014 1013 1012
f 1372 1371 2303 2304
f 945 939 2310 2266
f 949 2312 2311 950
f 950 2311 2310 939
f 1003 1008 1009 1017
f 1327 1317 2307 2309
f 1818 1823 1824 1819
f 1323 2280 2307 1317
f 975 959 1376 1377
f 959 754 1375 1376
f 754 844 869 1375
f 900 917 1379 1378
f 934 951 1381 1380
f 917 934 1380 1379
f 951 2270 2313 1381
f 838 900 1378 853
f 1380 1381 1391 1390
f 853 1378 1388 1383
f 1376 1375 1385 1386
f 1375 869 1384 1385
f 13517 713 726 13507
f 1381 2313 2314 1391
f 1377 1376 1386 1387
f 1378 1379 1389 1388
f 1379 1380 1390 1389
f 851 853 1383 1382
f 1387 1386 1397 1398
f 1383 1388 1399 1394
f 1389 1390 1401 1400
f 1385 1384 1395 1396
f 1386 1385 1396 1397
f 1382 1383 1394 1392
f 1388 1389 1400 1399
f 1396 1395 1405 1406
f 1397 1396 1406 1407
f 1392 1394 1404 1402
f 1399 1400 1410 1409
f 1398 1397 1407 1408
f 1395 1393 1403 1405
f 1400 1401 1411 1410
f 1393 1392 1402 1403
f 1394 1399 1409 1404
f 1403 1402 1412 1413
f 1404 1409 1419 1414
f 1406 1405 1415 1416
f 1407 1406 1416 1417
f 1402 1404 1414 1412
f 1409 1410 1420 1419
f 1408 1407 1417 1418
f 1405 1403 1413 1415
f 1410 1411 1421 1420
f 1413 1412 1422 1423
f 1414 1419 1429 1424
f 1416 1415 1425 1426
f 1417 1416 1426 1427
f 1412 1414 1424 1422
f 1419 1420 1430 1429
f 1418 1417 1427 1428
f 1415 1413 1423 1425
f 1420 1421 1431 1430
f 1366 1367 1428 1427
f 1365 1366 1427 1426
f 1365 1426 1425 1250
f 1227 1250 1425 1423
f 1226 1227 1423 1422
f 1226 1422 1424 1229
f 1212 1229 1424 1429
f 1280 1212 1429 1430
f 1296 1280 1430 1431
f 1312 1296 1432 1433
f 1390 1391 1436 1435
f 1431 1421 1439 1440
f 1391 2314 2316 1436
f 2284 1328 1434 2315
f 1296 1431 1440 1432
f 1401 1390 1435 1437
f 1411 1401 1437 1438
f 1328 1312 1433 1434
f 1421 1411 1438 1439
f 1461 1453 2435 1459
f 13512 1471 1456 13519
f 2435 640 1460 1459
f 13519 13513 648 1453
f 13544 13540 1566 1553
f 1479 1478 1451 1450
f 1481 1480 1449 1448
f 1480 1479 1450 1449
f 1482 1481 1448 1447
f 1462 1460 640 641
f 643 1454 1467 1466
f 1455 642 1469 1468
f 1465 1451 1457 1470
f 677 885 698 664
f 1452 1463 1462 641
f 1484 1482 1447 1458
f 1447 1469 1471 1458
f 1454 1455 1468 1467
f 1447 1448 1468 1469
f 1449 1450 1466 1467
f 1448 1449 1467 1468
f 1450 1451 1465 1466
f 1445 1463 1464 1446
f 1445 1444 1462 1463
f 1444 1443 1460 1462
f 1442 1441 1461 1459
f 1443 1442 1459 1460
f 1442 1472 1473 1441
f 1451 1478 1483 1457
f 1445 1446 1477 1474
f 1445 1474 1475 1444
f 1444 1475 1476 1443
f 1443 1476 1472 1442
f 13522 13534 1510 1497
f 13522 1497 1484 13518
f 1505 1504 1495 1494
f 1507 1506 1493 1492
f 1506 1505 1494 1493
f 1508 1507 1492 1491
f 1469 642 1456 1471
f 13515 1526 1510 13534
f 1496 1707 1512 1483
f 1643 1642 1597 1596
f 1510 1508 1491 1497
f 1491 1482 1484 1497
f 1491 1492 1481 1482
f 1493 1494 1479 1480
f 1492 1493 1480 1481
f 1494 1495 1478 1479
f 1489 1474 1477 1490
f 1489 1488 1475 1474
f 1488 1487 1476 1475
f 1486 1485 1473 1472
f 1487 1486 1472 1476
f 1486 1498 1499 1485
f 1495 1504 1509 1496
f 1489 1490 1503 1500
f 1489 1500 1501 1488
f 1488 1501 1502 1487
f 1487 1502 1498 1486
f 13527 1637 1594 13510
f 1705 1631 1644 1621
f 13528 13523 1682 2204
f 13527 13524 1624 1637
f 2204 2215 2213 13528
f 1534 1533 1524 1523
f 1536 1535 1522 1521
f 1535 1534 1523 1522
f 1537 1536 1521 1520
f 1504 1524 1525 1509
f 1539 1537 1520 1526
f 13525 645 671 13511
f 1520 1508 1510 1526
f 1520 1521 1507 1508
f 1522 1523 1505 1506
f 1521 1522 1506 1507
f 1523 1524 1504 1505
f 1518 1500 1503 1519
f 1518 1517 1501 1500
f 1517 1516 1502 1501
f 1515 1514 1499 1498
f 1516 1515 1498 1502
f 1515 1527 1528 1514
f 1524 1533 1538 1525
f 1518 1519 1532 1529
f 1518 1529 1530 1517
f 1517 1530 1531 1516
f 1516 1531 1527 1515
f 1601 1614 1623 1704
f 13544 1553 1539 13508
f 13549 868 867 13550
f 1561 1560 1551 1550
f 1563 1562 1549 1548
f 1562 1561 1550 1549
f 1564 1563 1548 1547
f 13531 13510 1594 1607
f 13548 13547 1568 1581
f 13525 13513 658 645
f 1552 1709 1700 1538
f 13531 1607 1568 13547
f 1566 1564 1547 1553
f 1547 1537 1539 1553
f 1547 1548 1536 1537
f 1549 1550 1534 1535
f 1548 1549 1535 1536
f 1550 1551 1533 1534
f 1545 1529 1532 1546
f 1545 1544 1530 1529
f 1544 1543 1531 1530
f 1542 1541 1528 1527
f 1543 1542 1527 1531
f 1542 1554 1555 1541
f 1551 1560 1565 1552
f 1545 1546 1559 1556
f 1545 1556 1557 1544
f 1544 1557 1558 1543
f 1543 1558 1554 1542
f 1588 1695 1622 1575
f 1452 641 649 650
f 1590 1591 1558 1557
f 1586 1585 1562 1563
f 1587 1586 1563 1564
f 1589 1590 1557 1556
f 1568 1570 1587 1581
f 1560 1583 1582 1565
f 1573 1574 1583 1584
f 13552 1458 1471 13512
f 1592 1593 1555 1554
f 1584 1583 1560 1561
f 1585 1584 1561 1562
f 1590 1577 1576 1591
f 1591 1576 1580 1592
f 1572 1573 1584 1585
f 1587 1564 1566 1581
f 1570 1571 1586 1587
f 1571 1572 1585 1586
f 1592 1580 1579 1593
f 1583 1574 1569 1582
f 1589 1588 1575 1578
f 1589 1578 1577 1590
f 1591 1592 1554 1558
f 1567 1657 1683 1620
f 1648 1649 1605 1606
f 1615 1578 1575 1614
f 1616 1617 1576 1577
f 1612 1611 1572 1571
f 1613 1612 1571 1570
f 1615 1616 1577 1578
f 1594 1596 1613 1607
f 1546 1532 1540 1696
f 1574 1609 1608 1569
f 1599 1600 1609 1610
f 13535 1678 1679 13536
f 13538 1680 1681 13537
f 13548 1581 1566 13540
f 13535 13539 1677 1678
f 1618 1619 1579 1580
f 1610 1609 1574 1573
f 1611 1610 1573 1572
f 1616 1603 1602 1617
f 1617 1602 1606 1618
f 1598 1599 1610 1611
f 1613 1570 1568 1607
f 1596 1597 1612 1613
f 1597 1598 1611 1612
f 1618 1606 1605 1619
f 1609 1600 1595 1608
f 1615 1614 1601 1604
f 1615 1604 1603 1616
f 1617 1618 1580 1576
f 13526 1663 1624 13524
f 1645 1604 1601 1644
f 1646 1647 1602 1603
f 1608 1717 1702 1569
f 1716 1703 1595 1638
f 1645 1646 1603 1604
f 1624 1626 1643 1637
f 13539 1684 1682 13523
f 1600 1639 1638 1595
f 1629 1630 1639 1640
f 13526 13520 1650 1663
f 1642 1641 1598 1597
f 1640 1639 1600 1599
f 1641 1640 1599 1598
f 1646 1633 1632 1647
f 1647 1632 1636 1648
f 1628 1629 1640 1641
f 1643 1596 1594 1637
f 1626 1627 1642 1643
f 1627 1628 1641 1642
f 1648 1636 1635 1649
f 1639 1630 1625 1638
f 1645 1644 1631 1634
f 1645 1634 1633 1646
f 1647 1648 1606 1602
f 1677 1664 1666 1672
f 1689 1634 1631 1683
f 1690 1691 1632 1633
f 1670 1669 1628 1627
f 1671 1670 1627 1626
f 1689 1690 1633 1634
f 1662 1687 1688 1661
f 1650 1652 1671 1663
f 1630 1667 1665 1625
f 1678 1677 1672 1673
f 1655 1656 1667 1668
f 1679 1678 1673 1674
f 13538 13536 1679 1680
f 1660 1684 1685 1659
f 1660 1657 1682 1684
f 1692 1693 1635 1636
f 1668 1667 1630 1629
f 1669 1668 1629 1628
f 1690 1659 1658 1691
f 1691 1658 1662 1692
f 1654 1655 1668 1669
f 1658 1686 1687 1662
f 1671 1626 1624 1663
f 1659 1685 1686 1658
f 1652 1653 1670 1671
f 1681 1680 1675 1676
f 1653 1654 1669 1670
f 1680 1679 1674 1675
f 1692 1662 1661 1693
f 1673 1672 1656 1655
f 1667 1656 1651 1665
f 1689 1683 1657 1660
f 1674 1673 1655 1654
f 1689 1660 1659 1690
f 1714 1715 1625 1665
f 1620 1683 1631 1705
f 1691 1692 1636 1632
f 1681 1676 1652 1650
f 1676 1675 1653 1652
f 1675 1674 1654 1653
f 1656 1672 1666 1651
f 1490 1698 1513 1503
f 1588 1559 1694 1695
f 1559 1546 1696 1694
f 1699 1511 1477 1446
f 1525 1708 1706 1509
f 1582 1710 1701 1565
f 1519 1697 1540 1532
f 1470 1457 1712 1711
f 1457 1483 1512 1712
f 1625 1715 1716 1638
f 1589 1556 1559 1588
f 1519 1503 1513 1697
f 1714 1665 1651 1713
f 1533 1551 1552 1538
f 1621 1644 1601 1704
f 1525 1538 1700 1708
f 775 882 881 746
f 795 756 889 904
f 1582 1569 1702 1710
f 1496 1509 1706 1707
f 1622 1623 1614 1575
f 1608 1595 1703 1717
f 1552 1565 1701 1709
f 1710 1702 1721 1727
f 1512 1707 1724 1718
f 1706 1708 1725 1723
f 1701 1710 1727 1720
f 1717 1703 1722 1734
f 1700 1709 1726 1719
f 1716 1715 1732 1733
f 1709 1701 1720 1726
f 1715 1714 1731 1732
f 1711 1712 1729 1728
f 1702 1717 1734 1721
f 1708 1700 1719 1725
f 1712 1512 1718 1729
f 1714 1713 1730 1731
f 1707 1706 1723 1724
f 1703 1716 1733 1722
f 1733 1732 1749 1750
f 1726 1720 1737 1743
f 1732 1731 1748 1749
f 1725 1719 1736 1742
f 1728 1729 1746 1745
f 1729 1718 1735 1746
f 1727 1721 1738 1744
f 1731 1730 1747 1748
f 1734 1722 1739 1751
f 1724 1723 1740 1741
f 1721 1734 1751 1738
f 1718 1724 1741 1735
f 1722 1733 1750 1739
f 1723 1725 1742 1740
f 1720 1727 1744 1737
f 1719 1726 1743 1736
f 1741 1740 1757 1758
f 1738 1751 1768 1755
f 1735 1741 1758 1752
f 1739 1750 1767 1756
f 1740 1742 1759 1757
f 1737 1744 1761 1754
f 1736 1743 1760 1753
f 1750 1749 1766 1767
f 1743 1737 1754 1760
f 1749 1748 1765 1766
f 1742 1736 1753 1759
f 1745 1746 1763 1762
f 1746 1735 1752 1763
f 1744 1738 1755 1761
f 1748 1747 1764 1765
f 1751 1739 1756 1768
f 1620 1705 1784 1773
f 1513 1698 1781 1770
f 1567 1620 1773 1772
f 1695 1694 1777 1778
f 1694 1696 1779 1777
f 1704 1623 1776 1783
f 1696 1540 1771 1779
f 1540 1697 1780 1771
f 1622 1695 1778 1775
f 1511 1699 1782 1769
f 1621 1704 1783 1774
f 1697 1513 1770 1780
f 1698 1511 1769 1781
f 1623 1622 1775 1776
f 1705 1621 1774 1784
f 1773 1784 1800 1789
f 1770 1781 1797 1786
f 1774 1783 1799 1790
f 1769 1782 1798 1785
f 1776 1775 1791 1792
f 1781 1769 1785 1797
f 1777 1779 1795 1793
f 1778 1777 1793 1794
f 1779 1771 1787 1795
f 1783 1776 1792 1799
f 1775 1778 1794 1791
f 1772 1773 1789 1788
f 1771 1780 1796 1787
f 1784 1774 1790 1800
f 1780 1770 1786 1796
f 1801 1699 1446 1464
f 1798 1782 1802 1803
f 1782 1699 1801 1802
f 1767 1766 2272 2273
f 1760 1754 2262 2268
f 1766 1765 2271 2272
f 1759 1753 2261 2267
f 1761 1755 2263 2269
f 1765 1764 2270 2271
f 1768 1756 2264 2274
f 1758 1757 2265 2266
f 1755 1768 2274 2263
f 1756 1767 2273 2264
f 1757 1759 2267 2265
f 1754 1761 2269 2262
f 1753 1760 2268 2261
f 1368 1369 1346 1267
f 1806 1811 1810 1805
f 1369 1370 1362 1346
f 1808 1814 1815 1813
f 1807 1812 1811 1806
f 2186 1008 1003 1004
f 1843 1819 1820 1842
f 1845 1817 1818 1844
f 1844 1818 1819 1843
f 1846 1816 1817 1845
f 1816 1834 1822 1821
f 1831 1833 1820 1825
f 1819 1824 1825 1820
f 1829 1821 1822 1830
f 1012 1013 1827 1011
f 2298 2434 1812 1813
f 2434 2433 1811 1812
f 2433 2431 1810 1811
f 2431 2299 1809 1810
f 1832 2299 996 2432
f 1832 1830 1822 1826
f 2186 2308 1829 1008
f 1008 1829 1830 1009
f 1827 1824 1823 1828
f 1808 1813 1812 1807
f 1295 1373 1374 1279
f 1835 1826 1822 1834
f 1848 1834 1816 1846
f 2187 1817 1816 1821
f 1849 1835 1834 1848
f 1805 1804 1837 1836
f 1820 1833 1847 1842
f 1804 1835 1849 1837
f 1808 1838 1841 1814
f 1808 1807 1839 1838
f 1807 1806 1840 1839
f 1806 1805 1836 1840
f 1871 1859 1860 1870
f 1873 1857 1858 1872
f 1872 1858 1859 1871
f 1874 1856 1857 1873
f 1842 1847 1861 1860
f 1876 1862 1856 1874
f 1877 1863 1862 1876
f 1863 1849 1848 1862
f 1856 1862 1848 1846
f 1858 1844 1843 1859
f 1857 1845 1844 1858
f 1859 1843 1842 1860
f 1854 1855 1841 1838
f 1850 1837 1849 1863
f 1854 1838 1839 1853
f 1853 1839 1840 1852
f 1851 1836 1837 1850
f 1852 1840 1836 1851
f 1851 1850 1865 1864
f 1860 1861 1875 1870
f 1850 1863 1877 1865
f 1854 1866 1869 1855
f 1854 1853 1867 1866
f 1853 1852 1868 1867
f 1852 1851 1864 1868
f 2091 1997 2022 2008
f 1903 1890 1891 1902
f 1905 1888 1889 1904
f 1904 1889 1890 1903
f 1906 1887 1888 1905
f 1831 1014 2306 2194
f 1886 2083 1880 1869
f 1908 1894 1887 1906
f 1909 1895 1894 1908
f 1895 1877 1876 1894
f 1887 1894 1876 1874
f 1887 1874 1873 1888
f 1889 1872 1871 1890
f 1888 1873 1872 1889
f 1890 1871 1870 1891
f 1885 1886 1869 1866
f 1881 1865 1877 1895
f 1885 1866 1867 1884
f 1884 1867 1868 1883
f 1882 1864 1865 1881
f 1883 1868 1864 1882
f 1882 1881 1897 1896
f 1891 1893 1907 1902
f 1881 1895 1909 1897
f 1885 1898 1901 1886
f 1885 1884 1899 1898
f 1884 1883 1900 1899
f 1883 1882 1896 1900
f 1976 2090 1999 1990
f 1932 1920 1921 1931
f 1934 1918 1919 1933
f 1933 1919 1920 1932
f 1935 1917 1918 1934
f 1956 1936 2087 2096
f 1937 1923 1917 1935
f 1938 1924 1923 1937
f 1924 1909 1908 1923
f 1917 1923 1908 1906
f 1917 1906 1905 1918
f 1919 1904 1903 1920
f 1918 1905 1904 1919
f 1920 1903 1902 1921
f 1915 1916 1901 1898
f 1911 1897 1909 1924
f 1915 1898 1899 1914
f 1914 1899 1900 1913
f 1960 1934 1933 1959
f 1912 1911 1926 1925
f 1921 1922 1936 1931
f 1911 1924 1938 1926
f 1915 1927 1930 1916
f 1915 1914 1928 1927
f 1914 1913 1929 1928
f 1913 1912 1925 1929
f 1962 1948 1998 2081
f 1963 1962 1930 1927
f 1964 1928 1929 1965
f 1984 1942 2088 2102
f 1916 2082 1910 1901
f 1963 1927 1928 1964
f 1941 1955 1961 1943
f 1954 1938 1937 1955
f 1940 1954 1955 1941
f 1961 1935 1934 1960
f 1946 1958 1957 1947
f 1912 1896 1897 1911
f 1988 1944 1945 1987
f 1958 1932 1931 1957
f 1959 1933 1932 1958
f 1964 1965 1949 1950
f 1965 1966 1953 1949
f 1945 1959 1958 1946
f 1961 1955 1937 1935
f 1943 1961 1960 1944
f 1944 1960 1959 1945
f 1966 1967 1952 1953
f 1957 1956 1942 1947
f 1963 1951 1948 1962
f 1963 1964 1950 1951
f 1967 1954 1940 1952
f 1965 1929 1925 1966
f 1939 1996 2069 2036
f 2075 2069 2008 2011
f 1015 1374 2306 1014
f 1998 1948 1990 1999
f 1992 1950 1949 1993
f 1993 1949 1953 1994
f 2101 2016 1970 2089
f 1991 1951 1950 1992
f 1969 1983 1989 1971
f 1982 1940 1941 1983
f 1010 2186 1004 1005
f 1968 1982 1983 1969
f 1989 1943 1944 1988
f 1974 1986 1985 1975
f 2020 1972 1973 2019
f 1995 1952 1940 1982
f 1986 1946 1947 1985
f 1987 1945 1946 1986
f 1992 1993 1977 1978
f 1993 1994 1981 1977
f 1973 1987 1986 1974
f 1989 1983 1941 1943
f 1971 1989 1988 1972
f 1972 1988 1987 1973
f 1994 1995 1980 1981
f 1985 1984 1970 1975
f 1991 1979 1976 1990
f 1991 1992 1978 1979
f 1995 1982 1968 1980
f 2026 1981 1980 2027
f 2023 2022 1976 1979
f 2024 1978 1977 2025
f 2078 2013 2012 2079
f 2099 2046 2002 2100
f 2023 1979 1978 2024
f 2001 2015 2021 2003
f 2014 1968 1969 2015
f 2000 2014 2015 2001
f 2021 1971 1972 2020
f 2006 2018 2017 2007
f 2051 2004 2005 2050
f 2027 1980 1968 2014
f 2018 1974 1975 2017
f 2019 1973 1974 2018
f 2024 2025 2009 2010
f 2025 2026 2013 2009
f 2005 2019 2018 2006
f 2021 2015 1969 1971
f 2003 2021 2020 2004
f 2004 2020 2019 2005
f 2026 2027 2012 2013
f 2017 2016 2002 2007
f 2023 2011 2008 2022
f 2023 2024 2010 2011
f 2027 2014 2000 2012
f 2025 1977 1981 2026
f 2068 2070 2063 2045
f 2058 2053 2047 2044
f 1996 2091 2008 2069
f 2076 2010 2009 2077
f 360 359 276 262
f 1991 1990 1948 1951
f 2075 2011 2010 2076
f 2041 2040 2074 2073
f 2029 2043 2052 2031
f 2042 2000 2001 2043
f 2028 2042 2043 2029
f 2052 2003 2004 2051
f 2059 2054 2053 2058
f 2034 2049 2048 2035
f 2060 2055 2054 2059
f 2074 2067 2066 2073
f 2040 2028 2067 2074
f 2064 2059 2058 2063
f 2071 2064 2063 2070
f 2072 2065 2064 2071
f 2066 2061 2060 2065
f 2039 2038 2071 2070
f 2039 2070 2068 2036
f 1967 1926 1938 1954
f 2079 2012 2000 2042
f 2049 2006 2007 2048
f 2050 2005 2006 2049
f 2076 2077 2037 2038
f 2065 2060 2059 2064
f 2058 2044 2045 2063
f 2077 2078 2041 2037
f 2073 2066 2065 2072
f 2033 2050 2049 2034
f 2037 2041 2073 2072
f 2052 2043 2001 2003
f 2038 2037 2072 2071
f 2031 2052 2051 2032
f 2062 2057 2056 2061
f 2032 2051 2050 2033
f 2061 2056 2055 2060
f 2078 2079 2040 2041
f 2054 2034 2035 2053
f 2067 2028 2029 2062
f 2048 2046 2030 2035
f 2075 2039 2036 2069
f 2055 2033 2034 2054
f 2075 2076 2038 2039
f 2067 2062 2061 2066
f 2079 2042 2028 2040
f 2077 2009 2013 2078
f 2062 2029 2031 2057
f 2057 2031 2032 2056
f 2056 2032 2033 2055
f 2035 2030 2047 2053
f 1855 1869 1880 2084
f 1997 2090 1976 2022
f 1930 2080 2082 1916
f 2085 1814 1841 1878
f 1962 2081 2080 1930
f 1994 1953 1952 1995
f 1886 1901 1910 2083
f 2189 2188 2085 2164
f 1833 2097 1879 1847
f 2002 2016 2101 2100
f 1931 1936 1956 1957
f 2099 2098 2030 2046
f 1870 1875 1893 1891
f 2007 2002 2046 2048
f 1893 2094 2086 1907
f 1947 1942 1984 1985
f 1902 1907 1922 1921
f 1956 2096 2088 1942
f 1861 2093 2092 1875
f 1975 1970 2016 2017
f 1984 2102 2089 1970
f 1922 2095 2087 1936
f 2096 2112 2106 2088
f 1879 2103 2109 2093
f 2092 2108 2110 2094
f 2087 2105 2112 2096
f 2102 2118 2107 2089
f 2086 2104 2111 2095
f 2101 2117 2116 2100
f 2095 2111 2105 2087
f 2100 2116 2115 2099
f 1804 1809 1826 1835
f 2088 2106 2118 2102
f 2094 2110 2104 2086
f 2097 2113 2103 1879
f 2099 2115 2114 2098
f 2093 2109 2108 2092
f 2089 2107 2117 2101
f 2117 2133 2132 2116
f 2111 2127 2121 2105
f 2116 2132 2131 2115
f 2110 2126 2120 2104
f 1922 1907 2086 2095
f 2113 2129 2119 2103
f 2112 2128 2122 2106
f 2115 2131 2130 2114
f 2118 2134 2123 2107
f 2109 2125 2124 2108
f 2106 2122 2134 2118
f 2103 2119 2125 2109
f 2107 2123 2133 2117
f 2108 2124 2126 2110
f 2105 2121 2128 2112
f 2104 2120 2127 2111
f 2125 2141 2140 2124
f 2122 2138 2150 2134
f 2119 2135 2141 2125
f 2123 2139 2149 2133
f 2124 2140 2142 2126
f 2121 2137 2144 2128
f 2120 2136 2143 2127
f 2133 2149 2148 2132
f 2127 2143 2137 2121
f 2132 2148 2147 2131
f 2126 2142 2136 2120
f 991 1018 2432 996
f 2129 2145 2135 2119
f 2128 2144 2138 2122
f 2131 2147 2146 2130
f 2134 2150 2139 2123
f 1996 2155 2166 2091
f 1880 2152 2163 2084
f 1939 2154 2155 1996
f 2081 2160 2159 2080
f 2080 2159 2161 2082
f 2090 2165 2158 1999
f 2082 2161 2153 1910
f 1910 2153 2162 2083
f 1998 2157 2160 2081
f 1878 2151 2164 2085
f 1997 2156 2165 2090
f 2083 2162 2152 1880
f 2084 2163 2151 1878
f 1999 2158 2157 1998
f 2091 2166 2156 1997
f 2155 2171 2182 2166
f 2152 2168 2179 2163
f 2156 2172 2181 2165
f 2151 2167 2180 2164
f 2158 2174 2173 2157
f 2163 2179 2167 2151
f 2159 2175 2177 2161
f 2160 2176 2175 2159
f 2161 2177 2169 2153
f 2165 2181 2174 2158
f 2157 2173 2176 2160
f 2154 2170 2171 2155
f 2153 2169 2178 2162
f 2166 2182 2172 2156
f 2162 2178 2168 2152
f 1828 1823 2187 2308
f 2149 2287 2286 2148
f 2143 2282 2276 2137
f 2148 2286 2285 2147
f 2142 2281 2275 2136
f 2144 2283 2277 2138
f 2147 2285 2284 2146
f 2150 2288 2278 2139
f 2141 2280 2279 2140
f 2138 2277 2288 2150
f 2139 2278 2287 2149
f 2140 2279 2281 2142
f 2137 2276 2283 2144
f 2136 2275 2282 2143
f 2154 2184 2185 2170
f 1939 2183 2184 2154
f 1939 2036 2068 2183
f 2292 1464 1463 1452
f 1801 2291 2290 1802
f 932 2296 2312 949
f 1802 2290 2289 1803
f 1461 13512 13519 1453
f 1464 2292 2291 1801
f 2297 1470 1711 2294
f 2113 2193 2192 2129
f 2129 2192 2191 2145
f 2194 2097 1833 1831
f 2309 2145 2191 2303
f 2300 1892 2189 2190
f 2193 2305 2304 2192
f 1013 1825 1824 1827
f 2194 2306 2305 2193
f 2302 2301 1815 2188
f 1368 1002 2301 2302
f 2192 2304 2303 2191
f 1758 2266 2310 1752
f 1762 1763 2311 2312
f 1763 1752 2310 2311
f 2296 2295 1728 1745
f 2180 2190 2189 2164
f 2145 2309 2307 2135
f 1012 1007 1016 1015
f 2141 2135 2307 2280
f 1788 2197 2196 1772
f 1772 2196 2195 1567
f 1567 2195 1682 1657
f 1713 2198 2199 1730
f 1747 2200 2201 1764
f 1730 2199 2200 1747
f 1764 2201 2313 2270
f 1651 1666 2198 1713
f 2200 2210 2211 2201
f 1666 2203 2208 2198
f 2196 2206 2205 2195
f 2195 2205 2204 1682
f 2201 2211 2314 2313
f 2197 2207 2206 2196
f 2198 2208 2209 2199
f 2199 2209 2210 2200
f 1664 2202 2203 1666
f 2207 2218 2217 2206
f 2203 2214 2219 2208
f 13537 1681 1650 13520
f 2209 2220 2221 2210
f 2205 2216 2215 2204
f 2206 2217 2216 2205
f 2202 2212 2214 2203
f 2208 2219 2220 2209
f 2216 2226 2225 2215
f 2217 2227 2226 2216
f 2212 2222 2224 2214
f 2219 2229 2230 2220
f 2218 2228 2227 2217
f 2215 2225 2223 2213
f 2220 2230 2231 2221
f 2213 2223 2222 2212
f 2214 2224 2229 2219
f 2223 2233 2232 2222
f 2224 2234 2239 2229
f 2226 2236 2235 2225
f 2227 2237 2236 2226
f 2222 2232 2234 2224
f 2229 2239 2240 2230
f 2228 2238 2237 2227
f 2225 2235 2233 2223
f 2230 2240 2241 2231
f 2233 2243 2242 2232
f 2234 2244 2249 2239
f 2236 2246 2245 2235
f 2237 2247 2246 2236
f 2232 2242 2244 2234
f 2239 2249 2250 2240
f 2238 2248 2247 2237
f 2235 2245 2243 2233
f 2240 2250 2251 2241
f 2184 2247 2248 2185
f 2183 2246 2247 2184
f 2183 2068 2245 2246
f 2045 2243 2245 2068
f 2044 2242 2243 2045
f 2044 2047 2244 2242
f 2030 2249 2244 2047
f 2098 2250 2249 2030
f 2114 2251 2250 2098
f 2130 2253 2252 2114
f 2210 2255 2256 2211
f 2251 2260 2259 2241
f 2211 2256 2316 2314
f 2284 2315 2254 2146
f 2114 2252 2260 2251
f 2221 2257 2255 2210
f 2231 2258 2257 2221
f 2146 2254 2253 2130
f 2241 2259 2258 2231
f 2317 2370 2410 2366
f 2317 2366 2402 2348
f 2317 2348 2403 2347
f 2317 2347 2408 2370
f 2318 2367 2426 2369
f 2318 2369 2409 2351
f 2318 2351 2405 2352
f 2318 2352 2418 2367
f 2319 2355 2403 2348
f 2319 2348 2402 2354
f 2319 2354 2418 2352
f 2319 2352 2405 2355
f 2320 2353 2413 2346
f 2320 2346 2401 2356
f 2320 2356 2404 2350
f 2320 2350 2416 2353
f 2321 2368 2408 2347
f 2321 2347 2403 2355
f 2321 2355 2405 2351
f 2321 2351 2409 2368
f 2322 2377 2411 2358
f 2322 2358 2406 2361
f 2322 2361 2407 2360
f 2322 2360 2412 2377
f 2323 2372 2428 2376
f 2323 2376 2412 2360
f 2323 2360 2407 2362
f 2323 2362 2422 2372
f 2324 2375 2427 2371
f 2324 2371 2420 2363
f 2324 2363 2406 2358
f 2324 2358 2411 2375
f 2325 2361 2406 2364
f 2325 2364 2408 2368
f 2325 2368 2409 2365
f 2325 2365 2407 2361
f 2326 2359 2422 2362
f 2326 2362 2407 2365
f 2326 2365 2409 2369
f 2326 2369 2426 2359
f 2327 2363 2420 2357
f 2327 2357 2410 2370
f 2327 2370 2408 2364
f 2327 2364 2406 2363
f 2328 2346 2413 2345
f 2328 2345 2427 2375
f 2328 2375 2411 2373
f 2328 2373 2401 2346
f 2329 2349 2416 2350
f 2329 2350 2404 2374
f 2329 2374 2412 2376
f 2329 2376 2428 2349
f 2330 2356 2401 2373
f 2330 2373 2411 2377
f 2330 2377 2412 2374
f 2330 2374 2404 2356
f 2331 2366 2410 2400
f 2331 2400 2424 2379
f 2331 2379 2415 2394
f 2331 2394 2402 2366
f 2332 2393 2426 2367
f 2332 2367 2418 2382
f 2332 2382 2419 2381
f 2332 2381 2425 2393
f 2333 2378 2413 2353
f 2333 2353 2416 2380
f 2333 2380 2417 2384
f 2333 2384 2414 2378
f 2334 2379 2424 2392
f 2334 2392 2425 2381
f 2334 2381 2419 2383
f 2334 2383 2415 2379
f 2335 2385 2429 2399
f 2335 2399 2430 2386
f 2335 2386 2423 2387
f 2335 2387 2421 2385
f 2336 2398 2428 2372
f 2336 2372 2422 2388
f 2336 2388 2423 2386
f 2336 2386 2430 2398
f 2337 2371 2427 2397
f 2337 2397 2429 2385
f 2337 2385 2421 2389
f 2337 2389 2420 2371
f 2338 2390 2421 2387
f 2338 2387 2423 2391
f 2338 2391 2425 2392
f 2338 2392 2424 2390
f 2339 2388 2422 2359
f 2339 2359 2426 2393
f 2339 2393 2425 2391
f 2339 2391 2423 2388
f 2340 2394 2415 2383
f 2340 2383 2419 2382
f 2340 2382 2418 2354
f 2340 2354 2402 2394
f 2341 2345 2413 2378
f 2341 2378 2414 2395
f 2341 2395 2429 2397
f 2341 2397 2427 2345
f 2342 2380 2416 2349
f 2342 2349 2428 2398
f 2342 2398 2430 2396
f 2342 2396 2417 2380
f 2343 2395 2414 2384
f 2343 2384 2417 2396
f 2343 2396 2430 2399
f 2343 2399 2429 2395
f 2344 2357 2420 2389
f 2344 2389 2421 2390
f 2344 2390 2424 2400
f 2344 2400 2410 2357
f 1014 1831 1825 1013
f 809 762 801 810
f 769 752 888 897
f 1478 1495 1496 1483
f 1490 1477 1511 1698
f 13546 13529 811 850
f 1855 2084 1878 1841
f 1861 1847 1879 2093
f 1856 1846 1845 1857
f 1966 1925 1926 1967
f 1913 1900 1896 1912
f 13448 13447 273 286
f 2449 2448 2439 2445
f 2444 2442 2436 2438
f 2437 2443 2446 2440
f 2441 2451 2445 2439
f 2442 2443 2437 2436
f 2449 2444 2438 2448
f 2441 2447 2450 2451
f 2465 2461 2455 2464
f 2460 2454 2452 2458
f 2453 2456 2462 2459
f 2457 2455 2461 2467
f 2458 2452 2453 2459
f 2465 2464 2454 2460
f 2457 2467 2466 2463
f 2469 2468 2484 2485
f 2484 2482 2481 2486
f 2487 2486 2481 2480
f 2476 2488 2489 2477
f 2477 2489 2487 2478
f 2474 2473 2490 2488
f 2488 2490 2491 2489
f 2489 2491 2486 2487
f 2472 2492 2490 2473
f 2492 2485 2491 2490
f 2485 2484 2486 2491
f 2478 2487 2480 2479
f 2470 2469 2485 2492
f 2475 2474 2488 2476
f 2468 2483 2482 2484
f 2471 2470 2492 2472
f 2494 2510 2509 2493
f 2509 2511 2506 2507
f 2512 2505 2506 2511
f 2501 2502 2514 2513
f 2502 2503 2512 2514
f 2499 2513 2515 2498
f 2513 2514 2516 2515
f 2514 2512 2511 2516
f 2497 2498 2515 2517
f 2517 2515 2516 2510
f 2510 2516 2511 2509
f 2503 2504 2505 2512
f 2495 2517 2510 2494
f 2500 2501 2513 2499
f 2493 2509 2507 2508
f 2496 2497 2517 2495
f 2519 2518 2534 2535
f 2534 2532 2531 2536
f 2537 2536 2531 2530
f 2526 2538 2539 2527
f 2527 2539 2537 2528
f 2524 2523 2540 2538
f 2538 2540 2541 2539
f 2539 2541 2536 2537
f 2522 2542 2540 2523
f 2542 2535 2541 2540
f 2535 2534 2536 2541
f 2528 2537 2530 2529
f 2520 2519 2535 2542
f 2525 2524 2538 2526
f 2518 2533 2532 2534
f 2521 2520 2542 2522
f 2544 2560 2559 2543
f 2559 2561 2556 2557
f 2562 2555 2556 2561
f 2551 2552 2564 2563
f 2552 2553 2562 2564
f 2549 2563 2565 2548
f 2563 2564 2566 2565
f 2564 2562 2561 2566
f 2547 2548 2565 2567
f 2567 2565 2566 2560
f 2560 2566 2561 2559
f 2553 2554 2555 2562
f 2545 2567 2560 2544
f 2550 2551 2563 2549
f 2543 2559 2557 2558
f 2546 2547 2567 2545
f 2570 2705 2612 2613
f 2615 2571 2580 2614
f 2616 2572 2661 2609
f 2633 2573 2682 2592
f 2591 2574 2573 2633
f 2573 2574 2578 2577
f 2682 2573 2577 2683
f 2571 2575 2581 2580
f 2661 2572 2576 2662
f 2581 2575 2582 2585
f 2685 2684 2586 2587
f 2662 2576 2583 2663
f 2663 2583 2584 2664
f 2578 2587 2586 2577
f 2683 2684 2583 2576
f 2685 2686 2589 2584
f 2664 2665 2588 2585
f 2615 2609 2661 2571
f 2613 2612 2593 2569
f 2569 2593 2594 2568
f 2635 2634 2596 2595
f 2595 2596 2598 2597
f 2597 2598 2600 2599
f 2599 2600 2602 2601
f 2601 2602 2604 2603
f 2679 2603 7561 2680
f 2687 2702 2653 2607
f 2707 2671 2636 2706
f 2570 2613 2671 2707
f 2708 2693 2611 2704
f 2703 2704 2611 2610
f 2706 2636 2693 2708
f 2686 2590 2620 2688
f 2665 2589 2619 2666
f 2666 2619 2622 2667
f 2688 2620 2623 2689
f 2689 2623 2626 2690
f 2667 2622 2625 2668
f 2690 2626 2629 2691
f 2668 2625 2628 2669
f 2691 2629 2632 2692
f 2669 2628 2631 2670
f 2568 2594 2634 2635
f 2693 2636 2638 2694
f 2694 2638 2640 2695
f 2695 2640 2642 2696
f 2696 2642 2644 2697
f 2697 2644 2646 2698
f 2698 2646 2648 2699
f 2699 2648 2650 2700
f 2700 2650 2652 2701
f 2672 2638 2636 2671
f 2673 2640 2638 2672
f 2674 2642 2640 2673
f 2675 2644 2642 2674
f 2676 2646 2644 2675
f 2677 2648 2646 2676
f 2678 2650 2648 2677
f 2679 2652 2650 2678
f 2608 7338 7333 7193
f 2681 2607 2653 2680
f 2610 2611 2637 2579
f 2579 2637 2639 2617
f 2645 2647 2658 2657
f 2641 2643 2656 2655
f 2647 2649 2659 2658
f 2643 2645 2657 2656
f 2649 2651 2660 2659
f 2641 2655 2617 2639
f 7338 2608 7562 7284
f 2701 2652 2653 2702
f 2604 7215 7561 2603
f 2653 2652 2679 2680
f 2603 2679 2678 2601
f 2601 2678 2677 2599
f 2599 2677 2676 2597
f 2597 2676 2675 2595
f 2595 2675 2674 2635
f 2635 2674 2673 2568
f 2568 2673 2672 2569
f 2569 2672 2671 2613
f 2627 2669 2670 2630
f 2624 2668 2669 2627
f 2621 2667 2668 2624
f 2618 2666 2667 2621
f 2588 2665 2666 2618
f 2584 2589 2665 2664
f 2582 2663 2664 2585
f 2575 2662 2663 2582
f 2571 2661 2662 2575
f 2616 2592 2682 2572
f 2651 2701 2702 2654
f 2649 2700 2701 2651
f 2647 2699 2700 2649
f 2645 2698 2699 2647
f 2643 2697 2698 2645
f 2641 2696 2697 2643
f 2639 2695 2696 2641
f 2637 2694 2695 2639
f 2611 2693 2694 2637
f 2628 2691 2692 2631
f 2625 2690 2691 2628
f 2622 2689 2690 2625
f 2619 2688 2689 2622
f 2589 2686 2688 2619
f 2608 7209 2654 7562
f 2587 2590 2686 2685
f 2577 2586 2684 2683
f 2584 2583 2684 2685
f 2572 2682 2683 2576
f 2616 2706 2708 2592
f 2591 2633 2704 2703
f 2592 2708 2704 2633
f 2615 2570 2707 2609
f 2609 2707 2706 2616
f 2615 2614 2705 2570
f 2920 2733 2776 2940
f 4964 2759 2711 4963
f 2950 2803 2743 2930
f 2748 2989 2988 2766
f 2765 4983 2941 2749
f 2924 2945 2785 2713
f 4965 4968 2780 2944
f 4979 2787 2710 2921
f 2921 2939 2776 2733
f 2972 2960 2716 2771
f 2924 3076 3001 2735
f 2974 2961 2715 2778
f 2786 2717 2713 2785
f 2788 2719 2710 2787
f 2925 2714 2779 2944
f 2758 2718 2711 2759
f 2771 2716 2709 2772
f 2786 2983 2967 2717
f 2757 2734 2923 2943
f 2945 4963 2711 2785
f 2968 2742 2800 2980
f 2936 2750 2804 2951
f 2931 2739 2721 2926
f 2729 2732 2721 2722
f 2741 2740 2723 2724
f 2964 2729 2722 2979
f 2757 2942 2922 2734
f 2987 2744 2799 2978
f 2951 2931 2743 2803
f 4968 4963 2945 2780
f 4924 4864 4905 2751
f 2982 2991 2760 2782
f 2979 2722 2742 2968
f 2724 2723 2731 2730
f 2722 2721 2739 2742
f 2926 2721 2732 2928
f 2991 2990 2770 2760
f 2800 2804 2750 2747
f 2927 2726 2728 2929
f 2980 2800 2747 2969
f 2801 2802 2740 2741
f 2726 2926 2928 2728
f 2951 2804 2739 2931
f 2779 2714 2720 2778
f 4922 2753 4880 2754
f 2780 2735 2925 2944
f 2754 4880 3029 2933
f 4905 2752 4921 2751
f 3001 3007 2925 2735
f 2978 2799 2745 2989
f 2936 2746 2768 4984
f 2939 2775 2773 4966
f 2745 2969 2973 2769
f 2798 2767 2764 2797
f 2975 2971 2762 2783
f 2965 2984 2790 2736
f 2921 2710 2775 2939
f 2743 2931 2926 2726
f 2777 2763 2773 2775
f 2990 2965 2736 2770
f 2783 2762 2774 2784
f 2746 2941 4983 2768
f 2776 2939 4966 2761
f 4975 4970 2953 2806
f 4971 4975 2806 2952
f 2719 2777 2775 2710
f 2977 2973 2767 2798
f 2766 2765 2749 2748
f 4966 2773 2759 4964
f 2762 2771 2772 2774
f 2971 2972 2771 2762
f 2718 2786 2785 2711
f 2933 3029 4885 2755
f 2743 2726 2927 2930
f 4800 4925 3021 4801
f 2715 2783 2784 2712
f 2756 2932 2755 4885
f 2712 2779 2778 2715
f 2983 2966 2737 2781
f 2961 2975 2783 2715
f 2940 2776 2761 4961
f 2763 2758 2759 2773
f 2937 2949 2795 4986
f 4980 2793 2787 4979
f 2794 2788 2787 2793
f 2716 2792 2791 2709
f 2966 2982 2782 2737
f 2960 2976 2792 2716
f 2792 2798 2797 2791
f 2981 2988 2769 2796
f 2976 2977 2798 2792
f 4967 2757 2943 2935
f 4983 2765 2793 4980
f 4967 2934 2942 2757
f 2766 2794 2793 2765
f 2748 2749 2802 2801
f 2963 2725 2744 2987
f 2742 2739 2804 2800
f 2989 2745 2769 2988
f 2782 2975 2961 2737
f 2977 2976 2790 2796
f 2727 2964 2979 2725
f 2980 2969 2745 2799
f 2770 2972 2971 2760
f 2725 2979 2968 2744
f 4976 4969 2964 2727
f 4876 3021 4925 3028
f 2760 2971 2975 2782
f 2976 2960 2736 2790
f 2744 2968 2980 2799
f 2736 2960 2972 2770
f 2737 2961 2974 2781
f 2769 2973 2977 2796
f 2986 2727 2725 2963
f 4973 4977 2732 2729
f 4974 4978 2810 2809
f 4972 4974 2809 2993
f 4970 4977 2811 2953
f 4969 4973 2729 2964
f 2808 2813 2812 2811
f 2813 2809 2810 2812
f 2949 2947 2789 2795
f 2781 2974 2962 2738
f 2945 2924 2735 2780
f 2994 2893 3017 3015
f 2938 4986 2795 2948
f 3075 2955 2818 3002
f 2954 3062 3002 2818
f 2967 2983 2781 2738
f 3033 2957 2823 3003
f 2956 3073 3003 2823
f 3008 3006 2828 2958
f 2954 3055 3067 3062
f 3077 2959 2828 3006
f 2879 5615 5613 2829
f 5610 2875 2830 5611
f 2877 2880 2831 2850
f 2895 2892 2833 2867
f 2876 2834 2830 2875
f 2867 2833 2829 2869
f 2839 2843 2898 2865
f 5592 2891 2885 2899
f 2835 2911 2918 5593
f 2898 2843 2848 2914
f 2861 5597 2862 2849
f 2860 2849 2862 5598
f 2858 2851 2863 2837
f 5606 5602 5598 2862
f 5600 5607 2858 2837
f 2884 2841 5610 5609
f 2849 2860 2859 2851
f 5608 5601 2838 2859
f 5599 5603 2911 2835
f 2861 2849 2851 2858
f 2842 2884 5609 5615
f 2905 2906 2852 2866
f 2917 2847 2845 2909
f 2889 5592 2899 2883
f 2903 5596 5592 2889
f 2874 2877 2850 2832
f 2859 2838 2863 2851
f 2883 2882 2888 2889
f 2889 2888 2904 2903
f 5594 2890 2887 2897
f 2959 2855 2854 2825
f 2886 2842 5615 2879
f 5601 5605 2863 2838
f 5611 2830 2870 5612
f 2916 2917 2909 2910
f 2829 5613 5614 2869
f 2850 2831 2871 2872
f 2834 2873 2870 2830
f 2839 2864 2907 2843
f 5605 5600 2837 2863
f 2884 2865 2840 2841
f 2884 2842 2839 2865
f 2883 2876 2875 2882
f 2832 2850 2872 2868
f 2833 2881 2879 2829
f 2906 2900 2878 2852
f 2892 2896 2881 2833
f 2881 2887 2886 2879
f 2900 2899 2885 2878
f 2896 2897 2887 2881
f 5593 2918 2901 5591
f 2914 2848 2846 2912
f 2848 2919 2908 2846
f 5596 2894 2891 5592
f 2890 2864 2886 2887
f 2821 2856 2854 2819
f 2956 2855 2857 3073
f 2898 2914 2847 2844
f 2955 3050 3072 2815
f 2866 2852 2892 2895
f 2904 2844 2847 2917
f 2836 2915 2894 5596
f 3087 3079 2866 2895
f 2852 2878 2896 2892
f 2847 2914 2912 2845
f 2910 5595 2836 2916
f 2834 2876 2900 2906
f 2918 2919 2907 2901
f 2873 2834 2906 2905
f 3033 4809 3062 3067
f 2888 2840 2844 2904
f 2876 2883 2899 2900
f 5602 5604 2860 5598
f 5603 5607 2908 2911
f 2878 2885 2897 2896
f 2913 2835 5593 2915
f 2894 5591 5594 2891
f 2915 5593 5591 2894
f 5594 2897 2885 2891
f 2901 2907 2864 2890
f 5606 5599 2835 2913
f 5604 5608 2859 2860
f 2841 2882 2875 5610
f 5595 2913 2915 2836
f 2843 2907 2919 2848
f 2840 2865 2898 2844
f 2911 2908 2919 2918
f 5591 2901 2890 5594
f 2903 2904 2917 2916
f 2784 4962 4965 2712
f 2791 4981 2920 2709
f 2779 2712 4965 2944
f 2749 2941 2950 2802
f 2740 2930 2927 2723
f 2723 2927 2929 2731
f 2802 2950 2930 2740
f 4984 2764 2750 2936
f 2772 2940 4961 2774
f 2756 4885 3028 4925
f 2709 2920 2940 2772
f 2774 4961 4962 2784
f 2797 4982 4981 2791
f 2764 4984 4982 2797
f 4978 4971 2952 2810
f 2970 3011 2755 2932
f 2805 3013 2754 2933
f 2794 2766 2988 2981
f 2724 2963 2987 2741
f 2718 2758 2982 2966
f 2719 2788 2984 2965
f 2801 2978 2989 2748
f 2777 2719 2965 2990
f 2786 2718 2966 2983
f 2763 2777 2990 2991
f 2741 2987 2978 2801
f 2730 2986 2963 2724
f 2788 2794 2981 2984
f 2969 2747 2767 2973
f 2758 2763 2991 2982
f 4981 4985 2733 2920
f 3007 2999 2714 2925
f 2962 2720 3000 3009
f 2999 3000 2720 2714
f 3005 3004 2824 2826
f 2958 2824 3004 3008
f 4976 4972 2993 2807
f 4985 4979 2921 2733
f 2816 3078 3068 2814
f 3037 4835 4909 4841
f 2957 3055 3068 2820
f 2924 3050 2902 3076
f 2717 3070 3072 2713
f 3099 4834 4853 3124
f 3075 4810 3076 2902
f 4811 3073 2857 3077
f 2948 2795 2789 2946
f 2984 2981 2796 2790
f 3050 2924 2713 3072
f 3050 2955 3075 2902
f 3055 2954 2814 3068
f 3055 2957 3033 3067
f 2996 2853 3018 3013
f 2855 2959 3077 2857
f 2855 2956 2819 2854
f 3081 3082 2869 5614
f 3083 3084 5612 2870
f 2867 3080 3087 2895
f 2873 2905 3088 3086
f 2869 3082 3080 2867
f 3085 3081 5614 5616
f 3086 3083 2870 2873
f 3084 3085 5616 5612
f 3098 3096 3086 3088
f 3094 3095 3085 3084
f 3089 3098 3088 3079
f 3096 3093 3083 3086
f 3090 3097 3087 3080
f 3048 3098 3089 3047
f 3092 3090 3080 3082
f 3091 3092 3082 3081
f 3093 3094 3084 3083
f 3095 3091 3081 3085
f 3097 3089 3079 3087
f 3031 3090 3092 3024
f 3026 3093 3096 3113
f 3061 3109 3095 3094
f 3047 3089 3097 3032
f 3032 3097 3090 3031
f 3061 3094 3093 3026
f 3098 3048 3113 3096
f 3024 3092 3091 3023
f 3114 4858 4860 3026
f 4869 4839 4825 4870
f 4869 3046 4835 4871
f 3070 2817 2815 3072
f 3078 2822 2820 3068
f 3071 2856 2821 2997
f 2998 3071 2970 2985
f 2856 2827 2825 2854
f 3071 2997 3011 2970
f 3095 3109 3023 3091
f 3126 4803 4850 4843
f 4832 3051 4842 3054
f 3053 4841 4917 4911
f 3057 3025 4910 4913
f 3104 3110 3065 3059
f 4897 4898 3066 3022
f 4873 4851 4852 4874
f 2746 2803 2950 2941
f 2746 2936 2951 2803
f 3007 4807 3010 2999
f 3005 3020 3019 3004
f 4808 3008 3004 3019
f 2999 3010 3112 3000
f 3114 3026 3113 3115
f 4859 4860 3106 3119
f 4954 7673 7674 7664
f 2998 2827 2856 3071
f 3122 4933 4936 4867
f 3122 4867 3065 3110
f 4930 4929 4872 4904
f 3100 3123 4854 4855
f 3030 3022 3066 3035
f 3012 3009 3000 3112
f 2916 2836 5596 2903
f 3118 3114 3115 4851
f 3035 3066 3127 3045
f 4898 4896 3127 3066
f 3048 3116 3115 3113
f 3116 3048 3047 3043
f 3042 3032 3031 3041
f 3041 3031 3024 3040
f 3040 3024 3023 3039
f 3043 3047 3032 3042
f 3450 3449 3129 3128
f 3590 3330 3697 3693
f 3459 3154 3129 3449
f 3459 3155 3157 3460
f 3159 3461 3460 3157
f 3460 3156 3154 3459
f 3463 3162 3160 3462
f 3173 3176 3155 3131
f 3611 3143 3171 3692
f 3184 3185 3182 3181
f 3182 3179 3178 3181
f 3207 3580 3723 3718
f 3165 3164 3145 3147
f 3518 3837 3836 3555
f 3137 3169 3175 3135
f 3174 3172 3130 3133
f 3168 3167 3150 3152
f 3179 3180 3163 3161
f 3172 3173 3131 3130
f 3702 3700 3135 3175
f 3169 3137 3580 3207
f 3419 3418 3398 3399
f 3157 3177 3178 3159
f 3471 3167 3168 3477
f 3190 3197 3204 3191
f 3417 3397 3398 3418
f 3471 3470 3166 3167
f 3476 3478 3477 3168
f 3461 3158 3156 3460
f 3176 3177 3157 3155
f 3461 3159 3161 3462
f 3478 3533 3532 3477
f 3184 3191 8456 8453
f 8454 8455 3186 3185
f 12780 12775 12759 12748
f 3193 3194 3173 3172
f 3736 3750 3751 3752
f 3199 3196 3175 3169
f 3692 3202 3201 3749
f 3195 3193 3172 3174
f 3719 3718 3725 3757
f 3200 3165 3166 3470
f 3183 3478 3476 3180
f 3182 3183 3180 3179
f 3185 3186 3183 3182
f 4305 4304 12162 3674
f 3315 3203 3171 3164
f 12358 12245 12207 12237
f 3194 3197 3176 3173
f 3196 3707 3702 3175
f 3462 3160 3158 3461
f 13615 3202 3203 13616
f 3197 13627 13629 3204
f 3194 13632 13627 3197
f 3500 3485 3492 3497
f 3526 3769 3766 3513
f 3505 3510 3520 3522
f 3203 3202 3692 3171
f 3690 3140 3616 3633
f 13596 13594 3756 3722
f 3601 3803 3800 3307
f 3509 3505 3522 3523
f 3603 3600 3810 3808
f 3311 3310 3345 3346
f 3209 3465 3469 3210
f 3258 3570 3566 3240
f 3209 3781 3212 3314
f 3784 3314 3212 3785
f 12492 13393 12805 12488
f 3784 8488 8486 3783
f 13566 13567 3219 3217
f 3521 3706 3705 3506
f 13393 12492 12491 12798
f 3650 3684 3272 3294
f 8462 3239 3214 8461
f 13564 13594 13596 13566
f 3722 3488 3490 3759
f 3815 3352 3272 3255
f 13628 13617 3504 3762
f 13633 13619 3316 3293
f 3253 3257 3242 3230
f 13627 3205 3206 13629
f 3514 12145 12148 3527
f 3254 3436 3435 3227
f 3527 3525 3512 3514
f 3442 3269 3231 3443
f 3234 3256 3260 3246
f 3260 3261 3249 3246
f 13635 3754 3483 13636
f 3253 3445 3446 3228
f 3276 3266 3236 3271
f 13575 13610 13598 13568
f 3242 3257 3570 3571
f 3572 3567 3226 3564
f 3251 8466 8469 3262
f 3436 3256 3234 3435
f 3570 3257 3237 3566
f 3259 3244 3243 3258
f 8468 3259 3241 8463
f 3567 3566 3237 3226
f 12594 12592 12305 12280
f 3567 3572 3213 3238
f 3240 3238 3239 3241
f 8462 8463 3241 3239
f 3720 3328 3334 3763
f 3229 3437 3436 3254
f 4176 4175 12154 3489
f 3247 3224 3246 3249
f 3251 3262 3261 3248
f 3260 3256 3235 3245
f 3247 3249 3252 3250
f 3252 3249 3261 3262
f 3248 3245 3266 3265
f 3265 3264 3251 3248
f 3571 3570 3258 3243
f 3265 3266 3276 3275
f 12130 12157 12158 12134
f 3244 8464 8470 3267
f 3243 3244 3267 3268
f 3229 3444 3443 3231
f 3264 8471 8466 3251
f 4175 4174 3777 12154
f 3275 3276 3286 3285
f 3268 3267 3277 3278
f 3275 3274 3264 3265
f 3781 3533 3473 3212
f 4172 4177 3761 3515
f 12587 13580 13571 12254
f 3533 3478 3183 3473
f 3278 3277 3287 3288
f 3285 3284 3274 3275
f 3569 3268 3278 3568
f 13591 3714 3755 13595
f 12274 12266 12290 12294
f 13601 13583 13584 13602
f 4173 4172 3515 3493
f 3769 3768 3765 3766
f 3284 8475 8473 3274
f 8468 8464 3244 3259
f 3262 8469 8467 3252
f 3754 13635 13660 13597
f 3524 3521 3506 3511
f 13564 13566 3217 3560
f 3234 3246 3224 3222
f 3445 3444 3229 3254
f 3222 3224 3217 3219
f 3613 3805 3803 3601
f 3344 3377 3575 3297
f 3398 3397 3628 3624
f 3342 3343 3296 3573
f 3681 3340 3298 3208
f 3343 3344 3297 3296
f 3340 3341 3299 3298
f 3349 3355 3351 3350
f 3317 3318 3324 3323
f 3295 3604 3526 3525
f 3309 3311 3346 3348
f 3709 3309 3348 3712
f 3699 3701 3319 3325
f 3364 8484 8498 3574
f 3694 3342 3573 3710
f 3337 3338 3578 3581
f 3377 3364 3574 3575
f 3607 3606 3373 3321
f 3699 3325 3331 3697
f 3369 8481 8482 3368
f 3323 3324 3330 3329
f 3326 3327 3333 3332
f 3198 3323 3329 3192
f 3325 3326 3332 3331
f 3594 3586 3335 3170
f 3589 3588 3338 3337
f 3693 3589 3337 3698
f 3592 8500 8483 3365
f 3586 3590 3336 3335
f 3588 3591 3339 3338
f 3578 3577 3344 3343
f 3587 3579 3340 3681
f 3581 3578 3343 3342
f 3696 3581 3342 3694
f 3583 8499 8484 3364
f 3579 3582 3341 3340
f 3812 3366 8478 8644
f 4456 3346 3345 4452
f 3585 3797 3795 3306
f 3379 3345 3310 3378
f 3325 3319 3320 3326
f 3326 3320 3321 3327
f 3606 3605 3370 3373
f 3321 3373 3376 3327
f 4457 3355 3349 4455
f 4458 3712 3348 4454
f 3558 3500 3497 3557
f 3823 3676 3653 3829
f 3511 3293 3316 3334
f 3713 3354 3358 3695
f 3353 3359 3360 3356
f 3370 8480 8481 3369
f 3354 3347 3361 3358
f 8478 3366 3367 8477
f 3372 3380 3362 3312
f 3371 4460 8645 8479
f 3373 3370 3369 3376
f 3312 3362 3361 3347
f 3376 3369 3368 3375
f 4454 3348 3346 4456
f 3363 3371 8479 8485
f 3584 3583 3364 3377
f 3593 3592 3365 3374
f 3596 3304 3790 3789
f 3170 3335 3579 3587
f 3611 3481 3453 3143
f 4451 3379 3366 3812
f 3366 3379 3378 3367
f 3327 3376 3375 3333
f 3577 3584 3377 3344
f 3591 3593 3374 3339
f 4452 3345 3379 4451
f 3788 3774 3599 3773
f 3371 3363 3380 3372
f 3615 3614 3382 3381
f 3617 3616 3140 3138
f 3618 3617 3138 3136
f 3619 3618 3136 3134
f 3620 3619 3134 3132
f 3621 3614 3129 3154
f 3623 3622 3160 3162
f 3398 3624 3622 3399
f 3396 3621 3628 3397
f 3627 3626 3153 3151
f 12199 12197 12484 12485
f 3629 3627 3151 3149
f 3158 3624 3628 3156
f 3631 3630 3146 3144
f 3632 3625 3142 3141
f 3615 3620 3132 3128
f 3413 3414 3394 3393
f 3411 3412 3392 3391
f 3407 3408 3388 3387
f 3401 3403 3383 3381
f 3178 3177 3190 3181
f 3414 3415 3395 3394
f 3408 3409 3389 3388
f 3403 3404 3384 3383
f 3178 3179 3161 3159
f 3475 3163 3180 3476
f 3404 3405 3385 3384
f 3417 3416 3396 3397
f 3409 3410 3390 3389
f 3405 3406 3386 3385
f 3416 3402 3382 3396
f 3406 3407 3387 3386
f 3381 3382 3402 3401
f 3420 3419 3399 3400
f 13630 3196 3199 13633
f 3631 3625 3390 3391
f 3391 3390 3410 3411
f 3435 3234 3222 3434
f 3241 3259 3258 3240
f 3438 3236 3235 3437
f 3439 3271 3236 3438
f 3439 3269 3279 3440
f 3442 3270 3280 3441
f 3444 3230 3232 3443
f 3816 3813 3837 3255
f 3256 3436 3437 3235
f 12134 12158 12159 12138
f 8460 3786 3783 8486
f 3755 3714 3492 3485
f 3784 3783 3467 3314
f 13564 13565 13593 13594
f 3227 3435 3434 3221
f 3245 3248 3261 3260
f 3231 3438 3437 3229
f 3269 3439 3438 3231
f 3271 3439 3440 3281
f 3270 3442 3443 3232
f 3445 3253 3230 3444
f 3228 3446 3447 3225
f 13595 13597 13562 13570
f 13567 13566 13596 13592
f 3355 3187 3680 3351
f 4466 3356 3189 4468
f 13659 13606 13571 13580
f 3228 3225 3226 3237
f 3708 13614 13630 3292
f 3503 13615 13616 3502
f 3132 3451 3450 3128
f 3134 3452 3451 3132
f 3716 3717 3136 3138
f 3146 3455 3454 3144
f 3151 3457 3456 3149
f 3153 3458 3457 3151
f 3474 3482 3458 3153
f 3142 3144 3454 3453
f 8455 8487 3472 3186
f 3479 3400 3623 3634
f 13643 12351 12241 13639
f 3500 3550 3483 3485
f 3498 3556 3557 3497
f 3780 3779 3530 3531
f 3289 3205 13627 13632
f 7892 3469 3465 3782
f 3476 3168 3152 3475
f 3760 13625 13628 3762
f 3626 3634 3474 3153
f 3415 3480 3479 3395
f 3270 3232 3263 3273
f 3142 3453 3481 3141
f 3475 3482 3463 3163
f 12573 12523 12508 12506
f 13591 13563 13569 13590
f 3837 12125 3815 3255
f 12809 12806 12490 12810
f 3210 3469 3468 3211
f 13565 13568 13598 13593
f 3566 3567 3238 3240
f 13563 13591 13595 13570
f 3283 3280 3270 3273
f 3291 13631 13614 3708
f 13617 13615 3503 3504
f 3494 3519 3555 3499
f 3491 3498 3497 3492
f 3186 3472 3473 3183
f 3488 3487 3495 3494
f 3204 13629 13624 8457
f 8491 3507 3528 8493
f 3494 3499 3490 3488
f 3669 12156 12155 4304
f 3491 3490 3499 3498
f 3487 3486 3496 3495
f 12151 3519 3494 3495
f 3519 12151 3517 12161
f 3528 3507 3508 3529
f 13563 13570 3563 3215
f 4316 3218 3220 12126
f 3302 4183 3761 3282
f 3195 13631 13626 3193
f 3233 8515 3635 8517
f 3442 3441 3279 3269
f 3294 3303 3302 3282
f 4317 3218 12156 3669
f 3393 3392 3412 3413
f 3754 3755 3485 3483
f 3559 13634 13623 3550
f 3496 3486 8489 8490
f 12228 12229 12242 12235
f 3286 3276 3271 3281
f 3778 3532 3533 3781
f 3778 3780 3531 3532
f 8521 4176 3489 3313
f 3756 3487 3488 3722
f 3605 3535 8494 8501
f 3546 3547 3536 3537
f 3608 3538 3537 3607
f 3609 3539 3538 3608
f 3711 3704 3539 3609
f 3612 3541 3540 3610
f 3534 3448 3541 3612
f 3303 3352 3685 3652
f 3538 3545 3546 3537
f 3535 3548 8495 8494
f 3541 3549 3543 3540
f 3448 3464 3549 3541
f 3539 3544 3545 3538
f 3704 3703 3544 3539
f 3502 13616 13620 3501
f 3500 3558 3559 3550
f 3555 3556 3498 3499
f 3558 12146 3484 3559
f 3651 3815 12125 3357
f 3517 3516 3551 3552
f 3193 13626 13632 3194
f 3456 3455 3146 3149
f 3322 3207 3718 3719
f 3555 3836 12149 3556
f 3503 3502 3514 3512
f 3503 3512 3513 3504
f 3223 8517 3635 3664
f 3149 3146 3630 3629
f 3456 3148 3147 3455
f 3293 3511 3506 3292
f 3705 3708 3292 3506
f 3505 3290 3291 3510
f 3509 3289 3290 3505
f 3289 3509 3508 3205
f 3547 3548 3535 3536
f 3150 3167 3166 3148
f 3164 3171 3143 3145
f 3162 3474 3634 3623
f 3238 3213 3214 3239
f 13568 13565 3561 8497
f 3209 3314 3467 3465
f 3250 3561 3560 3247
f 3224 3247 3560 3217
f 3434 3222 3219 3562
f 3221 3434 3562 3215
f 3225 3447 3563 3216
f 13565 13564 3560 3561
f 3501 13620 13618 3484
f 3242 3571 3569 3263
f 3263 3569 3568 3273
f 3273 3568 3565 3283
f 3722 3759 13592 13596
f 3205 3508 3507 3206
f 3338 3339 3577 3578
f 3698 3337 3581 3696
f 3365 8483 8499 3583
f 3335 3336 3582 3579
f 3339 3374 3584 3577
f 3294 3272 3352 3303
f 3139 3317 3323 3198
f 3542 3189 3356 3360
f 3573 3309 3709 3710
f 4300 4298 3688 3658
f 3830 3826 3686 3654
f 3670 3689 3684 3650
f 3638 3658 3688 3683
f 4313 4311 3687 3656
f 3549 3464 3689 3670
f 3636 3637 3682 3683
f 3374 3365 3583 3584
f 3537 3536 3606 3607
f 3602 3603 3808 3807
f 3300 3305 3792 3791
f 13622 13621 3719 3757
f 3585 3308 3798 3797
f 3298 3351 3680 3208
f 3370 3605 8501 8480
f 3320 3608 3607 3321
f 3319 3609 3608 3320
f 3701 3711 3609 3319
f 3317 3612 3610 3318
f 3139 3534 3612 3317
f 3758 13622 13625 3760
f 3594 3192 3329 3586
f 3586 3329 3330 3590
f 3715 3716 3138 3140
f 3299 3350 3351 3298
f 3710 3709 3350 3299
f 3296 3311 3309 3573
f 3297 3310 3311 3296
f 3575 3378 3310 3297
f 3536 3535 3605 3606
f 8498 8477 3367 3574
f 3693 3697 3331 3589
f 3589 3331 3332 3588
f 3588 3332 3333 3591
f 3375 3593 3591 3333
f 3574 3367 3378 3575
f 3592 3368 8482 8500
f 3128 3129 3614 3615
f 3386 3387 3616 3617
f 3385 3386 3617 3618
f 3384 3385 3618 3619
f 3383 3384 3619 3620
f 3396 3382 3614 3621
f 3400 3399 3622 3623
f 3624 3158 3160 3622
f 3394 3395 3626 3627
f 3393 3394 3627 3629
f 3628 3621 3154 3156
f 3391 3392 3630 3631
f 3389 3390 3625 3632
f 3381 3383 3620 3615
f 3388 3389 3632 3633
f 3387 3388 3633 3616
f 3144 3142 3625 3631
f 3395 3479 3634 3626
f 3674 12162 12164 3673
f 3274 8473 8471 3264
f 8465 3250 3252 8467
f 3250 8465 8497 3561
f 13606 13659 13657 12777
f 3551 3516 8492 8496
f 3206 3507 8491 8458
f 3277 8472 8474 3287
f 3267 8470 8472 3277
f 3673 12164 12165 3672
f 3673 3672 3637 3636
f 3683 3682 3639 3638
f 3638 3639 3641 3640
f 3644 4162 3679 3642
f 3644 3645 3647 3646
f 3646 3647 3649 3648
f 3826 3829 3653 3686
f 4311 4312 3655 3687
f 4298 4299 3657 3688
f 3683 3688 3657 3636
f 3830 3654 3661 3833
f 4313 3656 3662 4314
f 3303 3652 3660 3302
f 4300 3658 3663 4301
f 3640 3663 3658 3638
f 3670 3650 3659 3671
f 3481 3611 3188 3595
f 8516 3233 8517 3665
f 3315 3164 3165 3200
f 3553 3518 12161 3554
f 12142 12160 3554 3552
f 12138 12159 12160 12142
f 4303 4302 3665 3666
f 8565 8516 3665 4302
f 8566 8518 3667 4315
f 4316 4315 3667 3668
f 3218 4316 3668 12156
f 3669 4304 4305 3675
f 3195 3174 3702 3707
f 3292 13630 13633 3293
f 3549 3670 3671 3543
f 4312 3653 3676 4318
f 4299 3655 3675 4305
f 3636 3657 3674 3673
f 3669 3675 4318 4317
f 4296 4295 4376 4377
f 3553 12143 3357 12125
f 3679 4162 4226 3678
f 3678 4226 4229 4228
f 3633 3632 3141 3690
f 3447 3221 3215 3563
f 13615 13617 3201 3202
f 3702 3174 3133 3700
f 3301 3295 3525 3527
f 3318 3610 3711 3701
f 3308 3307 3800 3798
f 3336 3698 3696 3582
f 3510 3291 3708 3705
f 3540 3543 3703 3704
f 3610 3540 3704 3711
f 3510 3705 3706 3520
f 3353 3713 3695 3359
f 4455 3349 3712 4458
f 3582 3696 3694 3341
f 3590 3693 3698 3336
f 3324 3699 3697 3330
f 3341 3694 3710 3299
f 3324 3318 3701 3699
f 3350 3709 3712 3349
f 3304 3300 3791 3790
f 3136 3717 3452 3134
f 3201 3751 3750 3749
f 3718 3723 3726 3725
f 3550 13623 13636 3483
f 3690 3724 3715 3140
f 13620 3315 3200 13618
f 3595 3727 3724 3690
f 3208 3680 3733 3728
f 3681 3208 3728 3734
f 3189 3542 3731 3729
f 3680 3187 3730 3733
f 4468 3189 3729 4470
f 3587 3681 3734 3732
f 3810 3600 3772 3818
f 3593 3375 3368 3592
f 3454 3145 3143 3453
f 3595 3690 3141 3481
f 3737 3739 3740 3738
f 3739 3741 3742 3740
f 3927 3743 3744 3926
f 3743 3745 3746 3744
f 3738 3748 3747 3737
f 3611 3692 3749 3188
f 3266 3245 3235 3236
f 3691 3188 3749 3750
f 3322 3199 3169 3207
f 3672 12165 3223 3664
f 3531 3471 3477 3532
f 3524 3511 3334 3328
f 3492 3714 3776 3491
f 3491 3776 3759 3490
f 13629 3206 8458 13624
f 12126 3220 12157 12130
f 13626 3290 3289 13632
f 13621 13622 3758 3721
f 3487 3756 3753 3486
f 13635 13636 3779 13414
f 13631 3291 3290 13626
f 3484 13618 13634 3559
f 3721 3758 3764 3763
f 3768 3767 3764 3765
f 3446 3227 3221 3447
f 3513 3766 3762 3504
f 3525 3526 3513 3512
f 3316 3721 3763 3334
f 3529 3508 3509 3523
f 3204 8457 8456 3191
f 3475 3152 3458 3482
f 3457 3150 3148 3456
f 3305 3576 3793 3792
f 3604 3770 3769 3526
f 3463 3462 3161 3163
f 3602 3807 3805 3613
f 3187 4453 4459 3730
f 3604 3295 3772 3771
f 3306 3795 3793 3576
f 3486 3753 8519 8489
f 3468 3469 7892 3775
f 13619 13633 3199 3322
f 13617 13628 3751 3201
f 13630 13614 3707 3196
f 13625 13622 3757 3752
f 3785 3212 3473 3472
f 13618 3200 3470 13634
f 3650 3294 3282 3659
f 4174 4173 3493 3777
f 3480 3420 3400 3479
f 13581 13599 13604 13586
f 3455 3147 3145 3454
f 3288 3565 3568 3278
f 12248 12249 12491 12492
f 8488 3784 3785 8459
f 3463 3482 3474 3162
f 3790 3733 3730 3789
f 3791 3728 3733 3790
f 3791 3792 3734 3728
f 3792 3793 3732 3734
f 3796 3799 3192 3594
f 3799 3801 3198 3192
f 3806 3809 3464 3448
f 3811 3689 3464 3809
f 3255 3272 3684 3816
f 3770 3604 3771 3814
f 4459 4461 3789 3730
f 3729 3731 3774 3788
f 3190 3191 3184 3181
f 3190 3177 3176 3197
f 3810 3811 3809 3808
f 3807 3808 3809 3806
f 3534 3804 3806 3448
f 3804 3805 3807 3806
f 3534 3139 3802 3804
f 3804 3802 3803 3805
f 3139 3198 3801 3802
f 3802 3801 3800 3803
f 3798 3800 3801 3799
f 3797 3798 3799 3796
f 3594 3170 3794 3796
f 3796 3794 3795 3797
f 3814 3902 3904 3817
f 3732 3793 3795 3794
f 3816 3684 3689 3811
f 3772 3295 3301 3818
f 3814 3817 3599 3770
f 3813 3816 3811 3810
f 3587 3732 3794 3170
f 3458 3152 3150 3457
f 3651 3685 3352 3815
f 3598 3773 3820 3819
f 3904 3906 3820 3817
f 3652 3832 3835 3660
f 3832 3831 3834 3835
f 3831 3830 3833 3834
f 3685 3651 3827 3824
f 3824 3827 3828 3825
f 3825 3828 3829 3826
f 3652 3685 3824 3832
f 3832 3824 3825 3831
f 3831 3825 3826 3830
f 3357 3821 3827 3651
f 3821 3822 3828 3827
f 3822 3823 3829 3828
f 3147 3148 3166 3165
f 3748 3839 3838 3747
f 3839 3841 3840 3838
f 3841 3843 3842 3840
f 3845 3844 3846 3847
f 3847 3846 3848 3849
f 3849 3848 3850 3851
f 3851 3850 3852 3853
f 3853 3852 3854 3855
f 3855 3854 3856 3857
f 3857 3856 3858 3859
f 3851 3853 3861 3860
f 3860 3861 3863 3862
f 3862 3863 3865 3864
f 3864 3865 3867 3866
f 3866 3867 3869 3868
f 3868 3869 3871 3870
f 3870 3871 3873 3872
f 3872 3873 3875 3874
f 3874 3875 3877 3876
f 3876 3877 3879 3878
f 3878 3879 3881 3880
f 3843 3883 3882 3842
f 3883 3885 3884 3882
f 3885 3887 3886 3884
f 3887 3889 3888 3886
f 3889 3891 3890 3888
f 3891 3893 3892 3890
f 3893 3895 3894 3892
f 3880 3881 3897 3896
f 3968 3952 3966 3990
f 3972 3951 3967 3991
f 4156 3901 3966 4158
f 3989 3903 3905 3987
f 3987 3905 3907 3988
f 3988 3907 3909 3973
f 3969 3984 3894 3910
f 3911 3913 3912 3910
f 3970 3969 3910 3912
f 3894 3895 3911 3910
f 3915 3917 3916 3914
f 3917 3919 3918 3916
f 3994 3902 3900 4002
f 3848 3846 3856 3854
f 3854 3852 3850 3848
f 3846 3844 3858 3856
f 3929 3858 3844 3930
f 3974 3968 3737 3747
f 3975 3974 3747 3838
f 3976 3975 3838 3840
f 3977 3976 3840 3842
f 3978 3977 3842 3882
f 3979 3978 3882 3884
f 3980 3979 3884 3886
f 3981 3980 3886 3888
f 3982 3981 3888 3890
f 3983 3982 3890 3892
f 3984 3983 3892 3894
f 3971 3985 3916 3918
f 3985 3986 3914 3916
f 3986 3970 3912 3914
f 3912 3913 3915 3914
f 3999 3598 3819 4000
f 3820 3906 3908 3819
f 3973 3909 3739 3990
f 3727 3691 3735 3726
f 3817 3820 3773 3599
f 3771 3900 3902 3814
f 4002 3900 3771 4001
f 3918 3919 3925 3922
f 3933 3932 3919 3917
f 3934 3933 3917 3915
f 3935 3934 3915 3913
f 3937 3936 3895 3893
f 3938 3937 3893 3891
f 3939 3938 3891 3889
f 3940 3939 3889 3887
f 3941 3940 3887 3885
f 3942 3941 3885 3883
f 3943 3942 3883 3843
f 3944 3847 3849 3943
f 3945 3845 3847 3944
f 3930 3844 3845 3945
f 3929 3946 3859 3858
f 3946 3926 3744 3859
f 3746 3857 3859 3744
f 3936 3947 3911 3895
f 3923 3921 3922 3925
f 4136 3950 3967 4159
f 3947 3935 3913 3911
f 3971 3918 3922 3991
f 3932 3880 3896 3931
f 3928 3923 3925 3931
f 3898 3928 3931 3896
f 3919 3932 3931 3925
f 3872 3874 3935 3947
f 3870 3872 3947 3936
f 3740 3742 3926 3946
f 3738 3740 3946 3929
f 3748 3930 3945 3839
f 3839 3945 3944 3841
f 3841 3944 3943 3843
f 3849 3851 3942 3943
f 3851 3860 3941 3942
f 3860 3862 3940 3941
f 3862 3864 3939 3940
f 3864 3866 3938 3939
f 3866 3868 3937 3938
f 3868 3870 3936 3937
f 3874 3876 3934 3935
f 3876 3878 3933 3934
f 3878 3880 3932 3933
f 3738 3929 3930 3748
f 4152 4137 3949 3965
f 3741 3927 3926 3742
f 4151 4152 3965 3964
f 4136 4151 3964 3950
f 4150 4149 3962 3963
f 4149 4148 3961 3962
f 4148 4147 3960 3961
f 4147 4146 3959 3960
f 4146 4145 3958 3959
f 4145 4144 3957 3958
f 4144 4143 3956 3957
f 4143 4142 3955 3956
f 4142 4141 3954 3955
f 4141 4140 3953 3954
f 4140 4157 3952 3953
f 3989 3948 3951 3972
f 4137 4138 3899 3949
f 4138 4150 3963 3899
f 4155 3920 3901 4156
f 4154 3924 3920 4155
f 4153 3948 3924 4154
f 3903 3989 3972 3921
f 3950 3971 3991 3967
f 3901 3973 3990 3966
f 3965 3949 3970 3986
f 3964 3965 3986 3985
f 3950 3964 3985 3971
f 3963 3962 3983 3984
f 3962 3961 3982 3983
f 3961 3960 3981 3982
f 3960 3959 3980 3981
f 3959 3958 3979 3980
f 3958 3957 3978 3979
f 3957 3956 3977 3978
f 3956 3955 3976 3977
f 3955 3954 3975 3976
f 3954 3953 3974 3975
f 3953 3952 3968 3974
f 3949 3899 3969 3970
f 3899 3963 3984 3969
f 3920 3988 3973 3901
f 3924 3987 3988 3920
f 3948 3989 3987 3924
f 3921 3972 3991 3922
f 3737 3968 3990 3739
f 3902 3994 3996 3904
f 3904 3996 3997 3906
f 3906 3997 3998 3908
f 3613 3601 4013 3995
f 3602 3613 3995 3993
f 3597 3598 3999 4003
f 4004 4005 3304 3596
f 4470 4471 4461 4459
f 3300 3304 4005 4006
f 3305 3300 4006 4007
f 3576 3305 4007 4008
f 3306 3576 4008 4009
f 3585 3306 4009 4010
f 3308 3585 4010 4011
f 3307 3308 4011 4012
f 3601 3307 4012 4013
f 3772 3600 4014 3992
f 3600 3603 4015 4014
f 3603 3602 3993 4015
f 3772 3992 4001 3771
f 4139 4002 4001 4159
f 4157 3999 4000 4158
f 4153 3994 4002 4139
f 3908 3998 4000 3819
f 3909 3907 4018 4019
f 3907 3905 4017 4018
f 3905 3903 4016 4017
f 4019 4018 4022 4023
f 4018 4017 4021 4022
f 4017 4016 4020 4021
f 4023 4022 4026 4027
f 4022 4021 4025 4026
f 4021 4020 4024 4025
f 3739 3909 4019 3741
f 3741 4019 4023 3927
f 3927 4023 4027 3743
f 3923 4016 3903 3921
f 3928 4020 4016 3923
f 3898 4024 4020 3928
f 4043 4042 4028 4030
f 4045 4044 4034 4035
f 4047 4046 4039 4040
f 4048 4047 4040 4041
f 4050 4049 4032 4033
f 4052 4051 4037 4038
f 4053 4043 4030 4031
f 4054 4045 4035 4036
f 4044 4050 4033 4034
f 4046 4052 4038 4039
f 4049 4053 4031 4032
f 4051 4054 4036 4037
f 4042 4055 4029 4028
f 3853 3855 4055 4042
f 3875 3873 4054 4051
f 3865 3863 4053 4049
f 3879 3877 4052 4046
f 3869 3867 4050 4044
f 3873 3871 4045 4054
f 3863 3861 4043 4053
f 3877 3875 4051 4052
f 3867 3865 4049 4050
f 3897 3881 4047 4048
f 3881 3879 4046 4047
f 3871 3869 4044 4045
f 3861 3853 4042 4043
f 3897 4048 3898 3896
f 3898 4048 4041 4024
f 3855 3857 3746 4055
f 3745 4029 4055 3746
f 4079 4078 4072 4073
f 4085 4084 4059 4060
f 4091 4090 4065 4066
f 4097 4061 4056 4096
f 4100 4079 4073 4074
f 4106 4105 4075 4058
f 4097 4085 4060 4061
f 4109 4091 4066 4067
f 4096 4056 4057 4114
f 4115 4109 4067 4068
f 4114 4057 4063 4120
f 4121 4115 4068 4069
f 4100 4074 4075 4105
f 4124 4121 4069 4070
f 4127 4120 4063 4062
f 4130 4124 4070 4071
f 4133 4127 4062 4064
f 4078 4130 4071 4072
f 4084 4106 4058 4059
f 4090 4133 4064 4065
f 4074 4073 4058 4075
f 4058 4073 4072 4059
f 4059 4072 4071 4060
f 4060 4071 4070 4061
f 4061 4070 4069 4056
f 4056 4069 4068 4057
f 4067 4063 4057 4068
f 4063 4067 4066 4062
f 4062 4066 4065 4064
f 4031 4030 4135 4088
f 4088 4135 4134 4089
f 4089 4134 4133 4090
f 4025 4024 4108 4082
f 4082 4108 4107 4083
f 4083 4107 4106 4084
f 4038 4037 4132 4076
f 4076 4132 4131 4077
f 4077 4131 4130 4078
f 4030 4028 4129 4135
f 4135 4129 4128 4134
f 4134 4128 4127 4133
f 4037 4036 4126 4132
f 4132 4126 4125 4131
f 4131 4125 4124 4130
f 4028 4029 4118 4129
f 4129 4118 4119 4128
f 4128 4119 4120 4127
f 4036 4035 4123 4126
f 4126 4123 4122 4125
f 4125 4122 4121 4124
f 4041 4040 4102 4103
f 4103 4102 4101 4104
f 4104 4101 4100 4105
f 4035 4034 4117 4123
f 4123 4117 4116 4122
f 4122 4116 4115 4121
f 3745 4112 4118 4029
f 4112 4113 4119 4118
f 4113 4114 4120 4119
f 4034 4033 4111 4117
f 4117 4111 4110 4116
f 4116 4110 4109 4115
f 3743 4094 4112 3745
f 4094 4095 4113 4112
f 4095 4096 4114 4113
f 4033 4032 4093 4111
f 4111 4093 4092 4110
f 4110 4092 4091 4109
f 4027 4026 4087 4099
f 4099 4087 4086 4098
f 4098 4086 4085 4097
f 4024 4041 4103 4108
f 4108 4103 4104 4107
f 4107 4104 4105 4106
f 4040 4039 4081 4102
f 4102 4081 4080 4101
f 4101 4080 4079 4100
f 4027 4099 4094 3743
f 4099 4098 4095 4094
f 4098 4097 4096 4095
f 4032 4031 4088 4093
f 4093 4088 4089 4092
f 4092 4089 4090 4091
f 4026 4025 4082 4087
f 4087 4082 4083 4086
f 4086 4083 4084 4085
f 4039 4038 4076 4081
f 4081 4076 4077 4080
f 4080 4077 4078 4079
f 3948 4153 4139 3951
f 3952 4157 4158 3966
f 3951 4139 4159 3967
f 3994 4153 4154 3996
f 3996 4154 4155 3997
f 3997 4155 4156 3998
f 3995 4013 4150 4138
f 3993 3995 4138 4137
f 4003 3999 4157 4140
f 4004 4003 4140 4141
f 4005 4004 4141 4142
f 4006 4005 4142 4143
f 4007 4006 4143 4144
f 4008 4007 4144 4145
f 4009 4008 4145 4146
f 4010 4009 4146 4147
f 4011 4010 4147 4148
f 4012 4011 4148 4149
f 4013 4012 4149 4150
f 3992 4014 4151 4136
f 4014 4015 4152 4151
f 4015 3993 4137 4152
f 3992 4136 4159 4001
f 3998 4156 4158 4000
f 3648 3649 4161 4160
f 3646 3648 4164 4163
f 3644 3646 4163 4162
f 3648 4160 4165 4164
f 8495 3548 4170 8520
f 3548 3547 4169 4170
f 3545 3544 4166 4167
f 3546 3545 4167 4168
f 3544 3703 4171 4166
f 3547 3546 4168 4169
f 8520 4170 4176 8521
f 4167 4166 4172 4173
f 4168 4167 4173 4174
f 4170 4169 4175 4176
f 4166 4171 4177 4172
f 4169 4168 4174 4175
f 3313 3489 4182 8522
f 3493 3515 4178 4179
f 3777 3493 4179 4180
f 3489 12154 4181 4182
f 3515 3761 4183 4178
f 12154 3777 4180 4181
f 8522 4182 4188 8523
f 4179 4178 4184 4185
f 4180 4179 4185 4186
f 4182 4181 4187 4188
f 4178 4183 4189 4184
f 4181 4180 4186 4187
f 4185 4184 4190 4191
f 4186 4185 4191 4192
f 4188 4187 4193 4194
f 4184 4189 4195 4190
f 4187 4186 4192 4193
f 8523 4188 4194 8524
f 4192 4191 4197 4198
f 4194 4193 4199 4200
f 4190 4195 4201 4196
f 4193 4192 4198 4199
f 8524 4194 4200 8525
f 4191 4190 4196 4197
f 4200 4199 4205 4206
f 4196 4201 4207 4202
f 4199 4198 4204 4205
f 8525 4200 4206 8526
f 4197 4196 4202 4203
f 4198 4197 4203 4204
f 4206 4205 4211 4212
f 4202 4207 4213 4208
f 4205 4204 4210 4211
f 8526 4206 4212 8527
f 4203 4202 4208 4209
f 4204 4203 4209 4210
f 4320 4319 4217 4218
f 4322 4321 4219 4214
f 4319 4323 4216 4217
f 8567 4320 4218 8528
f 4324 4322 4214 4215
f 4323 4324 4215 4216
f 4214 4219 4225 4220
f 4217 4216 4222 4223
f 8528 4218 4224 8529
f 4215 4214 4220 4221
f 4216 4215 4221 4222
f 4218 4217 4223 4224
f 3671 4171 3703 3543
f 3659 4177 4171 3671
f 3282 3761 4177 3659
f 3660 4189 4183 3302
f 3835 4195 4189 3660
f 3834 4201 4195 3835
f 3833 4207 4201 3834
f 3661 4213 4207 3833
f 4314 4321 4213 3661
f 3707 13614 13631 3195
f 3657 4299 4305 3674
f 4162 4163 4164 4226
f 3677 3678 4228 4227
f 4228 4229 4235 4234
f 4165 4229 4226 4164
f 4225 3677 4227 4220
f 4229 4165 4232 4235
f 4234 4235 4241 4240
f 4160 4161 4231 4230
f 4165 4160 4230 4232
f 4227 4228 4234 4233
f 4220 4227 4233 4221
f 4235 4232 4238 4241
f 4240 4241 4247 4246
f 4232 4230 4236 4238
f 4233 4234 4240 4239
f 4230 4231 4237 4236
f 4221 4233 4239 4222
f 4239 4240 4246 4245
f 4246 4247 4254 4252
f 4236 4237 4243 4242
f 4241 4238 4244 4247
f 4238 4236 4242 4244
f 4222 4239 4245 4223
f 4252 4254 4260 4258
f 4244 4242 4248 4250
f 4245 4246 4252 4251
f 4242 4243 4249 4248
f 4247 4244 4250 4254
f 4223 4245 4251 4224
f 4254 4250 4255 4260
f 4250 4248 4257 4255
f 8531 4251 4252 8533
f 4248 4249 4256 4257
f 8533 4252 4258 8532
f 4622 4266 4264 4621
f 4224 4251 8531 8529
f 4406 4381 4380 4291
f 4266 4272 4270 4264
f 4477 4511 4265 4665
f 8798 4621 4264 8538
f 4624 4623 4263 4261
f 4622 4624 4261 4266
f 4623 4625 4262 4263
f 8545 4270 4276 8559
f 4266 4261 4267 4272
f 8538 4264 4270 8545
f 4261 4263 4269 4267
f 4411 4557 4259 4278
f 4263 4262 4268 4269
f 4272 4267 4273 4279
f 4659 4272 4279 4277
f 4267 4269 4275 4273
f 4283 4277 4279 4285
f 4269 4268 4274 4275
f 4511 4411 4278 4265
f 8559 4276 4662 8795
f 4273 4275 4282 4280
f 3645 3643 4290 4292
f 4275 4274 4281 4282
f 4585 4480 4271 4253
f 4279 4273 4280 4285
f 3637 3672 4296 4287
f 4374 4330 4292 4290
f 3641 3643 3642 3640
f 3682 3637 4287 4297
f 3649 3647 4293 4294
f 3639 3682 4297 4288
f 4409 4359 4375 4284
f 3736 3735 3691 3750
f 3640 3642 3679 3663
f 3188 3691 3727 3595
f 3635 8515 8564 4286
f 3641 3639 4288 4289
f 3647 3645 4292 4293
f 3664 3635 4286 4295
f 8518 8565 4302 3667
f 3668 3667 4302 4303
f 12156 3668 4303 12155
f 3656 4300 4301 3662
f 3687 3655 4299 4298
f 3656 3687 4298 4300
f 4301 4225 4219 3662
f 4225 4301 3663 3677
f 3641 4289 4290 3643
f 3663 3679 3678 3677
f 4249 4243 4309 4310
f 4237 4231 4307 4308
f 4243 4237 4308 4309
f 4231 4161 4306 4307
f 4161 3649 4294 4306
f 3662 4219 4321 4314
f 4210 4209 4324 4323
f 4209 4208 4322 4324
f 8527 4212 4320 8567
f 4211 4210 4323 4319
f 4208 4213 4321 4322
f 4212 4211 4319 4320
f 3765 3760 3762 3766
f 3655 4312 4318 3675
f 3654 4313 4314 3661
f 3686 3653 4312 4311
f 3654 3686 4311 4313
f 4281 4274 4328 4329
f 4274 4268 4327 4328
f 4268 4262 4326 4327
f 4625 4256 4325 4626
f 4256 4249 4310 4325
f 4293 4292 4330 4331
f 4307 4306 4333 4334
f 4306 4294 4332 4333
f 4294 4293 4331 4332
f 4333 4332 4337 4338
f 4332 4331 4336 4337
f 4334 4333 4338 4339
f 4331 4330 4335 4336
f 4338 4337 4342 4343
f 4337 4336 4341 4342
f 4339 4338 4343 4344
f 4336 4335 4340 4341
f 4343 4342 4347 4348
f 4342 4341 4346 4347
f 4344 4343 4348 4349
f 4341 4340 4345 4346
f 4310 4309 4351 4352
f 4650 4353 4358 4627
f 4325 4310 4352 4353
f 4309 4308 4350 4351
f 4627 4358 4363 4628
f 4351 4350 4355 4356
f 4353 4352 4357 4358
f 4352 4351 4356 4357
f 4354 4359 4409 4408
f 4356 4355 4360 4361
f 4358 4357 4362 4363
f 4357 4356 4361 4362
f 4628 4363 4368 4629
f 4361 4360 4365 4366
f 4363 4362 4367 4368
f 4362 4361 4366 4367
f 4308 4307 4334 4350
f 4339 4355 4350 4334
f 4344 4360 4355 4339
f 4349 4365 4360 4344
f 4289 4288 4372 4373
f 4286 8564 8577 4370
f 4635 4630 4389 4390
f 4295 4286 4370 4376
f 4290 4289 4373 4374
f 4287 4296 4377 4371
f 4288 4297 4378 4372
f 4297 4287 4371 4378
f 4374 4632 4642 4330
f 4359 4406 4291 4375
f 3672 3664 4295 4296
f 4632 4631 4386 4387
f 4634 4633 4380 4381
f 4636 4635 4390 4384
f 4638 4637 4391 4385
f 4639 4634 4381 4382
f 4631 4638 4385 4386
f 4285 4667 4661 4283
f 4641 8817 8588 4383
f 4283 4660 4640 4277
f 4630 4641 4383 4389
f 4637 4636 4384 4391
f 4633 4642 4379 4380
f 4639 4382 4393 4643
f 4643 4393 4395 4644
f 4644 4395 4397 4645
f 4645 4397 4399 4646
f 4646 4399 4401 4647
f 4647 4401 4403 4648
f 4649 4648 4403 4405
f 4345 4392 4394 4346
f 4346 4394 4396 4347
f 4347 4396 4398 4348
f 4348 4398 4400 4349
f 4349 4400 4402 4365
f 4629 4649 4405 4369
f 4365 4402 4404 4366
f 4366 4404 4368 4367
f 4382 4381 4406 4407
f 4626 4325 4353 4650
f 4407 4406 4359 4354
f 4559 4557 4411 4410
f 4329 4328 4364 4412
f 4476 4477 4329 4412
f 4476 4412 4416 4478
f 4559 4410 4415 4560
f 4354 4408 4414 4413
f 4369 4416 4412 4364
f 4407 4354 4413 4417
f 4393 4382 4407 4417
f 4417 4413 4418 4420
f 4413 4414 4419 4418
f 4420 4418 4421 4423
f 4418 4419 4422 4421
f 4423 4421 4424 4426
f 4421 4422 4425 4424
f 4426 4424 4427 4429
f 4424 4425 4428 4427
f 4429 4427 4430 4432
f 4427 4428 4431 4430
f 4432 4430 4433 4435
f 4430 4431 4434 4433
f 4435 4433 4436 4438
f 4433 4434 4437 4436
f 4478 4416 4440 4479
f 4405 4440 4416 4369
f 4482 4483 4419 4414
f 4393 4417 4420 4395
f 4395 4420 4423 4397
f 4399 4397 4441 4442
f 4442 4441 4443 4444
f 4444 4443 4445 4446
f 4446 4445 4447 4448
f 4448 4447 4449 4450
f 4426 4441 4397 4423
f 4429 4443 4441 4426
f 4432 4445 4443 4429
f 4435 4447 4445 4432
f 4438 4449 4447 4435
f 3155 3459 3449 3131
f 3130 3131 3449 3450
f 3133 3130 3450 3451
f 3452 3700 3133 3451
f 3135 3700 3452 3717
f 3137 3135 3717 3716
f 3580 3137 3716 3715
f 3715 3724 3723 3580
f 3727 3726 3723 3724
f 3725 3726 3735 3736
f 13621 13619 3322 3719
f 3216 3564 3226 3225
f 3760 3765 3764 3758
f 3764 3767 3720 3763
f 3769 3770 3599 3768
f 4464 4455 4458 4467
f 3774 3767 3768 3599
f 3767 3774 3731 3720
f 3720 3731 3542 3328
f 3360 3524 3328 3542
f 3524 3360 3359 3521
f 3359 3695 3706 3521
f 3695 3358 3520 3706
f 3361 3522 3520 3358
f 3362 3523 3522 3361
f 3380 3529 3523 3362
f 3380 3363 3528 3529
f 3363 8485 8493 3528
f 3596 3597 4003 4004
f 13625 3752 3751 13628
f 3355 4457 4453 3187
f 4462 4452 4451 4469
f 4469 4451 3812 4460
f 4463 4454 4456 4465
f 4467 4458 4454 4463
f 4466 4457 4455 4464
f 4465 4456 4452 4462
f 4460 3812 8644 8645
f 4461 3597 3596 3789
f 3347 4465 4462 3312
f 3356 4466 4464 3353
f 3713 4467 4463 3354
f 3354 4463 4465 3347
f 3372 4469 4460 3371
f 3312 4462 4469 3372
f 3353 4464 4467 3713
f 3729 3788 4471 4470
f 4453 4468 4470 4459
f 4457 4466 4468 4453
f 3788 3773 3598 4471
f 4471 3598 3597 4461
f 4518 4527 4528 4521
f 4508 4478 4479 4510
f 4509 4476 4478 4508
f 4509 4511 4477 4476
f 4403 4473 4440 4405
f 4521 4528 4529 4523
f 4584 4586 4483 4482
f 4408 4481 4482 4414
f 4408 4409 4480 4481
f 4437 4434 4488 4489
f 4428 4425 4485 4486
f 4431 4428 4486 4487
f 4434 4431 4487 4488
f 4425 4422 4484 4485
f 4422 4419 4483 4484
f 5008 4757 4756 5009
f 5009 4756 4755 5010
f 4450 4449 4490 4491
f 4491 4490 4492 4493
f 4493 4492 4494 4495
f 4495 4494 4496 4497
f 4497 4496 4498 4499
f 4499 4498 4500 4501
f 4501 4500 4502 4503
f 4503 4502 4504 4505
f 4401 4399 4442 4472
f 4444 4474 4472 4442
f 4586 4587 4484 4483
f 4439 4510 4512 4506
f 4562 4561 4506 4507
f 4515 4526 4527 4518
f 4512 4513 4507 4506
f 4410 4411 4511 4509
f 4410 4509 4508 4415
f 4415 4508 4510 4439
f 4526 4474 4514 4527
f 4446 4514 4474 4444
f 4516 4507 4513 4515
f 4563 4562 4507 4516
f 4516 4515 4518 4519
f 4519 4518 4521 4522
f 4522 4521 4523 4524
f 4448 4517 4514 4446
f 4450 4520 4517 4448
f 4513 4475 4526 4515
f 4475 4513 4512 4530
f 4479 4530 4512 4510
f 4479 4440 4473 4530
f 4473 4472 4475 4530
f 4528 4517 4520 4529
f 4527 4514 4517 4528
f 4563 4516 4519 4564
f 4401 4472 4473 4403
f 4474 4526 4475 4472
f 4491 4533 4520 4450
f 4535 4576 4574 4603
f 4493 4534 4533 4491
f 4495 4536 4534 4493
f 4534 4536 4541 4540
f 4533 4532 4529 4520
f 4604 4607 4541 4545
f 4541 4536 4544 4545
f 4545 4544 4546 4547
f 4547 4546 4548 4549
f 4549 4548 4550 4551
f 4497 4544 4536 4495
f 4499 4546 4544 4497
f 4501 4548 4546 4499
f 4503 4550 4548 4501
f 4534 4540 4532 4533
f 4609 4542 4543 4604
f 4610 4609 4547 4549
f 4611 4610 4549 4551
f 4552 4553 4556 4555
f 4542 4552 4555 4554
f 4589 4563 4564 4591
f 4589 4588 4562 4563
f 4588 4587 4561 4562
f 4439 4506 4561 4558
f 4415 4439 4558 4560
f 4583 4559 4560 4584
f 4583 4585 4557 4559
f 4601 4538 4537 4543
f 4542 4554 4601 4543
f 4790 4565 4568 4569
f 4788 4789 4571 4572
f 4761 4762 4566 4567
f 4760 4790 4569 4570
f 4565 4761 4567 4568
f 4789 4760 4570 4571
f 5007 4758 4757 5008
f 4606 4608 4578 4575
f 4605 4613 4577 4574
f 4612 4605 4574 4576
f 4606 4575 4577 4613
f 4608 4607 4537 4578
f 4614 4612 4576 4573
f 4615 4582 4581 4614
f 4481 4480 4585 4583
f 4481 4583 4584 4482
f 4485 4484 4587 4588
f 4486 4485 4588 4589
f 4487 4591 4590 4488
f 4486 4589 4591 4487
f 4558 4561 4587 4586
f 4560 4558 4586 4584
f 4616 4592 4582 4615
f 4616 4580 4594 4618
f 4772 4769 4582 4592
f 4618 4594 4593 4617
f 4772 4592 4595 4775
f 4775 4595 4596 4778
f 4617 4593 4597 4619
f 4555 4556 4599 4597
f 4781 4778 4596 4598
f 4619 4597 4599 4620
f 4601 4554 4593 4594
f 4554 4555 4597 4593
f 4601 4594 4580 4538
f 4525 4602 4603 4531
f 4539 4535 4603 4602
f 4603 4574 4577 4531
f 4531 4577 4575 4578
f 4535 4579 4573 4576
f 4579 4535 4539 4580
f 4531 4578 4537 4525
f 4537 4538 4602 4525
f 4580 4539 4602 4538
f 4598 4619 4620 4600
f 4596 4617 4619 4598
f 4595 4618 4617 4596
f 4592 4616 4618 4595
f 4580 4616 4615 4579
f 4579 4615 4614 4573
f 4581 4524 4612 4614
f 4540 4541 4607 4608
f 4532 4606 4613 4529
f 4524 4523 4605 4612
f 4523 4529 4613 4605
f 4532 4540 4608 4606
f 4553 4552 4610 4611
f 4552 4542 4609 4610
f 4547 4609 4604 4545
f 4543 4537 4607 4604
f 4326 4626 4650 4327
f 4368 4404 4649 4629
f 4404 4402 4648 4649
f 4400 4647 4648 4402
f 4398 4646 4647 4400
f 4396 4645 4646 4398
f 4394 4644 4645 4396
f 4392 4643 4644 4394
f 4345 4639 4643 4392
f 4335 4330 4642 4633
f 4378 4371 4636 4637
f 4376 4370 4641 4630
f 4258 4260 4622 4621
f 4370 8577 8817 4641
f 4480 4409 4284 4271
f 4373 4372 4638 4631
f 4345 4340 4634 4639
f 4372 4378 4637 4638
f 4371 4377 4635 4636
f 4340 4335 4633 4634
f 4374 4373 4631 4632
f 4377 4376 4630 4635
f 4364 4628 4629 4369
f 4328 4627 4628 4364
f 4327 4650 4627 4328
f 4262 4625 4626 4326
f 4257 4256 4625 4623
f 4260 4255 4624 4622
f 4255 4257 4623 4624
f 8532 4258 4621 8798
f 4642 4632 4387 4379
f 4557 4585 4253 4259
f 4553 4611 4655 4653
f 4551 4550 4651 4652
f 4611 4551 4652 4655
f 4556 4553 4653 4654
f 4505 4651 4550 4503
f 4620 4599 4656 4658
f 4784 4781 4598 4600
f 4600 4620 4658 4657
f 4656 4599 4556 4654
f 4270 4272 4659 4276
f 4660 4283 4661 4663
f 4276 4659 4388 4662
f 4280 4282 4666 4664
f 4285 4280 4664 4667
f 4282 4281 4665 4666
f 4659 4277 4640 4388
f 4281 4329 4477 4665
f 3643 3645 3644 3642
f 4668 4291 4380 4379
f 4375 4291 4668 4669
f 4271 4284 4675 4673
f 4265 4278 4674 4672
f 4259 4253 4670 4671
f 4278 4259 4671 4674
f 4253 4271 4673 4670
f 4284 4375 4669 4675
f 4265 4672 4666 4665
f 13667 13668 8860 4677
f 4706 8892 8858 4676
f 4707 4706 4676 3426
f 4677 8860 8862 4678
f 13666 13667 4677 3427
f 3427 4677 4678 3428
f 4679 4669 4668 4680
f 4710 4390 4389 4708
f 4712 4384 4390 4710
f 4714 4391 4384 4712
f 4716 4385 4391 4714
f 4718 4386 4385 4716
f 4718 4720 4387 4386
f 4722 4679 4680 4724
f 4379 4387 4680 4668
f 4724 4680 4387 4720
f 4674 4671 4682 4685
f 4672 4674 4685 4683
f 4670 4673 4684 4681
f 4673 4675 4686 4684
f 4671 4670 4681 4682
f 4685 4682 4688 4691
f 4683 4685 4691 4689
f 4681 4684 4690 4687
f 4684 4686 4692 4690
f 4682 4681 4687 4688
f 4691 4688 4694 4697
f 4689 4691 4697 4695
f 4687 4690 4696 4693
f 4690 4692 4698 4696
f 4688 4687 4693 4694
f 4697 4694 4700 4703
f 4695 4697 4703 4701
f 4693 4696 4702 4699
f 4696 4698 4704 4702
f 4694 4693 4699 4700
f 3432 4723 4719 3433
f 4723 4724 4720 4719
f 4721 4722 4724 4723
f 3421 3433 4719 4717
f 4717 4719 4720 4718
f 3421 4717 4715 3422
f 4717 4718 4716 4715
f 3422 4715 4713 3423
f 4715 4716 4714 4713
f 3423 4713 4711 3424
f 4713 4714 4712 4711
f 3424 4711 4709 3425
f 4711 4712 4710 4709
f 3425 4709 4707 3426
f 4709 4710 4708 4707
f 4389 4383 4705 4708
f 4708 4705 4706 4707
f 4383 8588 8891 4705
f 4705 8891 8892 4706
f 4675 4669 4679 4686
f 4722 4692 4686 4679
f 4692 4722 4721 4698
f 4666 4672 4683 4664
f 4664 4683 4689 4667
f 4667 4689 4695 4661
f 4661 4695 4701 4663
f 3429 3428 4725 4726
f 3428 4678 4728 4725
f 3430 3429 4726 4727
f 4678 8862 8915 4728
f 7768 7778 7777 7767
f 4728 8915 8919 7803
f 7827 7826 7804 7750
f 4703 4700 4735 4737
f 4701 4703 4737 4736
f 4700 4699 4734 4735
f 4660 4663 4733 4732
f 4662 4388 4738 7634
f 8795 4662 7634 8927
f 4388 4640 4739 4738
f 4787 4784 4600 4657
f 4657 4658 4742 4741
f 4654 4653 4743 4744
f 4653 4655 4745 4743
f 4656 4654 4744 4746
f 4656 4746 4742 4658
f 4651 4505 4748 4749
f 4652 4651 4749 4750
f 4505 4504 4747 4748
f 4652 4750 4745 4655
f 4788 4759 4747 4504
f 5002 4793 4792 5001
f 4763 4564 4519 4522
f 4581 7699 4765 4524
f 4564 4763 4590 4591
f 4765 7699 7698 4764
f 4766 4489 4764 7698
f 4581 4582 4769 7699
f 7650 4753 4751 4572
f 4657 4741 4791 4787
f 4787 4791 4792 4786
f 4786 4792 4793 4785
f 4494 4492 4762 4761
f 4572 4751 4759 4788
f 7650 7649 4782 4785
f 4785 4782 4783 4786
f 4786 4783 4784 4787
f 7649 7648 4779 4782
f 4782 4779 4780 4783
f 4783 4780 4781 4784
f 7648 7647 4776 4779
f 4779 4776 4777 4780
f 4780 4777 4778 4781
f 7646 4773 4776 7647
f 4773 4774 4777 4776
f 4774 4775 4778 4777
f 7645 4770 4773 7646
f 4770 4771 4774 4773
f 4771 4772 4775 4774
f 7645 4752 4767 4770
f 4770 4767 4768 4771
f 4771 4768 4769 4772
f 4765 4764 4590 4763
f 4768 4767 4766 7698
f 4524 4765 4763 4522
f 4747 4759 4758 5007
f 2893 2967 3016 3017
f 2893 2994 2817 3070
f 2967 2893 3070 2717
f 2853 2996 2822 3078
f 2853 2995 3014 3018
f 2995 2853 3078 2816
f 3009 4799 2738 2962
f 3063 3036 4844 3064
f 3111 3069 4915 4916
f 3005 2826 4794 4801
f 4794 4795 4800 4801
f 3005 4801 3021 3020
f 3016 2967 2738 4799
f 4798 3014 2995 4797
f 2805 3011 2997 4796
f 4800 2985 2756 4925
f 4798 3015 2752 4923
f 2985 2970 2932 2756
f 3011 2805 2933 2755
f 3015 3017 4921 2752
f 3023 3109 4861 3039
f 3119 3052 4861 4859
f 4853 3042 3041 4854
f 4854 3041 3040 4855
f 3056 3038 3069 3111
f 3049 3063 3064 3025
f 3051 4833 3053 4842
f 4848 4806 4805 3034
f 3002 3062 4813 4812
f 3075 3002 4812 4814
f 4810 3075 4814 4816
f 3062 4809 4815 4813
f 3033 3003 4817 4818
f 3073 4811 4821 4819
f 4809 3033 4818 4820
f 3003 3073 4819 4817
f 4811 3077 4824 4826
f 3006 3008 4823 4822
f 3077 3006 4822 4824
f 3008 4808 4825 4823
f 3001 3076 4829 4827
f 3007 3001 4827 4828
f 4807 3007 4828 4830
f 3076 4810 4831 4829
f 4830 4828 4827 4840
f 4831 4840 4827 4829
f 4837 4816 4814 4812
f 4812 4813 4815 4837
f 4838 4820 4818 4817
f 4821 4838 4817 4819
f 4839 4826 4824 4822
f 4825 4839 4822 4823
f 3099 4904 4862 4834
f 3123 3124 4853 4854
f 4847 4937 3052 3058
f 4873 4875 3118 4851
f 3038 4832 3054 3069
f 3054 4842 4918 4912
f 3036 3056 3111 4844
f 3104 3125 4896 4898
f 4910 4914 4848 4913
f 4902 4901 3060 4846
f 4843 4846 3060 3126
f 4849 4850 4803 4804
f 4806 4849 4804 4805
f 4504 4502 4789 4788
f 3105 3049 3025 3057
f 4833 3037 4841 3053
f 4802 3117 3108 3044
f 3064 4844 4919 4914
f 3117 4802 3074 3106
f 4845 3119 3106 3074
f 3025 3064 4914 4910
f 3058 4845 4848 3034
f 3069 3054 4912 4915
f 4858 3117 3106 4860
f 4859 4861 3109 3061
f 3061 3026 4860 4859
f 3116 4852 4851 3115
f 3039 4937 4855 3040
f 3119 4845 3058 3052
f 3108 3117 4858 4857
f 3118 4857 4858 3114
f 3043 3042 4853 4834
f 3120 4957 4931 4866
f 4870 4825 4808 4877
f 4877 4878 3035 3045
f 4878 4879 3030 3035
f 4879 4876 4865 3030
f 4904 3099 4881 4930
f 4800 4795 2998 2985
f 3116 3043 4834 4862
f 3018 3014 2753 4922
f 3013 3018 4922 2754
f 4805 4804 7665 7661
f 4884 4883 3108 4857
f 4884 4857 3118 4875
f 4929 4939 4944 4928
f 3014 4798 4923 2753
f 4864 4863 4872 4905
f 4882 4883 4830 4840
f 4882 4840 4831 4886
f 4886 4831 4810 4887
f 4887 4810 4816 4888
f 4889 4888 4816 4837
f 4889 4837 4815 4890
f 4890 4815 4809 4891
f 4891 4809 4820 4892
f 4893 4892 4820 4838
f 4893 4838 4821 4894
f 4894 4821 4811 4895
f 4871 4835 3037 4895
f 4826 4871 4895 4811
f 4833 4894 4895 3037
f 3051 4893 4894 4833
f 3051 4832 4892 4893
f 3038 4891 4892 4832
f 3056 4890 4891 3038
f 3036 4889 4890 3056
f 3036 3063 4888 4889
f 3049 4887 4888 3063
f 3105 4886 4887 3049
f 3044 4882 4886 3105
f 3044 3108 4883 4882
f 4798 4797 2994 3015
f 4807 4884 4875 3010
f 4807 4830 4883 4884
f 4852 4863 4864 4874
f 2753 4923 4903 4880
f 3021 4876 4879 3020
f 3019 3020 4879 4878
f 4808 3019 4878 4877
f 4836 4870 4877 3045
f 3112 3010 4875 4873
f 3112 4873 4874 3012
f 4839 4869 4871 4826
f 3046 4869 4870 4836
f 3110 3104 4898 4897
f 4842 3053 4911 4918
f 4841 4909 4920 4917
f 4844 3111 4916 4919
f 3125 4902 4908 4896
f 4796 2996 3013 2805
f 4852 3116 4862 4863
f 3017 3016 2751 4921
f 4862 4904 4872 4863
f 3029 4880 4928 4927
f 4906 3028 4885 4926
f 3016 4799 4924 2751
f 4900 4899 4907 4908
f 4896 4908 4907 3127
f 3127 4907 4836 3045
f 4836 4907 4899 3046
f 2811 2812 2806 2953
f 2810 2952 2806 2812
f 2808 2992 2807 2813
f 2809 2813 2807 2993
f 3074 4913 4848 4845
f 4802 3057 4913 3074
f 4915 4912 4849 4916
f 4917 4920 4843 4911
f 4918 4911 4843 4850
f 4918 4850 4849 4912
f 4849 4806 4919 4916
f 4914 4919 4806 4848
f 3046 4899 4909 4835
f 4900 4920 4909 4899
f 4843 4920 4900 4846
f 3105 3057 4802 3044
f 4903 4923 2752 4905
f 3029 4927 4926 4885
f 4864 4924 3012 4874
f 3012 4924 4799 3009
f 3099 3124 3027 4881
f 4906 4865 4876 3028
f 4880 4903 4929 4928
f 4903 4905 4872 4929
f 4932 3065 4867 3103
f 4933 4866 4931 4936
f 4866 4940 4960 3120
f 7660 7659 3102 4946
f 4933 3122 4942 4943
f 4881 3027 4938 4939
f 4940 4949 4950 4960
f 4938 4934 4944 4939
f 4926 4927 4950 4949
f 4866 4933 4943 4940
f 7673 7672 7671 7674
f 3122 3110 4897 4942
f 7659 7663 4941 3102
f 4948 4943 4942 4947
f 4949 4940 4943 4948
f 4927 4928 4944 4950
f 7658 3107 4868 4953
f 4935 4934 4938 7676
f 3100 3027 3124 3123
f 3052 4937 3039 4861
f 7674 7671 3101 7675
f 4926 4949 4948 4906
f 4906 4948 4947 4865
f 7662 7661 4952 4945
f 4865 4947 3022 3030
f 4947 4942 4897 3022
f 4929 4930 4881 4939
f 7664 7658 4953 4954
f 7665 7660 4946 4951
f 7661 7665 4951 4952
f 4502 4500 4760 4789
f 7663 7666 4955 4941
f 3107 7662 4945 4868
f 4902 4846 4900 4908
f 4934 4935 3120 4960
f 3121 3103 4931 4957
f 4944 4934 4960 4950
f 7664 7674 7675 4856
f 3120 4935 4958 4957
f 4959 4932 3103 3121
f 4931 3103 4867 4936
f 7656 4956 7666 4901
f 4994 7653 7654 4995
f 4992 7651 7652 4993
f 4498 4496 4565 4790
f 4567 4566 4752 7645
f 4568 7646 7647 4569
f 4571 4570 7648 7649
f 4785 4793 4753 7650
f 4496 4494 4761 4565
f 2962 2974 2778 2720
f 2935 2943 4962 4961
f 2922 2942 4964 4963
f 2943 2923 4965 4962
f 2942 2934 4966 4964
f 2934 4967 2761 4966
f 4967 2935 4961 2761
f 2923 2734 4968 4965
f 2734 2922 4963 4968
f 2747 2750 2764 2767
f 2727 2986 4972 4976
f 2731 2929 4971 4978
f 2992 2808 4973 4969
f 2928 2732 4977 4970
f 2986 2730 4974 4972
f 2730 2731 4978 4974
f 2808 2811 4977 4973
f 2807 2992 4969 4976
f 2929 2728 4975 4971
f 2728 2928 4970 4975
f 2947 2949 4980 4979
f 2948 2946 4981 4982
f 2949 2937 4983 4980
f 2938 2948 4982 4984
f 2789 2947 4979 4985
f 2946 2789 4985 4981
f 2937 4986 2768 4983
f 4986 2938 4984 2768
f 4991 4791 4741 5016
f 4572 4571 7649 7650
f 4570 4569 7647 7648
f 4567 7645 7646 4568
f 4995 7654 7655 4996
f 4751 4753 7651 4992
f 4993 7652 7653 4994
f 4747 5007 5052 4748
f 5007 5008 5053 5052
f 5008 5009 5054 5053
f 5009 5010 5055 5054
f 5010 5011 5056 5055
f 4749 4748 5052 5047
f 5047 5052 5053 5048
f 5048 5053 5054 5049
f 5049 5054 5055 5050
f 5050 5055 5056 5051
f 4750 4749 5047 5042
f 5042 5047 5048 5043
f 5043 5048 5049 5044
f 5044 5049 5050 5045
f 5045 5050 5051 5046
f 4750 5042 5037 4745
f 5042 5043 5038 5037
f 5043 5044 5039 5038
f 5044 5045 5040 5039
f 5045 5046 5041 5040
f 4745 5037 5032 4743
f 5037 5038 5033 5032
f 5038 5039 5034 5033
f 5039 5040 5035 5034
f 5040 5041 5036 5035
f 4744 4743 5032 5027
f 5027 5032 5033 5028
f 5028 5033 5034 5029
f 5029 5034 5035 5030
f 5030 5035 5036 5031
f 4744 5027 5022 4746
f 5027 5028 5023 5022
f 5028 5029 5024 5023
f 5029 5030 5025 5024
f 5030 5031 5026 5025
f 4746 5022 5017 4742
f 5022 5023 5018 5017
f 5023 5024 5019 5018
f 5024 5025 5020 5019
f 5025 5026 5021 5020
f 4742 5017 5016 4741
f 5017 5018 5015 5016
f 5018 5019 5014 5015
f 5019 5020 5013 5014
f 5020 5021 5012 5013
f 4987 4988 5013 5012
f 4988 4989 5014 5013
f 4989 4990 5015 5014
f 4990 4991 5016 5015
f 4753 4793 5002 7651
f 7651 5002 5003 7652
f 7652 5003 5004 7653
f 7653 5004 5005 7654
f 7654 5005 5006 7655
f 4759 4751 4992 4758
f 4758 4992 4993 4757
f 4757 4993 4994 4756
f 4756 4994 4995 4755
f 4755 4995 4996 4754
f 4500 4498 4790 4760
f 5006 5005 4998 4997
f 5005 5004 4999 4998
f 5004 5003 5000 4999
f 5003 5002 5001 5000
f 4791 4991 5001 4792
f 4991 4990 5000 5001
f 4990 4989 4999 5000
f 4989 4988 4998 4999
f 4988 4987 4997 4998
f 5149 5077 5112 5165
f 5212 5095 5059 5211
f 5175 5139 5085 5157
f 5090 5204 5203 5102
f 5101 5231 5166 5091
f 5213 5216 5116 5169
f 5227 5123 5058 5150
f 5150 5164 5112 5077
f 5188 5179 5062 5107
f 5190 5180 5061 5114
f 5124 5064 5058 5123
f 5094 5063 5059 5095
f 5107 5062 5057 5108
f 5093 5078 5152 5168
f 5170 5211 5059 5121
f 5185 5084 5136 5196
f 5161 5092 5140 5176
f 5158 5081 5065 5153
f 5073 5076 5065 5066
f 5083 5082 5067 5068
f 5182 5073 5066 5195
f 5093 5167 5151 5078
f 5202 5086 5135 5194
f 5176 5158 5085 5139
f 5216 5211 5170 5116
f 5198 5206 5096 5118
f 5195 5066 5084 5185
f 5068 5067 5075 5074
f 5066 5065 5081 5084
f 5153 5065 5076 5155
f 5206 5205 5106 5096
f 5136 5140 5092 5089
f 5154 5070 5072 5156
f 5196 5136 5089 5186
f 5137 5138 5082 5083
f 5070 5153 5155 5072
f 5176 5140 5081 5158
f 5194 5135 5087 5204
f 5161 5088 5104 5232
f 5164 5111 5109 5214
f 5087 5186 5189 5105
f 5134 5103 5100 5133
f 5191 5187 5098 5119
f 5183 5200 5126 5079
f 5150 5058 5111 5164
f 5085 5158 5153 5070
f 5113 5099 5109 5111
f 5205 5183 5079 5106
f 5119 5098 5110 5120
f 5088 5166 5231 5104
f 5112 5164 5214 5097
f 5223 5218 5178 5141
f 5219 5223 5141 5177
f 5064 5113 5111 5058
f 5193 5189 5103 5134
f 5102 5101 5091 5090
f 5214 5109 5095 5212
f 5098 5107 5108 5110
f 5187 5188 5107 5098
f 5063 5122 5121 5059
f 5085 5070 5154 5157
f 5061 5119 5120 5060
f 5060 5115 5114 5061
f 5199 5184 5080 5117
f 5180 5191 5119 5061
f 5165 5112 5097 5209
f 5099 5094 5095 5109
f 5162 5174 5131 5234
f 5228 5129 5123 5227
f 5130 5124 5123 5129
f 5062 5128 5127 5057
f 5184 5198 5118 5080
f 5179 5192 5128 5062
f 5128 5134 5133 5127
f 5197 5203 5105 5132
f 5192 5193 5134 5128
f 5215 5093 5168 5160
f 5231 5101 5129 5228
f 5215 5159 5167 5093
f 5102 5130 5129 5101
f 5090 5091 5138 5137
f 5181 5069 5086 5202
f 5084 5081 5140 5136
f 5204 5087 5105 5203
f 5118 5191 5180 5080
f 5193 5192 5126 5132
f 5071 5182 5195 5069
f 5196 5186 5087 5135
f 5106 5188 5187 5096
f 5069 5195 5185 5086
f 5224 5217 5182 5071
f 5096 5187 5191 5118
f 5192 5179 5079 5126
f 5086 5185 5196 5135
f 5079 5179 5188 5106
f 5080 5180 5190 5117
f 5105 5189 5193 5132
f 5201 5071 5069 5181
f 5221 5225 5076 5073
f 5222 5226 5145 5144
f 5220 5222 5144 5208
f 5218 5225 5146 5178
f 5217 5221 5073 5182
f 5143 5148 5147 5146
f 5148 5144 5145 5147
f 5174 5172 5125 5131
f 5163 5234 5131 5173
f 5120 5210 5213 5060
f 5127 5229 5149 5057
f 5115 5060 5213 5169
f 5091 5166 5175 5138
f 5082 5157 5154 5067
f 5067 5154 5156 5075
f 5138 5175 5157 5082
f 5232 5100 5092 5161
f 5108 5165 5209 5110
f 5057 5149 5165 5108
f 5110 5209 5210 5120
f 5133 5230 5229 5127
f 5100 5232 5230 5133
f 5226 5219 5177 5145
f 5130 5102 5203 5197
f 5068 5181 5202 5083
f 5063 5094 5198 5184
f 5064 5124 5200 5183
f 5137 5194 5204 5090
f 5113 5064 5183 5205
f 5122 5063 5184 5199
f 5099 5113 5205 5206
f 5083 5202 5194 5137
f 5074 5201 5181 5068
f 5124 5130 5197 5200
f 5186 5089 5103 5189
f 5094 5099 5206 5198
f 5229 5233 5077 5149
f 5224 5220 5208 5142
f 5233 5227 5150 5077
f 5173 5131 5125 5171
f 5200 5197 5132 5126
f 5088 5139 5175 5166
f 5088 5161 5176 5139
f 5146 5147 5141 5178
f 5145 5177 5141 5147
f 5143 5207 5142 5148
f 5144 5148 5142 5208
f 5160 5168 5210 5209
f 5151 5167 5212 5211
f 5168 5152 5213 5210
f 5167 5159 5214 5212
f 5159 5215 5097 5214
f 5215 5160 5209 5097
f 5152 5078 5216 5213
f 5078 5151 5211 5216
f 5089 5092 5100 5103
f 5071 5201 5220 5224
f 5075 5156 5219 5226
f 5207 5143 5221 5217
f 5155 5076 5225 5218
f 5201 5074 5222 5220
f 5074 5075 5226 5222
f 5143 5146 5225 5221
f 5142 5207 5217 5224
f 5156 5072 5223 5219
f 5072 5155 5218 5223
f 5172 5174 5228 5227
f 5173 5171 5229 5230
f 5174 5162 5231 5228
f 5163 5173 5230 5232
f 5125 5172 5227 5233
f 5171 5125 5233 5229
f 5162 5234 5104 5231
f 5234 5163 5232 5104
f 5327 5255 5290 5343
f 5390 5273 5237 5389
f 5353 5317 5263 5335
f 5268 5382 5381 5280
f 5279 5409 5344 5269
f 5391 5394 5294 5347
f 5405 5301 5236 5328
f 5328 5342 5290 5255
f 5366 5357 5240 5285
f 5368 5358 5239 5292
f 5302 5242 5236 5301
f 5272 5241 5237 5273
f 5285 5240 5235 5286
f 5271 5256 5330 5346
f 5348 5389 5237 5299
f 5363 5262 5314 5374
f 5339 5270 5318 5354
f 5336 5259 5243 5331
f 5251 5254 5243 5244
f 5261 5260 5245 5246
f 5360 5251 5244 5373
f 5271 5345 5329 5256
f 5380 5264 5313 5372
f 5354 5336 5263 5317
f 5394 5389 5348 5294
f 5376 5384 5274 5296
f 5373 5244 5262 5363
f 5246 5245 5253 5252
f 5244 5243 5259 5262
f 5331 5243 5254 5333
f 5384 5383 5284 5274
f 5314 5318 5270 5267
f 5332 5248 5250 5334
f 5374 5314 5267 5364
f 5315 5316 5260 5261
f 5248 5331 5333 5250
f 5354 5318 5259 5336
f 5372 5313 5265 5382
f 5339 5266 5282 5410
f 5342 5289 5287 5392
f 5265 5364 5367 5283
f 5312 5281 5278 5311
f 5369 5365 5276 5297
f 5361 5378 5304 5257
f 5328 5236 5289 5342
f 5263 5336 5331 5248
f 5291 5277 5287 5289
f 5383 5361 5257 5284
f 5297 5276 5288 5298
f 5266 5344 5409 5282
f 5290 5342 5392 5275
f 5401 5396 5356 5319
f 5397 5401 5319 5355
f 5242 5291 5289 5236
f 5371 5367 5281 5312
f 5280 5279 5269 5268
f 5392 5287 5273 5390
f 5276 5285 5286 5288
f 5365 5366 5285 5276
f 5241 5300 5299 5237
f 5263 5248 5332 5335
f 5239 5297 5298 5238
f 5238 5293 5292 5239
f 5377 5362 5258 5295
f 5358 5369 5297 5239
f 5343 5290 5275 5387
f 5277 5272 5273 5287
f 5340 5352 5309 5412
f 5406 5307 5301 5405
f 5308 5302 5301 5307
f 5240 5306 5305 5235
f 5362 5376 5296 5258
f 5357 5370 5306 5240
f 5306 5312 5311 5305
f 5375 5381 5283 5310
f 5370 5371 5312 5306
f 5393 5271 5346 5338
f 5409 5279 5307 5406
f 5393 5337 5345 5271
f 5280 5308 5307 5279
f 5268 5269 5316 5315
f 5359 5247 5264 5380
f 5262 5259 5318 5314
f 5382 5265 5283 5381
f 5296 5369 5358 5258
f 5371 5370 5304 5310
f 5249 5360 5373 5247
f 5374 5364 5265 5313
f 5284 5366 5365 5274
f 5247 5373 5363 5264
f 5402 5395 5360 5249
f 5274 5365 5369 5296
f 5370 5357 5257 5304
f 5264 5363 5374 5313
f 5257 5357 5366 5284
f 5258 5358 5368 5295
f 5283 5367 5371 5310
f 5379 5249 5247 5359
f 5399 5403 5254 5251
f 5400 5404 5323 5322
f 5398 5400 5322 5386
f 5396 5403 5324 5356
f 5395 5399 5251 5360
f 5321 5326 5325 5324
f 5326 5322 5323 5325
f 5352 5350 5303 5309
f 5341 5412 5309 5351
f 5298 5388 5391 5238
f 5305 5407 5327 5235
f 5293 5238 5391 5347
f 5269 5344 5353 5316
f 5260 5335 5332 5245
f 5245 5332 5334 5253
f 5316 5353 5335 5260
f 5410 5278 5270 5339
f 5286 5343 5387 5288
f 5235 5327 5343 5286
f 5288 5387 5388 5298
f 5311 5408 5407 5305
f 5278 5410 5408 5311
f 5404 5397 5355 5323
f 5308 5280 5381 5375
f 5246 5359 5380 5261
f 5241 5272 5376 5362
f 5242 5302 5378 5361
f 5315 5372 5382 5268
f 5291 5242 5361 5383
f 5300 5241 5362 5377
f 5277 5291 5383 5384
f 5261 5380 5372 5315
f 5252 5379 5359 5246
f 5302 5308 5375 5378
f 5364 5267 5281 5367
f 5272 5277 5384 5376
f 5407 5411 5255 5327
f 5402 5398 5386 5320
f 5411 5405 5328 5255
f 5351 5309 5303 5349
f 5378 5375 5310 5304
f 5266 5317 5353 5344
f 5266 5339 5354 5317
f 5324 5325 5319 5356
f 5323 5355 5319 5325
f 5321 5385 5320 5326
f 5322 5326 5320 5386
f 5338 5346 5388 5387
f 5329 5345 5390 5389
f 5346 5330 5391 5388
f 5345 5337 5392 5390
f 5337 5393 5275 5392
f 5393 5338 5387 5275
f 5330 5256 5394 5391
f 5256 5329 5389 5394
f 5267 5270 5278 5281
f 5249 5379 5398 5402
f 5253 5334 5397 5404
f 5385 5321 5399 5395
f 5333 5254 5403 5396
f 5379 5252 5400 5398
f 5252 5253 5404 5400
f 5321 5324 5403 5399
f 5320 5385 5395 5402
f 5334 5250 5401 5397
f 5250 5333 5396 5401
f 5350 5352 5406 5405
f 5351 5349 5407 5408
f 5352 5340 5409 5406
f 5341 5351 5408 5410
f 5303 5350 5405 5411
f 5349 5303 5411 5407
f 5340 5412 5282 5409
f 5412 5341 5410 5282
f 5505 5433 5468 5521
f 5568 5451 5415 5567
f 5531 5495 5441 5513
f 5446 5560 5559 5458
f 5457 5587 5522 5447
f 5569 5572 5472 5525
f 5583 5479 5414 5506
f 5506 5520 5468 5433
f 5544 5535 5418 5463
f 5546 5536 5417 5470
f 5480 5420 5414 5479
f 5450 5419 5415 5451
f 5463 5418 5413 5464
f 5449 5434 5508 5524
f 5526 5567 5415 5477
f 5541 5440 5492 5552
f 5517 5448 5496 5532
f 5514 5437 5421 5509
f 5429 5432 5421 5422
f 5439 5438 5423 5424
f 5538 5429 5422 5551
f 5449 5523 5507 5434
f 5558 5442 5491 5550
f 5532 5514 5441 5495
f 5572 5567 5526 5472
f 5554 5562 5452 5474
f 5551 5422 5440 5541
f 5424 5423 5431 5430
f 5422 5421 5437 5440
f 5509 5421 5432 5511
f 5562 5561 5462 5452
f 5492 5496 5448 5445
f 5510 5426 5428 5512
f 5552 5492 5445 5542
f 5493 5494 5438 5439
f 5426 5509 5511 5428
f 5532 5496 5437 5514
f 5550 5491 5443 5560
f 5517 5444 5460 5588
f 5520 5467 5465 5570
f 5443 5542 5545 5461
f 5490 5459 5456 5489
f 5547 5543 5454 5475
f 5539 5556 5482 5435
f 5506 5414 5467 5520
f 5441 5514 5509 5426
f 5469 5455 5465 5467
f 5561 5539 5435 5462
f 5475 5454 5466 5476
f 5444 5522 5587 5460
f 5468 5520 5570 5453
f 5579 5574 5534 5497
f 5575 5579 5497 5533
f 5420 5469 5467 5414
f 5549 5545 5459 5490
f 5458 5457 5447 5446
f 5570 5465 5451 5568
f 5454 5463 5464 5466
f 5543 5544 5463 5454
f 5419 5478 5477 5415
f 5441 5426 5510 5513
f 5417 5475 5476 5416
f 5416 5471 5470 5417
f 5555 5540 5436 5473
f 5536 5547 5475 5417
f 5521 5468 5453 5565
f 5455 5450 5451 5465
f 5518 5530 5487 5590
f 5584 5485 5479 5583
f 5486 5480 5479 5485
f 5418 5484 5483 5413
f 5540 5554 5474 5436
f 5535 5548 5484 5418
f 5484 5490 5489 5483
f 5553 5559 5461 5488
f 5548 5549 5490 5484
f 5571 5449 5524 5516
f 5587 5457 5485 5584
f 5571 5515 5523 5449
f 5458 5486 5485 5457
f 5446 5447 5494 5493
f 5537 5425 5442 5558
f 5440 5437 5496 5492
f 5560 5443 5461 5559
f 5474 5547 5536 5436
f 5549 5548 5482 5488
f 5427 5538 5551 5425
f 5552 5542 5443 5491
f 5462 5544 5543 5452
f 5425 5551 5541 5442
f 5580 5573 5538 5427
f 5452 5543 5547 5474
f 5548 5535 5435 5482
f 5442 5541 5552 5491
f 5435 5535 5544 5462
f 5436 5536 5546 5473
f 5461 5545 5549 5488
f 5557 5427 5425 5537
f 5577 5581 5432 5429
f 5578 5582 5501 5500
f 5576 5578 5500 5564
f 5574 5581 5502 5534
f 5573 5577 5429 5538
f 5499 5504 5503 5502
f 5504 5500 5501 5503
f 5530 5528 5481 5487
f 5519 5590 5487 5529
f 5476 5566 5569 5416
f 5483 5585 5505 5413
f 5471 5416 5569 5525
f 5447 5522 5531 5494
f 5438 5513 5510 5423
f 5423 5510 5512 5431
f 5494 5531 5513 5438
f 5588 5456 5448 5517
f 5464 5521 5565 5466
f 5413 5505 5521 5464
f 5466 5565 5566 5476
f 5489 5586 5585 5483
f 5456 5588 5586 5489
f 5582 5575 5533 5501
f 5486 5458 5559 5553
f 5424 5537 5558 5439
f 5419 5450 5554 5540
f 5420 5480 5556 5539
f 5493 5550 5560 5446
f 5469 5420 5539 5561
f 5478 5419 5540 5555
f 5455 5469 5561 5562
f 5439 5558 5550 5493
f 5430 5557 5537 5424
f 5480 5486 5553 5556
f 5542 5445 5459 5545
f 5450 5455 5562 5554
f 5585 5589 5433 5505
f 5580 5576 5564 5498
f 5589 5583 5506 5433
f 5529 5487 5481 5527
f 5556 5553 5488 5482
f 5444 5495 5531 5522
f 5444 5517 5532 5495
f 5502 5503 5497 5534
f 5501 5533 5497 5503
f 5499 5563 5498 5504
f 5500 5504 5498 5564
f 5516 5524 5566 5565
f 5507 5523 5568 5567
f 5524 5508 5569 5566
f 5523 5515 5570 5568
f 5515 5571 5453 5570
f 5571 5516 5565 5453
f 5508 5434 5572 5569
f 5434 5507 5567 5572
f 5445 5448 5456 5459
f 5427 5557 5576 5580
f 5431 5512 5575 5582
f 5563 5499 5577 5573
f 5511 5432 5581 5574
f 5557 5430 5578 5576
f 5430 5431 5582 5578
f 5499 5502 5581 5577
f 5498 5563 5573 5580
f 5512 5428 5579 5575
f 5428 5511 5574 5579
f 5528 5530 5584 5583
f 5529 5527 5585 5586
f 5530 5518 5587 5584
f 5519 5529 5586 5588
f 5481 5528 5583 5589
f 5527 5481 5589 5585
f 5518 5590 5460 5587
f 5590 5519 5588 5460
f 2955 5169 5116 2818
f 2818 5116 5170 2954
f 2954 5170 5121 2814
f 2814 5121 5122 2816
f 2816 5122 5199 2995
f 2995 5199 5117 4797
f 4797 5117 5190 2994
f 2994 5190 5114 2817
f 2817 5114 5115 2815
f 2815 5115 5169 2955
f 2820 5293 5347 2957
f 2957 5347 5294 2823
f 2823 5294 5348 2956
f 2956 5348 5299 2819
f 2819 5299 5300 2821
f 2821 5300 5377 2997
f 2997 5377 5295 4796
f 4796 5295 5368 2996
f 2996 5368 5292 2822
f 2822 5292 5293 2820
f 2827 5470 5471 2825
f 2825 5471 5525 2959
f 2959 5525 5472 2828
f 2828 5472 5526 2958
f 2958 5526 5477 2824
f 2824 5477 5478 2826
f 2826 5478 5555 4794
f 4794 5555 5473 4795
f 4795 5473 5546 2998
f 2998 5546 5470 2827
f 2913 5595 5602 5606
f 2909 2845 5601 5608
f 5597 2861 5603 5599
f 2846 2908 5607 5600
f 5595 2910 5604 5602
f 2910 2909 5608 5604
f 2861 2858 5607 5603
f 2862 5597 5599 5606
f 2845 2912 5605 5601
f 2912 2846 5600 5605
f 2882 2841 2840 2888
f 2842 2886 2864 2839
f 2866 3079 3088 2905
f 2880 2877 5609 5610
f 2871 2831 5611 5612
f 2832 2868 5614 5613
f 2874 2832 5613 5615
f 2831 2880 5610 5611
f 2872 2871 5612 5616
f 2877 2874 5615 5609
f 2868 2872 5616 5614
f 5728 5680 5645 5716
f 5650 5756 5755 5660
f 5659 5918 5723 5651
f 5914 5664 5618 5709
f 5710 5808 5765 5638
f 5665 5623 5618 5664
f 5742 5644 5677 5750
f 5720 5652 5681 5729
f 5717 5641 5625 5712
f 5633 5636 5625 5626
f 5643 5642 5627 5628
f 5739 5633 5626 5749
f 5754 5646 5676 5748
f 5729 5717 5645 5680
f 5899 5864 5885 5653
f 5749 5626 5644 5742
f 5628 5627 5635 5634
f 5626 5625 5641 5644
f 5712 5625 5636 5714
f 5677 5681 5652 5649
f 5713 5630 5632 5715
f 5750 5677 5649 5743
f 5678 5679 5642 5643
f 5630 5712 5714 5632
f 5729 5681 5641 5717
f 5897 5655 5869 5656
f 5656 5869 5781 5719
f 5885 5654 5896 5653
f 5765 5768 5711 5638
f 5748 5676 5647 5756
f 5720 5648 5662 5919
f 5647 5743 5745 5663
f 5675 5661 5658 5674
f 5740 5752 5667 5639
f 5645 5717 5712 5630
f 5648 5723 5918 5662
f 5910 5905 5731 5683
f 5906 5910 5683 5730
f 5747 5745 5661 5675
f 5660 5659 5651 5650
f 5719 5781 5873 5657
f 5645 5630 5713 5716
f 5721 5727 5672 5921
f 5915 5670 5664 5914
f 5671 5665 5664 5670
f 5621 5669 5668 5617
f 5736 5746 5669 5621
f 5669 5675 5674 5668
f 5751 5755 5663 5673
f 5746 5747 5675 5669
f 5918 5659 5670 5915
f 5660 5671 5670 5659
f 5650 5651 5679 5678
f 5738 5629 5646 5754
f 5644 5641 5681 5677
f 5756 5647 5663 5755
f 5747 5746 5667 5673
f 5631 5739 5749 5629
f 5750 5743 5647 5676
f 5629 5749 5742 5646
f 5911 5904 5739 5631
f 5746 5736 5639 5667
f 5646 5742 5750 5676
f 5663 5745 5747 5673
f 5753 5631 5629 5738
f 5908 5912 5636 5633
f 5909 5913 5687 5686
f 5907 5909 5686 5758
f 5905 5912 5688 5731
f 5904 5908 5633 5739
f 5685 5690 5689 5688
f 5690 5686 5687 5689
f 5727 5725 5666 5672
f 5759 5706 5777 5775
f 5722 5921 5672 5726
f 5807 5733 5695 5766
f 5732 5796 5766 5695
f 5782 5735 5700 5767
f 5734 5805 5767 5700
f 5732 5792 5799 5796
f 5698 5704 5702 5696
f 5734 5703 5705 5805
f 5733 5788 5804 5692
f 5782 5826 5796 5799
f 5668 5916 5708 5617
f 5651 5723 5728 5679
f 5642 5716 5713 5627
f 5627 5713 5715 5635
f 5679 5728 5716 5642
f 5919 5658 5652 5720
f 5674 5917 5916 5668
f 5658 5919 5917 5674
f 5913 5906 5730 5687
f 5744 5771 5657 5718
f 5682 5773 5656 5719
f 5671 5660 5755 5751
f 5628 5738 5754 5643
f 5623 5665 5752 5740
f 5678 5748 5756 5650
f 5643 5754 5748 5678
f 5634 5753 5738 5628
f 5665 5671 5751 5752
f 5743 5649 5661 5745
f 5916 5920 5637 5708
f 5768 5763 5620 5711
f 5737 5624 5764 5769
f 5763 5764 5624 5620
f 5911 5907 5758 5684
f 5920 5914 5709 5637
f 5693 5809 5800 5691
f 5735 5792 5800 5697
f 5710 5788 5707 5808
f 5622 5802 5804 5619
f 5807 5827 5808 5707
f 5726 5672 5666 5724
f 5752 5751 5673 5667
f 5788 5710 5619 5804
f 5788 5733 5807 5707
f 5792 5732 5691 5800
f 5792 5735 5782 5799
f 5761 5701 5778 5773
f 5703 5734 5696 5702
f 5815 5860 5862 5780
f 5802 5694 5692 5804
f 5809 5699 5697 5800
f 5803 5704 5698 5762
f 5803 5762 5771 5744
f 5844 5789 5850 5791
f 5790 5849 5893 5887
f 5794 5779 5886 5889
f 5866 5857 5858 5867
f 5648 5680 5728 5723
f 5648 5720 5729 5680
f 5768 5825 5770 5763
f 5763 5770 5814 5764
f 5861 5862 5811 5818
f 5772 5769 5764 5814
f 5706 5741 5776 5777
f 5706 5759 5694 5802
f 5741 5706 5802 5622
f 5701 5761 5699 5809
f 5701 5760 5774 5778
f 5760 5701 5809 5693
f 5769 5822 5640 5737
f 5797 5783 5852 5798
f 5813 5801 5891 5892
f 5776 5741 5640 5822
f 5821 5774 5760 5820
f 5682 5771 5762 5819
f 5821 5775 5654 5898
f 5771 5682 5719 5657
f 5775 5777 5896 5654
f 5793 5785 5801 5813
f 5787 5797 5798 5779
f 5789 5845 5790 5850
f 5766 5796 5830 5829
f 5807 5766 5829 5831
f 5827 5807 5831 5833
f 5796 5826 5832 5830
f 5782 5767 5834 5835
f 5805 5828 5838 5836
f 5826 5782 5835 5837
f 5767 5805 5836 5834
f 5765 5808 5841 5839
f 5768 5765 5839 5840
f 5825 5768 5840 5842
f 5808 5827 5843 5841
f 5842 5840 5839 5848
f 5843 5848 5839 5841
f 5846 5833 5831 5829
f 5829 5830 5832 5846
f 5847 5837 5835 5834
f 5838 5847 5834 5836
f 5866 5868 5817 5857
f 5785 5844 5791 5801
f 5791 5850 5894 5888
f 5783 5793 5813 5852
f 5886 5890 5854 5889
f 5810 5787 5779 5794
f 5845 5784 5849 5790
f 5823 5816 5812 5786
f 5798 5852 5895 5890
f 5816 5823 5806 5811
f 5853 5818 5811 5806
f 5779 5798 5890 5886
f 5801 5791 5888 5891
f 5860 5816 5811 5862
f 5795 5780 5862 5861
f 5812 5816 5860 5859
f 5817 5859 5860 5815
f 5778 5774 5655 5897
f 5773 5778 5897 5656
f 5872 5871 5812 5859
f 5872 5859 5817 5868
f 5774 5821 5898 5655
f 5864 5863 5865 5885
f 5870 5871 5842 5848
f 5870 5848 5843 5874
f 5874 5843 5827 5875
f 5875 5827 5833 5876
f 5877 5876 5833 5846
f 5877 5846 5832 5878
f 5878 5832 5826 5879
f 5879 5826 5837 5880
f 5881 5880 5837 5847
f 5881 5847 5838 5882
f 5882 5838 5828 5883
f 5845 5882 5883 5784
f 5789 5881 5882 5845
f 5789 5844 5880 5881
f 5785 5879 5880 5844
f 5793 5878 5879 5785
f 5783 5877 5878 5793
f 5783 5797 5876 5877
f 5787 5875 5876 5797
f 5810 5874 5875 5787
f 5786 5870 5874 5810
f 5786 5812 5871 5870
f 5821 5820 5759 5775
f 5825 5872 5868 5770
f 5825 5842 5871 5872
f 5858 5863 5864 5867
f 5655 5898 5884 5869
f 5814 5770 5868 5866
f 5814 5866 5867 5772
f 5850 5790 5887 5894
f 5852 5813 5892 5895
f 5819 5761 5773 5682
f 5777 5776 5653 5896
f 5781 5869 5902 5901
f 5776 5822 5899 5653
f 5688 5689 5683 5731
f 5687 5730 5683 5689
f 5685 5757 5684 5690
f 5686 5690 5684 5758
f 5806 5889 5854 5853
f 5823 5794 5889 5806
f 5891 5888 5855 5892
f 5894 5887 5851 5856
f 5894 5856 5855 5888
f 5855 5824 5895 5892
f 5890 5895 5824 5854
f 5883 5828 5989 6016
f 5810 5794 5823 5786
f 5884 5898 5654 5885
f 5781 5901 5900 5873
f 5864 5899 5772 5867
f 5772 5899 5822 5769
f 5828 5964 5987 5989
f 5869 5884 5903 5902
f 5884 5885 5865 5903
f 5893 6030 5851 5887
f 5649 5652 5658 5661
f 5631 5753 5907 5911
f 5635 5715 5906 5913
f 5757 5685 5908 5904
f 5714 5636 5912 5905
f 5753 5634 5909 5907
f 5634 5635 5913 5909
f 5685 5688 5912 5908
f 5684 5757 5904 5911
f 5715 5632 5910 5906
f 5632 5714 5905 5910
f 5725 5727 5915 5914
f 5726 5724 5916 5917
f 5727 5721 5918 5915
f 5722 5726 5917 5919
f 5666 5725 5914 5920
f 5724 5666 5920 5916
f 5721 5921 5662 5918
f 5921 5722 5919 5662
f 5718 5657 5873 5922
f 5941 5962 6015 5923
f 5982 6034 5960 5983
f 5924 5940 5923 6015
f 6011 5960 6034 5961
f 5964 5943 5930 5951
f 5942 5974 5951 5930
f 5955 5954 5935 5944
f 5975 5945 5935 5954
f 5945 5937 5936 5932
f 5928 5938 5936 5926
f 5942 5937 5939 5974
f 5784 5996 5971 5849
f 5924 6015 5961 6034
f 5946 5956 5923 5940
f 5925 5957 5922 5941
f 5953 5952 5931 5933
f 5944 5931 5952 5955
f 5966 5998 6028 6002
f 5943 5703 5702 5927
f 5985 5974 5939 5975
f 5703 5943 5964 5705
f 5948 5803 5744 5957
f 5937 5945 5975 5939
f 5937 5942 5926 5936
f 6008 6001 5994 6009
f 6008 5968 5998 6010
f 5704 5929 5927 5702
f 5973 5938 5928 5949
f 5950 5973 5946 5947
f 5938 5934 5932 5936
f 5973 5949 5956 5946
f 5996 5969 6003 5971
f 5970 6002 6031 6029
f 5953 5959 5958 5952
f 5984 5955 5952 5958
f 5950 5934 5938 5973
f 5965 5972 5978 5967
f 6021 6020 5978 5972
f 5803 5948 5929 5704
f 5953 5933 5979 5983
f 5979 5980 5982 5983
f 5953 5983 5960 5959
f 5925 5956 5949 5981
f 5982 5947 5924 6034
f 5947 5946 5940 5924
f 5956 5925 5941 5923
f 5969 5997 5970 6003
f 5964 5951 5986 5987
f 5974 5985 5990 5988
f 5964 5828 5805 5705
f 5951 5974 5988 5986
f 5985 5975 5993 5995
f 5954 5955 5992 5991
f 5975 5954 5991 5993
f 5955 5984 5994 5992
f 6000 5989 5987 5986
f 5990 6000 5986 5988
f 6001 5995 5993 5991
f 5994 6001 5991 5992
f 6032 6006 5851 6030
f 5971 6003 6032 6030
f 5976 5977 6020 6021
f 5997 5966 6002 5970
f 5849 5971 6030 5893
f 6009 5994 5984 6012
f 6012 6013 5965 5967
f 6013 6014 5963 5965
f 6014 6011 6007 5963
f 5982 5980 5950 5947
f 5957 5744 5718 5922
f 5922 5873 5962 5941
f 6017 6016 5989 6000
f 6017 6000 5990 6018
f 6018 5990 5985 6019
f 6010 5998 5966 6019
f 5995 6010 6019 5985
f 5997 6018 6019 5966
f 5969 6017 6018 5997
f 5969 5996 6016 6017
f 5784 5883 6016 5996
f 5960 6011 6014 5959
f 5958 5959 6014 6013
f 5984 5958 6013 6012
f 5999 6009 6012 5967
f 6001 6008 6010 5995
f 5968 6008 6009 5999
f 6003 5970 6029 6032
f 6002 6028 6033 6031
f 5977 6024 6027 6020
f 5981 5948 5957 5925
f 5962 5873 5900 6036
f 6025 5961 6015 6035
f 6023 6022 6026 6027
f 6020 6027 6026 5978
f 5978 6026 5999 5967
f 5999 6026 6022 5968
f 6031 6033 6004 6029
f 6032 6029 6004 6006
f 5968 6022 6028 5998
f 6023 6033 6028 6022
f 6004 6033 6023 6005
f 5962 6036 6035 6015
f 6025 6007 6011 5961
f 6024 6005 6023 6027
f 5708 5637 5638 5711
f 5709 5710 5638 5637
f 5708 5711 5620 5617
f 5624 5621 5617 5620
f 5736 5621 5624 5737
f 5736 5737 5640 5639
f 5740 5639 5640 5741
f 5740 5741 5622 5623
f 5622 5619 5618 5623
f 5709 5618 5619 5710
f 6115 6089 6059 6105
f 6064 6136 6135 6069
f 6068 6153 6110 6065
f 6149 6073 6038 6100
f 6074 6040 6038 6073
f 6123 6058 6086 6130
f 6107 6066 6090 6116
f 6106 6055 6041 6101
f 6049 6052 6041 6042
f 6057 6056 6043 6044
f 6121 6049 6042 6129
f 6134 6060 6085 6128
f 6116 6106 6059 6089
f 6129 6042 6058 6123
f 6044 6043 6051 6050
f 6042 6041 6055 6058
f 6101 6041 6052 6103
f 6086 6090 6066 6063
f 6102 6046 6048 6104
f 6130 6086 6063 6124
f 6087 6088 6056 6057
f 6046 6101 6103 6048
f 6116 6090 6055 6106
f 6128 6085 6061 6136
f 6107 6062 6071 6154
f 6061 6124 6125 6072
f 6084 6070 6067 6083
f 6122 6132 6076 6054
f 6059 6106 6101 6046
f 6062 6110 6153 6071
f 6145 6140 6118 6091
f 6141 6145 6091 6117
f 6127 6125 6070 6084
f 6069 6068 6065 6064
f 6059 6046 6102 6105
f 6108 6114 6081 6156
f 6150 6079 6073 6149
f 6080 6074 6073 6079
f 6039 6078 6077 6037
f 6119 6126 6078 6039
f 6078 6084 6083 6077
f 6131 6135 6072 6082
f 6126 6127 6084 6078
f 6153 6068 6079 6150
f 6069 6080 6079 6068
f 6064 6065 6088 6087
f 6120 6045 6060 6134
f 6058 6055 6090 6086
f 6136 6061 6072 6135
f 6127 6126 6076 6082
f 6047 6121 6129 6045
f 6130 6124 6061 6085
f 6045 6129 6123 6060
f 6146 6139 6121 6047
f 6126 6119 6054 6076
f 6060 6123 6130 6085
f 6072 6125 6127 6082
f 6133 6047 6045 6120
f 6143 6147 6052 6049
f 6144 6148 6095 6094
f 6142 6144 6094 6138
f 6140 6147 6096 6118
f 6139 6143 6049 6121
f 6093 6098 6097 6096
f 6098 6094 6095 6097
f 6114 6112 6075 6081
f 6109 6156 6081 6113
f 6077 6151 6099 6037
f 6065 6110 6115 6088
f 6056 6105 6102 6043
f 6043 6102 6104 6051
f 6088 6115 6105 6056
f 6154 6067 6066 6107
f 6083 6152 6151 6077
f 6067 6154 6152 6083
f 6148 6141 6117 6095
f 6080 6069 6135 6131
f 6044 6120 6134 6057
f 6040 6074 6132 6122
f 6087 6128 6136 6064
f 6057 6134 6128 6087
f 6050 6133 6120 6044
f 6074 6080 6131 6132
f 6124 6063 6070 6125
f 6151 6155 6053 6099
f 6146 6142 6138 6092
f 6155 6149 6100 6053
f 6113 6081 6075 6111
f 6132 6131 6082 6076
f 6062 6089 6115 6110
f 6062 6107 6116 6089
f 6096 6097 6091 6118
f 6095 6117 6091 6097
f 6093 6137 6092 6098
f 6094 6098 6092 6138
f 6063 6066 6067 6070
f 6047 6133 6142 6146
f 6051 6104 6141 6148
f 6137 6093 6143 6139
f 6103 6052 6147 6140
f 6133 6050 6144 6142
f 6050 6051 6148 6144
f 6093 6096 6147 6143
f 6092 6137 6139 6146
f 6104 6048 6145 6141
f 6048 6103 6140 6145
f 6112 6114 6150 6149
f 6113 6111 6151 6152
f 6114 6108 6153 6150
f 6109 6113 6152 6154
f 6075 6112 6149 6155
f 6111 6075 6155 6151
f 6108 6156 6071 6153
f 6156 6109 6154 6071
f 6191 6099 6053 6168
f 6168 6053 6100 6189
f 6189 6100 6038 6170
f 6170 6038 6040 6171
f 6171 6040 6122 6172
f 6172 6122 6054 6173
f 6173 6054 6119 6174
f 6174 6119 6039 6175
f 6175 6039 6037 6176
f 6176 6037 6099 6191
f 6185 6166 6188 6187
f 6184 6165 6166 6185
f 6183 6164 6165 6184
f 6182 6163 6164 6183
f 6181 6162 6163 6182
f 6180 6161 6162 6181
f 6179 6160 6161 6180
f 6193 6190 6160 6179
f 6177 6158 6159 6178
f 6186 6157 6158 6177
f 6166 6176 6191 6188
f 6165 6175 6176 6166
f 6164 6174 6175 6165
f 6163 6173 6174 6164
f 6162 6172 6173 6163
f 6161 6171 6172 6162
f 6160 6170 6171 6161
f 6190 6189 6170 6160
f 6158 6192 6169 6159
f 6157 6167 6192 6158
f 5733 6187 6194 5695
f 5695 6194 6193 5732
f 5732 6193 6179 5691
f 5691 6179 6180 5693
f 5693 6180 6181 5760
f 5760 6181 6182 5820
f 5820 6182 6183 5759
f 5759 6183 6184 5694
f 5694 6184 6185 5692
f 5692 6185 6187 5733
f 6157 6186 6187 6188
f 6159 6169 6189 6190
f 6167 6157 6188 6191
f 6169 6192 6168 6189
f 6192 6167 6191 6168
f 6178 6159 6190 6193
f 6186 6177 6194 6187
f 6177 6178 6193 6194
f 6273 6247 6217 6263
f 6222 6294 6293 6227
f 6226 6311 6268 6223
f 6307 6231 6196 6258
f 6232 6198 6196 6231
f 6281 6216 6244 6288
f 6265 6224 6248 6274
f 6264 6213 6199 6259
f 6207 6210 6199 6200
f 6215 6214 6201 6202
f 6279 6207 6200 6287
f 6292 6218 6243 6286
f 6274 6264 6217 6247
f 6287 6200 6216 6281
f 6202 6201 6209 6208
f 6200 6199 6213 6216
f 6259 6199 6210 6261
f 6244 6248 6224 6221
f 6260 6204 6206 6262
f 6288 6244 6221 6282
f 6245 6246 6214 6215
f 6204 6259 6261 6206
f 6274 6248 6213 6264
f 6286 6243 6219 6294
f 6265 6220 6229 6312
f 6219 6282 6283 6230
f 6242 6228 6225 6241
f 6280 6290 6234 6212
f 6217 6264 6259 6204
f 6220 6268 6311 6229
f 6303 6298 6276 6249
f 6299 6303 6249 6275
f 6285 6283 6228 6242
f 6227 6226 6223 6222
f 6217 6204 6260 6263
f 6266 6272 6239 6314
f 6308 6237 6231 6307
f 6238 6232 6231 6237
f 6197 6236 6235 6195
f 6277 6284 6236 6197
f 6236 6242 6241 6235
f 6289 6293 6230 6240
f 6284 6285 6242 6236
f 6311 6226 6237 6308
f 6227 6238 6237 6226
f 6222 6223 6246 6245
f 6278 6203 6218 6292
f 6216 6213 6248 6244
f 6294 6219 6230 6293
f 6285 6284 6234 6240
f 6205 6279 6287 6203
f 6288 6282 6219 6243
f 6203 6287 6281 6218
f 6304 6297 6279 6205
f 6284 6277 6212 6234
f 6218 6281 6288 6243
f 6230 6283 6285 6240
f 6291 6205 6203 6278
f 6301 6305 6210 6207
f 6302 6306 6253 6252
f 6300 6302 6252 6296
f 6298 6305 6254 6276
f 6297 6301 6207 6279
f 6251 6256 6255 6254
f 6256 6252 6253 6255
f 6272 6270 6233 6239
f 6267 6314 6239 6271
f 6235 6309 6257 6195
f 6223 6268 6273 6246
f 6214 6263 6260 6201
f 6201 6260 6262 6209
f 6246 6273 6263 6214
f 6312 6225 6224 6265
f 6241 6310 6309 6235
f 6225 6312 6310 6241
f 6306 6299 6275 6253
f 6238 6227 6293 6289
f 6202 6278 6292 6215
f 6198 6232 6290 6280
f 6245 6286 6294 6222
f 6215 6292 6286 6245
f 6208 6291 6278 6202
f 6232 6238 6289 6290
f 6282 6221 6228 6283
f 6309 6313 6211 6257
f 6304 6300 6296 6250
f 6313 6307 6258 6211
f 6271 6239 6233 6269
f 6290 6289 6240 6234
f 6220 6247 6273 6268
f 6220 6265 6274 6247
f 6254 6255 6249 6276
f 6253 6275 6249 6255
f 6251 6295 6250 6256
f 6252 6256 6250 6296
f 6221 6224 6225 6228
f 6205 6291 6300 6304
f 6209 6262 6299 6306
f 6295 6251 6301 6297
f 6261 6210 6305 6298
f 6291 6208 6302 6300
f 6208 6209 6306 6302
f 6251 6254 6305 6301
f 6250 6295 6297 6304
f 6262 6206 6303 6299
f 6206 6261 6298 6303
f 6270 6272 6308 6307
f 6271 6269 6309 6310
f 6272 6266 6311 6308
f 6267 6271 6310 6312
f 6233 6270 6307 6313
f 6269 6233 6313 6309
f 6266 6314 6229 6311
f 6314 6267 6312 6229
f 6349 6257 6211 6326
f 6326 6211 6258 6347
f 6347 6258 6196 6328
f 6328 6196 6198 6329
f 6329 6198 6280 6330
f 6330 6280 6212 6331
f 6331 6212 6277 6332
f 6332 6277 6197 6333
f 6333 6197 6195 6334
f 6334 6195 6257 6349
f 6343 6324 6346 6345
f 6342 6323 6324 6343
f 6341 6322 6323 6342
f 6340 6321 6322 6341
f 6339 6320 6321 6340
f 6338 6319 6320 6339
f 6337 6318 6319 6338
f 6351 6348 6318 6337
f 6335 6316 6317 6336
f 6344 6315 6316 6335
f 6324 6334 6349 6346
f 6323 6333 6334 6324
f 6322 6332 6333 6323
f 6321 6331 6332 6322
f 6320 6330 6331 6321
f 6319 6329 6330 6320
f 6318 6328 6329 6319
f 6348 6347 6328 6318
f 6316 6350 6327 6317
f 6315 6325 6350 6316
f 6315 6344 6345 6346
f 6317 6327 6347 6348
f 6325 6315 6346 6349
f 6327 6350 6326 6347
f 6350 6325 6349 6326
f 6336 6317 6348 6351
f 6344 6335 6352 6345
f 6335 6336 6351 6352
f 5697 6343 6345 5735
f 5735 6345 6352 5700
f 5700 6352 6351 5734
f 5734 6351 6337 5696
f 5696 6337 6338 5698
f 5698 6338 6339 5762
f 5762 6339 6340 5819
f 5819 6340 6341 5761
f 5761 6341 6342 5699
f 5699 6342 6343 5697
f 6431 6405 6375 6421
f 6380 6452 6451 6385
f 6384 6469 6426 6381
f 6465 6389 6354 6416
f 6390 6356 6354 6389
f 6439 6374 6402 6446
f 6423 6382 6406 6432
f 6422 6371 6357 6417
f 6365 6368 6357 6358
f 6373 6372 6359 6360
f 6437 6365 6358 6445
f 6450 6376 6401 6444
f 6432 6422 6375 6405
f 6445 6358 6374 6439
f 6360 6359 6367 6366
f 6358 6357 6371 6374
f 6417 6357 6368 6419
f 6402 6406 6382 6379
f 6418 6362 6364 6420
f 6446 6402 6379 6440
f 6403 6404 6372 6373
f 6362 6417 6419 6364
f 6432 6406 6371 6422
f 6444 6401 6377 6452
f 6423 6378 6387 6470
f 6377 6440 6441 6388
f 6400 6386 6383 6399
f 6438 6448 6392 6370
f 6375 6422 6417 6362
f 6378 6426 6469 6387
f 6461 6456 6434 6407
f 6457 6461 6407 6433
f 6443 6441 6386 6400
f 6385 6384 6381 6380
f 6375 6362 6418 6421
f 6424 6430 6397 6472
f 6466 6395 6389 6465
f 6396 6390 6389 6395
f 6355 6394 6393 6353
f 6435 6442 6394 6355
f 6394 6400 6399 6393
f 6447 6451 6388 6398
f 6442 6443 6400 6394
f 6469 6384 6395 6466
f 6385 6396 6395 6384
f 6380 6381 6404 6403
f 6436 6361 6376 6450
f 6374 6371 6406 6402
f 6452 6377 6388 6451
f 6443 6442 6392 6398
f 6363 6437 6445 6361
f 6446 6440 6377 6401
f 6361 6445 6439 6376
f 6462 6455 6437 6363
f 6442 6435 6370 6392
f 6376 6439 6446 6401
f 6388 6441 6443 6398
f 6449 6363 6361 6436
f 6459 6463 6368 6365
f 6460 6464 6411 6410
f 6458 6460 6410 6454
f 6456 6463 6412 6434
f 6455 6459 6365 6437
f 6409 6414 6413 6412
f 6414 6410 6411 6413
f 6430 6428 6391 6397
f 6425 6472 6397 6429
f 6393 6467 6415 6353
f 6381 6426 6431 6404
f 6372 6421 6418 6359
f 6359 6418 6420 6367
f 6404 6431 6421 6372
f 6470 6383 6382 6423
f 6399 6468 6467 6393
f 6383 6470 6468 6399
f 6464 6457 6433 6411
f 6396 6385 6451 6447
f 6360 6436 6450 6373
f 6356 6390 6448 6438
f 6403 6444 6452 6380
f 6373 6450 6444 6403
f 6366 6449 6436 6360
f 6390 6396 6447 6448
f 6440 6379 6386 6441
f 6467 6471 6369 6415
f 6462 6458 6454 6408
f 6471 6465 6416 6369
f 6429 6397 6391 6427
f 6448 6447 6398 6392
f 6378 6405 6431 6426
f 6378 6423 6432 6405
f 6412 6413 6407 6434
f 6411 6433 6407 6413
f 6409 6453 6408 6414
f 6410 6414 6408 6454
f 6379 6382 6383 6386
f 6363 6449 6458 6462
f 6367 6420 6457 6464
f 6453 6409 6459 6455
f 6419 6368 6463 6456
f 6449 6366 6460 6458
f 6366 6367 6464 6460
f 6409 6412 6463 6459
f 6408 6453 6455 6462
f 6420 6364 6461 6457
f 6364 6419 6456 6461
f 6428 6430 6466 6465
f 6429 6427 6467 6468
f 6430 6424 6469 6466
f 6425 6429 6468 6470
f 6391 6428 6465 6471
f 6427 6391 6471 6467
f 6424 6472 6387 6469
f 6472 6425 6470 6387
f 6507 6415 6369 6484
f 6484 6369 6416 6505
f 6505 6416 6354 6486
f 6486 6354 6356 6487
f 6487 6356 6438 6488
f 6488 6438 6370 6489
f 6489 6370 6435 6490
f 6490 6435 6355 6491
f 6491 6355 6353 6492
f 6492 6353 6415 6507
f 6501 6482 6504 6503
f 6500 6481 6482 6501
f 6499 6480 6481 6500
f 6498 6479 6480 6499
f 6497 6478 6479 6498
f 6496 6477 6478 6497
f 6495 6476 6477 6496
f 6509 6506 6476 6495
f 6493 6474 6475 6494
f 6502 6473 6474 6493
f 6482 6492 6507 6504
f 6481 6491 6492 6482
f 6480 6490 6491 6481
f 6479 6489 6490 6480
f 6478 6488 6489 6479
f 6477 6487 6488 6478
f 6476 6486 6487 6477
f 6506 6505 6486 6476
f 6474 6508 6485 6475
f 6473 6483 6508 6474
f 6473 6502 6503 6504
f 6475 6485 6505 6506
f 6483 6473 6504 6507
f 6485 6508 6484 6505
f 6508 6483 6507 6484
f 6494 6475 6506 6509
f 6502 6493 6510 6503
f 6493 6494 6509 6510
f 6589 6563 6533 6579
f 6538 6610 6609 6543
f 6542 6627 6584 6539
f 6623 6547 6512 6574
f 6548 6514 6512 6547
f 6597 6532 6560 6604
f 6581 6540 6564 6590
f 6580 6529 6515 6575
f 6523 6526 6515 6516
f 6531 6530 6517 6518
f 6595 6523 6516 6603
f 6608 6534 6559 6602
f 6590 6580 6533 6563
f 6603 6516 6532 6597
f 6518 6517 6525 6524
f 6516 6515 6529 6532
f 6575 6515 6526 6577
f 6560 6564 6540 6537
f 6576 6520 6522 6578
f 6604 6560 6537 6598
f 6561 6562 6530 6531
f 6520 6575 6577 6522
f 6590 6564 6529 6580
f 6602 6559 6535 6610
f 6581 6536 6545 6628
f 6535 6598 6599 6546
f 6558 6544 6541 6557
f 6596 6606 6550 6528
f 6533 6580 6575 6520
f 6536 6584 6627 6545
f 6619 6614 6592 6565
f 6615 6619 6565 6591
f 6601 6599 6544 6558
f 6543 6542 6539 6538
f 6533 6520 6576 6579
f 6582 6588 6555 6630
f 6624 6553 6547 6623
f 6554 6548 6547 6553
f 6513 6552 6551 6511
f 6593 6600 6552 6513
f 6552 6558 6557 6551
f 6605 6609 6546 6556
f 6600 6601 6558 6552
f 6627 6542 6553 6624
f 6543 6554 6553 6542
f 6538 6539 6562 6561
f 6594 6519 6534 6608
f 6532 6529 6564 6560
f 6610 6535 6546 6609
f 6601 6600 6550 6556
f 6521 6595 6603 6519
f 6604 6598 6535 6559
f 6519 6603 6597 6534
f 6620 6613 6595 6521
f 6600 6593 6528 6550
f 6534 6597 6604 6559
f 6546 6599 6601 6556
f 6607 6521 6519 6594
f 6617 6621 6526 6523
f 6618 6622 6569 6568
f 6616 6618 6568 6612
f 6614 6621 6570 6592
f 6613 6617 6523 6595
f 6567 6572 6571 6570
f 6572 6568 6569 6571
f 6588 6586 6549 6555
f 6583 6630 6555 6587
f 6551 6625 6573 6511
f 6539 6584 6589 6562
f 6530 6579 6576 6517
f 6517 6576 6578 6525
f 6562 6589 6579 6530
f 6628 6541 6540 6581
f 6557 6626 6625 6551
f 6541 6628 6626 6557
f 6622 6615 6591 6569
f 6554 6543 6609 6605
f 6518 6594 6608 6531
f 6514 6548 6606 6596
f 6561 6602 6610 6538
f 6531 6608 6602 6561
f 6524 6607 6594 6518
f 6548 6554 6605 6606
f 6598 6537 6544 6599
f 6625 6629 6527 6573
f 6620 6616 6612 6566
f 6629 6623 6574 6527
f 6587 6555 6549 6585
f 6606 6605 6556 6550
f 6536 6563 6589 6584
f 6536 6581 6590 6563
f 6570 6571 6565 6592
f 6569 6591 6565 6571
f 6567 6611 6566 6572
f 6568 6572 6566 6612
f 6537 6540 6541 6544
f 6521 6607 6616 6620
f 6525 6578 6615 6622
f 6611 6567 6617 6613
f 6577 6526 6621 6614
f 6607 6524 6618 6616
f 6524 6525 6622 6618
f 6567 6570 6621 6617
f 6566 6611 6613 6620
f 6578 6522 6619 6615
f 6522 6577 6614 6619
f 6586 6588 6624 6623
f 6587 6585 6625 6626
f 6588 6582 6627 6624
f 6583 6587 6626 6628
f 6549 6586 6623 6629
f 6585 6549 6629 6625
f 6582 6630 6545 6627
f 6630 6583 6628 6545
f 6665 6573 6527 6642
f 6642 6527 6574 6663
f 6663 6574 6512 6644
f 6644 6512 6514 6645
f 6645 6514 6596 6646
f 6646 6596 6528 6647
f 6647 6528 6593 6648
f 6648 6593 6513 6649
f 6649 6513 6511 6650
f 6650 6511 6573 6665
f 6659 6640 6662 6661
f 6658 6639 6640 6659
f 6657 6638 6639 6658
f 6656 6637 6638 6657
f 6655 6636 6637 6656
f 6654 6635 6636 6655
f 6653 6634 6635 6654
f 6667 6664 6634 6653
f 6651 6632 6633 6652
f 6660 6631 6632 6651
f 6640 6650 6665 6662
f 6639 6649 6650 6640
f 6638 6648 6649 6639
f 6637 6647 6648 6638
f 6636 6646 6647 6637
f 6635 6645 6646 6636
f 6634 6644 6645 6635
f 6664 6663 6644 6634
f 6632 6666 6643 6633
f 6631 6641 6666 6632
f 6631 6660 6661 6662
f 6633 6643 6663 6664
f 6641 6631 6662 6665
f 6643 6666 6642 6663
f 6666 6641 6665 6642
f 6652 6633 6664 6667
f 6660 6651 6668 6661
f 6651 6652 6667 6668
f 5927 6501 6503 5943
f 5943 6503 6510 5930
f 5930 6510 6509 5942
f 5942 6509 6495 5926
f 5926 6495 6496 5928
f 5928 6496 6497 5949
f 5949 6497 6498 5981
f 5981 6498 6499 5948
f 5948 6499 6500 5929
f 5929 6500 6501 5927
f 5934 6658 6659 5932
f 5932 6659 6661 5945
f 5945 6661 6668 5935
f 5935 6668 6667 5944
f 5944 6667 6653 5931
f 5931 6653 6654 5933
f 5933 6654 6655 5979
f 5979 6655 6656 5980
f 5980 6656 6657 5950
f 5950 6657 6658 5934
f 5863 5858 6670 6671
f 6007 6025 6679 6678
f 5903 5865 6672 6676
f 5858 5857 6669 6670
f 5901 5902 6675 6674
f 6035 6036 6681 6680
f 5963 6007 6678 6677
f 5865 5863 6671 6672
f 5902 5903 6676 6675
f 6036 5900 6673 6681
f 6025 6035 6680 6679
f 5900 5901 6674 6673
f 6675 6676 6689 6688
f 6681 6673 6686 6694
f 6670 6669 6682 6683
f 6677 6678 6691 6690
f 6674 6675 6688 6687
f 6680 6681 6694 6693
f 6672 6671 6684 6685
f 6679 6680 6693 6692
f 6673 6674 6687 6686
f 6671 6670 6683 6684
f 6678 6679 6692 6691
f 6676 6672 6685 6689
f 6686 6687 6700 6699
f 6684 6683 6696 6697
f 6691 6692 6705 6704
f 6689 6685 6698 6702
f 6688 6689 6702 6701
f 6694 6686 6699 6707
f 6683 6682 6695 6696
f 6690 6691 6704 6703
f 6687 6688 6701 6700
f 6693 6694 6707 6706
f 6685 6684 6697 6698
f 6692 6693 6706 6705
f 5965 5963 6677 5972
f 5972 6677 6690 6021
f 6021 6690 6703 5976
f 5815 6669 5857 5817
f 5780 6682 6669 5815
f 5795 6695 6682 5780
f 6706 6707 6716 6715
f 6704 6705 6714 6713
f 6699 6700 6710 6709
f 6701 6702 6712 6711
f 6707 6699 6709 6716
f 6705 6706 6715 6714
f 6702 6698 6708 6712
f 6700 6701 6711 6710
f 6709 6710 6719 6718
f 6711 6712 6721 6720
f 6715 6716 6725 6724
f 6713 6714 6723 6722
f 6712 6708 6717 6721
f 6710 6711 6720 6719
f 6716 6709 6718 6725
f 6714 6715 6724 6723
f 6724 6725 6734 6733
f 6722 6723 6732 6731
f 6721 6717 6726 6730
f 6719 6720 6729 6728
f 6725 6718 6727 6734
f 6723 6724 6733 6732
f 6718 6719 6728 6727
f 6720 6721 6730 6729
f 6024 5977 6737 6741
f 5856 5851 6735 6736
f 6006 6004 6738 6740
f 6005 6024 6741 6739
f 6004 6005 6739 6738
f 5851 6006 6740 6735
f 6741 6737 6744 6748
f 6739 6741 6748 6746
f 6736 6735 6742 6743
f 6735 6740 6747 6742
f 6740 6738 6745 6747
f 6738 6739 6746 6745
f 6748 6744 6751 6755
f 6746 6748 6755 6753
f 6743 6742 6749 6750
f 6742 6747 6754 6749
f 6747 6745 6752 6754
f 6745 6746 6753 6752
f 5976 6703 6757 6756
f 6756 6757 6759 6758
f 6758 6759 6761 6760
f 6703 6704 6713 6757
f 6722 6759 6757 6713
f 6731 6761 6759 6722
f 5976 6756 6737 5977
f 6737 6756 6758 6744
f 6744 6758 6760 6751
f 6730 6726 6774 6775
f 6762 6763 6765 6764
f 6764 6765 6767 6766
f 6766 6767 6769 6768
f 6768 6769 6771 6770
f 6770 6771 6773 6772
f 6772 6773 6775 6774
f 6729 6778 6777 6728
f 6728 6777 6776 6727
f 6734 6780 6779 6733
f 6727 6776 6780 6734
f 6733 6779 6763 6732
f 6780 6776 6781 6785
f 6777 6778 6783 6782
f 6779 6780 6785 6784
f 6776 6777 6782 6781
f 6767 6765 6784 6785
f 6769 6767 6785 6781
f 6771 6769 6781 6782
f 6773 6771 6782 6783
f 6729 6730 6775 6778
f 6763 6779 6784 6765
f 6773 6783 6778 6775
f 6774 6726 6811 6815
f 5818 5853 6788 6786
f 5854 5824 6787 6789
f 5853 5854 6789 6788
f 5861 5818 6786 6791
f 5824 5855 6790 6787
f 6788 6789 6794 6793
f 6786 6788 6793 6792
f 6791 6786 6792 6795
f 6793 6794 6798 6797
f 6792 6793 6797 6796
f 6795 6792 6796 6799
f 6695 5795 6800 6801
f 6697 6696 6802 6803
f 6696 6695 6801 6802
f 6801 6800 6804 6805
f 6803 6802 6806 6807
f 6802 6801 6805 6806
f 6805 6804 6808 6809
f 6807 6806 6810 6811
f 6806 6805 6809 6810
f 5795 5861 6791 6800
f 6795 6804 6800 6791
f 6799 6808 6804 6795
f 5855 5856 6736 6790
f 6697 6803 6708 6698
f 6708 6803 6807 6717
f 6717 6807 6811 6726
f 6772 6774 6815 6814
f 6768 6770 6813 6812
f 6810 6819 6815 6811
f 6770 6772 6814 6813
f 6809 6823 6819 6810
f 6813 6814 6818 6817
f 6814 6815 6819 6818
f 6812 6813 6817 6816
f 6816 6817 6821 6820
f 6808 7534 6823 6809
f 6817 6818 6822 6821
f 6818 6819 6823 6822
f 6822 6823 7534 7535
f 6820 6821 6825 6824
f 7534 6808 6799 6894
f 6821 6822 7535 6825
f 6826 6893 7536 6829
f 6824 6825 6828 6827
f 6825 7535 7537 6828
f 6761 6840 6841 6760
f 6816 6820 6832 6831
f 6820 6824 6833 6832
f 6824 6827 6834 6833
f 6812 6816 6831 6830
f 6833 6834 7540 7541
f 6831 6832 6837 6836
f 6832 6833 7541 6837
f 6830 6831 6836 6835
f 6838 6839 6891 6892
f 6836 6837 6842 6841
f 6837 7541 7543 6842
f 6835 6836 6841 6840
f 6751 6842 7543 6755
f 7543 7542 6753 6755
f 6760 6841 6842 6751
f 6753 7542 7545 6846
f 6764 6835 6840 6762
f 6766 6830 6835 6764
f 6768 6812 6830 6766
f 6761 6731 6762 6840
f 6750 6749 6843 6844
f 6894 6799 6851 7538
f 6797 6798 6850 6849
f 6828 7537 7539 6853
f 6752 6753 6846 6845
f 6829 7536 6855 6854
f 6846 7545 6874 6862
f 6754 6752 6845 6847
f 6796 6797 6849 6848
f 7540 6834 6856 7544
f 6749 6754 6847 6843
f 6834 6827 6852 6856
f 6891 6839 6857 6858
f 6799 6796 6848 6851
f 6827 6828 6853 6852
f 6849 6850 6866 6865
f 6845 6846 6862 6861
f 7544 6856 6872 6873
f 7478 6860 6876 7480
f 6847 6845 6861 6863
f 7545 7544 6873 6874
f 6852 6853 6869 6868
f 6843 6847 6863 6859
f 7538 6851 6867 6871
f 6853 7539 6870 6869
f 6848 6849 6865 6864
f 7539 7538 6871 6870
f 6871 6867 6883 6887
f 6851 6848 6864 6867
f 6844 6843 6859 6860
f 6856 6852 6868 6872
f 7483 6798 6794 7476
f 6862 6874 6890 6878
f 6867 6864 6880 6883
f 6860 6859 6875 6876
f 6872 6868 6884 6888
f 6865 6866 6882 6881
f 6861 6862 6878 6877
f 6873 6872 6888 6889
f 6863 6861 6877 6879
f 6874 6873 6889 6890
f 6868 6869 6885 6884
f 6859 6863 6879 6875
f 6869 6870 6886 6885
f 6864 6865 6881 6880
f 6870 6871 6887 6886
f 6732 6763 6762 6731
f 7474 6844 6860 7478
f 7474 7482 6750 6844
f 6932 6933 6930 6931
f 6979 6978 6907 7118
f 7147 7033 7040 7159
f 6907 7003 6986 7118
f 7012 7079 7075 7002
f 6895 6896 6976 7136
f 6988 6986 6984 6985
f 6910 7043 7044 6911
f 6911 7044 7045 6912
f 6906 7048 7047 6903
f 6944 6943 6913 6914
f 6914 6913 6915 6916
f 6916 6915 6917 6918
f 6903 7047 7046 6938
f 7417 7549 7796 7794
f 6945 6954 6955 6946
f 6954 6951 6950 6955
f 6948 6947 6956 6957
f 6948 6921 6938 6909
f 6918 7142 7144 6916
f 6943 6920 6941 6913
f 7143 7140 6935 6934
f 6975 7147 7159 7041
f 7145 7141 6936 6949
f 7141 7144 6937 6936
f 6914 7141 7145 6944
f 7140 7145 6949 6935
f 7009 7148 7179 6905
f 6944 7145 7140 6899
f 7491 7485 6973 6923
f 6899 7140 7143 6897
f 7139 6896 6897 7143
f 7617 7618 7473 7463
f 6921 6922 6903 6938
f 7136 7135 6972 7088
f 6915 6913 6941 6942
f 6911 6912 6945 6946
f 6895 6974 6901 6900
f 6899 6897 6900 6898
f 7486 7488 6920 6902
f 6940 6939 6950 6951
f 7487 7491 6923 6922
f 6917 6915 6942 6939
f 6909 6910 6947 6948
f 6943 6944 6899 6898
f 6910 6911 6946 6947
f 6902 6898 6900 6901
f 6912 7045 7058 6966
f 6949 6960 6959 6935
f 6934 6958 6930 6933
f 6947 6946 6955 6956
f 6942 6941 6952 6953
f 6939 6942 6953 6950
f 6952 6957 6956 6953
f 6953 6956 6955 6950
f 2620 2590 7253 7254
f 7197 2574 2591 7207
f 6935 6959 6958 6934
f 6936 6961 6960 6949
f 6937 6962 6961 6936
f 6922 6923 6906 6903
f 7369 7547 7548 7393
f 6940 6951 6969 6967
f 6954 6945 6968 6970
f 6919 6917 6939 6940
f 6951 6954 6970 6969
f 6945 6912 6966 6968
f 5010 4755 4754 5011
f 6919 6940 6967 6965
f 7241 6963 6980 7247
f 7240 6971 7196 7236
f 7196 2578 2574 7197
f 6909 7042 7043 6910
f 6977 7147 6975 6976
f 6927 7051 7050 6979
f 6972 7072 7070 7088
f 7345 7546 7547 7369
f 6987 6991 6990 6989
f 7004 7080 7077 7005
f 7049 7048 6906 7137
f 6927 6926 7054 7051
f 6926 6925 7053 7054
f 6989 6988 6985 6987
f 7120 7119 6988 6989
f 7120 7121 6925 6926
f 6932 7033 7147 6977
f 7118 7119 6927 6979
f 6895 6900 6897 6896
f 7072 6972 6993 7078
f 6943 6898 6902 6920
f 7002 7075 7076 7013
f 7077 7074 7006 7005
f 7081 7015 7013 7076
f 7249 7172 6931 7251
f 6978 7173 7176 6907
f 7006 7007 7004 7005
f 7175 7174 7018 7003
f 6992 7073 7079 7012
f 7080 7004 7019 7082
f 7081 7083 7020 7015
f 6905 6992 7012 7009
f 7002 7013 7015 7014
f 7150 7149 7017 7016
f 7083 7085 7022 7020
f 7082 7019 7021 7084
f 7152 7151 7028 7027
f 7153 7152 7027 7026
f 7154 7153 7026 7025
f 7155 7151 7022 7024
f 7157 7156 7031 7032
f 7156 7158 7030 7031
f 7150 7158 7019 7004
f 7198 7200 2610 2579
f 6907 7176 7175 7003
f 7037 7038 7016 7017
f 7034 7036 7038 7037
f 7136 6976 6975 7135
f 6905 7138 7089 6992
f 6925 6982 7057 7053
f 6928 6929 7056 7055
f 6982 6924 7052 7057
f 6924 6928 7055 7052
f 6929 6983 7059 7056
f 7160 7050 7051 7161
f 7162 7161 7051 7054
f 7162 7054 7053 7163
f 7163 7053 7057 7164
f 7164 7057 7052 7165
f 7165 7052 7055 7166
f 7166 7055 7056 7167
f 7167 7168 7058 7045
f 6990 6991 7061 7060
f 7060 7061 7063 7062
f 7062 7063 7065 7064
f 7064 7065 7067 7066
f 7066 7067 7069 7068
f 7121 6990 7060 7123
f 7123 7060 7062 7124
f 7124 7062 7064 7125
f 7125 7064 7066 7126
f 7126 7066 7068 7127
f 7204 2658 2659 7205
f 7148 7154 7025 7010
f 7504 7082 7084 7506
f 7176 7122 7011 7175
f 7502 7080 7082 7504
f 7497 7498 7076 7075
f 7002 7014 7009 7012
f 6986 7003 7018 6984
f 7494 7072 7078 7500
f 7500 7078 7074 7496
f 7494 7492 7070 7072
f 7492 7510 7088 7070
f 7498 7503 7081 7076
f 7484 6974 7088 7510
f 6992 7089 7071 7073
f 7518 7169 7090 7512
f 7157 7169 7086 7023
f 7170 7091 7029 7155
f 7128 7122 7010 7025
f 7129 7093 7092 7128
f 7130 7129 7026 7027
f 7131 7130 7027 7028
f 6994 7008 7011 7092
f 6995 6994 7092 7093
f 7094 7096 6995 7093
f 6996 7096 7094 7095
f 7038 7036 7097 7098
f 7198 7199 7036 7034
f 7098 7097 7099 7100
f 7199 2617 2655 7201
f 7100 7099 7101 7102
f 7201 2655 2656 7202
f 7102 7101 7103 7104
f 7202 2656 2657 7203
f 7016 7038 7098 7030
f 7030 7098 7100 7031
f 7031 7100 7102 7032
f 7029 7091 7108 7105
f 7090 7032 7106 7107
f 7512 7090 7107 7514
f 7104 7106 7032 7102
f 6997 6996 7095 7109
f 7132 7109 7095 7131
f 7133 7132 7029 7105
f 6998 6997 7109 7110
f 7133 7105 7111 7134
f 7105 7108 7113 7111
f 7514 7107 7112 7516
f 7106 7104 7116 7117
f 7104 7103 7115 7116
f 7203 2657 2658 7204
f 7106 7117 7112 7107
f 6998 7110 7114 6999
f 7110 7133 7134 7114
f 7110 7109 7132 7133
f 7029 7132 7131 7028
f 7095 7094 7130 7131
f 7094 7093 7129 7130
f 7026 7129 7128 7025
f 7092 7011 7122 7128
f 6929 7126 7127 6983
f 6928 7125 7126 6929
f 6924 7124 7125 6928
f 6982 7123 7124 6924
f 6925 7121 7123 6982
f 6986 6988 7119 7118
f 6989 6990 7121 7120
f 6926 6927 7119 7120
f 6993 7006 7074 7078
f 6974 6895 7136 7088
f 7035 7200 7198 7034
f 6904 6993 6972 7135
f 6906 6923 6973 7137
f 7089 7138 7137 6973
f 6938 7046 7042 6909
f 7017 7039 6908 7037
f 7135 6975 7041 6904
f 7171 7159 7040 7039
f 7149 7171 7039 7017
f 7172 7039 7040 7033
f 7087 7170 7155 7024
f 7032 7090 7169 7157
f 7508 7086 7169 7518
f 7009 7014 7154 7148
f 7056 7059 7168 7167
f 7044 7166 7167 7045
f 7043 7165 7166 7044
f 7042 7164 7165 7043
f 7046 7163 7164 7042
f 7047 7162 7163 7046
f 7047 7048 7161 7162
f 7049 7160 7161 7048
f 7016 7030 7158 7150
f 7021 7019 7158 7156
f 7023 7021 7156 7157
f 7029 7028 7151 7155
f 7014 7015 7153 7154
f 7015 7020 7152 7153
f 7020 7022 7151 7152
f 7004 7007 7149 7150
f 6962 6937 7146 6963
f 6916 7144 7141 6914
f 6904 7007 7006 6993
f 7007 6904 7171 7149
f 6904 7041 7159 7171
f 7173 7010 7122 7176
f 7178 7177 7137 7138
f 7011 7008 7174 7175
f 6931 7172 7033 6932
f 6908 7035 7034 7037
f 7205 2659 2660 7208
f 7179 7173 6978 7178
f 6905 7179 7178 7138
f 6978 6979 7177 7178
f 7148 7010 7173 7179
f 7177 6979 7050 7160
f 7137 7177 7160 7049
f 6933 7139 7143 6934
f 7393 7548 7549 7417
f 7144 7142 7146 6937
f 6977 6976 6896 7139
f 6932 6977 7139 6933
f 7022 7085 7087 7024
f 7023 7086 7084 7021
f 7506 7084 7086 7508
f 7114 7134 7184 7183
f 7516 7112 7181 7520
f 7111 7113 7182 7180
f 7134 7111 7180 7184
f 7184 7180 7185 7189
f 7180 7182 7187 7185
f 7183 7184 7189 7188
f 7520 7181 7186 7522
f 6999 7114 7183 7000
f 7000 7183 7188 7001
f 7116 7115 7190 7191
f 7117 7116 7191 7192
f 7213 7214 2604 2602
f 7191 7190 7193 7194
f 7192 7191 7194 7195
f 7181 7192 7195 7186
f 7117 7192 7181 7112
f 7190 7208 2608 7193
f 2703 7206 7207 2591
f 7208 2660 7209 2608
f 7115 7205 7208 7190
f 7101 7203 7204 7103
f 7099 7202 7203 7101
f 7097 7201 7202 7099
f 7036 7199 7201 7097
f 2579 2617 7199 7198
f 7103 7204 7205 7115
f 2626 2623 7255 7256
f 7253 7232 7234 7254
f 7236 7196 7197 7246
f 7258 7257 7248 7244
f 7255 7238 7242 7256
f 7254 7234 7238 7255
f 7533 7522 7186 7268
f 6998 6999 7213 7212
f 6996 6997 7211 7210
f 6999 7000 7214 7213
f 6997 6998 7212 7211
f 7096 6996 7210 7216
f 7001 2606 7214 7000
f 7211 7212 2600 2598
f 7216 7210 2596 2634
f 7212 7213 2602 2600
f 7210 7211 2598 2596
f 2581 2585 7226 7228
f 2703 2610 7200 7206
f 7273 6884 6885 7278
f 7283 6888 6884 7273
f 7278 6885 6886 7288
f 7293 6889 6888 7283
f 7263 7298 7185 7187
f 7303 7189 7185 7298
f 7308 7188 7189 7303
f 7308 7313 7001 7188
f 2604 7214 2606 7215
f 7215 2606 2605 7561
f 7323 7268 7186 7195
f 7323 7195 7194 7328
f 7333 7328 7194 7193
f 2660 2651 2654 7209
f 2654 2702 2687 7562
f 2580 2581 7228 7230
f 7223 2594 2593 7225
f 7225 2593 2612 7227
f 7227 2612 2705 7229
f 7289 2605 2606 7318
f 7216 2634 2594 7223
f 2614 2580 7230 7224
f 6984 7018 7224 7230
f 6984 7230 7228 6985
f 6985 7228 7226 6987
f 2705 2614 7224 7229
f 7174 7229 7224 7018
f 7008 7227 7229 7174
f 6994 7225 7227 7008
f 6995 7223 7225 6994
f 7096 7216 7223 6995
f 7217 7222 7061 6991
f 7222 7218 7063 7061
f 7218 7219 7065 7063
f 7219 7220 7067 7065
f 7220 7221 7069 7067
f 2627 2630 7221 7220
f 2624 2627 7220 7219
f 2621 2624 7219 7218
f 2618 2621 7218 7222
f 2588 2618 7222 7217
f 2588 7217 7226 2585
f 6991 6987 7226 7217
f 6960 7231 7239 6959
f 7231 7232 7240 7239
f 6961 7233 7231 6960
f 7233 7234 7232 7231
f 6962 7237 7233 6961
f 7237 7238 7234 7233
f 6959 7239 7235 6958
f 7239 7240 7236 7235
f 6963 7241 7237 6962
f 7241 7242 7238 7237
f 6958 7235 7245 6930
f 7235 7236 7246 7245
f 6964 7243 7247 6980
f 7243 7244 7248 7247
f 7257 7256 7242 7248
f 7242 7241 7247 7248
f 7206 7250 7252 7207
f 7250 7249 7251 7252
f 6931 6930 7245 7251
f 7172 7249 6908 7039
f 7035 6908 7249 7250
f 7200 7035 7250 7206
f 7197 7207 7252 7246
f 7246 7252 7251 7245
f 2623 2620 7254 7255
f 2590 2587 6971 7253
f 2629 2626 7256 7257
f 2632 2629 7257 7258
f 2587 2578 7196 6971
f 7240 7232 7253 6971
f 6886 6887 7334 7288
f 7288 7334 7335 7287
f 7287 7335 7336 7286
f 7286 7336 7337 7285
f 7285 7337 7338 7284
f 6887 6883 7329 7334
f 7334 7329 7330 7335
f 7335 7330 7331 7336
f 7336 7331 7332 7337
f 7337 7332 7333 7338
f 6883 6880 7324 7329
f 7329 7324 7325 7330
f 7330 7325 7326 7331
f 7331 7326 7327 7332
f 7332 7327 7328 7333
f 6881 7319 7324 6880
f 7319 7320 7325 7324
f 7320 7321 7326 7325
f 7321 7322 7327 7326
f 7322 7323 7328 7327
f 6881 6882 7264 7319
f 7319 7264 7265 7320
f 7320 7265 7266 7321
f 7321 7266 7267 7322
f 7322 7267 7268 7323
f 6889 7293 7314 6890
f 7293 7292 7315 7314
f 7292 7291 7316 7315
f 7291 7290 7317 7316
f 7290 7289 7318 7317
f 6890 7314 7309 6878
f 7314 7315 7310 7309
f 7315 7316 7311 7310
f 7316 7317 7312 7311
f 7317 7318 7313 7312
f 6877 6878 7309 7304
f 7304 7309 7310 7305
f 7305 7310 7311 7306
f 7306 7311 7312 7307
f 7307 7312 7313 7308
f 6877 7304 7299 6879
f 7304 7305 7300 7299
f 7305 7306 7301 7300
f 7306 7307 7302 7301
f 7307 7308 7303 7302
f 6879 7299 7294 6875
f 7299 7300 7295 7294
f 7300 7301 7296 7295
f 7301 7302 7297 7296
f 7302 7303 7298 7297
f 6876 6875 7294 7259
f 7259 7294 7295 7260
f 7260 7295 7296 7261
f 7261 7296 7297 7262
f 7262 7297 7298 7263
f 2606 7001 7313 7318
f 7289 7290 7280 7279
f 7290 7291 7281 7280
f 7291 7292 7282 7281
f 7292 7293 7283 7282
f 7284 7562 2687 7274
f 7274 7275 7285 7284
f 7275 7276 7286 7285
f 7276 7277 7287 7286
f 7277 7278 7288 7287
f 2681 7279 7269 2607
f 7279 7280 7270 7269
f 7280 7281 7271 7270
f 7281 7282 7272 7271
f 7282 7283 7273 7272
f 2607 7269 7274 2687
f 7269 7270 7275 7274
f 7270 7271 7276 7275
f 7271 7272 7277 7276
f 7272 7273 7278 7277
f 7481 7525 7264 6882
f 7525 7527 7265 7264
f 7527 7529 7266 7265
f 7529 7531 7267 7266
f 7531 7533 7268 7267
f 6983 7127 7357 7352
f 6981 7339 7363 7546
f 7168 7059 7354 7358
f 7258 7244 7361 7362
f 7552 6965 7346 7553
f 7243 6964 7345 7360
f 7127 7068 7355 7357
f 2692 2632 7342 7344
f 6967 6969 7350 7348
f 7244 7243 7360 7361
f 7068 7069 7356 7355
f 6966 7058 7353 7347
f 6970 6968 7349 7351
f 7059 6983 7352 7354
f 2631 2692 7344 7341
f 2630 2670 7343 7340
f 6968 6966 7347 7349
f 7058 7168 7358 7353
f 6969 6970 7351 7350
f 2632 7258 7362 7342
f 7221 2630 7340 7359
f 2670 2631 7341 7343
f 6965 6967 7348 7346
f 7069 7221 7359 7356
f 7351 7349 7373 7375
f 7361 7360 7384 7385
f 7349 7347 7371 7373
f 7350 7351 7375 7374
f 7342 7362 7386 7366
f 7341 7344 7368 7365
f 7346 7348 7372 7370
f 7347 7353 7377 7371
f 7546 7363 7387 7547
f 7343 7341 7365 7367
f 7358 7354 7378 7382
f 7354 7352 7376 7378
f 7340 7343 7367 7364
f 7362 7361 7385 7386
f 7353 7358 7382 7377
f 7344 7342 7366 7368
f 7356 7359 7383 7380
f 7355 7356 7380 7379
f 7553 7346 7370 7554
f 7359 7340 7364 7383
f 7357 7355 7379 7381
f 7348 7350 7374 7372
f 7360 7345 7369 7384
f 7352 7357 7381 7376
f 7377 7382 7406 7401
f 7368 7366 7390 7392
f 7380 7383 7407 7404
f 7379 7380 7404 7403
f 7554 7370 7394 7555
f 7383 7364 7388 7407
f 7381 7379 7403 7405
f 7372 7374 7398 7396
f 7384 7369 7393 7408
f 7376 7381 7405 7400
f 7375 7373 7397 7399
f 7385 7384 7408 7409
f 7373 7371 7395 7397
f 7374 7375 7399 7398
f 7366 7386 7410 7390
f 7365 7368 7392 7389
f 7370 7372 7396 7394
f 7371 7377 7401 7395
f 7547 7387 7411 7548
f 7367 7365 7389 7391
f 7382 7378 7402 7406
f 7378 7376 7400 7402
f 7364 7367 7391 7388
f 7386 7385 7409 7410
f 7409 7408 7432 7433
f 7397 7395 7419 7421
f 7398 7399 7423 7422
f 7390 7410 7434 7414
f 7389 7392 7416 7413
f 7394 7396 7420 7418
f 7395 7401 7425 7419
f 7548 7411 7435 7549
f 7391 7389 7413 7415
f 7406 7402 7426 7430
f 7402 7400 7424 7426
f 7388 7391 7415 7412
f 7410 7409 7433 7434
f 7401 7406 7430 7425
f 7392 7390 7414 7416
f 7404 7407 7431 7428
f 7403 7404 7428 7427
f 7555 7394 7418 7556
f 7407 7388 7412 7431
f 7405 7403 7427 7429
f 7396 7398 7422 7420
f 7408 7393 7417 7432
f 7400 7405 7429 7424
f 7399 7397 7421 7423
f 7425 7430 7454 7449
f 7416 7414 7438 7440
f 7428 7431 7455 7452
f 7427 7428 7452 7451
f 7556 7418 7442 7557
f 7431 7412 7436 7455
f 7429 7427 7451 7453
f 7420 7422 7446 7444
f 7432 7417 7794 7795
f 7424 7429 7453 7448
f 7423 7421 7445 7447
f 7433 7432 7795 7792
f 7421 7419 7443 7445
f 7422 7423 7447 7446
f 7414 7434 7793 7438
f 7413 7416 7440 7437
f 7418 7420 7444 7442
f 7419 7425 7449 7443
f 7549 7435 7457 7796
f 7415 7413 7437 7439
f 7430 7426 7450 7454
f 7426 7424 7448 7450
f 7412 7415 7439 7436
f 7434 7433 7792 7793
f 7882 7566 7460 7883
f 7437 7440 7462 7459
f 7443 7449 7466 7464
f 7447 7445 7619 7620
f 7439 7437 7459 7461
f 7454 7450 7467 7471
f 7450 7448 7465 7467
f 7436 7439 7461 7458
f 7449 7454 7471 7466
f 7440 7438 7460 7462
f 7452 7455 7472 7469
f 7451 7452 7469 7468
f 7455 7436 7458 7472
f 7453 7451 7468 7470
f 7457 7616 7797 7796
f 7448 7453 7470 7465
f 7262 7263 7532 7530
f 7530 7532 7533 7531
f 7261 7262 7530 7528
f 7528 7530 7531 7529
f 7260 7261 7528 7526
f 7526 7528 7529 7527
f 7259 7260 7526 7524
f 7524 7526 7527 7525
f 6876 7259 7524 7480
f 7480 7524 7525 7481
f 7263 7187 7523 7532
f 7532 7523 7522 7533
f 7182 7521 7523 7187
f 7521 7520 7522 7523
f 7113 7517 7521 7182
f 7517 7516 7520 7521
f 7085 7507 7509 7087
f 7507 7506 7508 7509
f 7087 7509 7519 7170
f 7509 7508 7518 7519
f 7108 7515 7517 7113
f 7515 7514 7516 7517
f 7091 7513 7515 7108
f 7513 7512 7514 7515
f 7170 7519 7513 7091
f 7519 7518 7512 7513
f 6973 7485 7511 7089
f 7485 7484 7510 7511
f 7077 7080 7502 7499
f 7499 7502 7503 7498
f 7071 7089 7511 7493
f 7493 7511 7510 7492
f 7073 7071 7493 7495
f 7495 7493 7492 7494
f 7079 7501 7497 7075
f 7501 7500 7496 7497
f 7073 7495 7501 7079
f 7495 7494 7500 7501
f 7074 7077 7499 7496
f 7496 7499 7498 7497
f 7081 7503 7505 7083
f 7503 7502 7504 7505
f 7083 7505 7507 7085
f 7505 7504 7506 7507
f 6902 6901 7490 7486
f 7486 7490 7491 7487
f 6922 6921 7489 7487
f 7487 7489 7488 7486
f 6901 6974 7484 7490
f 7490 7484 7485 7491
f 6850 6798 7483 7475
f 7475 7483 7482 7474
f 6850 7475 7479 6866
f 7475 7474 7478 7479
f 6750 7482 7477 6743
f 7482 7483 7476 7477
f 6866 7479 7481 6882
f 7479 7478 7480 7481
f 6948 6957 7489 6921
f 6957 6952 7488 7489
f 6920 7488 6952 6941
f 6787 7476 6794 6789
f 6790 7477 7476 6787
f 6743 7477 6790 6736
f 6893 6826 7535 7534
f 7536 6893 7534 6894
f 6826 6829 7537 7535
f 6854 6855 7538 7539
f 6829 6854 7539 7537
f 6855 7536 6894 7538
f 6839 6838 7541 7540
f 6892 6891 7542 7543
f 6838 6892 7543 7541
f 6858 6857 7544 7545
f 6891 6858 7545 7542
f 6857 6839 7540 7544
f 6964 6981 7546 7345
f 7435 7556 7557 7457
f 7411 7555 7556 7435
f 7387 7554 7555 7411
f 7363 7553 7554 7387
f 7339 7552 7553 7363
f 7559 7142 6918 7558
f 7559 7339 6981 7560
f 6918 6917 6919 7558
f 7558 6919 6965 7552
f 7142 7559 7560 7146
f 7339 7559 7558 7552
f 7560 6981 6964 6980
f 7146 7560 6980 6963
f 2681 2680 7561 2605
f 7289 7279 2681 2605
f 7468 7469 7572 7571
f 7469 7472 7575 7572
f 7461 7459 7565 7567
f 7874 7883 7460 7438
f 7470 7468 7571 7573
f 7472 7458 7564 7575
f 7458 7461 7567 7564
f 7467 7465 7569 7570
f 7471 7467 7570 7574
f 7465 7470 7573 7569
f 7462 7460 7566 7568
f 7459 7462 7568 7565
f 7564 7567 7579 7576
f 7572 7575 7587 7584
f 7573 7571 7583 7585
f 7568 7566 7578 7580
f 7575 7564 7576 7587
f 7565 7568 7580 7577
f 7569 7573 7585 7581
f 7570 7569 7581 7582
f 7882 11766 11779 7884
f 7567 7565 7577 7579
f 7574 7570 7582 7586
f 7581 7585 7591 7588
f 7602 7592 7593 7589
f 7852 7854 7643 7626
f 7593 7592 7591 7605
f 7683 7600 7598 7682
f 7584 7689 7605 7583
f 7613 7636 7886 7885
f 7595 7588 7591 7592
f 7868 7870 7628 7596
f 7869 7868 7596 7613
f 7571 7572 7584 7583
f 7466 7471 7574 7606
f 7574 7586 7590 7606
f 7464 7466 7606 7607
f 7446 7447 7620 7618
f 7592 7602 7563 7595
f 7576 7691 7690 7587
f 7590 7586 7588 7595
f 7689 7688 7593 7605
f 7742 7637 7641 7738
f 11833 7635 7603 11786
f 7581 7588 7586 7582
f 11786 7603 7629 11808
f 7638 7639 7598 7600
f 7834 7835 7615 7614
f 11940 7741 7635 11833
f 7639 7640 7597 7598
f 7835 7836 7611 7615
f 7442 7444 7617 7616
f 7444 7446 7618 7617
f 7557 7442 7616 7457
f 7445 7443 7464 7619
f 7620 7619 7621 7622
f 7618 7620 7622 7473
f 7607 7621 7619 7464
f 7607 7606 7590 7595
f 7563 7602 7624 7623
f 7563 7621 7607 7595
f 7602 7589 7594 7624
f 7851 7852 7626 7644
f 7744 7740 7639 7638
f 7740 7743 7640 7639
f 7613 7596 7601 7636
f 7738 7641 7640 7743
f 7746 7706 7637 7742
f 7857 7705 7642 7855
f 7624 7594 7632 7633
f 7621 7563 7623 7622
f 7820 4740 7634 7816
f 7634 4740 11831 8927
f 7886 7884 11779 11806
f 7594 7702 7707 7632
f 7599 7597 7640 7641
f 7703 7609 7637 7706
f 7609 7599 7641 7637
f 7850 7630 7643 7854
f 7744 7638 7628 7737
f 7604 7601 7638 7600
f 7885 7886 11806 11834
f 7596 7628 7638 7601
f 7879 7741 7625 7878
f 7855 7642 7630 7850
f 7656 4901 4902 3125
f 3059 7656 3125 3104
f 4956 7657 4955 7666
f 3060 4901 7666 7663
f 3058 3034 7662 3107
f 4804 4803 7660 7665
f 4856 4847 7658 7664
f 3034 4805 7661 7662
f 4847 3058 3107 7658
f 3126 3060 7663 7659
f 4803 3126 7659 7660
f 7667 4956 7656 3059
f 3059 3065 4932 7667
f 7668 7657 4956 7667
f 4959 7668 7667 4932
f 3121 4957 4958 7669
f 7671 7669 4958 3101
f 4959 3121 7669 7670
f 7672 7670 7669 7671
f 4938 3027 3100 7676
f 4935 7676 3101 4958
f 3101 7676 3100 7675
f 3100 4855 4856 7675
f 4847 4856 4855 4937
f 7604 7600 7683 7694
f 7694 7683 7684 7693
f 7693 7684 7685 7692
f 7692 7685 7686 7691
f 7691 7686 7687 7690
f 7690 7687 7688 7689
f 7580 7694 7693 7577
f 7577 7693 7692 7579
f 7579 7692 7691 7576
f 7593 7688 7677 7589
f 7688 7687 7678 7677
f 7687 7686 7679 7678
f 7686 7685 7680 7679
f 7685 7684 7681 7680
f 7684 7683 7682 7681
f 7585 7583 7605 7591
f 7587 7690 7689 7584
f 7578 7636 7601 7604
f 7578 7604 7694 7580
f 4945 5041 5046 4868
f 4952 5036 5041 4945
f 4951 5031 5036 4952
f 4946 5026 5031 4951
f 3102 5021 5026 4946
f 4941 5012 5021 3102
f 4941 4955 4987 5012
f 7657 4997 4987 4955
f 5006 4997 7657 7668
f 5006 7668 4959 7655
f 4996 7655 4959 7670
f 4996 7670 7672 4754
f 7673 5011 4754 7672
f 5011 7673 4954 5056
f 4953 5051 5056 4954
f 4868 5046 5051 4953
f 4752 4566 7695 7696
f 4566 4762 7697 7695
f 4436 7695 7697 4438
f 4437 7696 7695 4436
f 4438 7697 4490 4449
f 4490 7697 4762 4492
f 4437 4489 4766 7696
f 4752 7696 4766 4767
f 4489 4488 4590 4764
f 7698 7699 4769 4768
f 7598 7597 7681 7682
f 7597 7599 7680 7681
f 7599 7609 7679 7680
f 7702 7703 7706 7707
f 7853 7627 7704 7856
f 7856 7704 7705 7857
f 7745 7707 7706 7746
f 7609 7703 7678 7679
f 7678 7703 7702 7677
f 7594 7589 7677 7702
f 7838 7610 7611 7836
f 7839 7608 7610 7838
f 7839 7840 7701 7608
f 7840 7841 7700 7701
f 7841 7842 7612 7700
f 7739 7632 7707 7745
f 12012 7550 7551 12011
f 7747 7551 7797 7798
f 7456 7799 12010 12015
f 7550 12012 12013 7441
f 7824 7825 7727 7725
f 7725 7727 7728 7726
f 7823 7824 7725 7723
f 7723 7725 7726 7724
f 7822 7823 7723 7721
f 7721 7723 7724 7722
f 7822 7721 7719 7821
f 7721 7722 7720 7719
f 7821 7719 7715 7819
f 7719 7720 7716 7715
f 7820 7717 11919 12041
f 7717 7718 11920 11919
f 7837 7718 7710 7833
f 7718 7717 7709 7710
f 7818 7819 7715 7713
f 7713 7715 7716 7714
f 7817 7711 7709 7816
f 7711 7712 7710 7709
f 7817 7818 7713 7711
f 7711 7713 7714 7712
f 7700 7735 7736 7701
f 7612 7732 7735 7700
f 7608 7734 7729 7610
f 7610 7729 7733 7611
f 7701 7736 7734 7608
f 7614 7615 7731 7730
f 7851 7644 7631 7730
f 7615 7611 7733 7731
f 7704 7745 7746 7705
f 7627 7739 7745 7704
f 7875 7635 7741 7879
f 7644 7744 7737 7631
f 7705 7746 7742 7642
f 7630 7738 7743 7643
f 7626 7643 7743 7740
f 7644 7626 7740 7744
f 11829 7625 7741 11940
f 7642 7742 7738 7630
f 7633 7632 7739 7708
f 7844 7843 7806 7751
f 7859 7858 7808 7753
f 7753 7808 7754 7755
f 7755 7754 7756 7757
f 12014 12011 7551 7747
f 7761 7463 7473 7771
f 7773 7755 7757 7772
f 7774 7753 7755 7773
f 7751 7806 7807 7759
f 7775 7751 7759 7776
f 7861 7859 7753 7774
f 7750 7804 7805 7760
f 7846 7844 7751 7775
f 7778 7750 7760 7777
f 4728 7803 7801 4725
f 7881 7749 7779 4726
f 7727 7768 7767 7728
f 7842 7845 7765 7612
f 7853 7860 7764 7627
f 7612 7765 7766 7732
f 7627 7764 7763 7739
f 7739 7763 7762 7708
f 7769 7761 7708 7762
f 7828 7827 7750 7778
f 7845 7846 7775 7765
f 7860 7861 7774 7764
f 7765 7775 7776 7766
f 7764 7774 7773 7763
f 7763 7773 7772 7762
f 7771 7473 7622 7623
f 7623 7624 7633 7771
f 7463 7761 7769 7770
f 4725 7801 7881 4726
f 7809 7788 7811 7786
f 7847 7781 7782 7849
f 7782 7758 7813 7787
f 7849 7848 7811 7788
f 7888 7784 7790 7789
f 7784 7785 7791 7790
f 11984 11985 7810 7780
f 7849 7782 7787 7848
f 11986 11987 7812 7781
f 7781 7812 7758 7782
f 11988 11989 7784 7888
f 11989 11990 7785 7784
f 7754 7808 7789 7790
f 7780 7810 7788 7809
f 7807 7806 7787 7813
f 7843 7805 7811 7848
f 7756 7754 7790 7791
f 7805 7804 7786 7811
f 4702 4704 4727 4731
f 4727 4726 7779 4731
f 7829 4731 7779 7828
f 7825 7829 7768 7727
f 7799 7456 7793 7792
f 7441 7800 7795 7794
f 7800 7799 7792 7795
f 7551 7550 7796 7797
f 7550 7441 7794 7796
f 7770 7798 7797 7463
f 12014 7747 7798 11950
f 7748 7881 7801 4729
f 4730 4729 7801 7803
f 12023 4730 7803 8919
f 7863 7815 7752 7862
f 7826 7830 7786 7804
f 12024 12066 12072 12031
f 12070 7847 7810 11985
f 7815 7889 7888 7789
f 7810 7847 7849 7788
f 7858 7807 7813 7862
f 7814 12121 12120 7783
f 7752 7815 7789 7808
f 12070 11986 7781 7847
f 7843 7848 7787 7806
f 7863 7758 7812 7864
f 7864 12090 12028 7889
f 7830 7748 4729 7831
f 7831 4729 4730 7832
f 7832 4730 12023 12054
f 7780 7832 12054 11984
f 7809 7831 7832 7780
f 7786 7830 7831 7809
f 7802 7748 7830 7826
f 4734 4731 7829 7825
f 7768 7829 7828 7778
f 7779 7749 7827 7828
f 4738 4739 7818 7817
f 4738 7817 7816 7634
f 4739 4732 7819 7818
f 4740 7820 12041 11831
f 4733 7821 7819 4732
f 4736 7822 7821 4733
f 4736 4737 7823 7822
f 4737 4735 7824 7823
f 4735 4734 7825 7824
f 7717 7820 7816 7709
f 7749 7802 7826 7827
f 7767 7777 7846 7845
f 7728 7767 7845 7842
f 7777 7760 7844 7846
f 7760 7805 7843 7844
f 7726 7728 7842 7841
f 7724 7726 7841 7840
f 7722 7724 7840 7839
f 7722 7839 7838 7720
f 7720 7838 7836 7716
f 7718 7837 12060 11920
f 7714 7716 7836 7835
f 7712 7834 7833 7710
f 7712 7714 7835 7834
f 7812 11987 12090 7864
f 7815 7863 7864 7889
f 7808 7858 7862 7752
f 7758 7863 7862 7813
f 7766 7776 7861 7860
f 7732 7766 7860 7853
f 7776 7759 7859 7861
f 7759 7807 7858 7859
f 7735 7856 7857 7736
f 7732 7853 7856 7735
f 7734 7855 7850 7729
f 7729 7850 7854 7733
f 7736 7857 7855 7734
f 7730 7731 7852 7851
f 7731 7733 7854 7852
f 7633 7708 7761 7771
f 7797 7616 7617 7463
f 7770 7769 7865 7866
f 11950 7798 7867 12091
f 7798 7770 7866 7867
f 7769 7762 7772 7865
f 12101 12060 7837 7873
f 7628 7870 7872 7737
f 7737 7872 7871 7631
f 7877 7876 7868 7869
f 7876 7875 7870 7868
f 7885 7887 7869 7613
f 7631 7871 7614 7730
f 11829 12101 7873 7625
f 7878 7880 7614 7871
f 7625 7873 7880 7878
f 7603 7635 7875 7876
f 7629 7603 7876 7877
f 7870 7875 7879 7872
f 7872 7879 7878 7871
f 11834 12080 7887 7885
f 7837 7833 7880 7873
f 7614 7880 7833 7834
f 7785 11990 12091 7867
f 7791 7785 7867 7866
f 7756 7791 7866 7865
f 7756 7865 7772 7757
f 7881 7748 7802 7749
f 7636 7578 7884 7886
f 7566 7882 7884 7578
f 11899 11662 7883 7874
f 11766 7882 7883 11662
f 7877 7869 7887 7629
f 7629 7887 12080 11808
f 7438 7793 7456 7874
f 11899 7874 7456 12015
f 7890 12117 11988 7888
f 12119 7891 7889 12028
f 7891 7890 7888 7889
f 7783 12120 12117 7890
f 12121 7814 7891 12119
f 7814 7783 7890 7891
f 7895 7938 7937 8030
f 7940 7939 7905 7896
f 7941 7934 7986 7897
f 7958 7917 8007 7898
f 7916 7958 7898 7899
f 7898 7902 7903 7899
f 8007 8008 7902 7898
f 7896 7905 7906 7900
f 7986 7987 7901 7897
f 7906 7910 7907 7900
f 8010 7912 7911 8009
f 7987 7988 7908 7901
f 7988 7989 7909 7908
f 7903 7902 7911 7912
f 8008 7901 7908 8009
f 8010 7909 7914 8011
f 7989 7910 7913 7990
f 7940 7896 7986 7934
f 7938 7894 7918 7937
f 7894 7893 7919 7918
f 7960 7920 7921 7959
f 7920 7922 7923 7921
f 7922 7924 7925 7923
f 7924 7926 7927 7925
f 7926 7928 7929 7927
f 8004 8005 11751 7928
f 8012 7932 7978 8027
f 8032 8031 7961 7996
f 7895 8032 7996 7938
f 8033 8029 7936 8018
f 8028 7935 7936 8029
f 8031 8033 8018 7961
f 8011 8013 7945 7915
f 7990 7991 7944 7914
f 7991 7992 7947 7944
f 8013 8014 7948 7945
f 8014 8015 7951 7948
f 7992 7993 7950 7947
f 8015 8016 7954 7951
f 7993 7994 7953 7950
f 8016 8017 7957 7954
f 7994 7995 7956 7953
f 7893 7960 7959 7919
f 8018 8019 7963 7961
f 8019 8020 7965 7963
f 8020 8021 7967 7965
f 8021 8022 7969 7967
f 8022 8023 7971 7969
f 8023 8024 7973 7971
f 8024 8025 7975 7973
f 8025 8026 7977 7975
f 7997 7996 7961 7963
f 7998 7997 7963 7965
f 7999 7998 7965 7967
f 8000 7999 7967 7969
f 8001 8000 7969 7971
f 8002 8001 7971 7973
f 8003 8002 7973 7975
f 8004 8003 7975 7977
f 7933 11382 11522 11527
f 8006 8005 7978 7932
f 7935 7904 7962 7936
f 7904 7942 7964 7962
f 7970 7982 7983 7972
f 7966 7980 7981 7968
f 7972 7983 7984 7974
f 7968 7981 7982 7970
f 7974 7984 7985 7976
f 7966 7964 7942 7980
f 11527 11473 11752 7933
f 8026 8027 7978 7977
f 7929 7928 11751 11404
f 7978 8005 8004 7977
f 7928 7926 8003 8004
f 7926 7924 8002 8003
f 7924 7922 8001 8002
f 7922 7920 8000 8001
f 7920 7960 7999 8000
f 7960 7893 7998 7999
f 7893 7894 7997 7998
f 7894 7938 7996 7997
f 7952 7955 7995 7994
f 7949 7952 7994 7993
f 7946 7949 7993 7992
f 7943 7946 7992 7991
f 7913 7943 7991 7990
f 7909 7989 7990 7914
f 7907 7910 7989 7988
f 7900 7907 7988 7987
f 7896 7900 7987 7986
f 7941 7897 8007 7917
f 7976 7979 8027 8026
f 7974 7976 8026 8025
f 7972 7974 8025 8024
f 7970 7972 8024 8023
f 7968 7970 8023 8022
f 7966 7968 8022 8021
f 7964 7966 8021 8020
f 7962 7964 8020 8019
f 7936 7962 8019 8018
f 7953 7956 8017 8016
f 7950 7953 8016 8015
f 7947 7950 8015 8014
f 7944 7947 8014 8013
f 7914 7944 8013 8011
f 7933 11752 7979 11398
f 7912 8010 8011 7915
f 7902 8008 8009 7911
f 7909 8010 8009 7908
f 7897 7901 8008 8007
f 7941 7917 8033 8031
f 7916 8028 8029 7958
f 7917 7958 8029 8033
f 7940 7934 8032 7895
f 7934 7941 8031 8032
f 7940 7895 8030 7939
f 8245 8265 8101 8058
f 9153 9152 8036 8084
f 8275 8255 8068 8128
f 8073 8091 8313 8314
f 8090 8074 8266 9172
f 8249 8038 8110 8270
f 9154 8269 8105 9157
f 9168 8246 8035 8112
f 8246 8058 8101 8264
f 8297 8096 8041 8285
f 8249 8060 8326 8401
f 8299 8103 8040 8286
f 8111 8110 8038 8042
f 8113 8112 8035 8044
f 8250 8269 8104 8039
f 8083 8084 8036 8043
f 8096 8097 8034 8041
f 8111 8042 8292 8308
f 8082 8268 8248 8059
f 8270 8110 8036 9152
f 8293 8305 8125 8067
f 8261 8276 8129 8075
f 8256 8251 8046 8064
f 8054 8047 8046 8057
f 8066 8049 8048 8065
f 8289 8304 8047 8054
f 8082 8059 8247 8267
f 8312 8303 8124 8069
f 8276 8128 8068 8256
f 9157 8105 8270 9152
f 9113 8076 9094 9053
f 8307 8107 8085 8316
f 8304 8293 8067 8047
f 8049 8055 8056 8048
f 8047 8067 8064 8046
f 8251 8253 8057 8046
f 8316 8085 8095 8315
f 8125 8072 8075 8129
f 8252 8254 8053 8051
f 8305 8294 8072 8125
f 8126 8066 8065 8127
f 8051 8053 8253 8251
f 8276 8256 8064 8129
f 8104 8103 8045 8039
f 9111 8079 9069 8078
f 8105 8269 8250 8060
f 8079 8258 8354 9069
f 9094 8076 9110 8077
f 8326 8060 8250 8332
f 8303 8314 8070 8124
f 8261 9173 8093 8071
f 8264 9155 8098 8100
f 8070 8094 8298 8294
f 8123 8122 8089 8092
f 8300 8108 8087 8296
f 8290 8061 8115 8309
f 8246 8264 8100 8035
f 8068 8051 8251 8256
f 8102 8100 8098 8088
f 8315 8095 8061 8290
f 8108 8109 8099 8087
f 8071 8093 9172 8266
f 8101 8086 9155 8264
f 9164 8131 8278 9159
f 9160 8277 8131 9164
f 8044 8035 8100 8102
f 8302 8123 8092 8298
f 8091 8073 8074 8090
f 9155 9153 8084 8098
f 8087 8099 8097 8096
f 8296 8087 8096 8297
f 8043 8036 8110 8111
f 8258 8080 9074 8354
f 8068 8255 8252 8051
f 8989 8990 8346 9114
f 8040 8037 8109 8108
f 8081 9074 8080 8257
f 8037 8040 8103 8104
f 8308 8106 8062 8291
f 8286 8040 8108 8300
f 8265 9150 8086 8101
f 8088 8098 8084 8083
f 8262 9175 8120 8274
f 9169 9168 8112 8118
f 8119 8118 8112 8113
f 8041 8034 8116 8117
f 8291 8062 8107 8307
f 8285 8041 8117 8301
f 8117 8116 8122 8123
f 8306 8121 8094 8313
f 8301 8117 8123 8302
f 9156 8260 8268 8082
f 9172 9169 8118 8090
f 9156 8082 8267 8259
f 8091 8090 8118 8119
f 8073 8126 8127 8074
f 8288 8312 8069 8050
f 8067 8125 8129 8064
f 8314 8313 8094 8070
f 8107 8062 8286 8300
f 8302 8121 8115 8301
f 8052 8050 8304 8289
f 8305 8124 8070 8294
f 8095 8085 8296 8297
f 8050 8069 8293 8304
f 9165 8052 8289 9158
f 9065 8353 9114 8346
f 8085 8107 8300 8296
f 8301 8115 8061 8285
f 8069 8124 8305 8293
f 8061 8095 8297 8285
f 8062 8106 8299 8286
f 8094 8121 8302 8298
f 8311 8288 8050 8052
f 9162 8054 8057 9166
f 9163 8134 8135 9167
f 9161 8318 8134 9163
f 9159 8278 8136 9166
f 9158 8289 8054 9162
f 8133 8136 8137 8138
f 8138 8137 8135 8134
f 8274 8120 8114 8272
f 8106 8063 8287 8299
f 8270 8105 8060 8249
f 8319 8340 8342 8218
f 8263 8273 8120 9175
f 8400 8327 8143 8280
f 8279 8143 8327 8387
f 8292 8063 8106 8308
f 8358 8328 8148 8282
f 8281 8148 8328 8398
f 8333 8283 8153 8331
f 8279 8387 8392 8380
f 8402 8331 8153 8284
f 8204 8154 9802 9804
f 9799 9800 8155 8200
f 8202 8175 8156 8205
f 8220 8192 8158 8217
f 8201 8200 8155 8159
f 8192 8194 8154 8158
f 8164 8190 8223 8168
f 9781 8224 8210 8216
f 8160 9782 8243 8236
f 8223 8239 8173 8168
f 8186 8174 8187 9786
f 8185 9787 8187 8174
f 8183 8162 8188 8176
f 9795 8187 9787 9791
f 9789 8162 8183 9796
f 8209 9798 9799 8166
f 8174 8176 8184 8185
f 9797 8184 8163 9790
f 9788 8160 8236 9792
f 8186 8183 8176 8174
f 8167 9804 9798 8209
f 8230 8191 8177 8231
f 8242 8234 8170 8172
f 8214 8208 8224 9781
f 8228 8214 9781 9785
f 8199 8157 8175 8202
f 8184 8176 8188 8163
f 8208 8214 8213 8207
f 8214 8228 8229 8213
f 9783 8222 8212 8215
f 8284 8150 8179 8180
f 8211 8204 9804 8167
f 9790 8163 8188 9794
f 9800 9801 8195 8155
f 8241 8235 8234 8242
f 8154 8194 9803 9802
f 8175 8197 8196 8156
f 8159 8155 8195 8198
f 8164 8168 8232 8189
f 9794 8188 8162 9789
f 8209 8166 8165 8190
f 8209 8190 8164 8167
f 8208 8207 8200 8201
f 8157 8193 8197 8175
f 8158 8154 8204 8206
f 8231 8177 8203 8225
f 8217 8158 8206 8221
f 8206 8204 8211 8212
f 8225 8203 8210 8224
f 8221 8206 8212 8222
f 9782 9780 8226 8243
f 8239 8237 8171 8173
f 8173 8171 8233 8244
f 9785 9781 8216 8219
f 8215 8212 8211 8189
f 8146 8144 8179 8181
f 8281 8398 8182 8180
f 8223 8169 8172 8239
f 8280 8140 8397 8375
f 8191 8220 8217 8177
f 8229 8242 8172 8169
f 8161 9785 8219 8240
f 8412 8220 8191 8404
f 8177 8217 8221 8203
f 8172 8170 8237 8239
f 8235 8241 8161 9784
f 8159 8231 8225 8201
f 8243 8226 8232 8244
f 8198 8230 8231 8159
f 8358 8392 8387 8998
f 8213 8229 8169 8165
f 8201 8225 8224 8208
f 9791 9787 8185 9793
f 9792 8236 8233 9796
f 8203 8221 8222 8210
f 8238 8240 9782 8160
f 8219 8216 9783 9780
f 8240 8219 9780 9782
f 9783 8216 8210 8222
f 8226 8215 8189 8232
f 9795 8238 8160 9788
f 9793 8185 8184 9797
f 8166 9799 8200 8207
f 9784 8161 8240 8238
f 8168 8173 8244 8232
f 8165 8169 8223 8190
f 8236 8243 8244 8233
f 9780 9783 8215 8226
f 8228 8241 8242 8229
f 8109 8037 9154 9151
f 8116 8034 8245 9170
f 8104 8269 9154 8037
f 8074 8127 8275 8266
f 8065 8048 8252 8255
f 8048 8056 8254 8252
f 8127 8065 8255 8275
f 9173 8261 8075 8089
f 8097 8099 9150 8265
f 8081 9114 8353 9074
f 8034 8097 8265 8245
f 8099 8109 9151 9150
f 8122 8116 9170 9171
f 8089 8122 9171 9173
f 9167 8135 8277 9160
f 8295 8257 8080 8336
f 8130 8258 8079 8338
f 8119 8306 8313 8091
f 8049 8066 8312 8288
f 8043 8291 8307 8083
f 8044 8290 8309 8113
f 8126 8073 8314 8303
f 8102 8315 8290 8044
f 8111 8308 8291 8043
f 8088 8316 8315 8102
f 8066 8126 8303 8312
f 8055 8049 8288 8311
f 8113 8309 8306 8119
f 8294 8298 8092 8072
f 8083 8307 8316 8088
f 9170 8245 8058 9174
f 8332 8250 8039 8324
f 8287 8334 8325 8045
f 8324 8039 8045 8325
f 8330 8151 8149 8329
f 8283 8333 8329 8149
f 9165 8132 8318 9161
f 9174 8058 8246 9168
f 8141 8139 8393 8403
f 8362 9030 9098 9024
f 8282 8145 8393 8380
f 8249 8401 8227 8375
f 8042 8038 8397 8395
f 8424 8449 9042 9023
f 8400 8227 8401 8999
f 9000 8402 8182 8398
f 8273 8271 8114 8120
f 8309 8115 8121 8306
f 8375 8397 8038 8249
f 8375 8227 8400 8280
f 8380 8393 8139 8279
f 8380 8392 8358 8282
f 8321 8338 8343 8178
f 8180 8182 8402 8284
f 8180 8179 8144 8281
f 8406 9803 8194 8407
f 8408 8195 9801 8409
f 8192 8220 8412 8405
f 8198 8411 8413 8230
f 8194 8192 8405 8407
f 8410 9805 9803 8406
f 8411 8198 8195 8408
f 8409 9801 9805 8410
f 8423 8413 8411 8421
f 8419 8409 8410 8420
f 8414 8404 8413 8423
f 8421 8411 8408 8418
f 8415 8405 8412 8422
f 8373 8372 8414 8423
f 8417 8407 8405 8415
f 8416 8406 8407 8417
f 8418 8408 8409 8419
f 8420 8410 8406 8416
f 8422 8412 8404 8414
f 8356 8349 8417 8415
f 8351 8438 8421 8418
f 8386 8419 8420 8434
f 8372 8357 8422 8414
f 8357 8356 8415 8422
f 8386 8351 8418 8419
f 8423 8421 8438 8373
f 8349 8348 8416 8417
f 8439 8351 9049 9047
f 9058 9059 9014 9028
f 9058 9060 9024 8371
f 8395 8397 8140 8142
f 8403 8393 8145 8147
f 8396 8322 8146 8181
f 8323 8310 8295 8396
f 8181 8179 8150 8152
f 8396 8295 8336 8322
f 8420 8416 8348 8434
f 8451 9032 9039 8992
f 9021 8379 9031 8376
f 8378 9100 9106 9030
f 8382 9102 9099 8350
f 8429 8384 8390 8435
f 9086 8347 8391 9087
f 9062 9063 9041 9040
f 8071 8266 8275 8128
f 8071 8128 8276 8261
f 8332 8324 8335 8996
f 8330 8329 8344 8345
f 8997 8344 8329 8333
f 8324 8325 8437 8335
f 8439 8440 8438 8351
f 9048 8444 8431 9049
f 9143 11863 11873 11872
f 8323 8396 8181 8152
f 8447 9056 9125 9122
f 8447 8435 8390 9056
f 9119 9093 9061 9118
f 8425 9044 9043 8448
f 8355 8360 8391 8347
f 8337 8437 8325 8334
f 8241 8228 9785 8161
f 8443 9040 8440 8439
f 8360 8370 8452 8391
f 9087 8391 8452 9085
f 8373 8438 8440 8441
f 8441 8368 8372 8373
f 8367 8366 8356 8357
f 8366 8365 8349 8356
f 8365 8364 8348 8349
f 8368 8367 8357 8372
f 12141 12142 3552 3551
f 3837 3518 3553 12125
f 4698 4721 3431 4704
f 8511 8510 8848 8847
f 3429 3430 8849 8850
f 3496 8490 12153 12152
f 4315 4316 12126 8476
f 3666 3665 8517 3223
f 8797 8796 8539 8541
f 8599 8563 8579 8580
f 8541 8539 8546 8548
f 8651 8842 8540 8685
f 8798 8538 8539 8796
f 8800 8535 8537 8799
f 8797 8541 8535 8800
f 8799 8537 8536 8801
f 8545 8559 8552 8546
f 8541 8548 8542 8535
f 8538 8545 8546 8539
f 8535 8542 8544 8537
f 8604 8554 8534 8731
f 8537 8544 8543 8536
f 8548 8555 8549 8542
f 8836 8553 8555 8548
f 8542 8549 8551 8544
f 8560 8562 8555 8553
f 8544 8551 8550 8543
f 8685 8540 8554 8604
f 8559 8795 8839 8552
f 8549 8556 8558 8551
f 8551 8558 8557 8550
f 8759 8530 8547 8654
f 8555 8562 8556 8549
f 8602 8561 8576 8573
f 8557 8571 8570 8550
f 8550 8570 8569 8543
f 8543 8569 8568 8536
f 8572 8601 8602 8573
f 8811 8590 8589 8806
f 8573 8576 8563 8599
f 8808 8586 8585 8807
f 8810 8580 8579 8809
f 8812 8583 8590 8811
f 8814 8584 8591 8813
f 8815 8581 8580 8810
f 8807 8585 8584 8814
f 8562 8560 8838 8844
f 8818 8582 8588 8817
f 8560 8553 8816 8837
f 8806 8589 8582 8818
f 8813 8591 8583 8812
f 8809 8579 8578 8819
f 8815 8820 8592 8581
f 8820 8821 8593 8592
f 8821 8822 8594 8593
f 8822 8823 8595 8594
f 8823 8824 8596 8595
f 8824 8825 8597 8596
f 8826 8598 8597 8825
f 8805 8575 8598 8826
f 8581 8600 8599 8580
f 8600 8572 8573 8599
f 8733 8603 8604 8731
f 8571 8605 8574 8570
f 8650 8605 8571 8651
f 8650 8652 8609 8605
f 8733 8734 8608 8603
f 8572 8606 8607 8601
f 8575 8574 8605 8609
f 8600 8610 8606 8572
f 8592 8610 8600 8581
f 8610 8613 8611 8606
f 8606 8611 8612 8607
f 8613 8616 8614 8611
f 8611 8614 8615 8612
f 8616 8619 8617 8614
f 8614 8617 8618 8615
f 8619 8622 8620 8617
f 8617 8620 8621 8618
f 8622 8625 8623 8620
f 8620 8623 8624 8621
f 8625 8628 8626 8623
f 8623 8626 8627 8624
f 8628 8631 8629 8626
f 8626 8629 8630 8627
f 8652 8653 8633 8609
f 8598 8575 8609 8633
f 8656 8607 8612 8657
f 8592 8593 8613 8610
f 8593 8594 8616 8613
f 8595 8635 8634 8594
f 8635 8637 8636 8634
f 8637 8639 8638 8636
f 8639 8641 8640 8638
f 8641 8643 8642 8640
f 8619 8616 8594 8634
f 8622 8619 8634 8636
f 8625 8622 8636 8638
f 8628 8625 8638 8640
f 8631 8628 8640 8642
f 8692 8695 8702 8701
f 8682 8684 8653 8652
f 8683 8682 8652 8650
f 8683 8650 8651 8685
f 8597 8598 8633 8647
f 8695 8697 8703 8702
f 8758 8656 8657 8760
f 8601 8607 8656 8655
f 8601 8655 8654 8602
f 8630 8663 8662 8627
f 8621 8660 8659 8618
f 8624 8661 8660 8621
f 8627 8662 8661 8624
f 8618 8659 8658 8615
f 8615 8658 8657 8612
f 9197 9198 8945 8946
f 9198 9199 8944 8945
f 8643 8665 8664 8642
f 8665 8667 8666 8664
f 8667 8669 8668 8666
f 8669 8671 8670 8668
f 8671 8673 8672 8670
f 8673 8675 8674 8672
f 8675 8677 8676 8674
f 8677 8679 8678 8676
f 8596 8646 8635 8595
f 8637 8635 8646 8648
f 8760 8657 8658 8761
f 8632 8680 8686 8684
f 8736 8681 8680 8735
f 8689 8692 8701 8700
f 8686 8680 8681 8687
f 8603 8683 8685 8604
f 8603 8608 8682 8683
f 8608 8632 8684 8682
f 8700 8701 8688 8648
f 8639 8637 8648 8688
f 8690 8689 8687 8681
f 8737 8690 8681 8736
f 8690 8693 8692 8689
f 8693 8696 8695 8692
f 8696 8698 8697 8695
f 8641 8639 8688 8691
f 8643 8641 8691 8694
f 8687 8689 8700 8649
f 8649 8704 8686 8687
f 8653 8684 8686 8704
f 8653 8704 8647 8633
f 8647 8704 8649 8646
f 8702 8703 8694 8691
f 8701 8702 8691 8688
f 8737 8738 8693 8690
f 8596 8597 8647 8646
f 8648 8646 8649 8700
f 8665 8643 8694 8707
f 8709 8777 8748 8750
f 8667 8665 8707 8708
f 8669 8667 8708 8710
f 8708 8714 8715 8710
f 8707 8694 8703 8706
f 8778 8719 8715 8781
f 8715 8719 8718 8710
f 8719 8721 8720 8718
f 8721 8723 8722 8720
f 8723 8725 8724 8722
f 8671 8669 8710 8718
f 8673 8671 8718 8720
f 8675 8673 8720 8722
f 8677 8675 8722 8724
f 8708 8707 8706 8714
f 8783 8778 8717 8716
f 8784 8723 8721 8783
f 8785 8725 8723 8784
f 8726 8729 8730 8727
f 8716 8728 8729 8726
f 8763 8765 8738 8737
f 8763 8737 8736 8762
f 8762 8736 8735 8761
f 8632 8732 8735 8680
f 8608 8734 8732 8632
f 8757 8758 8734 8733
f 8757 8733 8731 8759
f 8775 8717 8711 8712
f 8716 8717 8775 8728
f 8979 8743 8742 8739
f 8977 8746 8745 8978
f 8950 8741 8740 8951
f 8949 8744 8743 8979
f 8739 8742 8741 8950
f 8978 8745 8744 8949
f 9196 9197 8946 8947
f 8780 8749 8752 8782
f 8779 8748 8751 8787
f 8786 8750 8748 8779
f 8780 8787 8751 8749
f 8782 8752 8711 8781
f 8788 8747 8750 8786
f 8789 8788 8755 8756
f 8655 8757 8759 8654
f 8655 8656 8758 8757
f 8659 8762 8761 8658
f 8660 8763 8762 8659
f 8661 8662 8764 8765
f 8660 8661 8765 8763
f 8732 8760 8761 8735
f 8734 8758 8760 8732
f 8790 8789 8756 8766
f 8790 8792 8768 8754
f 8961 8766 8756 8958
f 8792 8791 8767 8768
f 8961 8964 8769 8766
f 8964 8967 8770 8769
f 8791 8793 8771 8767
f 8729 8771 8773 8730
f 8970 8772 8770 8967
f 8793 8794 8773 8771
f 8775 8768 8767 8728
f 8728 8767 8771 8729
f 8775 8712 8754 8768
f 8699 8705 8777 8776
f 8713 8776 8777 8709
f 8777 8705 8751 8748
f 8705 8752 8749 8751
f 8709 8750 8747 8753
f 8753 8754 8713 8709
f 8705 8699 8711 8752
f 8711 8699 8776 8712
f 8754 8712 8776 8713
f 8772 8774 8794 8793
f 8770 8772 8793 8791
f 8769 8770 8791 8792
f 8766 8769 8792 8790
f 8754 8753 8789 8790
f 8753 8747 8788 8789
f 8755 8788 8786 8698
f 8714 8782 8781 8715
f 8706 8703 8787 8780
f 8698 8786 8779 8697
f 8697 8779 8787 8703
f 8706 8780 8782 8714
f 8727 8785 8784 8726
f 8726 8784 8783 8716
f 8721 8719 8778 8783
f 8717 8778 8781 8711
f 8568 8569 8827 8802
f 8654 8547 8561 8602
f 8574 8575 8805 8804
f 8570 8574 8804 8803
f 8569 8570 8803 8827
f 8536 8568 8802 8801
f 8819 8578 8586 8808
f 8731 8534 8530 8759
f 8727 8830 8832 8785
f 8725 8829 8828 8724
f 8785 8832 8829 8725
f 8730 8831 8830 8727
f 8679 8677 8724 8828
f 8794 8835 8833 8773
f 8973 8774 8772 8970
f 8774 8834 8835 8794
f 8833 8831 8730 8773
f 8546 8552 8836 8548
f 8837 8840 8838 8560
f 8552 8839 8587 8836
f 8556 8841 8843 8558
f 8562 8844 8841 8556
f 8558 8843 8842 8557
f 8836 8587 8816 8553
f 8557 8842 8651 8571
f 8845 8578 8579 8563
f 8576 8846 8845 8563
f 8547 8854 8856 8561
f 8540 8853 8855 8554
f 8534 8852 8851 8530
f 8554 8855 8852 8534
f 8530 8851 8854 8547
f 8561 8856 8846 8576
f 8540 8842 8843 8853
f 13669 8859 8860 13668
f 8890 8857 8858 8892
f 8893 8507 8857 8890
f 8859 8861 8862 8860
f 13665 8508 8859 13669
f 8508 8509 8861 8859
f 8863 8864 8845 8846
f 8896 8894 8589 8590
f 8898 8896 8590 8583
f 8900 8898 8583 8591
f 8902 8900 8591 8584
f 8904 8902 8584 8585
f 8904 8585 8586 8906
f 8908 8910 8864 8863
f 8578 8845 8864 8586
f 8910 8906 8586 8864
f 8855 8869 8866 8852
f 8853 8867 8869 8855
f 8851 8865 8868 8854
f 8854 8868 8870 8856
f 8852 8866 8865 8851
f 8869 8875 8872 8866
f 8867 8873 8875 8869
f 8865 8871 8874 8868
f 8868 8874 8876 8870
f 8866 8872 8871 8865
f 8875 8881 8878 8872
f 8873 8879 8881 8875
f 8871 8877 8880 8874
f 8874 8880 8882 8876
f 8872 8878 8877 8871
f 8881 8887 8884 8878
f 8879 8885 8887 8881
f 8877 8883 8886 8880
f 8880 8886 8888 8882
f 8878 8884 8883 8877
f 8513 8514 8905 8909
f 8909 8905 8906 8910
f 8907 8909 8910 8908
f 8502 8903 8905 8514
f 8903 8904 8906 8905
f 8502 8503 8901 8903
f 8903 8901 8902 8904
f 8503 8504 8899 8901
f 8901 8899 8900 8902
f 8504 8505 8897 8899
f 8899 8897 8898 8900
f 8505 8506 8895 8897
f 8897 8895 8896 8898
f 8506 8507 8893 8895
f 8895 8893 8894 8896
f 8589 8894 8889 8582
f 8894 8893 8890 8889
f 8582 8889 8891 8588
f 8889 8890 8892 8891
f 8856 8870 8863 8846
f 8908 8863 8870 8876
f 8876 8882 8907 8908
f 8843 8841 8867 8853
f 8841 8844 8873 8867
f 8844 8838 8879 8873
f 8838 8840 8885 8879
f 8510 8912 8911 8509
f 8509 8911 8914 8861
f 8511 8913 8912 8510
f 8861 8914 8915 8862
f 11972 11971 11981 11982
f 8914 12021 8919 8915
f 12048 11954 12022 12047
f 4732 4739 4640 4660
f 8887 8925 8923 8884
f 8885 8924 8925 8887
f 8511 8512 8888 8913
f 8884 8923 8922 8883
f 4663 4701 4736 4733
f 8920 8837 8816 8928
f 8839 11830 8926 8587
f 8840 8921 8924 8885
f 8837 8920 8921 8840
f 8886 8918 8913 8888
f 8886 8883 8922 8918
f 8976 8834 8774 8973
f 8834 8930 8931 8835
f 8831 8933 8932 8830
f 8830 8932 8934 8832
f 8833 8935 8933 8831
f 8833 8835 8931 8935
f 8828 8938 8937 8679
f 8829 8939 8938 8828
f 8679 8937 8936 8678
f 8829 8832 8934 8939
f 8977 8678 8936 8948
f 9191 9190 8981 8982
f 8952 8696 8693 8738
f 8755 8698 8954 11898
f 8738 8765 8764 8952
f 8954 8953 11897 11898
f 8955 11897 8953 8663
f 8755 11898 8958 8756
f 11849 8746 8940 8942
f 8834 8976 8980 8930
f 8976 8975 8981 8980
f 8975 8974 8982 8981
f 8668 8950 8951 8666
f 8746 8977 8948 8940
f 11849 8974 8971 11848
f 8974 8975 8972 8971
f 8975 8976 8973 8972
f 11848 8971 8968 11847
f 8971 8972 8969 8968
f 8972 8973 8970 8969
f 11847 8968 8965 11846
f 8968 8969 8966 8965
f 8969 8970 8967 8966
f 11845 11846 8965 8962
f 8962 8965 8966 8963
f 8963 8966 8967 8964
f 11844 11845 8962 8959
f 8959 8962 8963 8960
f 8960 8963 8964 8961
f 11844 8959 8956 8941
f 8959 8960 8957 8956
f 8960 8961 8958 8957
f 8954 8952 8764 8953
f 8957 11897 8955 8956
f 8698 8696 8952 8954
f 8936 9196 8947 8948
f 8218 8342 8341 8292
f 8218 8395 8142 8319
f 8292 8042 8395 8218
f 8178 8403 8147 8321
f 8178 8343 8339 8320
f 8320 8141 8403 8178
f 8334 8287 8063 8988
f 8388 8389 9033 8361
f 8436 9105 9104 8394
f 8330 8990 8983 8151
f 8983 8990 8989 8984
f 8330 8345 8346 8990
f 8341 8988 8063 8292
f 8987 8986 8320 8339
f 8130 8985 8322 8336
f 8989 9114 8081 8310
f 8987 9112 8077 8340
f 8310 8081 8257 8295
f 8336 8080 8258 8130
f 8340 8077 9110 8342
f 8348 8364 9050 8434
f 8444 9048 9050 8377
f 9042 9043 8366 8367
f 9043 9044 8365 8366
f 8381 8436 8394 8363
f 8374 8350 8389 8388
f 8376 9031 8378 9022
f 9037 8359 8994 8995
f 8327 9001 9002 8387
f 8400 9003 9001 8327
f 8999 9005 9003 8400
f 8387 9002 9004 8998
f 8358 9007 9006 8328
f 8398 9008 9010 9000
f 8998 9009 9007 8358
f 8328 9006 9008 8398
f 9000 9015 9013 8402
f 8331 9011 9012 8333
f 8402 9013 9011 8331
f 8333 9012 9014 8997
f 8326 9016 9018 8401
f 8332 9017 9016 8326
f 8996 9019 9017 8332
f 8401 9018 9020 8999
f 9019 9029 9016 9017
f 9020 9018 9016 9029
f 9026 9001 9003 9005
f 9001 9026 9004 9002
f 9027 9006 9007 9009
f 9010 9008 9006 9027
f 9028 9011 9013 9015
f 9014 9012 9011 9028
f 8424 9023 9051 9093
f 8448 9043 9042 8449
f 9036 8383 8377 9126
f 9062 9040 8443 9064
f 8363 8394 8379 9021
f 8379 9101 9107 9031
f 8361 9033 8436 8381
f 8429 9087 9085 8450
f 9099 9102 9037 9103
f 9091 9035 8385 9090
f 9032 8451 8385 9035
f 9038 8993 8992 9039
f 8995 8994 8993 9038
f 8678 8977 8978 8676
f 8430 8382 8350 8374
f 9022 8378 9030 8362
f 8991 8369 8433 8442
f 8389 9103 9108 9033
f 8442 8431 8399 8991
f 9034 8399 8431 8444
f 8350 9099 9103 8389
f 8383 8359 9037 9034
f 8394 9104 9101 8379
f 9047 9049 8431 8442
f 9048 8386 8434 9050
f 8386 9048 9049 8351
f 8441 8440 9040 9041
f 8364 8365 9044 9126
f 8444 8377 8383 9034
f 8433 9046 9047 8442
f 8443 8439 9047 9046
f 8368 9023 9042 8367
f 8445 9055 9120 9146
f 9059 9066 8997 9014
f 9066 8370 8360 9067
f 9067 8360 8355 9068
f 9068 8355 9054 9065
f 9093 9119 9070 8424
f 8989 8310 8323 8984
f 8441 9051 9023 8368
f 8343 9111 8078 8339
f 8338 8079 9111 8343
f 8994 11860 11864 8993
f 9073 9046 8433 9072
f 9073 9064 8443 9046
f 9118 9117 9133 9128
f 8339 8078 9112 8987
f 9053 9094 9061 9052
f 9071 9029 9019 9072
f 9071 9075 9020 9029
f 9075 9076 8999 9020
f 9076 9077 9005 8999
f 9078 9026 9005 9077
f 9078 9079 9004 9026
f 9079 9080 8998 9004
f 9080 9081 9009 8998
f 9082 9027 9009 9081
f 9082 9083 9010 9027
f 9083 9084 9000 9010
f 9060 9084 8362 9024
f 9015 9000 9084 9060
f 9022 8362 9084 9083
f 8376 9022 9083 9082
f 8376 9082 9081 9021
f 8363 9021 9081 9080
f 8381 8363 9080 9079
f 8361 8381 9079 9078
f 8361 9078 9077 8388
f 8374 8388 9077 9076
f 8430 8374 9076 9075
f 8369 8430 9075 9071
f 8369 9071 9072 8433
f 8987 8340 8319 8986
f 8996 8335 9064 9073
f 8996 9073 9072 9019
f 9041 9063 9053 9052
f 8078 9069 9092 9112
f 8346 8345 9068 9065
f 8344 9067 9068 8345
f 8997 9066 9067 8344
f 9025 8370 9066 9059
f 8437 9062 9064 8335
f 8437 8337 9063 9062
f 9028 9015 9060 9058
f 8371 9025 9059 9058
f 8435 9086 9087 8429
f 9031 9107 9100 8378
f 9030 9106 9109 9098
f 9033 9108 9105 8436
f 8450 9085 9097 9091
f 8985 8130 8338 8321
f 9041 9052 9051 8441
f 8342 9110 8076 8341
f 9051 9052 9061 9093
f 8354 9116 9117 9069
f 9095 9115 9074 8353
f 8341 8076 9113 8988
f 9089 9097 9096 9088
f 9085 8452 9096 9097
f 8452 8370 9025 9096
f 9025 8371 9088 9096
f 8136 8278 8131 8137
f 8135 8137 8131 8277
f 8133 8138 8132 8317
f 8134 8318 8132 8138
f 8399 9034 9037 9102
f 8991 8399 9102 8382
f 9104 9105 9038 9101
f 9106 9100 9032 9109
f 9107 9039 9032 9100
f 9107 9101 9038 9039
f 9038 9105 9108 8995
f 9103 9037 8995 9108
f 8371 9024 9098 9088
f 9089 9088 9098 9109
f 9032 9035 9089 9109
f 8430 8369 8991 8382
f 9092 9094 8077 9112
f 8354 9074 9115 9116
f 9053 9063 8337 9113
f 8337 8334 8988 9113
f 8424 9070 8352 8449
f 9095 8353 9065 9054
f 9069 9117 9118 9092
f 9092 9118 9061 9094
f 9121 8428 9056 8390
f 9122 9125 9120 9055
f 9055 8445 9149 9129
f 11859 9135 8427 11858
f 9122 9132 9131 8447
f 9070 9128 9127 8352
f 9129 9149 9139 9138
f 9127 9128 9133 9123
f 9115 9138 9139 9116
f 9055 9129 9132 9122
f 11872 11873 11870 11871
f 8447 9131 9086 8435
f 11858 8427 9130 11862
f 9137 9136 9131 9132
f 9138 9137 9132 9129
f 9116 9139 9133 9117
f 11857 9142 9057 8432
f 9124 11875 9127 9123
f 8425 8448 8449 8352
f 8377 9050 8364 9126
f 11873 11874 8426 11870
f 9115 9095 9137 9138
f 9095 9054 9136 9137
f 11861 9134 9141 11860
f 9054 8355 8347 9136
f 9136 8347 9086 9131
f 9118 9128 9070 9119
f 11863 9143 9142 11857
f 11864 9140 9135 11859
f 11860 9141 9140 11864
f 8676 8978 8949 8674
f 11862 9130 9144 11865
f 8432 9057 9134 11861
f 9091 9097 9089 9035
f 9123 9149 8445 9124
f 8446 9146 9120 8428
f 9133 9139 9149 9123
f 11863 9045 11874 11873
f 8445 9146 9147 9124
f 9148 8446 8428 9121
f 9120 9125 9056 8428
f 11855 9090 11865 9145
f 9183 9184 11853 11852
f 9181 9182 11851 11850
f 8672 8979 8739 8670
f 8741 11844 8941 8740
f 8742 8743 11846 11845
f 8745 11848 11847 8744
f 8974 11849 8942 8982
f 8670 8739 8950 8668
f 8287 8045 8103 8299
f 8260 9150 9151 8268
f 8247 9152 9153 8267
f 8268 9151 9154 8248
f 8267 9153 9155 8259
f 8259 9155 8086 9156
f 9156 8086 9150 8260
f 8248 9154 9157 8059
f 8059 9157 9152 8247
f 8072 8092 8089 8075
f 8052 9165 9161 8311
f 8056 9167 9160 8254
f 8317 9158 9162 8133
f 8253 9159 9166 8057
f 8311 9161 9163 8055
f 8055 9163 9167 8056
f 8133 9162 9166 8136
f 8132 9165 9158 8317
f 8254 9160 9164 8053
f 8053 9164 9159 8253
f 8272 9168 9169 8274
f 8273 9171 9170 8271
f 8274 9169 9172 8262
f 8263 9173 9171 8273
f 8114 9174 9168 8272
f 8271 9170 9174 8114
f 8262 9172 8093 9175
f 9175 8093 9173 8263
f 9180 9205 8930 8980
f 8746 11849 11848 8745
f 8744 11847 11846 8743
f 8741 8742 11845 11844
f 9184 9185 11854 11853
f 8940 9181 11850 8942
f 9182 9183 11852 11851
f 8936 8937 9241 9196
f 9196 9241 9242 9197
f 9197 9242 9243 9198
f 9198 9243 9244 9199
f 9199 9244 9245 9200
f 8938 9236 9241 8937
f 9236 9237 9242 9241
f 9237 9238 9243 9242
f 9238 9239 9244 9243
f 9239 9240 9245 9244
f 8939 9231 9236 8938
f 9231 9232 9237 9236
f 9232 9233 9238 9237
f 9233 9234 9239 9238
f 9234 9235 9240 9239
f 8939 8934 9226 9231
f 9231 9226 9227 9232
f 9232 9227 9228 9233
f 9233 9228 9229 9234
f 9234 9229 9230 9235
f 8934 8932 9221 9226
f 9226 9221 9222 9227
f 9227 9222 9223 9228
f 9228 9223 9224 9229
f 9229 9224 9225 9230
f 8933 9216 9221 8932
f 9216 9217 9222 9221
f 9217 9218 9223 9222
f 9218 9219 9224 9223
f 9219 9220 9225 9224
f 8933 8935 9211 9216
f 9216 9211 9212 9217
f 9217 9212 9213 9218
f 9218 9213 9214 9219
f 9219 9214 9215 9220
f 8935 8931 9206 9211
f 9211 9206 9207 9212
f 9212 9207 9208 9213
f 9213 9208 9209 9214
f 9214 9209 9210 9215
f 8931 8930 9205 9206
f 9206 9205 9204 9207
f 9207 9204 9203 9208
f 9208 9203 9202 9209
f 9209 9202 9201 9210
f 9176 9201 9202 9177
f 9177 9202 9203 9178
f 9178 9203 9204 9179
f 9179 9204 9205 9180
f 8942 11850 9191 8982
f 11850 11851 9192 9191
f 11851 11852 9193 9192
f 11852 11853 9194 9193
f 11853 11854 9195 9194
f 8948 8947 9181 8940
f 8947 8946 9182 9181
f 8946 8945 9183 9182
f 8945 8944 9184 9183
f 8944 8943 9185 9184
f 8674 8949 8979 8672
f 9195 9186 9187 9194
f 9194 9187 9188 9193
f 9193 9188 9189 9192
f 9192 9189 9190 9191
f 8980 8981 9190 9180
f 9180 9190 9189 9179
f 9179 9189 9188 9178
f 9178 9188 9187 9177
f 9177 9187 9186 9176
f 9338 9354 9301 9266
f 9401 9400 9248 9284
f 9364 9346 9274 9328
f 9279 9291 9392 9393
f 9290 9280 9355 9420
f 9402 9358 9305 9405
f 9416 9339 9247 9312
f 9339 9266 9301 9353
f 9377 9296 9251 9368
f 9379 9303 9250 9369
f 9313 9312 9247 9253
f 9283 9284 9248 9252
f 9296 9297 9246 9251
f 9282 9357 9341 9267
f 9359 9310 9248 9400
f 9374 9385 9325 9273
f 9350 9365 9329 9281
f 9347 9342 9254 9270
f 9262 9255 9254 9265
f 9272 9257 9256 9271
f 9371 9384 9255 9262
f 9282 9267 9340 9356
f 9391 9383 9324 9275
f 9365 9328 9274 9347
f 9405 9305 9359 9400
f 9387 9307 9285 9395
f 9384 9374 9273 9255
f 9257 9263 9264 9256
f 9255 9273 9270 9254
f 9342 9344 9265 9254
f 9395 9285 9295 9394
f 9325 9278 9281 9329
f 9343 9345 9261 9259
f 9385 9375 9278 9325
f 9326 9272 9271 9327
f 9259 9261 9344 9342
f 9365 9347 9270 9329
f 9383 9393 9276 9324
f 9350 9421 9293 9277
f 9353 9403 9298 9300
f 9276 9294 9378 9375
f 9323 9322 9289 9292
f 9380 9308 9287 9376
f 9372 9268 9315 9389
f 9339 9353 9300 9247
f 9274 9259 9342 9347
f 9302 9300 9298 9288
f 9394 9295 9268 9372
f 9308 9309 9299 9287
f 9277 9293 9420 9355
f 9301 9286 9403 9353
f 9412 9330 9367 9407
f 9408 9366 9330 9412
f 9253 9247 9300 9302
f 9382 9323 9292 9378
f 9291 9279 9280 9290
f 9403 9401 9284 9298
f 9287 9299 9297 9296
f 9376 9287 9296 9377
f 9252 9248 9310 9311
f 9274 9346 9343 9259
f 9250 9249 9309 9308
f 9249 9250 9303 9304
f 9388 9306 9269 9373
f 9369 9250 9308 9380
f 9354 9398 9286 9301
f 9288 9298 9284 9283
f 9351 9423 9320 9363
f 9417 9416 9312 9318
f 9319 9318 9312 9313
f 9251 9246 9316 9317
f 9373 9269 9307 9387
f 9368 9251 9317 9381
f 9317 9316 9322 9323
f 9386 9321 9294 9392
f 9381 9317 9323 9382
f 9404 9349 9357 9282
f 9420 9417 9318 9290
f 9404 9282 9356 9348
f 9291 9290 9318 9319
f 9279 9326 9327 9280
f 9370 9391 9275 9258
f 9273 9325 9329 9270
f 9393 9392 9294 9276
f 9307 9269 9369 9380
f 9382 9321 9315 9381
f 9260 9258 9384 9371
f 9385 9324 9276 9375
f 9295 9285 9376 9377
f 9258 9275 9374 9384
f 9413 9260 9371 9406
f 9285 9307 9380 9376
f 9381 9315 9268 9368
f 9275 9324 9385 9374
f 9268 9295 9377 9368
f 9269 9306 9379 9369
f 9294 9321 9382 9378
f 9390 9370 9258 9260
f 9410 9262 9265 9414
f 9411 9333 9334 9415
f 9409 9397 9333 9411
f 9407 9367 9335 9414
f 9406 9371 9262 9410
f 9332 9335 9336 9337
f 9337 9336 9334 9333
f 9363 9320 9314 9361
f 9352 9362 9320 9423
f 9309 9249 9402 9399
f 9316 9246 9338 9418
f 9304 9358 9402 9249
f 9280 9327 9364 9355
f 9271 9256 9343 9346
f 9256 9264 9345 9343
f 9327 9271 9346 9364
f 9421 9350 9281 9289
f 9297 9299 9398 9354
f 9246 9297 9354 9338
f 9299 9309 9399 9398
f 9322 9316 9418 9419
f 9289 9322 9419 9421
f 9415 9334 9366 9408
f 9319 9386 9392 9291
f 9257 9272 9391 9370
f 9252 9373 9387 9283
f 9253 9372 9389 9313
f 9326 9279 9393 9383
f 9302 9394 9372 9253
f 9311 9388 9373 9252
f 9288 9395 9394 9302
f 9272 9326 9383 9391
f 9263 9257 9370 9390
f 9313 9389 9386 9319
f 9375 9378 9292 9278
f 9283 9387 9395 9288
f 9418 9338 9266 9422
f 9413 9331 9397 9409
f 9422 9266 9339 9416
f 9362 9360 9314 9320
f 9389 9315 9321 9386
f 9277 9355 9364 9328
f 9277 9328 9365 9350
f 9335 9367 9330 9336
f 9334 9336 9330 9366
f 9332 9337 9331 9396
f 9333 9397 9331 9337
f 9349 9398 9399 9357
f 9340 9400 9401 9356
f 9357 9399 9402 9341
f 9356 9401 9403 9348
f 9348 9403 9286 9404
f 9404 9286 9398 9349
f 9341 9402 9405 9267
f 9267 9405 9400 9340
f 9278 9292 9289 9281
f 9260 9413 9409 9390
f 9264 9415 9408 9345
f 9396 9406 9410 9332
f 9344 9407 9414 9265
f 9390 9409 9411 9263
f 9263 9411 9415 9264
f 9332 9410 9414 9335
f 9331 9413 9406 9396
f 9345 9408 9412 9261
f 9261 9412 9407 9344
f 9361 9416 9417 9363
f 9362 9419 9418 9360
f 9363 9417 9420 9351
f 9352 9421 9419 9362
f 9314 9422 9416 9361
f 9360 9418 9422 9314
f 9351 9420 9293 9423
f 9423 9293 9421 9352
f 9516 9532 9479 9444
f 9579 9578 9426 9462
f 9542 9524 9452 9506
f 9457 9469 9570 9571
f 9468 9458 9533 9598
f 9580 9536 9483 9583
f 9594 9517 9425 9490
f 9517 9444 9479 9531
f 9555 9474 9429 9546
f 9557 9481 9428 9547
f 9491 9490 9425 9431
f 9461 9462 9426 9430
f 9474 9475 9424 9429
f 9460 9535 9519 9445
f 9537 9488 9426 9578
f 9552 9563 9503 9451
f 9528 9543 9507 9459
f 9525 9520 9432 9448
f 9440 9433 9432 9443
f 9450 9435 9434 9449
f 9549 9562 9433 9440
f 9460 9445 9518 9534
f 9569 9561 9502 9453
f 9543 9506 9452 9525
f 9583 9483 9537 9578
f 9565 9485 9463 9573
f 9562 9552 9451 9433
f 9435 9441 9442 9434
f 9433 9451 9448 9432
f 9520 9522 9443 9432
f 9573 9463 9473 9572
f 9503 9456 9459 9507
f 9521 9523 9439 9437
f 9563 9553 9456 9503
f 9504 9450 9449 9505
f 9437 9439 9522 9520
f 9543 9525 9448 9507
f 9561 9571 9454 9502
f 9528 9599 9471 9455
f 9531 9581 9476 9478
f 9454 9472 9556 9553
f 9501 9500 9467 9470
f 9558 9486 9465 9554
f 9550 9446 9493 9567
f 9517 9531 9478 9425
f 9452 9437 9520 9525
f 9480 9478 9476 9466
f 9572 9473 9446 9550
f 9486 9487 9477 9465
f 9455 9471 9598 9533
f 9479 9464 9581 9531
f 9590 9508 9545 9585
f 9586 9544 9508 9590
f 9431 9425 9478 9480
f 9560 9501 9470 9556
f 9469 9457 9458 9468
f 9581 9579 9462 9476
f 9465 9477 9475 9474
f 9554 9465 9474 9555
f 9430 9426 9488 9489
f 9452 9524 9521 9437
f 9428 9427 9487 9486
f 9427 9428 9481 9482
f 9566 9484 9447 9551
f 9547 9428 9486 9558
f 9532 9576 9464 9479
f 9466 9476 9462 9461
f 9529 9601 9498 9541
f 9595 9594 9490 9496
f 9497 9496 9490 9491
f 9429 9424 9494 9495
f 9551 9447 9485 9565
f 9546 9429 9495 9559
f 9495 9494 9500 9501
f 9564 9499 9472 9570
f 9559 9495 9501 9560
f 9582 9527 9535 9460
f 9598 9595 9496 9468
f 9582 9460 9534 9526
f 9469 9468 9496 9497
f 9457 9504 9505 9458
f 9548 9569 9453 9436
f 9451 9503 9507 9448
f 9571 9570 9472 9454
f 9485 9447 9547 9558
f 9560 9499 9493 9559
f 9438 9436 9562 9549
f 9563 9502 9454 9553
f 9473 9463 9554 9555
f 9436 9453 9552 9562
f 9591 9438 9549 9584
f 9463 9485 9558 9554
f 9559 9493 9446 9546
f 9453 9502 9563 9552
f 9446 9473 9555 9546
f 9447 9484 9557 9547
f 9472 9499 9560 9556
f 9568 9548 9436 9438
f 9588 9440 9443 9592
f 9589 9511 9512 9593
f 9587 9575 9511 9589
f 9585 9545 9513 9592
f 9584 9549 9440 9588
f 9510 9513 9514 9515
f 9515 9514 9512 9511
f 9541 9498 9492 9539
f 9530 9540 9498 9601
f 9487 9427 9580 9577
f 9494 9424 9516 9596
f 9482 9536 9580 9427
f 9458 9505 9542 9533
f 9449 9434 9521 9524
f 9434 9442 9523 9521
f 9505 9449 9524 9542
f 9599 9528 9459 9467
f 9475 9477 9576 9532
f 9424 9475 9532 9516
f 9477 9487 9577 9576
f 9500 9494 9596 9597
f 9467 9500 9597 9599
f 9593 9512 9544 9586
f 9497 9564 9570 9469
f 9435 9450 9569 9548
f 9430 9551 9565 9461
f 9431 9550 9567 9491
f 9504 9457 9571 9561
f 9480 9572 9550 9431
f 9489 9566 9551 9430
f 9466 9573 9572 9480
f 9450 9504 9561 9569
f 9441 9435 9548 9568
f 9491 9567 9564 9497
f 9553 9556 9470 9456
f 9461 9565 9573 9466
f 9596 9516 9444 9600
f 9591 9509 9575 9587
f 9600 9444 9517 9594
f 9540 9538 9492 9498
f 9567 9493 9499 9564
f 9455 9533 9542 9506
f 9455 9506 9543 9528
f 9513 9545 9508 9514
f 9512 9514 9508 9544
f 9510 9515 9509 9574
f 9511 9575 9509 9515
f 9527 9576 9577 9535
f 9518 9578 9579 9534
f 9535 9577 9580 9519
f 9534 9579 9581 9526
f 9526 9581 9464 9582
f 9582 9464 9576 9527
f 9519 9580 9583 9445
f 9445 9583 9578 9518
f 9456 9470 9467 9459
f 9438 9591 9587 9568
f 9442 9593 9586 9523
f 9574 9584 9588 9510
f 9522 9585 9592 9443
f 9568 9587 9589 9441
f 9441 9589 9593 9442
f 9510 9588 9592 9513
f 9509 9591 9584 9574
f 9523 9586 9590 9439
f 9439 9590 9585 9522
f 9539 9594 9595 9541
f 9540 9597 9596 9538
f 9541 9595 9598 9529
f 9530 9599 9597 9540
f 9492 9600 9594 9539
f 9538 9596 9600 9492
f 9529 9598 9471 9601
f 9601 9471 9599 9530
f 9694 9710 9657 9622
f 9757 9756 9604 9640
f 9720 9702 9630 9684
f 9635 9647 9748 9749
f 9646 9636 9711 9776
f 9758 9714 9661 9761
f 9772 9695 9603 9668
f 9695 9622 9657 9709
f 9733 9652 9607 9724
f 9735 9659 9606 9725
f 9669 9668 9603 9609
f 9639 9640 9604 9608
f 9652 9653 9602 9607
f 9638 9713 9697 9623
f 9715 9666 9604 9756
f 9730 9741 9681 9629
f 9706 9721 9685 9637
f 9703 9698 9610 9626
f 9618 9611 9610 9621
f 9628 9613 9612 9627
f 9727 9740 9611 9618
f 9638 9623 9696 9712
f 9747 9739 9680 9631
f 9721 9684 9630 9703
f 9761 9661 9715 9756
f 9743 9663 9641 9751
f 9740 9730 9629 9611
f 9613 9619 9620 9612
f 9611 9629 9626 9610
f 9698 9700 9621 9610
f 9751 9641 9651 9750
f 9681 9634 9637 9685
f 9699 9701 9617 9615
f 9741 9731 9634 9681
f 9682 9628 9627 9683
f 9615 9617 9700 9698
f 9721 9703 9626 9685
f 9739 9749 9632 9680
f 9706 9777 9649 9633
f 9709 9759 9654 9656
f 9632 9650 9734 9731
f 9679 9678 9645 9648
f 9736 9664 9643 9732
f 9728 9624 9671 9745
f 9695 9709 9656 9603
f 9630 9615 9698 9703
f 9658 9656 9654 9644
f 9750 9651 9624 9728
f 9664 9665 9655 9643
f 9633 9649 9776 9711
f 9657 9642 9759 9709
f 9768 9686 9723 9763
f 9764 9722 9686 9768
f 9609 9603 9656 9658
f 9738 9679 9648 9734
f 9647 9635 9636 9646
f 9759 9757 9640 9654
f 9643 9655 9653 9652
f 9732 9643 9652 9733
f 9608 9604 9666 9667
f 9630 9702 9699 9615
f 9606 9605 9665 9664
f 9605 9606 9659 9660
f 9744 9662 9625 9729
f 9725 9606 9664 9736
f 9710 9754 9642 9657
f 9644 9654 9640 9639
f 9707 9779 9676 9719
f 9773 9772 9668 9674
f 9675 9674 9668 9669
f 9607 9602 9672 9673
f 9729 9625 9663 9743
f 9724 9607 9673 9737
f 9673 9672 9678 9679
f 9742 9677 9650 9748
f 9737 9673 9679 9738
f 9760 9705 9713 9638
f 9776 9773 9674 9646
f 9760 9638 9712 9704
f 9647 9646 9674 9675
f 9635 9682 9683 9636
f 9726 9747 9631 9614
f 9629 9681 9685 9626
f 9749 9748 9650 9632
f 9663 9625 9725 9736
f 9738 9677 9671 9737
f 9616 9614 9740 9727
f 9741 9680 9632 9731
f 9651 9641 9732 9733
f 9614 9631 9730 9740
f 9769 9616 9727 9762
f 9641 9663 9736 9732
f 9737 9671 9624 9724
f 9631 9680 9741 9730
f 9624 9651 9733 9724
f 9625 9662 9735 9725
f 9650 9677 9738 9734
f 9746 9726 9614 9616
f 9766 9618 9621 9770
f 9767 9689 9690 9771
f 9765 9753 9689 9767
f 9763 9723 9691 9770
f 9762 9727 9618 9766
f 9688 9691 9692 9693
f 9693 9692 9690 9689
f 9719 9676 9670 9717
f 9708 9718 9676 9779
f 9665 9605 9758 9755
f 9672 9602 9694 9774
f 9660 9714 9758 9605
f 9636 9683 9720 9711
f 9627 9612 9699 9702
f 9612 9620 9701 9699
f 9683 9627 9702 9720
f 9777 9706 9637 9645
f 9653 9655 9754 9710
f 9602 9653 9710 9694
f 9655 9665 9755 9754
f 9678 9672 9774 9775
f 9645 9678 9775 9777
f 9771 9690 9722 9764
f 9675 9742 9748 9647
f 9613 9628 9747 9726
f 9608 9729 9743 9639
f 9609 9728 9745 9669
f 9682 9635 9749 9739
f 9658 9750 9728 9609
f 9667 9744 9729 9608
f 9644 9751 9750 9658
f 9628 9682 9739 9747
f 9619 9613 9726 9746
f 9669 9745 9742 9675
f 9731 9734 9648 9634
f 9639 9743 9751 9644
f 9774 9694 9622 9778
f 9769 9687 9753 9765
f 9778 9622 9695 9772
f 9718 9716 9670 9676
f 9745 9671 9677 9742
f 9633 9711 9720 9684
f 9633 9684 9721 9706
f 9691 9723 9686 9692
f 9690 9692 9686 9722
f 9688 9693 9687 9752
f 9689 9753 9687 9693
f 9705 9754 9755 9713
f 9696 9756 9757 9712
f 9713 9755 9758 9697
f 9712 9757 9759 9704
f 9704 9759 9642 9760
f 9760 9642 9754 9705
f 9697 9758 9761 9623
f 9623 9761 9756 9696
f 9634 9648 9645 9637
f 9616 9769 9765 9746
f 9620 9771 9764 9701
f 9752 9762 9766 9688
f 9700 9763 9770 9621
f 9746 9765 9767 9619
f 9619 9767 9771 9620
f 9688 9766 9770 9691
f 9687 9769 9762 9752
f 9701 9764 9768 9617
f 9617 9768 9763 9700
f 9717 9772 9773 9719
f 9718 9775 9774 9716
f 9719 9773 9776 9707
f 9708 9777 9775 9718
f 9670 9778 9772 9717
f 9716 9774 9778 9670
f 9707 9776 9649 9779
f 9779 9649 9777 9708
f 8280 8143 9305 9358
f 8143 8279 9359 9305
f 8279 8139 9310 9359
f 8139 8141 9311 9310
f 8141 8320 9388 9311
f 8320 8986 9306 9388
f 8986 8319 9379 9306
f 8319 8142 9303 9379
f 8142 8140 9304 9303
f 8140 8280 9358 9304
f 8145 8282 9536 9482
f 8282 8148 9483 9536
f 8148 8281 9537 9483
f 8281 8144 9488 9537
f 8144 8146 9489 9488
f 8146 8322 9566 9489
f 8322 8985 9484 9566
f 8985 8321 9557 9484
f 8321 8147 9481 9557
f 8147 8145 9482 9481
f 8152 8150 9660 9659
f 8150 8284 9714 9660
f 8284 8153 9661 9714
f 8153 8283 9715 9661
f 8283 8149 9666 9715
f 8149 8151 9667 9666
f 8151 8983 9744 9667
f 8983 8984 9662 9744
f 8984 8323 9735 9662
f 8323 8152 9659 9735
f 8238 9795 9791 9784
f 8234 9797 9790 8170
f 9786 9788 9792 8186
f 8171 9789 9796 8233
f 9784 9791 9793 8235
f 8235 9793 9797 8234
f 8186 9792 9796 8183
f 8187 9795 9788 9786
f 8170 9790 9794 8237
f 8237 9794 9789 8171
f 8207 8213 8165 8166
f 8167 8164 8189 8211
f 8191 8230 8413 8404
f 8205 9799 9798 8202
f 8196 9801 9800 8156
f 8157 9802 9803 8193
f 8199 9804 9802 8157
f 8156 9800 9799 8205
f 8197 9805 9801 8196
f 8202 9798 9804 8199
f 8193 9803 9805 8197
f 9917 9905 9834 9869
f 9839 9849 9944 9945
f 9848 9840 9912 10107
f 10103 9898 9807 9853
f 9899 9827 9954 9997
f 9854 9853 9807 9812
f 9931 9939 9866 9833
f 9909 9918 9870 9841
f 9906 9901 9814 9830
f 9822 9815 9814 9825
f 9832 9817 9816 9831
f 9928 9938 9815 9822
f 9943 9937 9865 9835
f 9918 9869 9834 9906
f 10088 9842 10074 10053
f 9938 9931 9833 9815
f 9817 9823 9824 9816
f 9815 9833 9830 9814
f 9901 9903 9825 9814
f 9866 9838 9841 9870
f 9902 9904 9821 9819
f 9939 9932 9838 9866
f 9867 9832 9831 9868
f 9819 9821 9903 9901
f 9918 9906 9830 9870
f 10086 9845 10058 9844
f 9845 9908 9970 10058
f 10074 9842 10085 9843
f 9954 9827 9900 9957
f 9937 9945 9836 9865
f 9909 10108 9851 9837
f 9836 9852 9934 9932
f 9864 9863 9847 9850
f 9929 9828 9856 9941
f 9834 9819 9901 9906
f 9837 9851 10107 9912
f 10099 9872 9920 10094
f 10095 9919 9872 10099
f 9936 9864 9850 9934
f 9849 9839 9840 9848
f 9908 9846 10062 9970
f 9834 9905 9902 9819
f 9910 10110 9861 9916
f 10104 10103 9853 9859
f 9860 9859 9853 9854
f 9810 9806 9857 9858
f 9925 9810 9858 9935
f 9858 9857 9863 9864
f 9940 9862 9852 9944
f 9935 9858 9864 9936
f 10107 10104 9859 9848
f 9849 9848 9859 9860
f 9839 9867 9868 9840
f 9927 9943 9835 9818
f 9833 9866 9870 9830
f 9945 9944 9852 9836
f 9936 9862 9856 9935
f 9820 9818 9938 9928
f 9939 9865 9836 9932
f 9818 9835 9931 9938
f 10100 9820 9928 10093
f 9935 9856 9828 9925
f 9835 9865 9939 9931
f 9852 9862 9936 9934
f 9942 9927 9818 9820
f 10097 9822 9825 10101
f 10098 9875 9876 10102
f 10096 9947 9875 10098
f 10094 9920 9877 10101
f 10093 9928 9822 10097
f 9874 9877 9878 9879
f 9879 9878 9876 9875
f 9916 9861 9855 9914
f 9948 9964 9966 9895
f 9911 9915 9861 10110
f 9996 9955 9884 9922
f 9921 9884 9955 9985
f 9971 9956 9889 9924
f 9923 9889 9956 9994
f 9921 9985 9988 9981
f 9887 9885 9891 9893
f 9923 9994 9894 9892
f 9922 9881 9993 9977
f 9971 9988 9985 10015
f 9857 9806 9897 10105
f 9840 9868 9917 9912
f 9831 9816 9902 9905
f 9816 9824 9904 9902
f 9868 9831 9905 9917
f 10108 9909 9841 9847
f 9863 9857 10105 10106
f 9847 9863 10106 10108
f 10102 9876 9919 10095
f 9933 9907 9846 9960
f 9871 9908 9845 9962
f 9860 9940 9944 9849
f 9817 9832 9943 9927
f 9812 9929 9941 9854
f 9867 9839 9945 9937
f 9832 9867 9937 9943
f 9823 9817 9927 9942
f 9854 9941 9940 9860
f 9932 9934 9850 9838
f 10105 9897 9826 10109
f 9957 9900 9809 9952
f 9926 9958 9953 9813
f 9952 9809 9813 9953
f 10100 9873 9947 10096
f 10109 9826 9898 10103
f 9882 9880 9989 9998
f 9924 9886 9989 9981
f 9899 9997 9896 9977
f 9811 9808 9993 9991
f 9996 9896 9997 10016
f 9915 9913 9855 9861
f 9941 9856 9862 9940
f 9977 9993 9808 9899
f 9977 9896 9996 9922
f 9981 9989 9880 9921
f 9981 9988 9971 9924
f 9950 9962 9967 9890
f 9892 9891 9885 9923
f 10004 9969 10051 10049
f 9991 9993 9881 9883
f 9998 9989 9886 9888
f 9992 9951 9887 9893
f 9992 9933 9960 9951
f 10033 9980 10039 9978
f 9979 10076 10082 10038
f 9983 10078 10075 9968
f 10055 10056 10047 10046
f 9837 9912 9917 9869
f 9837 9869 9918 9909
f 9957 9952 9959 10014
f 9952 9953 10003 9959
f 10050 10007 10000 10051
f 9961 10003 9953 9958
f 9895 9966 9965 9930
f 9895 9991 9883 9948
f 9930 9811 9991 9895
f 9890 9998 9888 9950
f 9890 9967 9963 9949
f 9949 9882 9998 9890
f 9958 9926 9829 10011
f 9986 9987 10041 9972
f 10002 10081 10080 9990
f 9965 10011 9829 9930
f 10010 10009 9949 9963
f 9871 10008 9951 9960
f 10010 10087 9843 9964
f 9960 9846 9908 9871
f 9964 9843 10085 9966
f 9982 10002 9990 9974
f 9976 9968 9987 9986
f 9978 10039 9979 10034
f 9955 10018 10019 9985
f 9996 10020 10018 9955
f 10016 10022 10020 9996
f 9985 10019 10021 10015
f 9971 10024 10023 9956
f 9994 10025 10027 10017
f 10015 10026 10024 9971
f 9956 10023 10025 9994
f 9954 10028 10030 9997
f 9957 10029 10028 9954
f 10014 10031 10029 9957
f 9997 10030 10032 10016
f 10031 10037 10028 10029
f 10032 10030 10028 10037
f 10035 10018 10020 10022
f 10018 10035 10021 10019
f 10036 10023 10024 10026
f 10027 10025 10023 10036
f 10055 10046 10006 10057
f 9974 9990 9980 10033
f 9980 10077 10083 10039
f 9972 10041 10002 9982
f 10075 10078 10043 10079
f 9999 9983 9968 9976
f 10034 9979 10038 9973
f 10012 9975 10001 10005
f 9987 10079 10084 10041
f 10005 10000 9995 10012
f 10042 9995 10000 10007
f 9968 10075 10079 9987
f 9990 10080 10077 9980
f 10049 10051 10000 10005
f 9984 10050 10051 9969
f 10001 10048 10049 10005
f 10006 10004 10049 10048
f 9967 10086 9844 9963
f 9962 9845 10086 9967
f 10061 10048 10001 10060
f 10061 10057 10006 10048
f 9963 9844 10087 10010
f 10053 10074 10054 10052
f 10059 10037 10031 10060
f 10059 10063 10032 10037
f 10063 10064 10016 10032
f 10064 10065 10022 10016
f 10066 10035 10022 10065
f 10066 10067 10021 10035
f 10067 10068 10015 10021
f 10068 10069 10026 10015
f 10070 10036 10026 10069
f 10070 10071 10027 10036
f 10071 10072 10017 10027
f 10034 9973 10072 10071
f 9978 10034 10071 10070
f 9978 10070 10069 10033
f 9974 10033 10069 10068
f 9982 9974 10068 10067
f 9972 9982 10067 10066
f 9972 10066 10065 9986
f 9976 9986 10065 10064
f 9999 9976 10064 10063
f 9975 9999 10063 10059
f 9975 10059 10060 10001
f 10010 9964 9948 10009
f 10014 9959 10057 10061
f 10014 10061 10060 10031
f 10047 10056 10053 10052
f 9844 10058 10073 10087
f 10003 10055 10057 9959
f 10003 9961 10056 10055
f 10039 10083 10076 9979
f 10041 10084 10081 10002
f 10008 9871 9962 9950
f 9966 10085 9842 9965
f 9970 10090 10091 10058
f 9965 9842 10088 10011
f 9877 9920 9872 9878
f 9876 9878 9872 9919
f 9874 9879 9873 9946
f 9875 9947 9873 9879
f 9995 10042 10043 10078
f 10012 9995 10078 9983
f 10080 10081 10044 10077
f 10083 10045 10040 10076
f 10083 10077 10044 10045
f 10044 10081 10084 10013
f 10079 10043 10013 10084
f 10072 10205 10178 10017
f 9999 9975 10012 9983
f 10073 10074 9843 10087
f 9970 10062 10089 10090
f 10053 10056 9961 10088
f 9961 9958 10011 10088
f 10017 10178 10176 10153
f 10058 10091 10092 10073
f 10073 10092 10054 10074
f 10082 10076 10040 10219
f 9838 9850 9847 9841
f 9820 10100 10096 9942
f 9824 10102 10095 9904
f 9946 10093 10097 9874
f 9903 10094 10101 9825
f 9942 10096 10098 9823
f 9823 10098 10102 9824
f 9874 10097 10101 9877
f 9873 10100 10093 9946
f 9904 10095 10099 9821
f 9821 10099 10094 9903
f 9914 10103 10104 9916
f 9915 10106 10105 9913
f 9916 10104 10107 9910
f 9911 10108 10106 9915
f 9855 10109 10103 9914
f 9913 10105 10109 9855
f 9910 10107 9851 10110
f 10110 9851 10108 9911
f 9907 10111 10062 9846
f 10130 10112 10204 10151
f 10171 10172 10149 10223
f 10113 10204 10112 10129
f 10200 10150 10223 10149
f 10153 10140 10119 10132
f 10131 10119 10140 10163
f 10144 10133 10124 10143
f 10164 10143 10124 10134
f 10134 10121 10125 10126
f 10117 10115 10125 10127
f 10131 10163 10128 10126
f 9973 10038 10160 10185
f 10113 10223 10150 10204
f 10135 10129 10112 10145
f 10114 10130 10111 10146
f 10142 10122 10120 10141
f 10133 10144 10141 10120
f 10155 10191 10217 10187
f 10132 10116 9891 9892
f 10174 10164 10128 10163
f 9892 9894 10153 10132
f 10137 10146 9933 9992
f 10126 10128 10164 10134
f 10126 10125 10115 10131
f 10197 10198 10183 10190
f 10197 10199 10187 10157
f 9893 9891 10116 10118
f 10162 10138 10117 10127
f 10139 10136 10135 10162
f 10127 10125 10121 10123
f 10162 10135 10145 10138
f 10185 10160 10192 10158
f 10159 10218 10220 10191
f 10142 10141 10147 10148
f 10173 10147 10141 10144
f 10139 10162 10127 10123
f 10154 10156 10167 10161
f 10210 10161 10167 10209
f 9992 9893 10118 10137
f 10142 10172 10168 10122
f 10168 10172 10171 10169
f 10142 10148 10149 10172
f 10114 10170 10138 10145
f 10171 10223 10113 10136
f 10136 10113 10129 10135
f 10145 10112 10130 10114
f 10158 10192 10159 10186
f 10153 10176 10175 10140
f 10163 10177 10179 10174
f 10153 9894 9994 10017
f 10140 10175 10177 10163
f 10174 10184 10182 10164
f 10143 10180 10181 10144
f 10164 10182 10180 10143
f 10144 10181 10183 10173
f 10189 10175 10176 10178
f 10179 10177 10175 10189
f 10190 10180 10182 10184
f 10183 10181 10180 10190
f 10221 10219 10040 10195
f 10160 10219 10221 10192
f 10165 10210 10209 10166
f 10186 10159 10191 10155
f 10038 10082 10219 10160
f 10198 10201 10173 10183
f 10201 10156 10154 10202
f 10202 10154 10152 10203
f 10203 10152 10196 10200
f 10171 10136 10139 10169
f 10146 10111 9907 9933
f 10111 10130 10151 10062
f 10206 10189 10178 10205
f 10206 10207 10179 10189
f 10207 10208 10174 10179
f 10199 10208 10155 10187
f 10184 10174 10208 10199
f 10186 10155 10208 10207
f 10158 10186 10207 10206
f 10158 10206 10205 10185
f 9973 10185 10205 10072
f 10149 10148 10203 10200
f 10147 10202 10203 10148
f 10173 10201 10202 10147
f 10188 10156 10201 10198
f 10190 10184 10199 10197
f 10157 10188 10198 10197
f 10192 10221 10218 10159
f 10191 10220 10222 10217
f 10166 10209 10216 10213
f 10170 10114 10146 10137
f 10151 10225 10089 10062
f 10214 10224 10204 10150
f 10212 10216 10215 10211
f 10209 10167 10215 10216
f 10167 10156 10188 10215
f 10188 10157 10211 10215
f 10220 10218 10193 10222
f 10221 10195 10193 10218
f 10157 10187 10217 10211
f 10212 10211 10217 10222
f 10193 10194 10212 10222
f 10151 10204 10224 10225
f 10214 10150 10200 10196
f 10213 10216 10212 10194
f 9897 9900 9827 9826
f 9898 9826 9827 9899
f 9897 9806 9809 9900
f 9813 9809 9806 9810
f 9925 9926 9813 9810
f 9925 9828 9829 9926
f 9929 9930 9829 9828
f 9929 9812 9811 9930
f 9811 9812 9807 9808
f 9898 9899 9808 9807
f 10304 10294 10248 10278
f 10253 10258 10324 10325
f 10257 10254 10299 10342
f 10338 10289 10227 10262
f 10263 10262 10227 10229
f 10312 10319 10275 10247
f 10296 10305 10279 10255
f 10295 10290 10230 10244
f 10238 10231 10230 10241
f 10246 10233 10232 10245
f 10310 10318 10231 10238
f 10323 10317 10274 10249
f 10305 10278 10248 10295
f 10318 10312 10247 10231
f 10233 10239 10240 10232
f 10231 10247 10244 10230
f 10290 10292 10241 10230
f 10275 10252 10255 10279
f 10291 10293 10237 10235
f 10319 10313 10252 10275
f 10276 10246 10245 10277
f 10235 10237 10292 10290
f 10305 10295 10244 10279
f 10317 10325 10250 10274
f 10296 10343 10260 10251
f 10250 10261 10314 10313
f 10273 10272 10256 10259
f 10311 10243 10265 10321
f 10248 10235 10290 10295
f 10251 10260 10342 10299
f 10334 10280 10307 10329
f 10330 10306 10280 10334
f 10316 10273 10259 10314
f 10258 10253 10254 10257
f 10248 10294 10291 10235
f 10297 10345 10270 10303
f 10339 10338 10262 10268
f 10269 10268 10262 10263
f 10228 10226 10266 10267
f 10308 10228 10267 10315
f 10267 10266 10272 10273
f 10320 10271 10261 10324
f 10315 10267 10273 10316
f 10342 10339 10268 10257
f 10258 10257 10268 10269
f 10253 10276 10277 10254
f 10309 10323 10249 10234
f 10247 10275 10279 10244
f 10325 10324 10261 10250
f 10316 10271 10265 10315
f 10236 10234 10318 10310
f 10319 10274 10250 10313
f 10234 10249 10312 10318
f 10335 10236 10310 10328
f 10315 10265 10243 10308
f 10249 10274 10319 10312
f 10261 10271 10316 10314
f 10322 10309 10234 10236
f 10332 10238 10241 10336
f 10333 10283 10284 10337
f 10331 10327 10283 10333
f 10329 10307 10285 10336
f 10328 10310 10238 10332
f 10282 10285 10286 10287
f 10287 10286 10284 10283
f 10303 10270 10264 10301
f 10298 10302 10270 10345
f 10266 10226 10288 10340
f 10254 10277 10304 10299
f 10245 10232 10291 10294
f 10232 10240 10293 10291
f 10277 10245 10294 10304
f 10343 10296 10255 10256
f 10272 10266 10340 10341
f 10256 10272 10341 10343
f 10337 10284 10306 10330
f 10269 10320 10324 10258
f 10233 10246 10323 10309
f 10229 10311 10321 10263
f 10276 10253 10325 10317
f 10246 10276 10317 10323
f 10239 10233 10309 10322
f 10263 10321 10320 10269
f 10313 10314 10259 10252
f 10340 10288 10242 10344
f 10335 10281 10327 10331
f 10344 10242 10289 10338
f 10302 10300 10264 10270
f 10321 10265 10271 10320
f 10251 10299 10304 10278
f 10251 10278 10305 10296
f 10285 10307 10280 10286
f 10284 10286 10280 10306
f 10282 10287 10281 10326
f 10283 10327 10281 10287
f 10252 10259 10256 10255
f 10236 10335 10331 10322
f 10240 10337 10330 10293
f 10326 10328 10332 10282
f 10292 10329 10336 10241
f 10322 10331 10333 10239
f 10239 10333 10337 10240
f 10282 10332 10336 10285
f 10281 10335 10328 10326
f 10293 10330 10334 10237
f 10237 10334 10329 10292
f 10301 10338 10339 10303
f 10302 10341 10340 10300
f 10303 10339 10342 10297
f 10298 10343 10341 10302
f 10264 10344 10338 10301
f 10300 10340 10344 10264
f 10297 10342 10260 10345
f 10345 10260 10343 10298
f 10380 10357 10242 10288
f 10357 10378 10289 10242
f 10378 10359 10227 10289
f 10359 10360 10229 10227
f 10360 10361 10311 10229
f 10361 10362 10243 10311
f 10362 10363 10308 10243
f 10363 10364 10228 10308
f 10364 10365 10226 10228
f 10365 10380 10288 10226
f 10374 10376 10377 10355
f 10373 10374 10355 10354
f 10372 10373 10354 10353
f 10371 10372 10353 10352
f 10370 10371 10352 10351
f 10369 10370 10351 10350
f 10368 10369 10350 10349
f 10382 10368 10349 10379
f 10366 10367 10348 10347
f 10375 10366 10347 10346
f 10355 10377 10380 10365
f 10354 10355 10365 10364
f 10353 10354 10364 10363
f 10352 10353 10363 10362
f 10351 10352 10362 10361
f 10350 10351 10361 10360
f 10349 10350 10360 10359
f 10379 10349 10359 10378
f 10347 10348 10358 10381
f 10346 10347 10381 10356
f 9922 9884 10383 10376
f 9884 9921 10382 10383
f 9921 9880 10368 10382
f 9880 9882 10369 10368
f 9882 9949 10370 10369
f 9949 10009 10371 10370
f 10009 9948 10372 10371
f 9948 9883 10373 10372
f 9883 9881 10374 10373
f 9881 9922 10376 10374
f 10346 10377 10376 10375
f 10348 10379 10378 10358
f 10356 10380 10377 10346
f 10358 10378 10357 10381
f 10381 10357 10380 10356
f 10367 10382 10379 10348
f 10375 10376 10383 10366
f 10366 10383 10382 10367
f 10462 10452 10406 10436
f 10411 10416 10482 10483
f 10415 10412 10457 10500
f 10496 10447 10385 10420
f 10421 10420 10385 10387
f 10470 10477 10433 10405
f 10454 10463 10437 10413
f 10453 10448 10388 10402
f 10396 10389 10388 10399
f 10404 10391 10390 10403
f 10468 10476 10389 10396
f 10481 10475 10432 10407
f 10463 10436 10406 10453
f 10476 10470 10405 10389
f 10391 10397 10398 10390
f 10389 10405 10402 10388
f 10448 10450 10399 10388
f 10433 10410 10413 10437
f 10449 10451 10395 10393
f 10477 10471 10410 10433
f 10434 10404 10403 10435
f 10393 10395 10450 10448
f 10463 10453 10402 10437
f 10475 10483 10408 10432
f 10454 10501 10418 10409
f 10408 10419 10472 10471
f 10431 10430 10414 10417
f 10469 10401 10423 10479
f 10406 10393 10448 10453
f 10409 10418 10500 10457
f 10492 10438 10465 10487
f 10488 10464 10438 10492
f 10474 10431 10417 10472
f 10416 10411 10412 10415
f 10406 10452 10449 10393
f 10455 10503 10428 10461
f 10497 10496 10420 10426
f 10427 10426 10420 10421
f 10386 10384 10424 10425
f 10466 10386 10425 10473
f 10425 10424 10430 10431
f 10478 10429 10419 10482
f 10473 10425 10431 10474
f 10500 10497 10426 10415
f 10416 10415 10426 10427
f 10411 10434 10435 10412
f 10467 10481 10407 10392
f 10405 10433 10437 10402
f 10483 10482 10419 10408
f 10474 10429 10423 10473
f 10394 10392 10476 10468
f 10477 10432 10408 10471
f 10392 10407 10470 10476
f 10493 10394 10468 10486
f 10473 10423 10401 10466
f 10407 10432 10477 10470
f 10419 10429 10474 10472
f 10480 10467 10392 10394
f 10490 10396 10399 10494
f 10491 10441 10442 10495
f 10489 10485 10441 10491
f 10487 10465 10443 10494
f 10486 10468 10396 10490
f 10440 10443 10444 10445
f 10445 10444 10442 10441
f 10461 10428 10422 10459
f 10456 10460 10428 10503
f 10424 10384 10446 10498
f 10412 10435 10462 10457
f 10403 10390 10449 10452
f 10390 10398 10451 10449
f 10435 10403 10452 10462
f 10501 10454 10413 10414
f 10430 10424 10498 10499
f 10414 10430 10499 10501
f 10495 10442 10464 10488
f 10427 10478 10482 10416
f 10391 10404 10481 10467
f 10387 10469 10479 10421
f 10434 10411 10483 10475
f 10404 10434 10475 10481
f 10397 10391 10467 10480
f 10421 10479 10478 10427
f 10471 10472 10417 10410
f 10498 10446 10400 10502
f 10493 10439 10485 10489
f 10502 10400 10447 10496
f 10460 10458 10422 10428
f 10479 10423 10429 10478
f 10409 10457 10462 10436
f 10409 10436 10463 10454
f 10443 10465 10438 10444
f 10442 10444 10438 10464
f 10440 10445 10439 10484
f 10441 10485 10439 10445
f 10410 10417 10414 10413
f 10394 10493 10489 10480
f 10398 10495 10488 10451
f 10484 10486 10490 10440
f 10450 10487 10494 10399
f 10480 10489 10491 10397
f 10397 10491 10495 10398
f 10440 10490 10494 10443
f 10439 10493 10486 10484
f 10451 10488 10492 10395
f 10395 10492 10487 10450
f 10459 10496 10497 10461
f 10460 10499 10498 10458
f 10461 10497 10500 10455
f 10456 10501 10499 10460
f 10422 10502 10496 10459
f 10458 10498 10502 10422
f 10455 10500 10418 10503
f 10503 10418 10501 10456
f 10538 10515 10400 10446
f 10515 10536 10447 10400
f 10536 10517 10385 10447
f 10517 10518 10387 10385
f 10518 10519 10469 10387
f 10519 10520 10401 10469
f 10520 10521 10466 10401
f 10521 10522 10386 10466
f 10522 10523 10384 10386
f 10523 10538 10446 10384
f 10532 10534 10535 10513
f 10531 10532 10513 10512
f 10530 10531 10512 10511
f 10529 10530 10511 10510
f 10528 10529 10510 10509
f 10527 10528 10509 10508
f 10526 10527 10508 10507
f 10540 10526 10507 10537
f 10524 10525 10506 10505
f 10533 10524 10505 10504
f 10513 10535 10538 10523
f 10512 10513 10523 10522
f 10511 10512 10522 10521
f 10510 10511 10521 10520
f 10509 10510 10520 10519
f 10508 10509 10519 10518
f 10507 10508 10518 10517
f 10537 10507 10517 10536
f 10505 10506 10516 10539
f 10504 10505 10539 10514
f 10504 10535 10534 10533
f 10506 10537 10536 10516
f 10514 10538 10535 10504
f 10516 10536 10515 10539
f 10539 10515 10538 10514
f 10525 10540 10537 10506
f 10533 10534 10541 10524
f 10524 10541 10540 10525
f 9886 9924 10534 10532
f 9924 9889 10541 10534
f 9889 9923 10540 10541
f 9923 9885 10526 10540
f 9885 9887 10527 10526
f 9887 9951 10528 10527
f 9951 10008 10529 10528
f 10008 9950 10530 10529
f 9950 9888 10531 10530
f 9888 9886 10532 10531
f 10620 10610 10564 10594
f 10569 10574 10640 10641
f 10573 10570 10615 10658
f 10654 10605 10543 10578
f 10579 10578 10543 10545
f 10628 10635 10591 10563
f 10612 10621 10595 10571
f 10611 10606 10546 10560
f 10554 10547 10546 10557
f 10562 10549 10548 10561
f 10626 10634 10547 10554
f 10639 10633 10590 10565
f 10621 10594 10564 10611
f 10634 10628 10563 10547
f 10549 10555 10556 10548
f 10547 10563 10560 10546
f 10606 10608 10557 10546
f 10591 10568 10571 10595
f 10607 10609 10553 10551
f 10635 10629 10568 10591
f 10592 10562 10561 10593
f 10551 10553 10608 10606
f 10621 10611 10560 10595
f 10633 10641 10566 10590
f 10612 10659 10576 10567
f 10566 10577 10630 10629
f 10589 10588 10572 10575
f 10627 10559 10581 10637
f 10564 10551 10606 10611
f 10567 10576 10658 10615
f 10650 10596 10623 10645
f 10646 10622 10596 10650
f 10632 10589 10575 10630
f 10574 10569 10570 10573
f 10564 10610 10607 10551
f 10613 10661 10586 10619
f 10655 10654 10578 10584
f 10585 10584 10578 10579
f 10544 10542 10582 10583
f 10624 10544 10583 10631
f 10583 10582 10588 10589
f 10636 10587 10577 10640
f 10631 10583 10589 10632
f 10658 10655 10584 10573
f 10574 10573 10584 10585
f 10569 10592 10593 10570
f 10625 10639 10565 10550
f 10563 10591 10595 10560
f 10641 10640 10577 10566
f 10632 10587 10581 10631
f 10552 10550 10634 10626
f 10635 10590 10566 10629
f 10550 10565 10628 10634
f 10651 10552 10626 10644
f 10631 10581 10559 10624
f 10565 10590 10635 10628
f 10577 10587 10632 10630
f 10638 10625 10550 10552
f 10648 10554 10557 10652
f 10649 10599 10600 10653
f 10647 10643 10599 10649
f 10645 10623 10601 10652
f 10644 10626 10554 10648
f 10598 10601 10602 10603
f 10603 10602 10600 10599
f 10619 10586 10580 10617
f 10614 10618 10586 10661
f 10582 10542 10604 10656
f 10570 10593 10620 10615
f 10561 10548 10607 10610
f 10548 10556 10609 10607
f 10593 10561 10610 10620
f 10659 10612 10571 10572
f 10588 10582 10656 10657
f 10572 10588 10657 10659
f 10653 10600 10622 10646
f 10585 10636 10640 10574
f 10549 10562 10639 10625
f 10545 10627 10637 10579
f 10592 10569 10641 10633
f 10562 10592 10633 10639
f 10555 10549 10625 10638
f 10579 10637 10636 10585
f 10629 10630 10575 10568
f 10656 10604 10558 10660
f 10651 10597 10643 10647
f 10660 10558 10605 10654
f 10618 10616 10580 10586
f 10637 10581 10587 10636
f 10567 10615 10620 10594
f 10567 10594 10621 10612
f 10601 10623 10596 10602
f 10600 10602 10596 10622
f 10598 10603 10597 10642
f 10599 10643 10597 10603
f 10568 10575 10572 10571
f 10552 10651 10647 10638
f 10556 10653 10646 10609
f 10642 10644 10648 10598
f 10608 10645 10652 10557
f 10638 10647 10649 10555
f 10555 10649 10653 10556
f 10598 10648 10652 10601
f 10597 10651 10644 10642
f 10609 10646 10650 10553
f 10553 10650 10645 10608
f 10617 10654 10655 10619
f 10618 10657 10656 10616
f 10619 10655 10658 10613
f 10614 10659 10657 10618
f 10580 10660 10654 10617
f 10616 10656 10660 10580
f 10613 10658 10576 10661
f 10661 10576 10659 10614
f 10696 10673 10558 10604
f 10673 10694 10605 10558
f 10694 10675 10543 10605
f 10675 10676 10545 10543
f 10676 10677 10627 10545
f 10677 10678 10559 10627
f 10678 10679 10624 10559
f 10679 10680 10544 10624
f 10680 10681 10542 10544
f 10681 10696 10604 10542
f 10690 10692 10693 10671
f 10689 10690 10671 10670
f 10688 10689 10670 10669
f 10687 10688 10669 10668
f 10686 10687 10668 10667
f 10685 10686 10667 10666
f 10684 10685 10666 10665
f 10698 10684 10665 10695
f 10682 10683 10664 10663
f 10691 10682 10663 10662
f 10671 10693 10696 10681
f 10670 10671 10681 10680
f 10669 10670 10680 10679
f 10668 10669 10679 10678
f 10667 10668 10678 10677
f 10666 10667 10677 10676
f 10665 10666 10676 10675
f 10695 10665 10675 10694
f 10663 10664 10674 10697
f 10662 10663 10697 10672
f 10662 10693 10692 10691
f 10664 10695 10694 10674
f 10672 10696 10693 10662
f 10674 10694 10673 10697
f 10697 10673 10696 10672
f 10683 10698 10695 10664
f 10691 10692 10699 10682
f 10682 10699 10698 10683
f 10778 10768 10722 10752
f 10727 10732 10798 10799
f 10731 10728 10773 10816
f 10812 10763 10701 10736
f 10737 10736 10701 10703
f 10786 10793 10749 10721
f 10770 10779 10753 10729
f 10769 10764 10704 10718
f 10712 10705 10704 10715
f 10720 10707 10706 10719
f 10784 10792 10705 10712
f 10797 10791 10748 10723
f 10779 10752 10722 10769
f 10792 10786 10721 10705
f 10707 10713 10714 10706
f 10705 10721 10718 10704
f 10764 10766 10715 10704
f 10749 10726 10729 10753
f 10765 10767 10711 10709
f 10793 10787 10726 10749
f 10750 10720 10719 10751
f 10709 10711 10766 10764
f 10779 10769 10718 10753
f 10791 10799 10724 10748
f 10770 10817 10734 10725
f 10724 10735 10788 10787
f 10747 10746 10730 10733
f 10785 10717 10739 10795
f 10722 10709 10764 10769
f 10725 10734 10816 10773
f 10808 10754 10781 10803
f 10804 10780 10754 10808
f 10790 10747 10733 10788
f 10732 10727 10728 10731
f 10722 10768 10765 10709
f 10771 10819 10744 10777
f 10813 10812 10736 10742
f 10743 10742 10736 10737
f 10702 10700 10740 10741
f 10782 10702 10741 10789
f 10741 10740 10746 10747
f 10794 10745 10735 10798
f 10789 10741 10747 10790
f 10816 10813 10742 10731
f 10732 10731 10742 10743
f 10727 10750 10751 10728
f 10783 10797 10723 10708
f 10721 10749 10753 10718
f 10799 10798 10735 10724
f 10790 10745 10739 10789
f 10710 10708 10792 10784
f 10793 10748 10724 10787
f 10708 10723 10786 10792
f 10809 10710 10784 10802
f 10789 10739 10717 10782
f 10723 10748 10793 10786
f 10735 10745 10790 10788
f 10796 10783 10708 10710
f 10806 10712 10715 10810
f 10807 10757 10758 10811
f 10805 10801 10757 10807
f 10803 10781 10759 10810
f 10802 10784 10712 10806
f 10756 10759 10760 10761
f 10761 10760 10758 10757
f 10777 10744 10738 10775
f 10772 10776 10744 10819
f 10740 10700 10762 10814
f 10728 10751 10778 10773
f 10719 10706 10765 10768
f 10706 10714 10767 10765
f 10751 10719 10768 10778
f 10817 10770 10729 10730
f 10746 10740 10814 10815
f 10730 10746 10815 10817
f 10811 10758 10780 10804
f 10743 10794 10798 10732
f 10707 10720 10797 10783
f 10703 10785 10795 10737
f 10750 10727 10799 10791
f 10720 10750 10791 10797
f 10713 10707 10783 10796
f 10737 10795 10794 10743
f 10787 10788 10733 10726
f 10814 10762 10716 10818
f 10809 10755 10801 10805
f 10818 10716 10763 10812
f 10776 10774 10738 10744
f 10795 10739 10745 10794
f 10725 10773 10778 10752
f 10725 10752 10779 10770
f 10759 10781 10754 10760
f 10758 10760 10754 10780
f 10756 10761 10755 10800
f 10757 10801 10755 10761
f 10726 10733 10730 10729
f 10710 10809 10805 10796
f 10714 10811 10804 10767
f 10800 10802 10806 10756
f 10766 10803 10810 10715
f 10796 10805 10807 10713
f 10713 10807 10811 10714
f 10756 10806 10810 10759
f 10755 10809 10802 10800
f 10767 10804 10808 10711
f 10711 10808 10803 10766
f 10775 10812 10813 10777
f 10776 10815 10814 10774
f 10777 10813 10816 10771
f 10772 10817 10815 10776
f 10738 10818 10812 10775
f 10774 10814 10818 10738
f 10771 10816 10734 10819
f 10819 10734 10817 10772
f 10854 10831 10716 10762
f 10831 10852 10763 10716
f 10852 10833 10701 10763
f 10833 10834 10703 10701
f 10834 10835 10785 10703
f 10835 10836 10717 10785
f 10836 10837 10782 10717
f 10837 10838 10702 10782
f 10838 10839 10700 10702
f 10839 10854 10762 10700
f 10848 10850 10851 10829
f 10847 10848 10829 10828
f 10846 10847 10828 10827
f 10845 10846 10827 10826
f 10844 10845 10826 10825
f 10843 10844 10825 10824
f 10842 10843 10824 10823
f 10856 10842 10823 10853
f 10840 10841 10822 10821
f 10849 10840 10821 10820
f 10829 10851 10854 10839
f 10828 10829 10839 10838
f 10827 10828 10838 10837
f 10826 10827 10837 10836
f 10825 10826 10836 10835
f 10824 10825 10835 10834
f 10823 10824 10834 10833
f 10853 10823 10833 10852
f 10821 10822 10832 10855
f 10820 10821 10855 10830
f 10820 10851 10850 10849
f 10822 10853 10852 10832
f 10830 10854 10851 10820
f 10832 10852 10831 10855
f 10855 10831 10854 10830
f 10841 10856 10853 10822
f 10849 10850 10857 10840
f 10840 10857 10856 10841
f 10116 10132 10692 10690
f 10132 10119 10699 10692
f 10119 10131 10698 10699
f 10131 10115 10684 10698
f 10115 10117 10685 10684
f 10117 10138 10686 10685
f 10138 10170 10687 10686
f 10170 10137 10688 10687
f 10137 10118 10689 10688
f 10118 10116 10690 10689
f 10123 10121 10848 10847
f 10121 10134 10850 10848
f 10134 10124 10857 10850
f 10124 10133 10856 10857
f 10133 10120 10842 10856
f 10120 10122 10843 10842
f 10122 10168 10844 10843
f 10168 10169 10845 10844
f 10169 10139 10846 10845
f 10139 10123 10847 10846
f 10052 10860 10859 10047
f 10196 10867 10868 10214
f 10092 10865 10861 10054
f 10047 10859 10858 10046
f 10090 10863 10864 10091
f 10224 10869 10870 10225
f 10152 10866 10867 10196
f 10054 10861 10860 10052
f 10091 10864 10865 10092
f 10225 10870 10862 10089
f 10214 10868 10869 10224
f 10089 10862 10863 10090
f 10864 10877 10878 10865
f 10870 10883 10875 10862
f 10859 10872 10871 10858
f 10866 10879 10880 10867
f 10863 10876 10877 10864
f 10869 10882 10883 10870
f 10861 10874 10873 10860
f 10868 10881 10882 10869
f 10862 10875 10876 10863
f 10860 10873 10872 10859
f 10867 10880 10881 10868
f 10865 10878 10874 10861
f 10875 10888 10889 10876
f 10873 10886 10885 10872
f 10880 10893 10894 10881
f 10878 10891 10887 10874
f 10877 10890 10891 10878
f 10883 10896 10888 10875
f 10872 10885 10884 10871
f 10879 10892 10893 10880
f 10876 10889 10890 10877
f 10882 10895 10896 10883
f 10874 10887 10886 10873
f 10881 10894 10895 10882
f 10154 10161 10866 10152
f 10161 10210 10879 10866
f 10210 10165 10892 10879
f 10004 10006 10046 10858
f 9969 10004 10858 10871
f 9984 9969 10871 10884
f 10895 10904 10905 10896
f 10893 10902 10903 10894
f 10888 10898 10899 10889
f 10890 10900 10901 10891
f 10896 10905 10898 10888
f 10894 10903 10904 10895
f 10891 10901 10897 10887
f 10889 10899 10900 10890
f 10898 10907 10908 10899
f 10900 10909 10910 10901
f 10904 10913 10914 10905
f 10902 10911 10912 10903
f 10901 10910 10906 10897
f 10899 10908 10909 10900
f 10905 10914 10907 10898
f 10903 10912 10913 10904
f 10913 10922 10923 10914
f 10911 10920 10921 10912
f 10910 10919 10915 10906
f 10908 10917 10918 10909
f 10914 10923 10916 10907
f 10912 10921 10922 10913
f 10907 10916 10917 10908
f 10909 10918 10919 10910
f 10213 10930 10926 10166
f 10045 10925 10924 10040
f 10195 10929 10927 10193
f 10194 10928 10930 10213
f 10193 10927 10928 10194
f 10040 10924 10929 10195
f 10930 10937 10933 10926
f 10928 10935 10937 10930
f 10925 10932 10931 10924
f 10924 10931 10936 10929
f 10929 10936 10934 10927
f 10927 10934 10935 10928
f 10937 10944 10940 10933
f 10935 10942 10944 10937
f 10932 10939 10938 10931
f 10931 10938 10943 10936
f 10936 10943 10941 10934
f 10934 10941 10942 10935
f 10165 10945 10946 10892
f 10945 10947 10948 10946
f 10947 10949 10950 10948
f 10892 10946 10902 10893
f 10911 10902 10946 10948
f 10920 10911 10948 10950
f 10165 10166 10926 10945
f 10926 10933 10947 10945
f 10933 10940 10949 10947
f 10919 10964 10963 10915
f 10951 10953 10954 10952
f 10953 10955 10956 10954
f 10955 10957 10958 10956
f 10957 10959 10960 10958
f 10959 10961 10962 10960
f 10961 10963 10964 10962
f 10918 10917 10966 10967
f 10917 10916 10965 10966
f 10923 10922 10968 10969
f 10916 10923 10969 10965
f 10922 10921 10952 10968
f 10969 10974 10970 10965
f 10966 10971 10972 10967
f 10968 10973 10974 10969
f 10965 10970 10971 10966
f 10956 10974 10973 10954
f 10958 10970 10974 10956
f 10960 10971 10970 10958
f 10962 10972 10971 10960
f 10918 10967 10964 10919
f 10952 10954 10973 10968
f 10962 10964 10967 10972
f 10963 11004 11000 10915
f 10007 10975 10977 10042
f 10043 10978 10976 10013
f 10042 10977 10978 10043
f 10050 10980 10975 10007
f 10013 10976 10979 10044
f 10977 10982 10983 10978
f 10975 10981 10982 10977
f 10980 10984 10981 10975
f 10982 10986 10987 10983
f 10981 10985 10986 10982
f 10984 10988 10985 10981
f 10884 10990 10989 9984
f 10886 10992 10991 10885
f 10885 10991 10990 10884
f 10990 10994 10993 10989
f 10992 10996 10995 10991
f 10991 10995 10994 10990
f 10994 10998 10997 10993
f 10996 11000 10999 10995
f 10995 10999 10998 10994
f 9984 10989 10980 10050
f 10984 10980 10989 10993
f 10988 10984 10993 10997
f 10044 10979 10925 10045
f 10886 10887 10897 10992
f 10897 10906 10996 10992
f 10906 10915 11000 10996
f 10961 11003 11004 10963
f 10957 11001 11002 10959
f 10999 11000 11004 11008
f 10959 11002 11003 10961
f 10998 10999 11008 11012
f 11002 11006 11007 11003
f 11003 11007 11008 11004
f 11001 11005 11006 11002
f 11005 11009 11010 11006
f 10997 10998 11012 11724
f 11006 11010 11011 11007
f 11007 11011 11012 11008
f 11011 11725 11724 11012
f 11009 11013 11014 11010
f 11724 11083 10988 10997
f 11010 11014 11725 11011
f 11015 11018 11726 11082
f 11013 11016 11017 11014
f 11014 11017 11727 11725
f 10950 10949 11030 11029
f 11005 11020 11021 11009
f 11009 11021 11022 11013
f 11013 11022 11023 11016
f 11001 11019 11020 11005
f 11022 11731 11730 11023
f 11020 11025 11026 11021
f 11021 11026 11731 11022
f 11019 11024 11025 11020
f 11027 11081 11080 11028
f 11025 11030 11031 11026
f 11026 11031 11733 11731
f 11024 11029 11030 11025
f 10940 10944 11733 11031
f 11733 10944 10942 11732
f 10949 10940 11031 11030
f 10942 11035 11735 11732
f 10953 10951 11029 11024
f 10955 10953 11024 11019
f 10957 10955 11019 11001
f 10950 11029 10951 10920
f 10939 11033 11032 10938
f 11083 11728 11040 10988
f 10986 11038 11039 10987
f 11017 11042 11729 11727
f 10941 11034 11035 10942
f 11018 11043 11044 11726
f 11035 11051 11063 11735
f 10943 11036 11034 10941
f 10985 11037 11038 10986
f 11730 11734 11045 11023
f 10938 11032 11036 10943
f 11023 11045 11041 11016
f 11080 11047 11046 11028
f 10988 11040 11037 10985
f 11016 11041 11042 11017
f 11038 11054 11055 11039
f 11034 11050 11051 11035
f 11734 11062 11061 11045
f 11668 11670 11065 11049
f 11036 11052 11050 11034
f 11735 11063 11062 11734
f 11041 11057 11058 11042
f 11032 11048 11052 11036
f 11728 11060 11056 11040
f 11042 11058 11059 11729
f 11037 11053 11054 11038
f 11729 11059 11060 11728
f 11060 11076 11072 11056
f 11040 11056 11053 11037
f 11033 11049 11048 11032
f 11045 11061 11057 11041
f 11673 11666 10983 10987
f 11051 11067 11079 11063
f 11056 11072 11069 11053
f 11049 11065 11064 11048
f 11061 11077 11073 11057
f 11054 11070 11071 11055
f 11050 11066 11067 11051
f 11062 11078 11077 11061
f 11052 11068 11066 11050
f 11063 11079 11078 11062
f 11057 11073 11074 11058
f 11048 11064 11068 11052
f 11058 11074 11075 11059
f 11053 11069 11070 11054
f 11059 11075 11076 11060
f 10921 10920 10951 10952
f 11664 11668 11049 11033
f 11664 11033 10939 11672
f 11121 11120 11119 11122
f 11168 11307 11096 11167
f 11336 11348 11229 11222
f 11096 11307 11175 11192
f 11201 11191 11264 11268
f 11084 11325 11165 11085
f 11177 11174 11173 11175
f 11099 11100 11233 11232
f 11100 11101 11234 11233
f 11095 11092 11236 11237
f 11133 11103 11102 11132
f 11103 11105 11104 11102
f 11105 11107 11106 11104
f 11092 11127 11235 11236
f 11606 12005 12007 11739
f 11134 11135 11144 11143
f 11143 11144 11139 11140
f 11137 11146 11145 11136
f 11137 11098 11127 11110
f 11107 11105 11333 11331
f 11132 11102 11130 11109
f 11332 11123 11124 11329
f 11164 11230 11348 11336
f 11334 11138 11125 11330
f 11330 11125 11126 11333
f 11103 11133 11334 11330
f 11329 11124 11138 11334
f 11198 11094 11368 11337
f 11133 11088 11329 11334
f 11681 11112 11162 11675
f 11088 11086 11332 11329
f 11328 11332 11086 11085
f 11812 11652 11663 11813
f 11110 11127 11092 11111
f 11325 11277 11161 11324
f 11104 11131 11130 11102
f 11100 11135 11134 11101
f 11084 11089 11090 11163
f 11088 11087 11089 11086
f 11676 11091 11109 11678
f 11129 11140 11139 11128
f 11677 11111 11112 11681
f 11106 11128 11131 11104
f 11098 11137 11136 11099
f 11132 11087 11088 11133
f 11099 11136 11135 11100
f 11091 11090 11089 11087
f 11101 11155 11247 11234
f 11138 11124 11148 11149
f 11123 11122 11119 11147
f 11136 11145 11144 11135
f 11131 11142 11141 11130
f 11128 11139 11142 11131
f 11141 11142 11145 11146
f 11142 11139 11144 11145
f 7945 11443 11442 7915
f 11386 11396 7916 7899
f 11124 11123 11147 11148
f 11125 11138 11149 11150
f 11126 11125 11150 11151
f 11111 11092 11095 11112
f 11558 11582 11738 11737
f 11129 11156 11158 11140
f 11143 11159 11157 11134
f 11108 11129 11128 11106
f 11140 11158 11159 11143
f 11134 11157 11155 11101
f 9199 9200 8943 8944
f 11108 11154 11156 11129
f 11430 11436 11169 11152
f 11429 11425 11385 11160
f 11385 11386 7899 7903
f 11098 11099 11232 11231
f 11166 11165 11164 11336
f 11116 11168 11239 11240
f 11161 11277 11259 11261
f 11534 11558 11737 11736
f 11176 11178 11179 11180
f 11193 11194 11266 11269
f 11238 11326 11095 11237
f 11116 11240 11243 11115
f 11115 11243 11242 11114
f 11178 11176 11174 11177
f 11309 11178 11177 11308
f 11309 11115 11114 11310
f 11121 11166 11336 11222
f 11307 11168 11116 11308
f 11084 11085 11086 11089
f 11261 11267 11182 11161
f 11132 11109 11091 11087
f 11191 11202 11265 11264
f 11266 11194 11195 11263
f 11270 11265 11202 11204
f 11438 11440 11120 11361
f 11167 11096 11365 11362
f 11195 11194 11193 11196
f 11364 11192 11207 11363
f 11181 11201 11268 11262
f 11269 11271 11208 11193
f 11270 11204 11209 11272
f 11094 11198 11201 11181
f 11191 11203 11204 11202
f 11339 11205 11206 11338
f 11272 11209 11211 11274
f 11271 11273 11210 11208
f 11341 11216 11217 11340
f 11342 11215 11216 11341
f 11343 11214 11215 11342
f 11344 11213 11211 11340
f 11346 11221 11220 11345
f 11345 11220 11219 11347
f 11339 11193 11208 11347
f 11387 7904 7935 11389
f 11096 11192 11364 11365
f 11226 11206 11205 11227
f 11223 11226 11227 11225
f 11325 11324 11164 11165
f 11094 11181 11278 11327
f 11114 11242 11246 11171
f 11117 11244 11245 11118
f 11171 11246 11241 11113
f 11113 11241 11244 11117
f 11118 11245 11248 11172
f 11349 11350 11240 11239
f 11351 11243 11240 11350
f 11351 11352 11242 11243
f 11352 11353 11246 11242
f 11353 11354 11241 11246
f 11354 11355 11244 11241
f 11355 11356 11245 11244
f 11356 11234 11247 11357
f 11179 11249 11250 11180
f 11249 11251 11252 11250
f 11251 11253 11254 11252
f 11253 11255 11256 11254
f 11255 11257 11258 11256
f 11310 11312 11249 11179
f 11312 11313 11251 11249
f 11313 11314 11253 11251
f 11314 11315 11255 11253
f 11315 11316 11257 11255
f 11393 11394 7984 7983
f 11337 11199 11214 11343
f 11694 11696 11273 11271
f 11365 11364 11200 11311
f 11692 11694 11271 11269
f 11687 11264 11265 11688
f 11191 11201 11198 11203
f 11175 11173 11207 11192
f 11684 11690 11267 11261
f 11690 11686 11263 11267
f 11684 11261 11259 11682
f 11682 11259 11277 11700
f 11688 11265 11270 11693
f 11674 11700 11277 11163
f 11181 11262 11260 11278
f 11708 11702 11279 11358
f 11346 11212 11275 11358
f 11359 11344 11218 11280
f 11317 11214 11199 11311
f 11318 11317 11281 11282
f 11319 11216 11215 11318
f 11320 11217 11216 11319
f 11183 11281 11200 11197
f 11184 11282 11281 11183
f 11283 11282 11184 11285
f 11185 11284 11283 11285
f 11227 11287 11286 11225
f 11387 11223 11225 11388
f 11287 11289 11288 11286
f 11388 11390 7980 7942
f 11289 11291 11290 11288
f 11390 11391 7981 7980
f 11291 11293 11292 11290
f 11391 11392 7982 7981
f 11205 11219 11287 11227
f 11219 11220 11289 11287
f 11220 11221 11291 11289
f 11218 11294 11297 11280
f 11279 11296 11295 11221
f 11702 11704 11296 11279
f 11293 11291 11221 11295
f 11186 11298 11284 11185
f 11321 11320 11284 11298
f 11322 11294 11218 11321
f 11187 11299 11298 11186
f 11322 11323 11300 11294
f 11294 11300 11302 11297
f 11704 11706 11301 11296
f 11295 11306 11305 11293
f 11293 11305 11304 11292
f 11392 11393 7983 7982
f 11295 11296 11301 11306
f 11187 11188 11303 11299
f 11299 11303 11323 11322
f 11299 11322 11321 11298
f 11218 11217 11320 11321
f 11284 11320 11319 11283
f 11283 11319 11318 11282
f 11215 11214 11317 11318
f 11281 11317 11311 11200
f 11118 11172 11316 11315
f 11117 11118 11315 11314
f 11113 11117 11314 11313
f 11171 11113 11313 11312
f 11114 11171 11312 11310
f 11175 11307 11308 11177
f 11178 11309 11310 11179
f 11115 11309 11308 11116
f 11182 11267 11263 11195
f 11163 11277 11325 11084
f 11224 11223 11387 11389
f 11093 11324 11161 11182
f 11095 11326 11162 11112
f 11278 11162 11326 11327
f 11127 11098 11231 11235
f 11206 11226 11097 11228
f 11324 11093 11230 11164
f 11360 11228 11229 11348
f 11338 11206 11228 11360
f 11361 11222 11229 11228
f 11276 11213 11344 11359
f 11221 11346 11358 11279
f 11698 11708 11358 11275
f 11198 11337 11343 11203
f 11245 11356 11357 11248
f 11233 11234 11356 11355
f 11232 11233 11355 11354
f 11231 11232 11354 11353
f 11235 11231 11353 11352
f 11236 11235 11352 11351
f 11236 11351 11350 11237
f 11238 11237 11350 11349
f 11205 11339 11347 11219
f 11210 11345 11347 11208
f 11212 11346 11345 11210
f 11218 11344 11340 11217
f 11203 11343 11342 11204
f 11204 11342 11341 11209
f 11209 11341 11340 11211
f 11193 11339 11338 11196
f 11151 11152 11335 11126
f 11105 11103 11330 11333
f 11093 11182 11195 11196
f 11196 11338 11360 11093
f 11093 11360 11348 11230
f 11362 11365 11311 11199
f 11367 11327 11326 11366
f 11200 11364 11363 11197
f 11120 11121 11222 11361
f 11097 11226 11223 11224
f 11394 11397 7985 7984
f 11368 11367 11167 11362
f 11094 11327 11367 11368
f 11167 11367 11366 11168
f 11337 11368 11362 11199
f 11366 11349 11239 11168
f 11326 11238 11349 11366
f 11122 11123 11332 11328
f 11582 11606 11739 11738
f 11333 11126 11335 11331
f 11166 11328 11085 11165
f 11121 11122 11328 11166
f 11211 11213 11276 11274
f 11212 11210 11273 11275
f 11696 11698 11275 11273
f 11303 11372 11373 11323
f 11706 11710 11370 11301
f 11300 11369 11371 11302
f 11323 11373 11369 11300
f 11373 11378 11374 11369
f 11369 11374 11376 11371
f 11372 11377 11378 11373
f 11710 11712 11375 11370
f 11188 11189 11372 11303
f 11189 11190 11377 11372
f 11305 11380 11379 11304
f 11306 11381 11380 11305
f 11402 7927 7929 11403
f 11380 11383 11382 11379
f 11381 11384 11383 11380
f 11370 11375 11384 11381
f 11306 11301 11370 11381
f 11379 11382 7933 11397
f 8028 7916 11396 11395
f 11397 7933 11398 7985
f 11304 11379 11397 11394
f 11290 11292 11393 11392
f 11288 11290 11392 11391
f 11286 11288 11391 11390
f 11225 11286 11390 11388
f 7904 11387 11388 7942
f 11292 11304 11394 11393
f 7951 11445 11444 7948
f 11442 11443 11423 11421
f 11425 11435 11386 11385
f 11447 11433 11437 11446
f 11444 11445 11431 11427
f 11443 11444 11427 11423
f 11723 11457 11375 11712
f 11187 11401 11402 11188
f 11185 11399 11400 11186
f 11188 11402 11403 11189
f 11186 11400 11401 11187
f 11285 11405 11399 11185
f 11190 11189 11403 7931
f 11400 7923 7925 11401
f 11405 7959 7921 11399
f 11401 7925 7927 11402
f 11399 7921 7923 11400
f 7906 11417 11415 7910
f 8028 11395 11389 7935
f 11462 11467 11074 11073
f 11472 11462 11073 11077
f 11467 11477 11075 11074
f 11482 11472 11077 11078
f 11452 11376 11374 11487
f 11492 11487 11374 11378
f 11497 11492 11378 11377
f 11497 11377 11190 11502
f 7929 11404 7931 11403
f 11404 11751 7930 7931
f 11512 11384 11375 11457
f 11512 11517 11383 11384
f 11522 11382 11383 11517
f 7985 11398 7979 7976
f 7979 11752 8012 8027
f 7905 11419 11417 7906
f 11412 11414 7918 7919
f 11414 11416 7937 7918
f 11416 11418 8030 7937
f 11478 11507 7931 7930
f 11405 11412 7919 7959
f 7939 11413 11419 7905
f 11173 11419 11413 11207
f 11173 11174 11417 11419
f 11174 11176 11415 11417
f 8030 11418 11413 7939
f 11363 11207 11413 11418
f 11197 11363 11418 11416
f 11183 11197 11416 11414
f 11184 11183 11414 11412
f 11285 11184 11412 11405
f 11406 11180 11250 11411
f 11411 11250 11252 11407
f 11407 11252 11254 11408
f 11408 11254 11256 11409
f 11409 11256 11258 11410
f 7952 11409 11410 7955
f 7949 11408 11409 7952
f 7946 11407 11408 7949
f 7943 11411 11407 7946
f 7913 11406 11411 7943
f 7913 7910 11415 11406
f 11180 11406 11415 11176
f 11149 11148 11428 11420
f 11420 11428 11429 11421
f 11150 11149 11420 11422
f 11422 11420 11421 11423
f 11151 11150 11422 11426
f 11426 11422 11423 11427
f 11148 11147 11424 11428
f 11428 11424 11425 11429
f 11152 11151 11426 11430
f 11430 11426 11427 11431
f 11147 11119 11434 11424
f 11424 11434 11435 11425
f 11153 11169 11436 11432
f 11432 11436 11437 11433
f 11446 11437 11431 11445
f 11431 11437 11436 11430
f 11395 11396 11441 11439
f 11439 11441 11440 11438
f 11120 11440 11434 11119
f 11361 11228 11097 11438
f 11224 11439 11438 11097
f 11389 11395 11439 11224
f 11386 11435 11441 11396
f 11435 11434 11440 11441
f 7948 11444 11443 7945
f 7915 11442 11160 7912
f 7954 11446 11445 7951
f 7957 11447 11446 7954
f 7912 11160 11385 7903
f 11429 11160 11442 11421
f 11075 11477 11523 11076
f 11477 11476 11524 11523
f 11476 11475 11525 11524
f 11475 11474 11526 11525
f 11474 11473 11527 11526
f 11076 11523 11518 11072
f 11523 11524 11519 11518
f 11524 11525 11520 11519
f 11525 11526 11521 11520
f 11526 11527 11522 11521
f 11072 11518 11513 11069
f 11518 11519 11514 11513
f 11519 11520 11515 11514
f 11520 11521 11516 11515
f 11521 11522 11517 11516
f 11070 11069 11513 11508
f 11508 11513 11514 11509
f 11509 11514 11515 11510
f 11510 11515 11516 11511
f 11511 11516 11517 11512
f 11070 11508 11453 11071
f 11508 11509 11454 11453
f 11509 11510 11455 11454
f 11510 11511 11456 11455
f 11511 11512 11457 11456
f 11078 11079 11503 11482
f 11482 11503 11504 11481
f 11481 11504 11505 11480
f 11480 11505 11506 11479
f 11479 11506 11507 11478
f 11079 11067 11498 11503
f 11503 11498 11499 11504
f 11504 11499 11500 11505
f 11505 11500 11501 11506
f 11506 11501 11502 11507
f 11066 11493 11498 11067
f 11493 11494 11499 11498
f 11494 11495 11500 11499
f 11495 11496 11501 11500
f 11496 11497 11502 11501
f 11066 11068 11488 11493
f 11493 11488 11489 11494
f 11494 11489 11490 11495
f 11495 11490 11491 11496
f 11496 11491 11492 11497
f 11068 11064 11483 11488
f 11488 11483 11484 11489
f 11489 11484 11485 11490
f 11490 11485 11486 11491
f 11491 11486 11487 11492
f 11065 11448 11483 11064
f 11448 11449 11484 11483
f 11449 11450 11485 11484
f 11450 11451 11486 11485
f 11451 11452 11487 11486
f 7931 11507 11502 11190
f 11478 11468 11469 11479
f 11479 11469 11470 11480
f 11480 11470 11471 11481
f 11481 11471 11472 11482
f 11473 11463 8012 11752
f 11463 11473 11474 11464
f 11464 11474 11475 11465
f 11465 11475 11476 11466
f 11466 11476 11477 11467
f 8006 7932 11458 11468
f 11468 11458 11459 11469
f 11469 11459 11460 11470
f 11470 11460 11461 11471
f 11471 11461 11462 11472
f 7932 8012 11463 11458
f 11458 11463 11464 11459
f 11459 11464 11465 11460
f 11460 11465 11466 11461
f 11461 11466 11467 11462
f 11671 11071 11453 11715
f 11715 11453 11454 11717
f 11717 11454 11455 11719
f 11719 11455 11456 11721
f 11721 11456 11457 11723
f 11172 11541 11546 11316
f 11170 11736 11552 11528
f 11357 11547 11543 11248
f 11447 11551 11550 11433
f 11742 11743 11535 11154
f 11432 11549 11534 11153
f 11316 11546 11544 11257
f 8017 11533 11531 7957
f 11156 11537 11539 11158
f 11433 11550 11549 11432
f 11257 11544 11545 11258
f 11155 11536 11542 11247
f 11159 11540 11538 11157
f 11248 11543 11541 11172
f 7956 11530 11533 8017
f 7955 11529 11532 7995
f 11157 11538 11536 11155
f 11247 11542 11547 11357
f 11158 11539 11540 11159
f 7957 11531 11551 11447
f 11410 11548 11529 7955
f 7995 11532 11530 7956
f 11154 11535 11537 11156
f 11258 11545 11548 11410
f 11540 11564 11562 11538
f 11550 11574 11573 11549
f 11538 11562 11560 11536
f 11539 11563 11564 11540
f 11531 11555 11575 11551
f 11530 11554 11557 11533
f 11535 11559 11561 11537
f 11536 11560 11566 11542
f 11736 11737 11576 11552
f 11532 11556 11554 11530
f 11547 11571 11567 11543
f 11543 11567 11565 11541
f 11529 11553 11556 11532
f 11551 11575 11574 11550
f 11542 11566 11571 11547
f 11533 11557 11555 11531
f 11545 11569 11572 11548
f 11544 11568 11569 11545
f 11743 11744 11559 11535
f 11548 11572 11553 11529
f 11546 11570 11568 11544
f 11537 11561 11563 11539
f 11549 11573 11558 11534
f 11541 11565 11570 11546
f 11566 11590 11595 11571
f 11557 11581 11579 11555
f 11569 11593 11596 11572
f 11568 11592 11593 11569
f 11744 11745 11583 11559
f 11572 11596 11577 11553
f 11570 11594 11592 11568
f 11561 11585 11587 11563
f 11573 11597 11582 11558
f 11565 11589 11594 11570
f 11564 11588 11586 11562
f 11574 11598 11597 11573
f 11562 11586 11584 11560
f 11563 11587 11588 11564
f 11555 11579 11599 11575
f 11554 11578 11581 11557
f 11559 11583 11585 11561
f 11560 11584 11590 11566
f 11737 11738 11600 11576
f 11556 11580 11578 11554
f 11571 11595 11591 11567
f 11567 11591 11589 11565
f 11553 11577 11580 11556
f 11575 11599 11598 11574
f 11598 11622 11621 11597
f 11586 11610 11608 11584
f 11587 11611 11612 11588
f 11579 11603 11623 11599
f 11578 11602 11605 11581
f 11583 11607 11609 11585
f 11584 11608 11614 11590
f 11738 11739 11624 11600
f 11580 11604 11602 11578
f 11595 11619 11615 11591
f 11591 11615 11613 11589
f 11577 11601 11604 11580
f 11599 11623 11622 11598
f 11590 11614 11619 11595
f 11581 11605 11603 11579
f 11593 11617 11620 11596
f 11592 11616 11617 11593
f 11745 11746 11607 11583
f 11596 11620 11601 11577
f 11594 11618 11616 11592
f 11585 11609 11611 11587
f 11597 11621 11606 11582
f 11589 11613 11618 11594
f 11588 11612 11610 11586
f 11614 11638 11643 11619
f 11605 11629 11627 11603
f 11617 11641 11644 11620
f 11616 11640 11641 11617
f 11746 11747 11631 11607
f 11620 11644 11625 11601
f 11618 11642 11640 11616
f 11609 11633 11635 11611
f 11621 12006 12005 11606
f 11613 11637 11642 11618
f 11612 11636 11634 11610
f 11622 12003 12006 11621
f 11610 11634 11632 11608
f 11611 11635 11636 11612
f 11603 11627 12004 11623
f 11602 11626 11629 11605
f 11607 11631 11633 11609
f 11608 11632 11638 11614
f 11739 12007 11646 11624
f 11604 11628 11626 11602
f 11619 11643 11639 11615
f 11615 11639 11637 11613
f 11601 11625 11628 11604
f 11623 12004 12003 11622
f 12110 12111 11649 11756
f 11626 11648 11651 11629
f 11632 11653 11655 11638
f 11636 11815 11814 11634
f 11628 11650 11648 11626
f 11643 11660 11656 11639
f 11639 11656 11654 11637
f 11625 11647 11650 11628
f 11638 11655 11660 11643
f 11629 11651 11649 11627
f 11641 11658 11661 11644
f 11640 11657 11658 11641
f 11644 11661 11647 11625
f 11642 11659 11657 11640
f 11646 12007 12008 11811
f 11637 11654 11659 11642
f 12009 12018 12017 12010
f 11451 11720 11722 11452
f 11720 11721 11723 11722
f 11450 11718 11720 11451
f 11718 11719 11721 11720
f 11449 11716 11718 11450
f 11716 11717 11719 11718
f 11448 11714 11716 11449
f 11714 11715 11717 11716
f 11065 11670 11714 11448
f 11670 11671 11715 11714
f 11452 11722 11713 11376
f 11722 11723 11712 11713
f 11371 11376 11713 11711
f 11711 11713 11712 11710
f 11302 11371 11711 11707
f 11707 11711 11710 11706
f 11274 11276 11699 11697
f 11697 11699 11698 11696
f 11276 11359 11709 11699
f 11699 11709 11708 11698
f 11297 11302 11707 11705
f 11705 11707 11706 11704
f 11280 11297 11705 11703
f 11703 11705 11704 11702
f 11359 11280 11703 11709
f 11709 11703 11702 11708
f 11162 11278 11701 11675
f 11675 11701 11700 11674
f 11266 11689 11692 11269
f 11689 11688 11693 11692
f 11260 11683 11701 11278
f 11683 11682 11700 11701
f 11262 11685 11683 11260
f 11685 11684 11682 11683
f 11268 11264 11687 11691
f 11691 11687 11686 11690
f 11262 11268 11691 11685
f 11685 11691 11690 11684
f 11263 11686 11689 11266
f 11686 11687 11688 11689
f 11270 11272 11695 11693
f 11693 11695 11694 11692
f 11272 11274 11697 11695
f 11695 11697 11696 11694
f 11091 11676 11680 11090
f 11676 11677 11681 11680
f 11111 11677 11679 11110
f 11677 11676 11678 11679
f 11090 11680 11674 11163
f 11680 11681 11675 11674
f 11039 11665 11673 10987
f 11665 11664 11672 11673
f 11039 11055 11669 11665
f 11665 11669 11668 11664
f 10939 10932 11667 11672
f 11672 11667 11666 11673
f 11055 11071 11671 11669
f 11669 11671 11670 11668
f 11137 11110 11679 11146
f 11146 11679 11678 11141
f 11109 11130 11141 11678
f 10976 10978 10983 11666
f 10979 10976 11666 11667
f 10932 10925 10979 11667
f 11082 11724 11725 11015
f 11726 11083 11724 11082
f 11015 11725 11727 11018
f 11043 11729 11728 11044
f 11018 11727 11729 11043
f 11044 11728 11083 11726
f 11028 11730 11731 11027
f 11081 11733 11732 11080
f 11027 11731 11733 11081
f 11047 11735 11734 11046
f 11080 11732 11735 11047
f 11046 11734 11730 11028
f 11153 11534 11736 11170
f 11624 11646 11747 11746
f 11600 11624 11746 11745
f 11576 11600 11745 11744
f 11552 11576 11744 11743
f 11528 11552 11743 11742
f 11749 11748 11107 11331
f 11749 11750 11170 11528
f 11107 11748 11108 11106
f 11748 11742 11154 11108
f 11331 11335 11750 11749
f 11528 11742 11748 11749
f 11750 11169 11153 11170
f 11335 11152 11169 11750
f 8006 7930 11751 8005
f 11478 7930 8006 11468
f 11657 11761 11762 11658
f 11658 11762 11765 11661
f 11650 11757 11755 11648
f 12102 11627 11649 12111
f 11659 11763 11761 11657
f 11661 11765 11754 11647
f 11647 11754 11757 11650
f 11656 11760 11759 11654
f 11660 11764 11760 11656
f 11654 11759 11763 11659
f 11651 11758 11756 11649
f 11648 11755 11758 11651
f 11754 11767 11770 11757
f 11762 11775 11778 11765
f 11763 11776 11774 11761
f 11758 11771 11769 11756
f 11765 11778 11767 11754
f 11755 11768 11771 11758
f 11759 11772 11776 11763
f 11760 11773 11772 11759
f 12110 12112 11779 11766
f 11757 11770 11768 11755
f 11764 11777 11773 11760
f 11772 11780 11783 11776
f 11795 11781 11785 11784
f 12076 11821 11842 12078
f 11785 11798 11783 11784
f 11882 11881 11791 11793
f 11775 11774 11798 11888
f 11807 12113 12114 11835
f 11788 11784 11783 11780
f 12095 11789 11823 12097
f 12096 11807 11789 12095
f 11761 11774 11775 11762
f 11655 11799 11764 11660
f 11764 11799 11782 11777
f 11653 11800 11799 11655
f 11635 11813 11815 11636
f 11784 11788 11753 11795
f 11767 11778 11889 11890
f 11782 11788 11780 11777
f 11888 11798 11785 11887
f 11945 11941 11840 11836
f 11833 11786 11796 11832
f 11772 11773 11777 11780
f 11786 11808 11824 11796
f 11837 11793 11791 11838
f 12056 11809 11810 12057
f 11940 11833 11832 11944
f 11838 11791 11790 11839
f 12057 11810 11804 12058
f 11631 11811 11812 11633
f 11633 11812 11813 11635
f 11747 11646 11811 11631
f 11634 11814 11653 11632
f 11815 11817 11816 11814
f 11813 11663 11817 11815
f 11800 11653 11814 11816
f 11800 11788 11782 11799
f 11753 11818 11819 11795
f 11753 11788 11800 11816
f 11795 11819 11787 11781
f 12075 11843 11821 12076
f 11947 11837 11838 11943
f 11943 11838 11839 11946
f 11807 11835 11794 11789
f 11941 11946 11839 11840
f 11949 11945 11836 11906
f 12082 12079 11841 11905
f 11819 11828 11827 11787
f 11816 11817 11818 11753
f 12040 12036 11830 8929
f 11830 8927 11831 8929
f 12114 11806 11779 12112
f 11787 11827 11907 11902
f 11792 11840 11839 11790
f 11903 11906 11836 11802
f 11802 11836 11840 11792
f 12074 12078 11842 11825
f 11947 11939 11823 11837
f 11797 11793 11837 11794
f 12113 11834 11806 12114
f 11789 11794 11837 11823
f 12107 12106 11820 11944
f 12079 12074 11825 11841
f 8882 8888 8512 8907
f 11855 8450 9091 9090
f 8384 8429 8450 11855
f 9145 11865 9144 11856
f 8385 11862 11865 9090
f 8383 8432 11861 8359
f 8993 11864 11859 8992
f 9045 11863 11857 9036
f 8359 11861 11860 8994
f 9036 11857 8432 8383
f 8451 11858 11862 8385
f 8992 11859 11858 8451
f 11866 8384 11855 9145
f 8384 11866 9121 8390
f 11867 11866 9145 11856
f 9148 9121 11866 11867
f 8446 11868 9147 9146
f 11870 8426 9147 11868
f 9148 11869 11868 8446
f 11871 11870 11868 11869
f 9127 11875 8425 8352
f 9124 9147 8426 11875
f 8426 11874 8425 11875
f 8425 11874 9045 9044
f 9036 9126 9044 9045
f 11797 11893 11882 11793
f 11893 11892 11883 11882
f 11892 11891 11884 11883
f 11891 11890 11885 11884
f 11890 11889 11886 11885
f 11889 11888 11887 11886
f 11771 11768 11892 11893
f 11768 11770 11891 11892
f 11770 11767 11890 11891
f 11785 11781 11876 11887
f 11887 11876 11877 11886
f 11886 11877 11878 11885
f 11885 11878 11879 11884
f 11884 11879 11880 11883
f 11883 11880 11881 11882
f 11776 11783 11798 11774
f 11778 11775 11888 11889
f 11769 11797 11794 11835
f 11769 11771 11893 11797
f 9134 9057 9235 9230
f 9141 9134 9230 9225
f 9140 9141 9225 9220
f 9135 9140 9220 9215
f 8427 9135 9215 9210
f 9130 8427 9210 9201
f 9130 9201 9176 9144
f 11856 9144 9176 9186
f 9195 11867 11856 9186
f 9195 11854 9148 11867
f 9185 11869 9148 11854
f 9185 8943 11871 11869
f 11872 11871 8943 9200
f 9200 9245 9143 11872
f 9142 9143 9245 9240
f 9057 9142 9240 9235
f 8941 11895 11894 8740
f 8740 11894 11896 8951
f 8629 8631 11896 11894
f 8630 8629 11894 11895
f 8631 8642 8664 11896
f 8664 8666 8951 11896
f 8630 11895 8955 8663
f 8941 8956 8955 11895
f 8663 8953 8764 8662
f 11897 8957 8958 11898
f 11791 11881 11880 11790
f 11790 11880 11879 11792
f 11792 11879 11878 11802
f 11902 11907 11906 11903
f 12077 12081 11904 11822
f 12081 12082 11905 11904
f 11948 11949 11906 11907
f 11802 11878 11877 11903
f 11877 11876 11902 11903
f 11787 11902 11876 11781
f 12061 12058 11804 11803
f 12062 12061 11803 11801
f 12062 11801 11901 12063
f 12063 11901 11900 12064
f 12064 11900 11805 12065
f 11942 11948 11907 11827
f 12012 12011 11741 11740
f 11951 12016 12008 11741
f 11645 12015 12010 12017
f 11740 11630 12013 12012
f 12045 11927 11929 12046
f 11927 11928 11930 11929
f 12044 11925 11927 12045
f 11925 11926 11928 11927
f 12043 11923 11925 12044
f 11923 11924 11926 11925
f 12043 12042 11921 11923
f 11923 11921 11922 11924
f 12042 12039 11915 11921
f 11921 11915 11916 11922
f 12040 12041 11919 11917
f 11917 11919 11920 11918
f 12059 12055 11910 11918
f 11918 11910 11909 11917
f 12038 11913 11915 12039
f 11913 11914 11916 11915
f 12037 12036 11909 11911
f 11911 11909 11910 11912
f 12037 11911 11913 12038
f 11911 11912 11914 11913
f 11900 11901 11938 11937
f 11805 11900 11937 11934
f 11801 11803 11931 11936
f 11803 11804 11935 11931
f 11901 11801 11936 11938
f 11809 11932 11933 11810
f 12075 11932 11826 11843
f 11810 11933 11935 11804
f 11904 11905 11949 11948
f 11822 11904 11948 11942
f 12103 12107 11944 11832
f 11843 11826 11939 11947
f 11905 11841 11945 11949
f 11825 11842 11946 11941
f 11821 11943 11946 11842
f 11843 11947 11943 11821
f 11829 11940 11944 11820
f 11841 11825 11941 11945
f 11828 11908 11942 11827
f 12067 11955 12025 12066
f 12084 11957 12027 12083
f 11957 11959 11958 12027
f 11959 11961 11960 11958
f 12014 11951 11741 12011
f 11965 11975 11663 11652
f 11977 11976 11961 11959
f 11978 11977 11959 11957
f 11955 11963 12026 12025
f 11979 11980 11963 11955
f 12086 11978 11957 12084
f 11954 11964 12024 12022
f 12069 11979 11955 12067
f 11982 11981 11964 11954
f 8914 8911 12019 12021
f 12109 8912 11983 11953
f 11929 11930 11971 11972
f 12065 11805 11969 12068
f 12077 11822 11968 12085
f 11805 11934 11970 11969
f 11822 11942 11967 11968
f 11942 11908 11966 11967
f 11973 11966 11908 11965
f 12049 11982 11954 12048
f 12068 11969 11979 12069
f 12085 11968 11978 12086
f 11969 11970 11980 11979
f 11968 11967 11977 11978
f 11967 11966 11976 11977
f 11975 11818 11817 11663
f 11818 11975 11828 11819
f 11652 11974 11973 11965
f 8911 8912 12109 12019
f 12029 11997 12031 11999
f 12071 11992 11986 12070
f 11993 11998 12033 11962
f 12031 12072 12073 11999
f 12116 12000 12001 11995
f 11995 12001 12002 11996
f 11984 11991 12030 11985
f 12071 12073 11993 11992
f 11986 11992 12032 11987
f 11992 11993 11962 12032
f 11988 12116 11995 11989
f 11989 11995 11996 11990
f 11958 12001 12000 12027
f 11991 12029 11999 12030
f 12026 12033 11998 12025
f 12030 12071 12070 11985
f 11960 12002 12001 11958
f 12024 12031 11997 12022
f 8513 8847 13661 8514
f 8512 8513 8909 8907
f 8913 8918 11983 8912
f 12050 12049 11983 8918
f 12046 11929 11972 12050
f 12017 12003 12004 11645
f 11630 12005 12006 12018
f 12018 12006 12003 12017
f 11741 12008 12007 11740
f 11740 12007 12005 11630
f 11974 11652 12008 12016
f 12014 11950 12016 11951
f 12009 12013 11630 12018
f 12009 7800 7441 12013
f 11952 8916 12019 12109
f 8917 12021 12019 8916
f 12023 8919 12021 8917
f 12088 12087 11956 12035
f 12047 12022 11997 12051
f 12072 12066 12025 11998
f 12035 12000 12116 12118
f 12073 12071 12030 11999
f 12083 12087 12033 12026
f 12034 11994 12120 12121
f 11956 12027 12000 12035
f 12072 11998 11993 12073
f 12088 12089 12032 11962
f 12089 12118 12028 12090
f 12051 12052 8916 11952
f 12052 12053 8917 8916
f 12053 12054 12023 8917
f 11991 11984 12054 12053
f 12029 11991 12053 12052
f 11997 12029 12052 12051
f 12020 12047 12051 11952
f 8922 12046 12050 8918
f 11972 11982 12049 12050
f 11983 12049 12048 11953
f 8926 12037 12038 8928
f 8926 11830 12036 12037
f 8928 12038 12039 8920
f 8929 11831 12041 12040
f 8921 8920 12039 12042
f 8924 8921 12042 12043
f 8924 12043 12044 8925
f 8925 12044 12045 8923
f 8923 12045 12046 8922
f 11917 11909 12036 12040
f 11953 12048 12047 12020
f 11971 12068 12069 11981
f 11930 12065 12068 11971
f 11981 12069 12067 11964
f 11964 12067 12066 12024
f 11928 12064 12065 11930
f 11926 12063 12064 11928
f 11924 12062 12063 11926
f 11924 11922 12061 12062
f 11922 11916 12058 12061
f 11918 11920 12060 12059
f 11914 12057 12058 11916
f 11912 11910 12055 12056
f 11912 12056 12057 11914
f 12032 12089 12090 11987
f 12035 12118 12089 12088
f 12027 11956 12087 12083
f 11962 12033 12087 12088
f 11970 12085 12086 11980
f 11934 12077 12085 11970
f 11980 12086 12084 11963
f 11963 12084 12083 12026
f 11937 11938 12082 12081
f 11934 11937 12081 12077
f 11936 11931 12074 12079
f 11931 11935 12078 12074
f 11938 11936 12079 12082
f 11932 12075 12076 11933
f 11933 12076 12078 11935
f 11828 11975 11965 11908
f 12008 11652 11812 11811
f 11974 12093 12092 11973
f 11950 12091 12094 12016
f 12016 12094 12093 11974
f 11973 12092 11976 11966
f 12101 12100 12059 12060
f 11823 11939 12099 12097
f 11939 11826 12098 12099
f 12105 12096 12095 12104
f 12104 12095 12097 12103
f 12113 11807 12096 12115
f 11826 11932 11809 12098
f 11829 11820 12100 12101
f 12106 12098 11809 12108
f 11820 12106 12108 12100
f 11796 12104 12103 11832
f 11824 12105 12104 11796
f 12097 12099 12107 12103
f 12099 12098 12106 12107
f 11834 12113 12115 12080
f 12059 12100 12108 12055
f 11809 12056 12055 12108
f 11996 12094 12091 11990
f 12002 12093 12094 11996
f 11960 12092 12093 12002
f 11960 11961 11976 12092
f 12109 11953 12020 11952
f 12009 12010 7799 7800
f 11835 12114 12112 11769
f 11756 11769 12112 12110
f 11899 12102 12111 11662
f 11766 11662 12111 12110
f 12105 11824 12115 12096
f 11824 11808 12080 12115
f 11627 12102 11645 12004
f 11899 12015 11645 12102
f 12122 12116 11988 12117
f 12119 12028 12118 12123
f 12123 12118 12116 12122
f 11994 12122 12117 12120
f 12121 12119 12123 12034
f 12034 12123 12122 11994
f 3571 3243 3268 3569
f 3629 3630 3392 3393
f 3218 4317 12127 3220
f 8566 4315 8476 12128
f 12128 8476 12129 12132
f 8476 12126 12130 12129
f 3220 12127 12131 12157
f 12129 12130 12134 12133
f 12132 12129 12133 12136
f 12157 12131 12135 12158
f 12133 12134 12138 12137
f 12136 12133 12137 12140
f 12158 12135 12139 12159
f 12137 12138 12142 12141
f 12140 12137 12141 12144
f 12159 12139 12143 12160
f 3357 12143 12139 3821
f 3484 12146 12145 3501
f 4317 4318 3676 12127
f 3823 12131 12127 3676
f 3822 12135 12131 3823
f 3821 12139 12135 3822
f 12147 3557 3556 12149
f 12234 12213 12725 12730
f 12145 12146 12147 12148
f 3527 12148 12150 3301
f 12148 12147 12149 12150
f 3558 3557 12147 12146
f 12265 12291 12468 12469
f 12124 12150 12149 3836
f 3301 12150 12124 3818
f 12144 12141 3551 8496
f 12160 12143 3553 3554
f 3516 3517 12151 12152
f 12153 8492 3516 12152
f 3501 12145 3514 3502
f 12124 3813 3810 3818
f 3836 3837 3813 12124
f 3554 12161 3517 3552
f 3555 3519 12161 3518
f 4304 12155 12163 12162
f 12162 12163 12165 12164
f 3223 12165 12163 3666
f 3666 12163 12155 4303
f 3495 3496 12152 12151
f 12473 12166 12167 12472
f 12613 12716 12720 12366
f 12482 12472 12167 12192
f 12193 12482 12483 12195
f 12484 12197 12195 12483
f 12483 12482 12192 12194
f 12486 12485 12198 12200
f 12211 12169 12193 12214
f 12634 12715 12209 12181
f 12220 12223 12222 12219
f 12219 12216 12217 12220
f 12245 12741 12746 12603
f 12203 12185 12183 12202
f 12578 12859 12860 12541
f 12175 12173 12213 12207
f 12212 12171 12168 12210
f 12206 12190 12188 12205
f 12217 12199 12201 12218
f 12210 12168 12169 12211
f 12725 12213 12173 12723
f 12207 12245 12603 12175
f 12455 12435 12434 12454
f 12195 12197 12216 12215
f 12494 12500 12206 12205
f 12434 12433 12453 12454
f 12204 12493 12494 12205
f 12500 12501 12499 12206
f 12484 12483 12194 12196
f 12193 12195 12215 12214
f 12231 12210 12211 12232
f 12773 12759 12775 12774
f 12234 12237 12207 12213
f 12715 12772 12239 12240
f 12233 12212 12210 12231
f 12748 12741 12742 12780
f 12238 12493 12204 12203
f 12499 12501 12221 12218
f 12220 12217 12218 12221
f 12223 12220 12221 12224
f 12697 13430 13299 13300
f 12209 12241 12351 12202
f 12232 12211 12214 12235
f 13638 13639 12241 12240
f 12242 13651 13649 12235
f 12235 13649 13654 12232
f 12523 12520 12515 12508
f 12549 12536 12789 12792
f 12533 12528 12545 12543
f 12241 12209 12715 12240
f 12713 12656 12639 12178
f 13578 13613 13611 13577
f 12624 12344 12823 12826
f 12528 12532 12546 12545
f 12626 12831 12833 12623
f 12348 12382 12381 12347
f 12492 12488 12247 12248
f 8486 8488 12807 12806
f 12277 12589 12593 12295
f 12804 12247 12350 12250
f 12807 12808 12250 12350
f 13612 13613 13578 13572
f 12544 12529 12728 12729
f 3780 3778 3210 3211
f 12673 12331 12309 12707
f 13574 13576 13607 13609
f 12745 12782 12513 12511
f 12838 12292 12309 12388
f 13650 12785 12527 13640
f 13655 12330 12352 13642
f 12268 12279 12294 12290
f 13651 12244 12243 13649
f 12537 12550 13416 13412
f 12291 12265 12458 12459
f 12535 12548 12550 12537
f 12465 12466 12269 12306
f 12271 12283 12297 12293
f 12297 12283 12286 12298
f 13657 13658 12506 12777
f 12290 12266 12469 12468
f 12313 12308 12273 12303
f 3467 3787 3782 3465
f 12279 12594 12593 12294
f 12595 12587 12264 12590
f 12459 12458 12271 12293
f 12593 12589 12274 12294
f 12296 12295 12280 12281
f 12590 12264 12274 12589
f 12251 12595 12590 12275
f 12277 12278 12276 12275
f 12370 12364 12743 12786
f 12267 12291 12459 12460
f 13199 12512 13422 13198
f 12284 12286 12283 12262
f 12288 12285 12298 12299
f 12297 12282 12272 12293
f 12284 12287 12289 12286
f 12289 12299 12298 12286
f 12285 12302 12303 12282
f 12302 12285 12288 12301
f 12295 12593 12594 12280
f 12302 12312 12313 12303
f 13401 13404 13426 13425
f 12280 12305 12304 12281
f 12269 12466 12467 12267
f 13198 13422 12800 13197
f 12312 12322 12323 12313
f 12305 12315 12314 12304
f 12312 12302 12301 12311
f 12804 12250 12496 12556
f 13195 12538 12784 13200
f 3714 13591 13590 3776
f 12556 12496 12221 12501
f 12315 12325 12324 12314
f 12322 12312 12311 12321
f 12592 12591 12315 12305
f 13612 13608 12778 12737
f 8458 12244 13651 13624
f 13196 12516 12538 13195
f 12791 12792 12789 12788
f 12529 12544 12547 12534
f 13574 12583 12255 13576
f 12271 12260 12262 12283
f 12267 12467 12468 12291
f 12260 12257 12255 12262
f 12636 12624 12826 12828
f 12380 12334 12598 12413
f 12651 12433 12434 12647
f 12378 12596 12333 12379
f 12704 12246 12335 12376
f 12379 12333 12334 12380
f 12376 12335 12336 12377
f 12385 12386 12387 12391
f 12353 12359 12360 12354
f 12332 12548 12549 12627
f 12346 12384 12382 12348
f 12732 12735 12384 12346
f 12722 12361 12355 12724
f 12717 12733 12596 12378
f 12373 12604 12601 12374
f 12413 12598 12597 12400
f 12630 12357 12409 12629
f 12722 12720 12367 12361
f 12359 12365 12366 12360
f 12362 12368 12369 12363
f 12236 12230 12365 12359
f 12361 12367 12368 12362
f 12617 12208 12371 12609
f 12612 12373 12374 12611
f 12716 12721 12373 12612
f 12609 12371 12372 12613
f 12611 12374 12375 12614
f 12601 12379 12380 12600
f 12610 12704 12376 12602
f 12604 12378 12379 12601
f 12719 12717 12378 12604
f 12602 12376 12377 12605
f 13377 13373 12381 12382
f 12608 12343 12818 12820
f 12415 12414 12347 12381
f 12361 12362 12356 12355
f 12362 12363 12357 12356
f 12629 12409 12406 12628
f 12357 12363 12412 12409
f 13378 13376 12385 12391
f 13379 13375 12384 12735
f 12520 12523 12581 12580
f 12846 12852 12676 12699
f 12534 12370 12352 12330
f 12736 12718 12394 12390
f 12389 12392 12396 12395
f 12390 12394 12397 12383
f 12408 12349 12398 12416
f 12409 12412 12405 12406
f 12349 12383 12397 12398
f 12412 12411 12404 12405
f 13375 13377 12382 12384
f 12607 12413 12400 12606
f 12616 12410 12401 12615
f 12619 12812 12813 12341
f 12208 12610 12602 12371
f 12634 12181 12476 12504
f 13372 12835 12402 12415
f 12402 12403 12414 12415
f 12363 12369 12411 12412
f 12600 12380 12413 12607
f 12614 12375 12410 12616
f 13373 13372 12415 12381
f 12811 12796 12622 12797
f 12407 12408 12416 12399
f 12638 12417 12418 12637
f 12640 12176 12178 12639
f 12641 12174 12176 12640
f 12642 12172 12174 12641
f 12643 12170 12172 12642
f 12644 12192 12167 12637
f 12646 12200 12198 12645
f 12647 12434 12435 12645
f 12651 12644 12432 12433
f 12650 12189 12191 12649
f 8456 12229 12222 8453
f 12652 12187 12189 12650
f 12222 12223 8454 8453
f 12654 12182 12184 12653
f 12655 12179 12180 12648
f 12638 12166 12170 12643
f 12449 12429 12430 12450
f 12447 12427 12428 12448
f 12443 12423 12424 12444
f 12437 12417 12419 12439
f 12228 12215 12216 12219
f 12450 12430 12431 12451
f 12444 12424 12425 12445
f 12439 12419 12420 12440
f 12216 12197 12199 12217
f 12499 12218 12201 12498
f 12440 12420 12421 12441
f 12432 12452 12453 12433
f 12445 12425 12426 12446
f 12441 12421 12422 12442
f 12452 12432 12418 12438
f 12442 12422 12423 12443
f 12417 12437 12438 12418
f 12456 12436 12435 12455
f 13652 13655 12237 12234
f 12654 12427 12426 12648
f 12427 12447 12446 12426
f 13610 12776 8519 13598
f 12458 12457 12260 12271
f 12278 12277 12295 12296
f 12461 12460 12272 12273
f 12462 12461 12273 12308
f 12462 12463 12316 12306
f 12465 12464 12317 12307
f 12467 12466 12270 12268
f 12839 12292 12860 12836
f 12293 12272 12460 12459
f 13404 13407 13427 13426
f 12490 12488 12805 12810
f 12508 12515 12737 12778
f 12350 12490 12806 12807
f 13575 13574 13609 13610
f 12265 12259 12457 12458
f 12282 12297 12298 12285
f 12269 12267 12460 12461
f 12306 12269 12461 12462
f 12308 12318 12463 12462
f 12307 12270 12466 12465
f 12468 12467 12268 12290
f 12266 12263 12470 12469
f 13571 13606 13608 13579
f 13611 13607 13576 13577
f 12391 12387 12703 12225
f 13387 13389 12227 12392
f 12266 12274 12264 12263
f 12329 13652 13637 12731
f 12170 12166 12473 12474
f 12172 12170 12474 12475
f 12739 12176 12174 12740
f 12184 12182 12477 12478
f 12189 12187 12479 12480
f 12191 12189 12480 12481
f 12497 12191 12481 12505
f 12180 12476 12477 12182
f 12555 12556 12501 12500
f 12502 12657 12646 12436
f 8457 13624 13651 12242
f 12520 12580 12579 12521
f 12802 12803 12554 12553
f 13649 12243 12326 13654
f 12499 12498 12190 12206
f 12785 13650 13647 12783
f 12649 12191 12497 12657
f 12451 12431 12502 12503
f 12270 12307 12310 12300
f 12180 12179 12504 12476
f 12498 12201 12486 12505
f 12860 12292 12838 13397
f 12489 13659 13580 13588
f 13579 13608 13612 13572
f 12507 13641 13643 12524
f 12320 12310 12307 12317
f 12328 12731 13637 13653
f 13640 12527 12526 13638
f 12514 12515 12520 12521
f 12496 12495 12224 12221
f 12511 12517 12518 12510
f 12232 13654 13648 12231
f 12513 12522 12517 12511
f 12692 13299 13423 13424
f 12514 12521 12522 12513
f 12510 12518 12519 12509
f 13420 12518 12517 12542
f 12542 13429 12540 13420
f 12552 12531 12530 12551
f 12489 13588 12798 12491
f 13311 13398 12258 12256
f 12339 12319 12784 13206
f 12231 13648 13653 12233
f 12464 12465 12306 12316
f 12331 12319 12339 12340
f 13312 12692 13424 12256
f 12429 12449 12448 12428
f 12777 12506 12508 12778
f 12582 12573 13646 13656
f 12808 8459 8487 12495
f 8459 3785 3472 8487
f 12323 12318 12308 12313
f 12801 12804 12556 12555
f 12801 12555 12554 12803
f 12779 12745 12511 12510
f 12569 12560 12559 12570
f 12631 12630 12560 12561
f 12632 12631 12561 12562
f 12734 12632 12562 12727
f 12635 12633 12563 12564
f 12557 12635 12564 12471
f 12340 12675 12708 12388
f 12561 12560 12569 12568
f 12564 12563 12566 12572
f 12471 12564 12572 12487
f 12562 12561 12568 12567
f 12727 12562 12567 12726
f 12524 13643 13639 12525
f 12582 12581 12523 12573
f 12578 12522 12521 12579
f 12582 12507 13413 12581
f 12674 12393 13397 12838
f 12540 12575 12574 12539
f 12479 12187 12184 12478
f 12358 12742 12741 12245
f 12579 13418 12859 12578
f 12526 12535 12537 12525
f 12526 12527 12536 12535
f 12261 12687 12658 13395
f 12187 12652 12653 12184
f 12479 12478 12185 12186
f 12330 12329 12529 12534
f 12728 12529 12329 12731
f 12528 12533 12328 12327
f 12532 12528 12327 12326
f 12326 12243 12531 12532
f 12570 12559 12558 12571
f 12188 12186 12204 12205
f 12202 12183 12181 12209
f 12200 12646 12657 12497
f 12275 12276 12252 12251
f 12490 12350 12247 12488
f 12287 12284 12583 12584
f 12262 12255 12583 12284
f 12457 12585 12257 12260
f 12259 12253 12585 12457
f 12263 12254 12586 12470
f 13575 12584 12583 13574
f 12279 12300 12592 12594
f 12300 12310 12591 12592
f 12310 12320 12588 12591
f 12486 12200 12497 12505
f 12243 12244 12530 12531
f 12374 12601 12600 12375
f 12721 12719 12604 12373
f 12371 12602 12605 12372
f 12375 12600 12607 12410
f 12331 12340 12388 12309
f 12177 12236 12359 12353
f 12565 12396 12392 12227
f 12596 12733 12732 12346
f 13295 12681 12711 13293
f 12853 12677 12709 12849
f 12693 12673 12707 12712
f 12661 12706 12711 12681
f 13308 12679 12710 13306
f 12572 12693 12712 12487
f 12659 12706 12705 12660
f 12410 12607 12606 12401
f 12560 12630 12629 12559
f 12625 12830 12831 12626
f 12337 12814 12815 12342
f 13644 13645 12780 12742
f 12608 12820 12821 12345
f 12335 12246 12703 12387
f 12356 12357 12630 12631
f 12355 12356 12631 12632
f 12724 12355 12632 12734
f 12353 12354 12633 12635
f 12177 12353 12635 12557
f 12781 12783 13647 13645
f 12617 12609 12365 12230
f 12609 12613 12366 12365
f 12738 12178 12176 12739
f 12336 12335 12387 12386
f 12733 12336 12386 12732
f 12333 12596 12346 12348
f 12334 12333 12348 12347
f 12598 12334 12347 12414
f 12559 12629 12628 12558
f 12716 12612 12367 12720
f 12612 12611 12368 12367
f 12611 12614 12369 12368
f 12411 12369 12614 12616
f 12597 12598 12414 12403
f 12166 12638 12637 12167
f 12422 12640 12639 12423
f 12421 12641 12640 12422
f 12420 12642 12641 12421
f 12419 12643 12642 12420
f 12432 12644 12637 12418
f 12436 12646 12645 12435
f 12196 12647 12645 12198
f 12430 12650 12649 12431
f 12429 12652 12650 12430
f 12192 12644 12651 12194
f 12427 12654 12653 12428
f 12425 12655 12648 12426
f 12417 12638 12643 12419
f 12424 12656 12655 12425
f 12423 12639 12656 12424
f 12182 12654 12648 12180
f 12431 12649 12657 12502
f 12696 13432 13430 12697
f 12695 13433 13432 12696
f 12696 12659 12660 12695
f 12706 12661 12662 12705
f 12661 12663 12664 12662
f 12667 12665 12702 13185
f 12667 12669 12670 12668
f 12669 12671 12672 12670
f 3779 3780 3211 13414
f 12849 12709 12676 12852
f 13306 12710 12678 13307
f 13293 12711 12680 13294
f 12706 12659 12680 12711
f 12853 12856 12684 12677
f 13308 13309 12685 12679
f 12340 12339 12683 12675
f 13295 13296 12686 12681
f 12663 12661 12681 12686
f 12693 12694 12682 12673
f 12803 12802 13417 12249
f 12504 12618 12226 12634
f 8516 12688 13395 3233
f 12351 12238 12203 12202
f 12576 12577 13429 12541
f 13410 12575 12577 13428
f 13407 13410 13428 13427
f 13298 12689 12688 13297
f 8565 13297 12688 8516
f 12519 13421 12153 8490
f 13311 12691 12690 13310
f 12256 13424 12691 13311
f 12692 12698 13300 13299
f 12730 12725 12212 12233
f 12330 13655 13652 12329
f 12572 12566 12694 12693
f 13307 13313 12699 12676
f 13294 13300 12698 12678
f 12659 12696 12697 12680
f 13312 13313 12698 12692
f 13291 13363 13362 13290
f 12576 13397 12393 13411
f 12702 12701 13249 13185
f 12701 13251 13252 13249
f 12656 12713 12179 12655
f 12470 12586 12253 12259
f 13640 13638 12240 12239
f 12725 12723 12171 12212
f 12338 12550 12548 12332
f 12354 12724 12734 12633
f 12345 12821 12823 12344
f 12372 12605 12719 12721
f 12533 12728 12731 12328
f 12563 12727 12726 12566
f 12633 12734 12727 12563
f 12729 12728 12533 12543
f 12389 12395 12718 12736
f 13376 13379 12735 12385
f 12605 12377 12717 12719
f 12613 12372 12721 12716
f 12360 12366 12720 12722
f 12377 12336 12733 12717
f 12360 12722 12724 12354
f 12386 12385 12735 12732
f 12341 12813 12814 12337
f 12174 12172 12475 12740
f 12239 12772 12773 12774
f 12741 12748 12749 12746
f 12506 13658 13646 12573
f 12713 12178 12738 12747
f 13643 13641 12238 12351
f 12618 12713 12747 12750
f 12246 12751 12756 12703
f 12704 12757 12751 12246
f 12227 12752 12754 12565
f 12703 12756 12753 12225
f 13389 13391 12752 12227
f 12610 12755 12757 12704
f 12833 12841 12795 12623
f 12616 12615 12404 12411
f 12477 12476 12181 12183
f 12618 12504 12179 12713
f 12760 12761 12763 12762
f 12762 12763 12765 12764
f 12950 12949 12767 12766
f 12766 12767 12769 12768
f 12761 12760 12770 12771
f 12634 12226 12772 12715
f 12303 12273 12272 12282
f 12714 12773 12772 12226
f 12261 13433 12695 12687
f 12554 12555 12500 12494
f 12370 12534 12547 12364
f 12515 12514 12799 12737
f 12514 12513 12782 12799
f 12525 13639 13638 12526
f 13398 13401 13425 12258
f 13648 13654 12326 12327
f 13644 12744 12781 13645
f 12510 12509 12776 12779
f 13658 13657 13417 12802
f 13653 13648 12327 12328
f 12582 13656 13641 12507
f 12744 12786 12787 12781
f 12791 12788 12787 12790
f 12469 12470 12259 12265
f 12536 12527 12785 12789
f 12549 12548 12535 12536
f 12352 12370 12786 12744
f 12532 12531 12552 12546
f 12485 12484 12196 12198
f 12498 12505 12481 12190
f 12480 12479 12186 12188
f 12342 12815 12816 12599
f 12627 12549 12792 12793
f 12486 12201 12199 12485
f 12625 12636 12828 12830
f 12225 12753 13380 13374
f 12627 12794 12795 12332
f 12343 12599 12816 12818
f 12590 12589 12277 12275
f 12237 13655 13642 12358
f 13606 12777 12778 13608
f 13650 13640 12239 12774
f 13652 12234 12730 13637
f 13645 13647 12775 12780
f 12808 12495 12496 12250
f 12493 12238 13641 13656
f 12673 12682 12319 12331
f 13197 12800 12516 13196
f 12502 12436 12456 12503
f 3756 13594 13593 3753
f 12478 12477 12183 12185
f 12588 12325 12315 12591
f 12248 12801 12803 12249
f 12813 12812 12753 12756
f 12814 12813 12756 12751
f 12814 12751 12757 12815
f 12815 12757 12755 12816
f 12819 12617 12230 12822
f 12822 12230 12236 12824
f 12829 12471 12487 12832
f 12834 12832 12487 12712
f 12292 12839 12707 12309
f 12793 12837 12794 12627
f 13380 12753 12812 13382
f 12752 12811 12797 12754
f 12222 12229 12228 12219
f 12228 12235 12214 12215
f 12833 12831 12832 12834
f 12830 12829 12832 12831
f 12557 12471 12829 12827
f 12827 12829 12830 12828
f 12557 12827 12825 12177
f 12827 12828 12826 12825
f 12177 12825 12824 12236
f 12825 12826 12823 12824
f 12821 12822 12824 12823
f 12820 12819 12822 12821
f 12617 12819 12817 12208
f 12819 12820 12818 12817
f 12837 12840 12927 12925
f 12755 12817 12818 12816
f 12839 12834 12712 12707
f 12795 12841 12338 12332
f 12837 12793 12622 12840
f 12836 12833 12834 12839
f 12610 12208 12817 12755
f 12481 12480 12188 12190
f 12674 12838 12388 12708
f 12621 12842 12843 12796
f 12927 12840 12843 12929
f 12675 12683 12858 12855
f 12855 12858 12857 12854
f 12854 12857 12856 12853
f 12708 12847 12850 12674
f 12847 12848 12851 12850
f 12848 12849 12852 12851
f 12675 12855 12847 12708
f 12855 12854 12848 12847
f 12854 12853 12849 12848
f 12393 12674 12850 12844
f 12844 12850 12851 12845
f 12845 12851 12852 12846
f 12185 12203 12204 12186
f 12771 12770 12861 12862
f 12862 12861 12863 12864
f 12864 12863 12865 12866
f 12868 12870 12869 12867
f 12870 12872 12871 12869
f 12872 12874 12873 12871
f 12874 12876 12875 12873
f 12876 12878 12877 12875
f 12878 12880 12879 12877
f 12880 12882 12881 12879
f 12874 12883 12884 12876
f 12883 12885 12886 12884
f 12885 12887 12888 12886
f 12887 12889 12890 12888
f 12889 12891 12892 12890
f 12891 12893 12894 12892
f 12893 12895 12896 12894
f 12895 12897 12898 12896
f 12897 12899 12900 12898
f 12899 12901 12902 12900
f 12901 12903 12904 12902
f 12866 12865 12905 12906
f 12906 12905 12907 12908
f 12908 12907 12909 12910
f 12910 12909 12911 12912
f 12912 12911 12913 12914
f 12914 12913 12915 12916
f 12916 12915 12917 12918
f 12903 12919 12920 12904
f 12991 13013 12989 12975
f 12995 13014 12990 12974
f 13179 13181 12989 12924
f 13012 13010 12928 12926
f 13010 13011 12930 12928
f 13011 12996 12932 12930
f 12992 12933 12917 13007
f 12934 12933 12935 12936
f 12993 12935 12933 12992
f 12917 12933 12934 12918
f 12938 12937 12939 12940
f 12940 12939 12941 12942
f 13017 13025 12923 12925
f 12871 12877 12879 12869
f 12877 12871 12873 12875
f 12869 12879 12881 12867
f 12952 12953 12867 12881
f 12997 12770 12760 12991
f 12998 12861 12770 12997
f 12999 12863 12861 12998
f 13000 12865 12863 12999
f 13001 12905 12865 13000
f 13002 12907 12905 13001
f 13003 12909 12907 13002
f 13004 12911 12909 13003
f 13005 12913 12911 13004
f 13006 12915 12913 13005
f 13007 12917 12915 13006
f 12994 12941 12939 13008
f 13008 12939 12937 13009
f 13009 12937 12935 12993
f 12935 12937 12938 12936
f 13022 13023 12842 12621
f 12843 12842 12931 12929
f 12996 13013 12762 12932
f 12750 12749 12758 12714
f 12840 12622 12796 12843
f 12794 12837 12925 12923
f 13025 13024 12794 12923
f 12941 12945 12948 12942
f 12956 12940 12942 12955
f 12957 12938 12940 12956
f 12958 12936 12938 12957
f 12960 12916 12918 12959
f 12961 12914 12916 12960
f 12962 12912 12914 12961
f 12963 12910 12912 12962
f 12964 12908 12910 12963
f 12965 12906 12908 12964
f 12966 12866 12906 12965
f 12967 12966 12872 12870
f 12968 12967 12870 12868
f 12953 12968 12868 12867
f 12952 12881 12882 12969
f 12969 12882 12767 12949
f 12769 12767 12882 12880
f 12959 12918 12934 12970
f 12946 12948 12945 12944
f 13159 13182 12990 12973
f 12970 12934 12936 12958
f 12994 13014 12945 12941
f 12955 12954 12919 12903
f 12951 12954 12948 12946
f 12921 12919 12954 12951
f 12942 12948 12954 12955
f 12895 12970 12958 12897
f 12893 12959 12970 12895
f 12763 12969 12949 12765
f 12761 12952 12969 12763
f 12771 12862 12968 12953
f 12862 12864 12967 12968
f 12864 12866 12966 12967
f 12872 12966 12965 12874
f 12874 12965 12964 12883
f 12883 12964 12963 12885
f 12885 12963 12962 12887
f 12887 12962 12961 12889
f 12889 12961 12960 12891
f 12891 12960 12959 12893
f 12897 12958 12957 12899
f 12899 12957 12956 12901
f 12901 12956 12955 12903
f 12761 12771 12953 12952
f 13175 12988 12972 13160
f 12764 12765 12949 12950
f 13174 12987 12988 13175
f 13159 12973 12987 13174
f 13173 12986 12985 13172
f 13172 12985 12984 13171
f 13171 12984 12983 13170
f 13170 12983 12982 13169
f 13169 12982 12981 13168
f 13168 12981 12980 13167
f 13167 12980 12979 13166
f 13166 12979 12978 13165
f 13165 12978 12977 13164
f 13164 12977 12976 13163
f 13163 12976 12975 13180
f 13012 12995 12974 12971
f 13160 12972 12922 13161
f 13161 12922 12986 13173
f 13178 13179 12924 12943
f 13177 13178 12943 12947
f 13176 13177 12947 12971
f 12926 12944 12995 13012
f 12973 12990 13014 12994
f 12924 12989 13013 12996
f 12988 13009 12993 12972
f 12987 13008 13009 12988
f 12973 12994 13008 12987
f 12986 13007 13006 12985
f 12985 13006 13005 12984
f 12984 13005 13004 12983
f 12983 13004 13003 12982
f 12982 13003 13002 12981
f 12981 13002 13001 12980
f 12980 13001 13000 12979
f 12979 13000 12999 12978
f 12978 12999 12998 12977
f 12977 12998 12997 12976
f 12976 12997 12991 12975
f 12972 12993 12992 12922
f 12922 12992 13007 12986
f 12943 12924 12996 13011
f 12947 12943 13011 13010
f 12971 12947 13010 13012
f 12944 12945 13014 12995
f 12760 12762 13013 12991
f 12925 12927 13019 13017
f 12927 12929 13020 13019
f 12929 12931 13021 13020
f 12636 13018 13036 12624
f 12625 13016 13018 12636
f 12620 13026 13022 12621
f 13027 12619 12341 13028
f 13391 13380 13382 13392
f 12337 13029 13028 12341
f 12342 13030 13029 12337
f 12599 13031 13030 12342
f 12343 13032 13031 12599
f 12608 13033 13032 12343
f 12345 13034 13033 12608
f 12344 13035 13034 12345
f 12624 13036 13035 12344
f 12795 13015 13037 12623
f 12623 13037 13038 12626
f 12626 13038 13016 12625
f 12795 12794 13024 13015
f 13162 13182 13024 13025
f 13180 13181 13023 13022
f 13176 13162 13025 13017
f 12931 12842 13023 13021
f 12932 13042 13041 12930
f 12930 13041 13040 12928
f 12928 13040 13039 12926
f 13042 13046 13045 13041
f 13041 13045 13044 13040
f 13040 13044 13043 13039
f 13046 13050 13049 13045
f 13045 13049 13048 13044
f 13044 13048 13047 13043
f 12762 12764 13042 12932
f 12764 12950 13046 13042
f 12950 12766 13050 13046
f 12946 12944 12926 13039
f 12951 12946 13039 13043
f 12921 12951 13043 13047
f 13066 13053 13051 13065
f 13068 13058 13057 13067
f 13070 13063 13062 13069
f 13071 13064 13063 13070
f 13073 13056 13055 13072
f 13075 13061 13060 13074
f 13076 13054 13053 13066
f 13077 13059 13058 13068
f 13067 13057 13056 13073
f 13069 13062 13061 13075
f 13072 13055 13054 13076
f 13074 13060 13059 13077
f 13065 13051 13052 13078
f 12876 13065 13078 12878
f 12898 13074 13077 12896
f 12888 13072 13076 12886
f 12902 13069 13075 12900
f 12892 13067 13073 12890
f 12896 13077 13068 12894
f 12886 13076 13066 12884
f 12900 13075 13074 12898
f 12890 13073 13072 12888
f 12920 13071 13070 12904
f 12904 13070 13069 12902
f 12894 13068 13067 12892
f 12884 13066 13065 12876
f 12920 12919 12921 13071
f 12921 13047 13064 13071
f 12878 13078 12769 12880
f 12768 12769 13078 13052
f 13102 13096 13095 13101
f 13108 13083 13082 13107
f 13114 13089 13088 13113
f 13120 13119 13079 13084
f 13123 13097 13096 13102
f 13129 13081 13098 13128
f 13120 13084 13083 13108
f 13132 13090 13089 13114
f 13119 13137 13080 13079
f 13138 13091 13090 13132
f 13137 13143 13086 13080
f 13144 13092 13091 13138
f 13123 13128 13098 13097
f 13147 13093 13092 13144
f 13150 13085 13086 13143
f 13153 13094 13093 13147
f 13156 13087 13085 13150
f 13101 13095 13094 13153
f 13107 13082 13081 13129
f 13113 13088 13087 13156
f 13097 13098 13081 13096
f 13081 13082 13095 13096
f 13082 13083 13094 13095
f 13083 13084 13093 13094
f 13084 13079 13092 13093
f 13079 13080 13091 13092
f 13090 13091 13080 13086
f 13086 13085 13089 13090
f 13085 13087 13088 13089
f 13054 13111 13158 13053
f 13111 13112 13157 13158
f 13112 13113 13156 13157
f 13048 13105 13131 13047
f 13105 13106 13130 13131
f 13106 13107 13129 13130
f 13061 13099 13155 13060
f 13099 13100 13154 13155
f 13100 13101 13153 13154
f 13053 13158 13152 13051
f 13158 13157 13151 13152
f 13157 13156 13150 13151
f 13060 13155 13149 13059
f 13155 13154 13148 13149
f 13154 13153 13147 13148
f 13051 13152 13141 13052
f 13152 13151 13142 13141
f 13151 13150 13143 13142
f 13059 13149 13146 13058
f 13149 13148 13145 13146
f 13148 13147 13144 13145
f 13064 13126 13125 13063
f 13126 13127 13124 13125
f 13127 13128 13123 13124
f 13058 13146 13140 13057
f 13146 13145 13139 13140
f 13145 13144 13138 13139
f 12768 13052 13141 13135
f 13135 13141 13142 13136
f 13136 13142 13143 13137
f 13057 13140 13134 13056
f 13140 13139 13133 13134
f 13139 13138 13132 13133
f 12766 12768 13135 13117
f 13117 13135 13136 13118
f 13118 13136 13137 13119
f 13056 13134 13116 13055
f 13134 13133 13115 13116
f 13133 13132 13114 13115
f 13050 13122 13110 13049
f 13122 13121 13109 13110
f 13121 13120 13108 13109
f 13047 13131 13126 13064
f 13131 13130 13127 13126
f 13130 13129 13128 13127
f 13063 13125 13104 13062
f 13125 13124 13103 13104
f 13124 13123 13102 13103
f 13050 12766 13117 13122
f 13122 13117 13118 13121
f 13121 13118 13119 13120
f 13055 13116 13111 13054
f 13116 13115 13112 13111
f 13115 13114 13113 13112
f 13049 13110 13105 13048
f 13110 13109 13106 13105
f 13109 13108 13107 13106
f 13062 13104 13099 13061
f 13104 13103 13100 13099
f 13103 13102 13101 13100
f 12971 12974 13162 13176
f 12975 12989 13181 13180
f 12974 12990 13182 13162
f 13017 13019 13177 13176
f 13019 13020 13178 13177
f 13020 13021 13179 13178
f 13018 13161 13173 13036
f 13016 13160 13161 13018
f 13026 13163 13180 13022
f 13027 13164 13163 13026
f 13028 13165 13164 13027
f 13029 13166 13165 13028
f 13030 13167 13166 13029
f 13031 13168 13167 13030
f 13032 13169 13168 13031
f 13033 13170 13169 13032
f 13034 13171 13170 13033
f 13035 13172 13171 13034
f 13036 13173 13172 13035
f 13015 13159 13174 13037
f 13037 13174 13175 13038
f 13038 13175 13160 13016
f 13015 13024 13182 13159
f 13021 13023 13181 13179
f 12671 13183 13184 12672
f 12669 13186 13187 12671
f 12667 13185 13186 12669
f 12671 13187 13188 13183
f 12571 13193 13192 12570
f 12568 13190 13189 12567
f 12569 13191 13190 12568
f 12567 13189 13194 12726
f 12570 13192 13191 12569
f 13190 13196 13195 13189
f 13191 13197 13196 13190
f 13193 13199 13198 13192
f 13189 13195 13200 13194
f 13192 13198 13197 13191
f 12516 13202 13201 12538
f 12800 13203 13202 12516
f 12512 13205 13204 13422
f 12538 13201 13206 12784
f 13422 13204 13203 12800
f 13202 13208 13207 13201
f 13203 13209 13208 13202
f 13205 13211 13210 13204
f 13201 13207 13212 13206
f 13204 13210 13209 13203
f 13208 13214 13213 13207
f 13209 13215 13214 13208
f 13211 13217 13216 13210
f 13207 13213 13218 13212
f 13210 13216 13215 13209
f 13215 13221 13220 13214
f 13217 13223 13222 13216
f 13213 13219 13224 13218
f 13216 13222 13221 13215
f 13214 13220 13219 13213
f 13223 13229 13228 13222
f 13219 13225 13230 13224
f 13222 13228 13227 13221
f 13220 13226 13225 13219
f 13221 13227 13226 13220
f 13229 13235 13234 13228
f 13225 13231 13236 13230
f 13228 13234 13233 13227
f 13226 13232 13231 13225
f 13227 13233 13232 13226
f 13315 13241 13240 13314
f 13317 13237 13242 13316
f 13314 13240 13239 13318
f 13319 13238 13237 13317
f 13318 13239 13238 13319
f 13237 13243 13248 13242
f 13240 13246 13245 13239
f 13238 13244 13243 13237
f 13239 13245 13244 13238
f 13241 13247 13246 13240
f 12694 12566 12726 13194
f 12682 12694 13194 13200
f 12319 12682 13200 12784
f 12683 12339 13206 13212
f 12858 12683 13212 13218
f 12857 12858 13218 13224
f 12856 12857 13224 13230
f 12684 12856 13230 13236
f 13309 12684 13236 13316
f 12233 13653 13637 12730
f 12680 12697 13300 13294
f 13185 13249 13187 13186
f 12700 13250 13251 12701
f 13251 13257 13258 13252
f 13188 13187 13249 13252
f 13248 13243 13250 12700
f 13252 13258 13255 13188
f 13257 13263 13264 13258
f 13183 13253 13254 13184
f 13188 13255 13253 13183
f 13250 13256 13257 13251
f 13243 13244 13256 13250
f 13258 13264 13261 13255
f 13263 13269 13270 13264
f 13255 13261 13259 13253
f 13256 13262 13263 13257
f 13253 13259 13260 13254
f 13244 13245 13262 13256
f 13262 13268 13269 13263
f 13269 13275 13276 13270
f 13259 13265 13266 13260
f 13264 13270 13267 13261
f 13261 13267 13265 13259
f 13245 13246 13268 13262
f 13275 13280 13281 13276
f 13267 13273 13271 13265
f 13268 13274 13275 13269
f 13265 13271 13272 13266
f 13270 13276 13273 13267
f 13246 13247 13274 13268
f 13276 13281 13277 13273
f 13273 13277 13279 13271
f 13271 13279 13278 13272
f 12668 13287 13286 12666
f 12660 13283 13291 12695
f 13361 13286 13287 13321
f 12664 12663 12665 12666
f 12705 13292 13283 12660
f 12672 13289 13288 12670
f 12662 13284 13292 12705
f 12759 12773 12714 12758
f 12663 12686 12702 12665
f 12226 12618 12750 12714
f 12658 13282 8564 8515
f 12664 13285 13284 12662
f 12670 13288 13287 12668
f 12687 13290 13282 12658
f 12691 13298 13297 12690
f 13424 13423 13298 12691
f 12679 12685 13296 13295
f 12710 13293 13294 12678
f 12679 13295 13293 12710
f 13296 12685 13242 13248
f 13248 12700 12686 13296
f 12664 12666 13286 13285
f 12686 12700 12701 12702
f 13272 13305 13304 13266
f 13260 13303 13302 13254
f 13266 13304 13303 13260
f 13254 13302 13301 13184
f 13184 13301 13289 12672
f 12685 13309 13316 13242
f 13233 13318 13319 13232
f 13232 13319 13317 13231
f 13234 13314 13318 13233
f 13231 13317 13316 13236
f 13235 13315 13314 13234
f 12788 12789 12785 12783
f 12678 12698 13313 13307
f 12677 12684 13309 13308
f 12709 13306 13307 12676
f 12677 13308 13306 12709
f 13278 13320 13305 13272
f 13288 13322 13321 13287
f 13302 13325 13324 13301
f 13301 13324 13323 13289
f 13289 13323 13322 13288
f 13324 13329 13328 13323
f 13323 13328 13327 13322
f 13325 13330 13329 13324
f 13322 13327 13326 13321
f 13329 13334 13333 13328
f 13328 13333 13332 13327
f 13330 13335 13334 13329
f 13327 13332 13331 13326
f 13334 13339 13338 13333
f 13333 13338 13337 13332
f 13335 13340 13339 13334
f 13332 13337 13336 13331
f 13305 13343 13342 13304
f 13320 13344 13343 13305
f 13304 13342 13341 13303
f 13342 13346 13345 13341
f 13344 13348 13347 13343
f 13343 13347 13346 13342
f 13346 13350 13349 13345
f 13348 13352 13351 13347
f 13347 13351 13350 13346
f 13350 13354 13353 13349
f 13352 13356 13355 13351
f 13351 13355 13354 13350
f 13303 13341 13325 13302
f 13330 13325 13341 13345
f 13335 13330 13345 13349
f 13340 13335 13349 13353
f 13285 13360 13359 13284
f 13290 13362 13357 13282
f 13286 13361 13360 13285
f 13283 13358 13363 13291
f 13284 13359 13364 13292
f 13292 13364 13358 13283
f 12695 13291 13290 12687
f 13336 13337 13366 13365
f 13337 13338 13367 13366
f 13338 13339 13368 13367
f 13339 13340 13369 13368
f 13340 13353 13370 13369
f 13353 13354 13371 13370
f 13354 13355 13356 13371
f 12193 12169 12472 12482
f 12168 12473 12472 12169
f 12171 12474 12473 12168
f 12475 12474 12171 12723
f 12173 12740 12475 12723
f 12175 12739 12740 12173
f 12603 12738 12739 12175
f 12738 12603 12746 12747
f 12750 12747 12746 12749
f 12748 12759 12758 12749
f 13642 13644 12742 12358
f 12264 12587 12254 12263
f 12783 12781 12787 12788
f 12743 12790 12787 12786
f 12792 12791 12622 12793
f 13385 13388 13379 13376
f 12797 12622 12791 12790
f 12790 12743 12754 12797
f 12743 12364 12565 12754
f 12396 12565 12364 12547
f 12547 12544 12395 12396
f 12395 12544 12729 12718
f 12718 12729 12543 12394
f 12397 12394 12543 12545
f 12398 12397 12545 12546
f 12416 12398 12546 12552
f 12416 12552 12551 12399
f 12619 13027 13026 12620
f 13647 13650 12774 12775
f 12391 12225 13374 13378
f 13383 13390 13372 13373
f 13390 13381 12835 13372
f 13384 13386 13377 13375
f 13388 13384 13375 13379
f 13387 13385 13376 13378
f 13386 13383 13373 13377
f 13382 12812 12619 12620
f 12383 12349 13383 13386
f 12392 12389 13385 13387
f 12736 12390 13384 13388
f 12390 12383 13386 13384
f 12408 12407 13381 13390
f 12349 12408 13390 13383
f 12389 12736 13388 13385
f 12752 13391 13392 12811
f 13374 13380 13391 13389
f 13378 13374 13389 13387
f 12811 13392 12621 12796
f 13392 13382 12620 12621
f 12666 12665 12667 12668
f 13409 12574 12575 13410
f 12860 13397 12576 12541
f 12522 12578 12542 12517
f 13310 13394 13398 13311
f 12689 12261 13395 12688
f 12652 12429 12428 12653
f 12256 12258 13399 13312
f 13394 13400 13401 13398
f 12258 13425 13402 13399
f 13400 13403 13404 13401
f 13425 13426 13405 13402
f 13403 13406 13407 13404
f 13426 13427 13408 13405
f 13406 13409 13410 13407
f 13427 13428 13411 13408
f 12393 12844 13408 13411
f 12507 12524 13412 13413
f 13312 13399 12699 13313
f 12846 12699 13399 13402
f 12845 12846 13402 13405
f 12844 12845 13405 13408
f 12493 13656 13646 12553
f 13623 13634 3470 3530
f 13415 13418 12579 12580
f 3233 13395 12658 8515
f 13412 13416 13415 13413
f 12550 12338 13419 13416
f 13416 13419 13418 13415
f 13415 12580 12581 13413
f 12551 12530 8491 8493
f 3466 13414 3211 3468
f 12489 12491 12249 13417
f 13396 12859 13418 13419
f 12338 12841 13396 13419
f 13428 12577 12576 13411
f 12539 13421 13420 12540
f 12524 12525 12537 13412
f 13396 12841 12833 12836
f 12859 13396 12836 12860
f 12577 12575 12540 13429
f 12578 12541 13429 12542
f 13299 13430 13431 13423
f 13430 13432 13433 13431
f 12261 12689 13431 13433
f 12689 13298 13423 13431
f 12518 13420 13421 12519
f 8531 8533 13275 13274
f 12224 12495 8487 8455
f 8806 8818 13357 13362
f 8811 8806 13362 13363
f 8811 13363 13358 8812
f 8813 8812 13358 13364
f 8813 13364 13359 8814
f 8807 8814 13359 13360
f 8808 8807 13360 13361
f 8808 13361 13321 8819
f 8809 8819 13321 13326
f 8810 8809 13326 13331
f 8815 8810 13331 13336
f 8820 8815 13336 13365
f 8821 8820 13365 13366
f 8822 8821 13366 13367
f 8823 8822 13367 13368
f 8824 8823 13368 13369
f 8825 8824 13369 13370
f 8826 8825 13370 13371
f 8826 13371 13356 8805
f 8805 13356 13352 8804
f 8804 13352 13348 8803
f 8803 13348 13344 8827
f 8827 13344 13320 8802
f 8802 13320 13278 8801
f 8799 8801 13278 13279
f 8799 13279 13277 8800
f 8797 8800 13277 13281
f 8797 13281 13280 8796
f 8532 8798 8796 13280
f 12242 12229 8456 8457
f 8817 8577 13357 8818
f 13282 13357 8577 8564
f 8518 12690 13297 8565
f 12651 12647 12196 12194
f 8454 12223 12224 8455
f 8462 8461 12252 12276
f 12288 12299 8469 8466
f 8468 8463 12278 12296
f 8462 12276 12278 8463
f 12281 12304 8470 8464
f 12301 12288 8466 8471
f 12321 12311 8473 8475
f 8468 12296 12281 8464
f 12299 12289 8467 8469
f 12400 12597 8498 8484
f 12405 12404 8482 8481
f 12615 12401 8483 8500
f 12606 12400 8484 8499
f 12835 8644 8478 12402
f 12406 12405 8481 8480
f 8478 8477 12403 12402
f 12407 8479 8645 13381
f 12399 8485 8479 12407
f 3216 13562 13573 3564
f 12519 8490 8489 12509
f 8521 3313 12512 13199
f 12628 8501 8494 12558
f 12558 8494 8495 12571
f 13635 13414 3466 13660
f 8460 8486 12806 12809
f 12401 12606 8499 8483
f 12406 8480 8501 12628
f 8498 12597 12403 8477
f 12615 8500 8482 12404
f 12311 12301 8471 8473
f 8465 8467 12289 12287
f 12287 12584 8497 8465
f 12574 8496 8492 12539
f 12244 8458 8491 12530
f 12314 12324 8474 8472
f 12304 12314 8472 8470
f 12509 8489 8519 12776
f 8488 8459 12808 12807
f 3778 3781 3209 3210
f 12248 12247 12804 12801
f 8495 8520 13193 12571
f 8520 8521 13199 13193
f 3313 8522 13205 12512
f 8522 8523 13211 13205
f 8523 8524 13217 13211
f 8524 8525 13223 13217
f 8525 8526 13229 13223
f 8526 8527 13235 13229
f 8567 8528 13241 13315
f 8528 8529 13247 13241
f 8533 8532 13280 13275
f 13247 8529 8531 13274
f 8527 8567 13315 13235
f 12399 12551 8493 8485
f 13381 8645 8644 12835
f 8566 12128 13394 13310
f 12128 12132 13400 13394
f 12132 12136 13403 13400
f 12136 12140 13406 13403
f 12140 12144 13409 13406
f 12144 8496 12574 13409
f 12153 13421 12539 8492
f 8566 13310 12690 8518
f 359 360 13447 13448
f 368 369 13444 13445
f 245 13449 13441 218
f 259 13446 13449 245
f 182 13443 13442 169
f 273 13447 13446 259
f 357 358 13436 13434
f 299 13436 13448 286
f 338 13437 13435 325
f 356 357 13434 13435
f 195 13439 13443 182
f 208 13440 13439 195
f 344 155 13444 13438
f 218 13441 13440 208
f 344 13438 13437 338
f 169 13442 13445 156
f 592 13460 13461 598
f 623 622 13459 13458
f 621 620 13462 13463
f 620 619 13457 13462
f 472 13455 13453 499
f 598 13461 13458 409
f 449 13457 13454 462
f 527 13452 13450 540
f 462 13454 13455 472
f 613 612 13451 13450
f 612 611 13465 13451
f 610 609 13460 13464
f 499 13453 13456 513
f 566 13465 13464 579
f 622 621 13463 13459
f 615 614 13452 13456
f 6 5 13470 13471
f 103 104 13489 13488
f 80 78 13483 13485
f 120 117 13502 13505
f 2 1 13466 13467
f 102 103 13488 13487
f 111 119 13504 13496
f 106 107 13492 13491
f 79 80 13485 13484
f 104 105 13490 13489
f 5 3 13468 13470
f 105 106 13491 13490
f 7 6 13471 13472
f 10 11 13476 13475
f 110 108 13493 13495
f 73 79 13484 13478
f 117 116 13501 13502
f 11 12 13477 13476
f 9 8 13473 13474
f 115 114 13499 13500
f 3 4 13469 13468
f 116 115 13500 13501
f 112 111 13496 13497
f 75 74 13479 13480
f 113 112 13497 13498
f 77 76 13481 13482
f 4 10 13475 13469
f 78 77 13482 13483
f 114 113 13498 13499
f 8 7 13472 13473
f 118 120 13505 13503
f 76 75 13480 13481
f 109 101 13486 13494
f 1 73 13478 13466
f 101 102 13487 13486
f 107 110 13495 13492
f 62 13477 12 13
f 98 118 13503 70
f 34 13493 108 88
f 2 13467 26 43
f 23 13479 74 46
f 89 109 13494 35
f 16 9 13474 59
f 71 13504 119 99
f 880 822 13529 13546
f 1688 13537 13520 1661
f 1687 1686 13536 13538
f 1693 1661 13520 13526
f 1677 13539 13523 1664
f 1693 13526 13524 1635
f 1685 1684 13539 13535
f 1593 13548 13540 1555
f 1687 13538 13537 1688
f 1685 13535 13536 1686
f 1441 13552 13512 1461
f 1619 13531 13547 1579
f 629 648 13513 13525
f 1593 1579 13547 13548
f 1619 1605 13510 13531
f 875 13549 13550 874
f 1541 13544 13508 1528
f 629 13525 13511 660
f 1649 1635 13524 13527
f 2202 1664 13523 13528
f 1649 13527 13510 1605
f 1514 13515 13534 1499
f 1485 13522 13518 1473
f 1485 1499 13534 13522
f 1541 1555 13540 13544
f 1466 1465 2293 643
f 701 13517 13507 715
f 650 651 2292 1452
f 672 660 13511 13542
f 866 865 13551 13554
f 874 13550 13554 873
f 780 13514 13530 766
f 836 792 13521 13516
f 836 13516 13529 822
f 780 742 13533 13514
f 806 13543 13521 792
f 806 766 13530 13543
f 728 13532 13533 742
f 837 868 13549 13506
f 672 13542 13509 686
f 869 13545 13541 1384
f 701 686 13509 13517
f 728 715 13507 13532
f 872 13551 13553 871
f 864 851 13545 13553
f 880 13546 13506 848
f 1514 1528 13508 13515
f 1441 1473 13518 13552
f 1392 1393 13541 1382
f 2212 2202 13528 2213
f 1745 1762 2312 2296
f 915 2295 2296 932
f 3445 3254 3227 3446
f 3471 3531 3530 3470
f 12554 12494 12493 12553
f 13658 12802 12553 13646
f 13623 3530 3779 13636
f 3752 3757 3725 3736
f 13556 13555 3786 8460
f 13556 8460 12809 13557
f 13558 3787 3786 13555
f 13559 13557 12809 12810
f 13560 3782 3787 13558
f 13599 12595 12251 13604
f 12805 13561 13559 12810
f 13587 13560 13558 13585
f 13586 13584 13557 13559
f 13585 13558 13555 13582
f 13583 13556 13557 13584
f 13583 13582 13555 13556
f 12805 13393 12798 13561
f 7892 3782 13560 3775
f 13581 13561 12798 13588
f 12584 13575 13568 8497
f 3232 3230 3242 3263
f 12586 13579 13572 12253
f 12253 13572 13578 12585
f 12585 13578 13577 12257
f 12254 13571 13579 12586
f 12257 13577 13576 12255
f 3468 3775 13589 3466
f 3562 13569 13563 3215
f 3219 13567 13569 3562
f 3563 13570 13562 3216
f 13567 13592 13590 13569
f 12268 12270 12300 12279
f 3753 13593 13598 8519
f 13587 13589 3775 13560
f 13573 13660 3466 13589
f 13573 13589 13587 13605
f 13599 13581 13588 13580
f 13601 13600 13582 13583
f 13603 13585 13582 13600
f 13561 13581 13586 13559
f 13604 13602 13584 13586
f 12782 12745 13607 13611
f 3755 3754 13597 13595
f 12779 13609 13607 12745
f 12799 12782 13611 13613
f 3572 3564 13573 13605
f 13619 13621 3721 3316
f 8461 3214 13600 13601
f 8461 13601 13602 12252
f 3213 13603 13600 3214
f 12251 12252 13602 13604
f 3572 13605 13603 3213
f 12737 12799 13613 13612
f 12595 13599 13580 12587
f 12776 13610 13609 12779
f 3776 13590 13592 3759
f 13642 12352 12744 13644
f 13657 13659 12489 13417
f 13605 13587 13585 13603
f 13597 13660 13573 13562
f 3253 3228 3237 3257
f 13620 13616 3203 3315
f 3428 3429 8850 3427
f 8508 8848 8510 8509
f 8512 8511 8847 8513
f 8850 8849 13663 13664
f 8847 8848 13662 13661
f 13680 13662 13665 13681
f 13679 13682 13666 13664
f 13681 13665 13669 13685
f 13685 13669 13668 13684
f 13682 13683 13667 13666
f 13683 13684 13668 13667
f 3427 8850 13664 13666
f 13665 13662 8848 8508
f 13686 13661 13662 13680
f 13687 13679 13664 13663
f 8504 8503 13677 8505
f 3421 13687 13663 3433
f 3431 4721 4723 3432
f 3424 3425 13671 13678
f 8505 13677 13670 8506
f 4676 8858 13675 13674
f 3426 4676 13674 13673
f 8857 13676 13675 8858
f 8507 13672 13676 8857
f 3425 3426 13673 13671
f 8506 13670 13672 8507
f 8503 8502 13686 13677
f 3423 3424 13678 3422
f 13678 13671 13679 13687
f 13677 13686 13680 13670
f 13674 13675 13684 13683
f 13673 13674 13683 13682
f 13676 13685 13684 13675
f 13672 13681 13685 13676
f 13671 13673 13682 13679
f 13670 13680 13681 13672
f 3422 13678 13687 3421
f 8502 8514 13661 13686
f 3430 4727 4704 3431
f 3430 3431 3432 8849
f 8849 3432 3433 13663
f 8587 8926 8928 8816
f 8795 8927 11830 8839
f 4702 4731 4734 4699
f 3786 3787 3467 3783
f 8454 3185 3184 8453
